{
"type": "FeatureCollection",
"name": "conflict_risk_grid",
"crs": { "type": "name", "properties": { "name": "urn:ogc:def:crs:OGC:1.3:CRS84" } },
"features": [
{ "type": "Feature", "properties": { "cell_id": 0, "elephant_count": 0.0, "inside_protected_area": false, "dist_to_settlement_km": 87.235361051069361, "dist_to_road_km": 87.235361051069361, "elephant_score": 0.0, "settlement_proximity_score": 0.46968639697142889, "road_proximity_score": 0.46420298705652574, "conflict_risk_score": 0.28016681520838638, "priority_zone": false, "nearest_settlement": "Kilgoris" }, "geometry": { "type": "Polygon", "coordinates": [ [ [ 34.38178017934284, -1.642465685096503 ], [ 34.38178017934284, -1.542465685096503 ], [ 34.281780179342839, -1.542465685096503 ], [ 34.281780179342839, -1.642465685096503 ], [ 34.38178017934284, -1.642465685096503 ] ] ] } },
{ "type": "Feature", "properties": { "cell_id": 1, "elephant_count": 0.0, "inside_protected_area": false, "dist_to_settlement_km": 79.463302325637315, "dist_to_road_km": 79.463302325637315, "elephant_score": 0.0, "settlement_proximity_score": 0.51799785358566131, "road_proximity_score": 0.51195042580285732, "conflict_risk_score": 0.30898448381655558, "priority_zone": false, "nearest_settlement": "Kilgoris" }, "geometry": { "type": "Polygon", "coordinates": [ [ [ 34.38178017934284, -1.542465685096503 ], [ 34.38178017934284, -1.442465685096503 ], [ 34.281780179342839, -1.442465685096503 ], [ 34.281780179342839, -1.542465685096503 ], [ 34.38178017934284, -1.542465685096503 ] ] ] } },
{ "type": "Feature", "properties": { "cell_id": 2, "elephant_count": 0.0, "inside_protected_area": false, "dist_to_settlement_km": 72.562005314633055, "dist_to_road_km": 72.562005314633055, "elephant_score": 0.0, "settlement_proximity_score": 0.56089661733767238, "road_proximity_score": 0.5543483628159811, "conflict_risk_score": 0.33457349404609604, "priority_zone": false, "nearest_settlement": "Kilgoris" }, "geometry": { "type": "Polygon", "coordinates": [ [ [ 34.38178017934284, -1.442465685096503 ], [ 34.38178017934284, -1.342465685096503 ], [ 34.281780179342839, -1.342465685096503 ], [ 34.281780179342839, -1.442465685096503 ], [ 34.38178017934284, -1.442465685096503 ] ] ] } },
{ "type": "Feature", "properties": { "cell_id": 3, "elephant_count": 0.0, "inside_protected_area": false, "dist_to_settlement_km": 66.801892294051342, "dist_to_road_km": 66.801892294051342, "elephant_score": 0.0, "settlement_proximity_score": 0.59670173154458273, "road_proximity_score": 0.58973546594249326, "conflict_risk_score": 0.35593115924612279, "priority_zone": false, "nearest_settlement": "Kilgoris" }, "geometry": { "type": "Polygon", "coordinates": [ [ [ 34.38178017934284, -1.342465685096504 ], [ 34.38178017934284, -1.242465685096504 ], [ 34.281780179342839, -1.242465685096504 ], [ 34.281780179342839, -1.342465685096504 ], [ 34.38178017934284, -1.342465685096504 ] ] ] } },
{ "type": "Feature", "properties": { "cell_id": 4, "elephant_count": 0.0, "inside_protected_area": false, "dist_to_settlement_km": 89.202469679161609, "dist_to_road_km": 89.202469679161609, "elephant_score": 0.0, "settlement_proximity_score": 0.45745876379225747, "road_proximity_score": 0.45211810684069931, "conflict_risk_score": 0.27287306118988702, "priority_zone": false, "nearest_settlement": "Kilgoris" }, "geometry": { "type": "Polygon", "coordinates": [ [ [ 34.481780179342842, -1.742465685096502 ], [ 34.481780179342842, -1.642465685096502 ], [ 34.38178017934284, -1.642465685096502 ], [ 34.38178017934284, -1.742465685096502 ], [ 34.481780179342842, -1.742465685096502 ] ] ] } },
{ "type": "Feature", "properties": { "cell_id": 5, "elephant_count": 0.0, "inside_protected_area": false, "dist_to_settlement_km": 80.094124601289892, "dist_to_road_km": 80.094124601289892, "elephant_score": 0.0, "settlement_proximity_score": 0.51407663475830534, "road_proximity_score": 0.50807498571283549, "conflict_risk_score": 0.30664548614134224, "priority_zone": false, "nearest_settlement": "Kilgoris" }, "geometry": { "type": "Polygon", "coordinates": [ [ [ 34.481780179342842, -1.642465685096503 ], [ 34.481780179342842, -1.542465685096503 ], [ 34.38178017934284, -1.542465685096503 ], [ 34.38178017934284, -1.642465685096503 ], [ 34.481780179342842, -1.642465685096503 ] ] ] } },
{ "type": "Feature", "properties": { "cell_id": 6, "elephant_count": 0.0, "inside_protected_area": false, "dist_to_settlement_km": 71.550520574152046, "dist_to_road_km": 71.550520574152046, "elephant_score": 0.0, "settlement_proximity_score": 0.56718405067831401, "road_proximity_score": 0.56056239276546294, "conflict_risk_score": 0.33832393303313307, "priority_zone": false, "nearest_settlement": "Kilgoris" }, "geometry": { "type": "Polygon", "coordinates": [ [ [ 34.481780179342842, -1.542465685096503 ], [ 34.481780179342842, -1.442465685096503 ], [ 34.38178017934284, -1.442465685096503 ], [ 34.38178017934284, -1.542465685096503 ], [ 34.481780179342842, -1.542465685096503 ] ] ] } },
{ "type": "Feature", "properties": { "cell_id": 7, "elephant_count": 0.0, "inside_protected_area": false, "dist_to_settlement_km": 63.798943511764797, "dist_to_road_km": 63.798943511764797, "elephant_score": 0.0, "settlement_proximity_score": 0.61536819238017482, "road_proximity_score": 0.6081840029525668, "conflict_risk_score": 0.36706565859982243, "priority_zone": false, "nearest_settlement": "Kilgoris" }, "geometry": { "type": "Polygon", "coordinates": [ [ [ 34.481780179342842, -1.442465685096503 ], [ 34.481780179342842, -1.342465685096503 ], [ 34.38178017934284, -1.342465685096503 ], [ 34.38178017934284, -1.442465685096503 ], [ 34.481780179342842, -1.442465685096503 ] ] ] } },
{ "type": "Feature", "properties": { "cell_id": 8, "elephant_count": 0.0, "inside_protected_area": false, "dist_to_settlement_km": 57.162517369361503, "dist_to_road_km": 57.162517369361503, "elephant_score": 0.0, "settlement_proximity_score": 0.6566205072402187, "road_proximity_score": 0.64895471273787408, "conflict_risk_score": 0.39167256599342781, "priority_zone": false, "nearest_settlement": "Kilgoris" }, "geometry": { "type": "Polygon", "coordinates": [ [ [ 34.481780179342842, -1.342465685096504 ], [ 34.481780179342842, -1.242465685096504 ], [ 34.38178017934284, -1.242465685096504 ], [ 34.38178017934284, -1.342465685096504 ], [ 34.481780179342842, -1.342465685096504 ] ] ] } },
{ "type": "Feature", "properties": { "cell_id": 9, "elephant_count": 0.0, "inside_protected_area": false, "dist_to_settlement_km": 52.069392072385014, "dist_to_road_km": 52.069392072385014, "elephant_score": 0.0, "settlement_proximity_score": 0.68827959661515803, "road_proximity_score": 0.68024419429428851, "conflict_risk_score": 0.41055713727283394, "priority_zone": false, "nearest_settlement": "Kilgoris" }, "geometry": { "type": "Polygon", "coordinates": [ [ [ 34.481780179342842, -1.242465685096504 ], [ 34.481780179342842, -1.142465685096504 ], [ 34.38178017934284, -1.142465685096504 ], [ 34.38178017934284, -1.242465685096504 ], [ 34.481780179342842, -1.242465685096504 ] ] ] } },
{ "type": "Feature", "properties": { "cell_id": 10, "elephant_count": 0.0, "inside_protected_area": false, "dist_to_settlement_km": 49.003161016131877, "dist_to_road_km": 49.003161016131877, "elephant_score": 0.0, "settlement_proximity_score": 0.70733942283065687, "road_proximity_score": 0.69908150429317917, "conflict_risk_score": 0.42192627813715078, "priority_zone": false, "nearest_settlement": "Kilgoris" }, "geometry": { "type": "Polygon", "coordinates": [ [ [ 34.481780179342842, -1.142465685096504 ], [ 34.481780179342842, -1.042465685096504 ], [ 34.38178017934284, -1.042465685096504 ], [ 34.38178017934284, -1.142465685096504 ], [ 34.481780179342842, -1.142465685096504 ] ] ] } },
{ "type": "Feature", "properties": { "cell_id": 11, "elephant_count": 0.0, "inside_protected_area": false, "dist_to_settlement_km": 93.792286335354731, "dist_to_road_km": 93.792286335354731, "elephant_score": 0.0, "settlement_proximity_score": 0.42892826291899899, "road_proximity_score": 0.42392068870599642, "conflict_risk_score": 0.25585468548749862, "priority_zone": false, "nearest_settlement": "Kilgoris" }, "geometry": { "type": "Polygon", "coordinates": [ [ [ 34.581780179342843, -1.842465685096502 ], [ 34.581780179342843, -1.742465685096502 ], [ 34.481780179342842, -1.742465685096502 ], [ 34.481780179342842, -1.842465685096502 ], [ 34.581780179342843, -1.842465685096502 ] ] ] } },
{ "type": "Feature", "properties": { "cell_id": 12, "elephant_count": 0.0, "inside_protected_area": false, "dist_to_settlement_km": 83.717149824861849, "dist_to_road_km": 83.717149824861849, "elephant_score": 0.0, "settlement_proximity_score": 0.49155575167129073, "road_proximity_score": 0.48581702536407356, "conflict_risk_score": 0.29321183311060928, "priority_zone": false, "nearest_settlement": "Kilgoris" }, "geometry": { "type": "Polygon", "coordinates": [ [ [ 34.581780179342843, -1.742465685096502 ], [ 34.581780179342843, -1.642465685096502 ], [ 34.481780179342842, -1.642465685096502 ], [ 34.481780179342842, -1.742465685096502 ], [ 34.581780179342843, -1.742465685096502 ] ] ] } },
{ "type": "Feature", "properties": { "cell_id": 13, "elephant_count": 0.0, "inside_protected_area": false, "dist_to_settlement_km": 73.936116841389307, "dist_to_road_km": 73.936116841389307, "elephant_score": 0.0, "settlement_proximity_score": 0.55235508004964684, "road_proximity_score": 0.5459065447247553, "conflict_risk_score": 0.32947848743232067, "priority_zone": false, "nearest_settlement": "Kilgoris" }, "geometry": { "type": "Polygon", "coordinates": [ [ [ 34.581780179342843, -1.642465685096503 ], [ 34.581780179342843, -1.542465685096503 ], [ 34.481780179342842, -1.542465685096503 ], [ 34.481780179342842, -1.642465685096503 ], [ 34.581780179342843, -1.642465685096503 ] ] ] } },
{ "type": "Feature", "properties": { "cell_id": 14, "elephant_count": 0.0, "inside_protected_area": false, "dist_to_settlement_km": 64.582951096777691, "dist_to_road_km": 64.582951096777691, "elephant_score": 0.0, "settlement_proximity_score": 0.61049476697685934, "road_proximity_score": 0.60336747293593573, "conflict_risk_score": 0.3641586719738385, "priority_zone": false, "nearest_settlement": "Kilgoris" }, "geometry": { "type": "Polygon", "coordinates": [ [ [ 34.581780179342843, -1.542465685096503 ], [ 34.581780179342843, -1.442465685096503 ], [ 34.481780179342842, -1.442465685096503 ], [ 34.481780179342842, -1.542465685096503 ], [ 34.581780179342843, -1.542465685096503 ] ] ] } },
{ "type": "Feature", "properties": { "cell_id": 15, "elephant_count": 0.0, "inside_protected_area": false, "dist_to_settlement_km": 55.872943104457789, "dist_to_road_km": 55.872943104457789, "elephant_score": 0.0, "settlement_proximity_score": 0.66463655721496506, "road_proximity_score": 0.65687717838019488, "conflict_risk_score": 0.39645412067854796, "priority_zone": false, "nearest_settlement": "Kilgoris" }, "geometry": { "type": "Polygon", "coordinates": [ [ [ 34.581780179342843, -1.442465685096503 ], [ 34.581780179342843, -1.342465685096503 ], [ 34.481780179342842, -1.342465685096503 ], [ 34.481780179342842, -1.442465685096503 ], [ 34.581780179342843, -1.442465685096503 ] ] ] } },
{ "type": "Feature", "properties": { "cell_id": 16, "elephant_count": 0.0, "inside_protected_area": false, "dist_to_settlement_km": 48.156349217306513, "dist_to_road_km": 48.156349217306513, "elephant_score": 0.0, "settlement_proximity_score": 0.7126032419710735, "road_proximity_score": 0.70428387034862061, "conflict_risk_score": 0.42506613369590818, "priority_zone": false, "nearest_settlement": "Kilgoris" }, "geometry": { "type": "Polygon", "coordinates": [ [ [ 34.581780179342843, -1.342465685096504 ], [ 34.581780179342843, -1.242465685096504 ], [ 34.481780179342842, -1.242465685096504 ], [ 34.481780179342842, -1.342465685096504 ], [ 34.581780179342843, -1.342465685096504 ] ] ] } },
{ "type": "Feature", "properties": { "cell_id": 17, "elephant_count": 0.0, "inside_protected_area": false, "dist_to_settlement_km": 41.984546784791817, "dist_to_road_km": 41.984546784791817, "elephant_score": 0.0, "settlement_proximity_score": 0.75096743555010148, "road_proximity_score": 0.74220017656960513, "conflict_risk_score": 0.44795028363591194, "priority_zone": false, "nearest_settlement": "Kilgoris" }, "geometry": { "type": "Polygon", "coordinates": [ [ [ 34.581780179342843, -1.242465685096504 ], [ 34.581780179342843, -1.142465685096504 ], [ 34.481780179342842, -1.142465685096504 ], [ 34.481780179342842, -1.242465685096504 ], [ 34.581780179342843, -1.242465685096504 ] ] ] } },
{ "type": "Feature", "properties": { "cell_id": 18, "elephant_count": 0.0, "inside_protected_area": false, "dist_to_settlement_km": 38.115487239566662, "dist_to_road_km": 38.115487239566662, "elephant_score": 0.0, "settlement_proximity_score": 0.77501767873024885, "road_proximity_score": 0.76596964231451015, "conflict_risk_score": 0.46229619631342767, "priority_zone": false, "nearest_settlement": "Kilgoris" }, "geometry": { "type": "Polygon", "coordinates": [ [ [ 34.581780179342843, -1.142465685096504 ], [ 34.581780179342843, -1.042465685096504 ], [ 34.481780179342842, -1.042465685096504 ], [ 34.481780179342842, -1.142465685096504 ], [ 34.581780179342843, -1.142465685096504 ] ] ] } },
{ "type": "Feature", "properties": { "cell_id": 19, "elephant_count": 0.0, "inside_protected_area": false, "dist_to_settlement_km": 37.273295618911426, "dist_to_road_km": 37.273295618911426, "elephant_score": 0.0, "settlement_proximity_score": 0.78025277864129516, "road_proximity_score": 0.77114362442665307, "conflict_risk_score": 0.46541892092038445, "priority_zone": false, "nearest_settlement": "Kilgoris" }, "geometry": { "type": "Polygon", "coordinates": [ [ [ 34.581780179342843, -1.042465685096505 ], [ 34.581780179342843, -0.942465685096505 ], [ 34.481780179342842, -0.942465685096505 ], [ 34.481780179342842, -1.042465685096505 ], [ 34.581780179342843, -1.042465685096505 ] ] ] } },
{ "type": "Feature", "properties": { "cell_id": 20, "elephant_count": 0.0, "inside_protected_area": false, "dist_to_settlement_km": 100.64663608469277, "dist_to_road_km": 100.64663608469277, "elephant_score": 0.0, "settlement_proximity_score": 0.38632132539672592, "road_proximity_score": 0.38181117096245187, "conflict_risk_score": 0.23043974890775332, "priority_zone": false, "nearest_settlement": "Kilgoris" }, "geometry": { "type": "Polygon", "coordinates": [ [ [ 34.681780179342844, -1.942465685096502 ], [ 34.681780179342844, -1.842465685096502 ], [ 34.581780179342843, -1.842465685096502 ], [ 34.581780179342843, -1.942465685096502 ], [ 34.681780179342844, -1.942465685096502 ] ] ] } },
{ "type": "Feature", "properties": { "cell_id": 21, "elephant_count": 0.0, "inside_protected_area": false, "dist_to_settlement_km": 89.971626382709118, "dist_to_road_km": 89.971626382709118, "elephant_score": 0.0, "settlement_proximity_score": 0.45267765211699595, "road_proximity_score": 0.44739281282448318, "conflict_risk_score": 0.27002113948244372, "priority_zone": false, "nearest_settlement": "Kilgoris" }, "geometry": { "type": "Polygon", "coordinates": [ [ [ 34.681780179342844, -1.842465685096502 ], [ 34.681780179342844, -1.742465685096502 ], [ 34.581780179342843, -1.742465685096502 ], [ 34.581780179342843, -1.842465685096502 ], [ 34.681780179342844, -1.842465685096502 ] ] ] } },
{ "type": "Feature", "properties": { "cell_id": 22, "elephant_count": 0.0, "inside_protected_area": false, "dist_to_settlement_km": 79.413234115826029, "dist_to_road_km": 79.413234115826029, "elephant_score": 0.0, "settlement_proximity_score": 0.5183090797654295, "road_proximity_score": 0.51225801853543418, "conflict_risk_score": 0.30917012949025913, "priority_zone": false, "nearest_settlement": "Kilgoris" }, "geometry": { "type": "Polygon", "coordinates": [ [ [ 34.681780179342844, -1.742465685096502 ], [ 34.681780179342844, -1.642465685096502 ], [ 34.581780179342843, -1.642465685096502 ], [ 34.581780179342843, -1.742465685096502 ], [ 34.681780179342844, -1.742465685096502 ] ] ] } },
{ "type": "Feature", "properties": { "cell_id": 23, "elephant_count": 0.0, "inside_protected_area": false, "dist_to_settlement_km": 69.024995121478995, "dist_to_road_km": 69.024995121478995, "elephant_score": 0.0, "settlement_proximity_score": 0.58288282723743878, "road_proximity_score": 0.5760778920834515, "conflict_risk_score": 0.34768821579626707, "priority_zone": false, "nearest_settlement": "Kilgoris" }, "geometry": { "type": "Polygon", "coordinates": [ [ [ 34.681780179342844, -1.642465685096503 ], [ 34.681780179342844, -1.542465685096503 ], [ 34.581780179342843, -1.542465685096503 ], [ 34.581780179342843, -1.642465685096503 ], [ 34.681780179342844, -1.642465685096503 ] ] ] } },
{ "type": "Feature", "properties": { "cell_id": 24, "elephant_count": 0.0, "inside_protected_area": false, "dist_to_settlement_km": 58.897013084751649, "dist_to_road_km": 58.897013084751649, "elephant_score": 0.0, "settlement_proximity_score": 0.64583880608973177, "road_proximity_score": 0.63829888384464062, "conflict_risk_score": 0.38524130698031173, "priority_zone": false, "nearest_settlement": "Kilgoris" }, "geometry": { "type": "Polygon", "coordinates": [ [ [ 34.681780179342844, -1.542465685096503 ], [ 34.681780179342844, -1.442465685096503 ], [ 34.581780179342843, -1.442465685096503 ], [ 34.581780179342843, -1.542465685096503 ], [ 34.681780179342844, -1.542465685096503 ] ] ] } },
{ "type": "Feature", "properties": { "cell_id": 25, "elephant_count": 1.0, "inside_protected_area": false, "dist_to_settlement_km": 49.190307470990732, "dist_to_road_km": 49.190307470990732, "elephant_score": 0.0053475935828877002, "settlement_proximity_score": 0.70617611229044752, "road_proximity_score": 0.6979317749607532, "conflict_risk_score": 0.42337140360851533, "priority_zone": false, "nearest_settlement": "Kilgoris" }, "geometry": { "type": "Polygon", "coordinates": [ [ [ 34.681780179342844, -1.442465685096503 ], [ 34.681780179342844, -1.342465685096503 ], [ 34.581780179342843, -1.342465685096503 ], [ 34.581780179342843, -1.442465685096503 ], [ 34.681780179342844, -1.442465685096503 ] ] ] } },
{ "type": "Feature", "properties": { "cell_id": 26, "elephant_count": 1.0, "inside_protected_area": false, "dist_to_settlement_km": 40.211124678076423, "dist_to_road_km": 40.211124678076423, "elephant_score": 0.0053475935828877002, "settlement_proximity_score": 0.7619911048498389, "road_proximity_score": 0.75309514872604311, "conflict_risk_score": 0.45666491350591965, "priority_zone": false, "nearest_settlement": "Kilgoris" }, "geometry": { "type": "Polygon", "coordinates": [ [ [ 34.681780179342844, -1.342465685096504 ], [ 34.681780179342844, -1.242465685096504 ], [ 34.581780179342843, -1.242465685096504 ], [ 34.581780179342843, -1.342465685096504 ], [ 34.681780179342844, -1.342465685096504 ] ] ] } },
{ "type": "Feature", "properties": { "cell_id": 27, "elephant_count": 1.0, "inside_protected_area": false, "dist_to_settlement_km": 32.566896484943136, "dist_to_road_km": 32.566896484943136, "elephant_score": 0.0053475935828877002, "settlement_proximity_score": 0.80950796129012814, "road_proximity_score": 0.80005726395302534, "conflict_risk_score": 0.4850086050061011, "priority_zone": false, "nearest_settlement": "Kilgoris" }, "geometry": { "type": "Polygon", "coordinates": [ [ [ 34.681780179342844, -1.242465685096504 ], [ 34.681780179342844, -1.142465685096504 ], [ 34.581780179342843, -1.142465685096504 ], [ 34.581780179342843, -1.242465685096504 ], [ 34.681780179342844, -1.242465685096504 ] ] ] } },
{ "type": "Feature", "properties": { "cell_id": 28, "elephant_count": 0.0, "inside_protected_area": false, "dist_to_settlement_km": 27.398739851427425, "dist_to_road_km": 27.398739851427425, "elephant_score": 0.0, "settlement_proximity_score": 0.84163344873126578, "road_proximity_score": 0.83180769855573367, "conflict_risk_score": 0.50203234418609988, "priority_zone": false, "nearest_settlement": "Kilgoris" }, "geometry": { "type": "Polygon", "coordinates": [ [ [ 34.681780179342844, -1.142465685096504 ], [ 34.681780179342844, -1.042465685096504 ], [ 34.581780179342843, -1.042465685096504 ], [ 34.581780179342843, -1.142465685096504 ], [ 34.681780179342844, -1.142465685096504 ] ] ] } },
{ "type": "Feature", "properties": { "cell_id": 29, "elephant_count": 0.0, "inside_protected_area": false, "dist_to_settlement_km": 26.21448348206448, "dist_to_road_km": 26.21448348206448, "elephant_score": 0.0, "settlement_proximity_score": 0.84899483806577913, "road_proximity_score": 0.83908314647162252, "conflict_risk_score": 0.5064233953612205, "priority_zone": true, "nearest_settlement": "Kilgoris" }, "geometry": { "type": "Polygon", "coordinates": [ [ [ 34.681780179342844, -1.042465685096505 ], [ 34.681780179342844, -0.942465685096505 ], [ 34.581780179342843, -0.942465685096505 ], [ 34.581780179342843, -1.042465685096505 ], [ 34.681780179342844, -1.042465685096505 ] ] ] } },
{ "type": "Feature", "properties": { "cell_id": 30, "elephant_count": 0.0, "inside_protected_area": false, "dist_to_settlement_km": 98.356829621034663, "dist_to_road_km": 98.356829621034663, "elephant_score": 0.0, "settlement_proximity_score": 0.40055486242109506, "road_proximity_score": 0.39587853685956065, "conflict_risk_score": 0.2389300197841967, "priority_zone": false, "nearest_settlement": "Kilgoris" }, "geometry": { "type": "Polygon", "coordinates": [ [ [ 34.781780179342846, -1.942465685096502 ], [ 34.781780179342846, -1.842465685096502 ], [ 34.681780179342844, -1.842465685096502 ], [ 34.681780179342844, -1.942465685096502 ], [ 34.781780179342846, -1.942465685096502 ] ] ] } },
{ "type": "Feature", "properties": { "cell_id": 31, "elephant_count": 0.0, "inside_protected_area": false, "dist_to_settlement_km": 87.40259796989136, "dist_to_road_km": 87.40259796989136, "elephant_score": 0.0, "settlement_proximity_score": 0.46864684497711251, "road_proximity_score": 0.4631755714360738, "conflict_risk_score": 0.27954672492395588, "priority_zone": false, "nearest_settlement": "Kilgoris" }, "geometry": { "type": "Polygon", "coordinates": [ [ [ 34.781780179342846, -1.842465685096502 ], [ 34.781780179342846, -1.742465685096502 ], [ 34.681780179342844, -1.742465685096502 ], [ 34.681780179342844, -1.842465685096502 ], [ 34.781780179342846, -1.842465685096502 ] ] ] } },
{ "type": "Feature", "properties": { "cell_id": 32, "elephant_count": 0.0, "inside_protected_area": false, "dist_to_settlement_km": 76.490406788509475, "dist_to_road_km": 76.490406788509475, "elephant_score": 0.0, "settlement_proximity_score": 0.53647750213625989, "road_proximity_score": 0.53021433149026109, "conflict_risk_score": 0.32000755008795628, "priority_zone": false, "nearest_settlement": "Kilgoris" }, "geometry": { "type": "Polygon", "coordinates": [ [ [ 34.781780179342846, -1.742465685096502 ], [ 34.781780179342846, -1.642465685096502 ], [ 34.681780179342844, -1.642465685096502 ], [ 34.681780179342844, -1.742465685096502 ], [ 34.781780179342846, -1.742465685096502 ] ] ] } },
{ "type": "Feature", "properties": { "cell_id": 33, "elephant_count": 0.0, "inside_protected_area": false, "dist_to_settlement_km": 65.641225837554714, "dist_to_road_km": 65.641225837554714, "elephant_score": 0.0, "settlement_proximity_score": 0.60391648495002803, "road_proximity_score": 0.59686598984797423, "conflict_risk_score": 0.36023474243940068, "priority_zone": false, "nearest_settlement": "Kilgoris" }, "geometry": { "type": "Polygon", "coordinates": [ [ [ 34.781780179342846, -1.642465685096503 ], [ 34.781780179342846, -1.542465685096503 ], [ 34.681780179342844, -1.542465685096503 ], [ 34.681780179342844, -1.642465685096503 ], [ 34.781780179342846, -1.642465685096503 ] ] ] } },
{ "type": "Feature", "properties": { "cell_id": 34, "elephant_count": 0.0, "inside_protected_area": false, "dist_to_settlement_km": 54.892428696880089, "dist_to_road_km": 54.892428696880089, "elephant_score": 0.0, "settlement_proximity_score": 0.67073147761312346, "road_proximity_score": 0.66290094290252344, "conflict_risk_score": 0.40008972615469407, "priority_zone": false, "nearest_settlement": "Kilgoris" }, "geometry": { "type": "Polygon", "coordinates": [ [ [ 34.781780179342846, -1.542465685096503 ], [ 34.781780179342846, -1.442465685096503 ], [ 34.681780179342844, -1.442465685096503 ], [ 34.681780179342844, -1.542465685096503 ], [ 34.781780179342846, -1.542465685096503 ] ] ] } },
{ "type": "Feature", "properties": { "cell_id": 35, "elephant_count": 0.0, "inside_protected_area": false, "dist_to_settlement_km": 44.317117765342829, "dist_to_road_km": 44.317117765342829, "elephant_score": 0.0, "settlement_proximity_score": 0.73646807242025791, "road_proximity_score": 0.7278700879856258, "conflict_risk_score": 0.43930144812176508, "priority_zone": false, "nearest_settlement": "Kilgoris" }, "geometry": { "type": "Polygon", "coordinates": [ [ [ 34.781780179342846, -1.442465685096503 ], [ 34.781780179342846, -1.342465685096503 ], [ 34.681780179342844, -1.342465685096503 ], [ 34.681780179342844, -1.442465685096503 ], [ 34.781780179342846, -1.442465685096503 ] ] ] } },
{ "type": "Feature", "properties": { "cell_id": 36, "elephant_count": 0.0, "inside_protected_area": false, "dist_to_settlement_km": 34.077193631701327, "dist_to_road_km": 34.077193631701327, "elephant_score": 0.0, "settlement_proximity_score": 0.80011988823794566, "road_proximity_score": 0.79077879308048482, "conflict_risk_score": 0.47726960439552912, "priority_zone": false, "nearest_settlement": "Kilgoris" }, "geometry": { "type": "Polygon", "coordinates": [ [ [ 34.781780179342846, -1.342465685096504 ], [ 34.781780179342846, -1.242465685096504 ], [ 34.681780179342844, -1.242465685096504 ], [ 34.681780179342844, -1.342465685096504 ], [ 34.781780179342846, -1.342465685096504 ] ] ] } },
{ "type": "Feature", "properties": { "cell_id": 37, "elephant_count": 0.0, "inside_protected_area": false, "dist_to_settlement_km": 24.595189053911763, "dist_to_road_km": 24.595189053911763, "elephant_score": 0.0, "settlement_proximity_score": 0.85906044298142126, "road_proximity_score": 0.84903123928099589, "conflict_risk_score": 0.51242750467872511, "priority_zone": true, "nearest_settlement": "Kilgoris" }, "geometry": { "type": "Polygon", "coordinates": [ [ [ 34.781780179342846, -1.242465685096504 ], [ 34.781780179342846, -1.142465685096504 ], [ 34.681780179342844, -1.142465685096504 ], [ 34.681780179342844, -1.242465685096504 ], [ 34.781780179342846, -1.242465685096504 ] ] ] } },
{ "type": "Feature", "properties": { "cell_id": 38, "elephant_count": 0.0, "inside_protected_area": false, "dist_to_settlement_km": 17.175899492686156, "dist_to_road_km": 17.175899492686156, "elephant_score": 0.0, "settlement_proximity_score": 0.90517907105774909, "road_proximity_score": 0.89461144992797914, "conflict_risk_score": 0.53993715629571848, "priority_zone": true, "nearest_settlement": "Kilgoris" }, "geometry": { "type": "Polygon", "coordinates": [ [ [ 34.781780179342846, -1.142465685096504 ], [ 34.781780179342846, -1.042465685096504 ], [ 34.681780179342844, -1.042465685096504 ], [ 34.681780179342844, -1.142465685096504 ], [ 34.781780179342846, -1.142465685096504 ] ] ] } },
{ "type": "Feature", "properties": { "cell_id": 39, "elephant_count": 0.0, "inside_protected_area": false, "dist_to_settlement_km": 15.215772151555422, "dist_to_road_km": 15.215772151555422, "elephant_score": 0.0, "settlement_proximity_score": 0.91736330825214119, "road_proximity_score": 0.90665344079063137, "conflict_risk_score": 0.54720502471283172, "priority_zone": true, "nearest_settlement": "Kilgoris" }, "geometry": { "type": "Polygon", "coordinates": [ [ [ 34.781780179342846, -1.042465685096505 ], [ 34.781780179342846, -0.942465685096505 ], [ 34.681780179342844, -0.942465685096505 ], [ 34.681780179342844, -1.042465685096505 ], [ 34.781780179342846, -1.042465685096505 ] ] ] } },
{ "type": "Feature", "properties": { "cell_id": 40, "elephant_count": 0.0, "inside_protected_area": false, "dist_to_settlement_km": 20.357994030680942, "dist_to_road_km": 20.357994030680942, "elephant_score": 0.0, "settlement_proximity_score": 0.88539903237743467, "road_proximity_score": 0.87506233567067582, "conflict_risk_score": 0.5281384104144331, "priority_zone": true, "nearest_settlement": "Kilgoris" }, "geometry": { "type": "Polygon", "coordinates": [ [ [ 34.781780179342846, -0.942465685096505 ], [ 34.781780179342846, -0.842465685096505 ], [ 34.681780179342844, -0.842465685096505 ], [ 34.681780179342844, -0.942465685096505 ], [ 34.781780179342846, -0.942465685096505 ] ] ] } },
{ "type": "Feature", "properties": { "cell_id": 41, "elephant_count": 0.0, "inside_protected_area": false, "dist_to_settlement_km": 108.37932603708444, "dist_to_road_km": 108.32815711104826, "elephant_score": 0.0, "settlement_proximity_score": 0.33825458679581366, "road_proximity_score": 0.33461994819358665, "conflict_risk_score": 0.2018623604968201, "priority_zone": false, "nearest_settlement": "Kilgoris" }, "geometry": { "type": "Polygon", "coordinates": [ [ [ 34.881780179342847, -2.042465685096501 ], [ 34.881780179342847, -1.942465685096501 ], [ 34.781780179342846, -1.942465685096501 ], [ 34.781780179342846, -2.042465685096501 ], [ 34.881780179342847, -2.042465685096501 ] ] ] } },
{ "type": "Feature", "properties": { "cell_id": 42, "elephant_count": 0.0, "inside_protected_area": false, "dist_to_settlement_km": 97.287237143614348, "dist_to_road_km": 97.25269287675593, "elephant_score": 0.0, "settlement_proximity_score": 0.40720349599339578, "road_proximity_score": 0.40266177196205821, "conflict_risk_score": 0.24295958038663618, "priority_zone": false, "nearest_settlement": "Kilgoris" }, "geometry": { "type": "Polygon", "coordinates": [ [ [ 34.881780179342847, -1.942465685096502 ], [ 34.881780179342847, -1.842465685096502 ], [ 34.781780179342846, -1.842465685096502 ], [ 34.781780179342846, -1.942465685096502 ], [ 34.881780179342847, -1.942465685096502 ] ] ] } },
{ "type": "Feature", "properties": { "cell_id": 43, "elephant_count": 0.0, "inside_protected_area": false, "dist_to_settlement_km": 86.197185045818458, "dist_to_road_km": 86.17722864246366, "elephant_score": 0.0, "settlement_proximity_score": 0.47613974438007545, "road_proximity_score": 0.47070359573052933, "conflict_risk_score": 0.2840530020331814, "priority_zone": false, "nearest_settlement": "Kilgoris" }, "geometry": { "type": "Polygon", "coordinates": [ [ [ 34.881780179342847, -1.842465685096502 ], [ 34.881780179342847, -1.742465685096502 ], [ 34.781780179342846, -1.742465685096502 ], [ 34.781780179342846, -1.842465685096502 ], [ 34.881780179342847, -1.842465685096502 ] ] ] } },
{ "type": "Feature", "properties": { "cell_id": 44, "elephant_count": 0.0, "inside_protected_area": false, "dist_to_settlement_km": 75.110071951824608, "dist_to_road_km": 75.10176440817132, "elephant_score": 0.0, "settlement_proximity_score": 0.5450577237907106, "road_proximity_score": 0.53874541949900101, "conflict_risk_score": 0.32514094298691348, "priority_zone": false, "nearest_settlement": "Kilgoris" }, "geometry": { "type": "Polygon", "coordinates": [ [ [ 34.881780179342847, -1.742465685096502 ], [ 34.881780179342847, -1.642465685096502 ], [ 34.781780179342846, -1.642465685096502 ], [ 34.781780179342846, -1.742465685096502 ], [ 34.881780179342847, -1.742465685096502 ] ] ] } },
{ "type": "Feature", "properties": { "cell_id": 45, "elephant_count": 9.0, "inside_protected_area": false, "dist_to_settlement_km": 64.027424650640697, "dist_to_road_km": 64.026300173879008, "elephant_score": 0.048128342245989303, "settlement_proximity_score": 0.61394794363811966, "road_proximity_score": 0.60678724326747258, "conflict_risk_score": 0.38547189297007339, "priority_zone": false, "nearest_settlement": "Kilgoris" }, "geometry": { "type": "Polygon", "coordinates": [ [ [ 34.881780179342847, -1.642465685096503 ], [ 34.881780179342847, -1.542465685096503 ], [ 34.781780179342846, -1.542465685096503 ], [ 34.781780179342846, -1.642465685096503 ], [ 34.881780179342847, -1.642465685096503 ] ] ] } },
{ "type": "Feature", "properties": { "cell_id": 46, "elephant_count": 12.0, "inside_protected_area": false, "dist_to_settlement_km": 52.952047233121007, "dist_to_road_km": 52.952047233121007, "elephant_score": 0.064171122994652413, "settlement_proximity_score": 0.68279297357103597, "road_proximity_score": 0.67482162548591496, "conflict_risk_score": 0.43295282891494624, "priority_zone": false, "nearest_settlement": "Kilgoris" }, "geometry": { "type": "Polygon", "coordinates": [ [ [ 34.881780179342847, -1.542465685096503 ], [ 34.881780179342847, -1.442465685096503 ], [ 34.781780179342846, -1.442465685096503 ], [ 34.781780179342846, -1.542465685096503 ], [ 34.881780179342847, -1.542465685096503 ] ] ] } },
{ "type": "Feature", "properties": { "cell_id": 47, "elephant_count": 17.0, "inside_protected_area": true, "dist_to_settlement_km": 41.889706432056528, "dist_to_road_km": 41.889706432056528, "elephant_score": 0.090909090909090912, "settlement_proximity_score": 0.75155696732647059, "road_proximity_score": 0.74278282578686983, "conflict_risk_score": 0.48466557429763846, "priority_zone": false, "nearest_settlement": "Kilgoris" }, "geometry": { "type": "Polygon", "coordinates": [ [ [ 34.881780179342847, -1.442465685096503 ], [ 34.881780179342847, -1.342465685096503 ], [ 34.781780179342846, -1.342465685096503 ], [ 34.781780179342846, -1.442465685096503 ], [ 34.881780179342847, -1.442465685096503 ] ] ] } },
{ "type": "Feature", "properties": { "cell_id": 48, "elephant_count": 20.0, "inside_protected_area": false, "dist_to_settlement_km": 30.85442761985836, "dist_to_road_km": 30.85442761985836, "elephant_score": 0.10695187165775401, "settlement_proximity_score": 0.82015274257671933, "road_proximity_score": 0.81057777146966026, "conflict_risk_score": 0.53199990287701548, "priority_zone": true, "nearest_settlement": "Kilgoris" }, "geometry": { "type": "Polygon", "coordinates": [ [ [ 34.881780179342847, -1.342465685096504 ], [ 34.881780179342847, -1.242465685096504 ], [ 34.781780179342846, -1.242465685096504 ], [ 34.781780179342846, -1.342465685096504 ], [ 34.881780179342847, -1.342465685096504 ] ] ] } },
{ "type": "Feature", "properties": { "cell_id": 49, "elephant_count": 14.0, "inside_protected_area": false, "dist_to_settlement_km": 19.891302182971174, "dist_to_road_km": 19.891302182971174, "elephant_score": 0.074866310160427801, "settlement_proximity_score": 0.88830000929350827, "road_proximity_score": 0.8779294447854098, "conflict_risk_score": 0.55981536028784651, "priority_zone": true, "nearest_settlement": "Kilgoris" }, "geometry": { "type": "Polygon", "coordinates": [ [ [ 34.881780179342847, -1.242465685096504 ], [ 34.881780179342847, -1.142465685096504 ], [ 34.781780179342846, -1.142465685096504 ], [ 34.781780179342846, -1.242465685096504 ], [ 34.881780179342847, -1.242465685096504 ] ] ] } },
{ "type": "Feature", "properties": { "cell_id": 50, "elephant_count": 1.0, "inside_protected_area": false, "dist_to_settlement_km": 9.260243048617534, "dist_to_road_km": 9.260243048617534, "elephant_score": 0.0053475935828877002, "settlement_proximity_score": 0.95438313736510105, "road_proximity_score": 0.94324107748900365, "conflict_risk_score": 0.57142630188938648, "priority_zone": true, "nearest_settlement": "Kilgoris" }, "geometry": { "type": "Polygon", "coordinates": [ [ [ 34.881780179342847, -1.142465685096504 ], [ 34.881780179342847, -1.042465685096504 ], [ 34.781780179342846, -1.042465685096504 ], [ 34.781780179342846, -1.142465685096504 ], [ 34.881780179342847, -1.142465685096504 ] ] ] } },
{ "type": "Feature", "properties": { "cell_id": 51, "elephant_count": 0.0, "inside_protected_area": false, "dist_to_settlement_km": 4.718082248612733, "dist_to_road_km": 4.718082248612733, "elephant_score": 0.0, "settlement_proximity_score": 0.98261740735411229, "road_proximity_score": 0.97114572312228298, "conflict_risk_score": 0.58612893914291853, "priority_zone": true, "nearest_settlement": "Kilgoris" }, "geometry": { "type": "Polygon", "coordinates": [ [ [ 34.881780179342847, -1.042465685096505 ], [ 34.881780179342847, -0.942465685096505 ], [ 34.781780179342846, -0.942465685096505 ], [ 34.781780179342846, -1.042465685096505 ], [ 34.881780179342847, -1.042465685096505 ] ] ] } },
{ "type": "Feature", "properties": { "cell_id": 52, "elephant_count": 0.0, "inside_protected_area": false, "dist_to_settlement_km": 14.324402217540037, "dist_to_road_km": 14.324402217540037, "elephant_score": 0.0, "settlement_proximity_score": 0.92290410270773393, "road_proximity_score": 0.91212954857986528, "conflict_risk_score": 0.55051009538627982, "priority_zone": true, "nearest_settlement": "Kilgoris" }, "geometry": { "type": "Polygon", "coordinates": [ [ [ 34.881780179342847, -0.942465685096505 ], [ 34.881780179342847, -0.842465685096505 ], [ 34.781780179342846, -0.842465685096505 ], [ 34.781780179342846, -0.942465685096505 ], [ 34.881780179342847, -0.942465685096505 ] ] ] } },
{ "type": "Feature", "properties": { "cell_id": 53, "elephant_count": 0.0, "inside_protected_area": false, "dist_to_settlement_km": 25.190011863336949, "dist_to_road_km": 25.190011863336949, "elephant_score": 0.0, "settlement_proximity_score": 0.85536299840902408, "road_proximity_score": 0.84537696096667814, "conflict_risk_score": 0.51022198781271066, "priority_zone": true, "nearest_settlement": "Kilgoris" }, "geometry": { "type": "Polygon", "coordinates": [ [ [ 34.881780179342847, -0.842465685096506 ], [ 34.881780179342847, -0.742465685096506 ], [ 34.781780179342846, -0.742465685096506 ], [ 34.781780179342846, -0.842465685096506 ], [ 34.881780179342847, -0.842465685096506 ] ] ] } },
{ "type": "Feature", "properties": { "cell_id": 54, "elephant_count": 0.0, "inside_protected_area": false, "dist_to_settlement_km": 108.55062823489003, "dist_to_road_km": 107.59053119304443, "elephant_score": 0.0, "settlement_proximity_score": 0.33718976484971497, "road_proximity_score": 0.33915153365656658, "conflict_risk_score": 0.20290238955188444, "priority_zone": false, "nearest_settlement": "Kilgoris" }, "geometry": { "type": "Polygon", "coordinates": [ [ [ 34.981780179342849, -2.042465685096501 ], [ 34.981780179342849, -1.942465685096501 ], [ 34.881780179342847, -1.942465685096501 ], [ 34.881780179342847, -2.042465685096501 ], [ 34.981780179342849, -2.042465685096501 ] ] ] } },
{ "type": "Feature", "properties": { "cell_id": 55, "elephant_count": 0.0, "inside_protected_area": false, "dist_to_settlement_km": 97.478033879302828, "dist_to_road_km": 96.515066958752101, "elephant_score": 0.0, "settlement_proximity_score": 0.4060174951480614, "road_proximity_score": 0.40719335742503815, "conflict_risk_score": 0.24396325577192984, "priority_zone": false, "nearest_settlement": "Kilgoris" }, "geometry": { "type": "Polygon", "coordinates": [ [ [ 34.981780179342849, -1.942465685096502 ], [ 34.981780179342849, -1.842465685096502 ], [ 34.881780179342847, -1.842465685096502 ], [ 34.881780179342847, -1.942465685096502 ], [ 34.981780179342849, -1.942465685096502 ] ] ] } },
{ "type": "Feature", "properties": { "cell_id": 56, "elephant_count": 0.0, "inside_protected_area": false, "dist_to_settlement_km": 86.412471829937402, "dist_to_road_km": 85.439602724459832, "elephant_score": 0.0, "settlement_proximity_score": 0.47480151232367762, "road_proximity_score": 0.47523518119350938, "conflict_risk_score": 0.28501100805515611, "priority_zone": false, "nearest_settlement": "Kilgoris" }, "geometry": { "type": "Polygon", "coordinates": [ [ [ 34.981780179342849, -1.842465685096502 ], [ 34.981780179342849, -1.742465685096502 ], [ 34.881780179342847, -1.742465685096502 ], [ 34.881780179342847, -1.842465685096502 ], [ 34.981780179342849, -1.842465685096502 ] ] ] } },
{ "type": "Feature", "properties": { "cell_id": 57, "elephant_count": 0.0, "inside_protected_area": false, "dist_to_settlement_km": 75.357040059605083, "dist_to_road_km": 74.364138490167477, "elephant_score": 0.0, "settlement_proximity_score": 0.5435225592422116, "road_proximity_score": 0.54327700496198106, "conflict_risk_score": 0.32603986926125783, "priority_zone": false, "nearest_settlement": "Kilgoris" }, "geometry": { "type": "Polygon", "coordinates": [ [ [ 34.981780179342849, -1.742465685096502 ], [ 34.981780179342849, -1.642465685096502 ], [ 34.881780179342847, -1.642465685096502 ], [ 34.881780179342847, -1.742465685096502 ], [ 34.981780179342849, -1.742465685096502 ] ] ] } },
{ "type": "Feature", "properties": { "cell_id": 58, "elephant_count": 12.0, "inside_protected_area": false, "dist_to_settlement_km": 64.316962656286307, "dist_to_road_km": 63.288674255875172, "elephant_score": 0.064171122994652413, "settlement_proximity_score": 0.6121481627445261, "road_proximity_score": 0.61131882873045251, "conflict_risk_score": 0.39270854664035448, "priority_zone": false, "nearest_settlement": "Kilgoris" }, "geometry": { "type": "Polygon", "coordinates": [ [ [ 34.981780179342849, -1.642465685096503 ], [ 34.981780179342849, -1.542465685096503 ], [ 34.881780179342847, -1.542465685096503 ], [ 34.881780179342847, -1.642465685096503 ], [ 34.981780179342849, -1.642465685096503 ] ] ] } },
{ "type": "Feature", "properties": { "cell_id": 59, "elephant_count": 20.0, "inside_protected_area": true, "dist_to_settlement_km": 53.301781247115315, "dist_to_road_km": 52.213210021582888, "elephant_score": 0.10695187165775401, "settlement_proximity_score": 0.6806190116594617, "road_proximity_score": 0.67936065249892374, "conflict_risk_score": 0.45077464791061728, "priority_zone": false, "nearest_settlement": "Kilgoris" }, "geometry": { "type": "Polygon", "coordinates": [ [ [ 34.981780179342849, -1.542465685096503 ], [ 34.981780179342849, -1.442465685096503 ], [ 34.881780179342847, -1.442465685096503 ], [ 34.881780179342847, -1.542465685096503 ], [ 34.981780179342849, -1.542465685096503 ] ] ] } },
{ "type": "Feature", "properties": { "cell_id": 60, "elephant_count": 28.0, "inside_protected_area": true, "dist_to_settlement_km": 42.330935294421906, "dist_to_road_km": 41.137745787290577, "elephant_score": 0.1497326203208556, "settlement_proximity_score": 0.74881426943982698, "road_proximity_score": 0.74740247626739531, "conflict_risk_score": 0.50875807184050892, "priority_zone": false, "nearest_settlement": "Kilgoris" }, "geometry": { "type": "Polygon", "coordinates": [ [ [ 34.981780179342849, -1.442465685096503 ], [ 34.981780179342849, -1.342465685096503 ], [ 34.881780179342847, -1.342465685096503 ], [ 34.881780179342847, -1.442465685096503 ], [ 34.981780179342849, -1.442465685096503 ] ] ] } },
{ "type": "Feature", "properties": { "cell_id": 61, "elephant_count": 17.0, "inside_protected_area": false, "dist_to_settlement_km": 31.450855023126699, "dist_to_road_km": 30.062281552998297, "elephant_score": 0.090909090909090912, "settlement_proximity_score": 0.81644532377888512, "road_proximity_score": 0.81544430003586654, "conflict_risk_score": 0.5259305235080618, "priority_zone": true, "nearest_settlement": "Kilgoris" }, "geometry": { "type": "Polygon", "coordinates": [ [ [ 34.981780179342849, -1.342465685096504 ], [ 34.981780179342849, -1.242465685096504 ], [ 34.881780179342847, -1.242465685096504 ], [ 34.881780179342847, -1.342465685096504 ], [ 34.981780179342849, -1.342465685096504 ] ] ] } },
{ "type": "Feature", "properties": { "cell_id": 62, "elephant_count": 10.0, "inside_protected_area": false, "dist_to_settlement_km": 20.804434154067483, "dist_to_road_km": 18.986817318705967, "elephant_score": 0.053475935828877004, "settlement_proximity_score": 0.88262394106459308, "road_proximity_score": 0.88348612380433811, "conflict_risk_score": 0.55122339379223018, "priority_zone": true, "nearest_settlement": "Kilgoris" }, "geometry": { "type": "Polygon", "coordinates": [ [ [ 34.981780179342849, -1.242465685096504 ], [ 34.981780179342849, -1.142465685096504 ], [ 34.881780179342847, -1.142465685096504 ], [ 34.881780179342847, -1.242465685096504 ], [ 34.981780179342849, -1.242465685096504 ] ] ] } },
{ "type": "Feature", "properties": { "cell_id": 63, "elephant_count": 0.0, "inside_protected_area": false, "dist_to_settlement_km": 11.086599084305567, "dist_to_road_km": 7.9113530844136859, "elephant_score": 0.0, "settlement_proximity_score": 0.94303042845007934, "road_proximity_score": 0.95152794757280945, "conflict_risk_score": 0.56836751280686659, "priority_zone": true, "nearest_settlement": "Kilgoris" }, "geometry": { "type": "Polygon", "coordinates": [ [ [ 34.981780179342849, -1.142465685096504 ], [ 34.981780179342849, -1.042465685096504 ], [ 34.881780179342847, -1.042465685096504 ], [ 34.881780179342847, -1.142465685096504 ], [ 34.981780179342849, -1.142465685096504 ] ] ] } },
{ "type": "Feature", "properties": { "cell_id": 64, "elephant_count": 0.0, "inside_protected_area": false, "dist_to_settlement_km": 7.7084938892970154, "dist_to_road_km": 3.1641111498786998, "elephant_score": 0.0, "settlement_proximity_score": 0.96402887793849301, "road_proximity_score": 0.98069250377225137, "conflict_risk_score": 0.58341641451322324, "priority_zone": true, "nearest_settlement": "Kilgoris" }, "geometry": { "type": "Polygon", "coordinates": [ [ [ 34.981780179342849, -1.042465685096505 ], [ 34.981780179342849, -0.942465685096505 ], [ 34.881780179342847, -0.942465685096505 ], [ 34.881780179342847, -1.042465685096505 ], [ 34.981780179342849, -1.042465685096505 ] ] ] } },
{ "type": "Feature", "properties": { "cell_id": 65, "elephant_count": 0.0, "inside_protected_area": false, "dist_to_settlement_km": 15.567564897135348, "dist_to_road_km": 14.239575384170992, "elephant_score": 0.0, "settlement_proximity_score": 0.91517654917508062, "road_proximity_score": 0.91265068000378002, "conflict_risk_score": 0.54834816875365822, "priority_zone": true, "nearest_settlement": "Kilgoris" }, "geometry": { "type": "Polygon", "coordinates": [ [ [ 34.981780179342849, -0.942465685096505 ], [ 34.981780179342849, -0.842465685096505 ], [ 34.881780179342847, -0.842465685096505 ], [ 34.881780179342847, -0.942465685096505 ], [ 34.981780179342849, -0.942465685096505 ] ] ] } },
{ "type": "Feature", "properties": { "cell_id": 66, "elephant_count": 0.0, "inside_protected_area": false, "dist_to_settlement_km": 25.917123212496229, "dist_to_road_km": 25.315039618463313, "elephant_score": 0.0, "settlement_proximity_score": 0.85084324249368626, "road_proximity_score": 0.84460885623530846, "conflict_risk_score": 0.50863562961869846, "priority_zone": true, "nearest_settlement": "Kilgoris" }, "geometry": { "type": "Polygon", "coordinates": [ [ [ 34.981780179342849, -0.842465685096506 ], [ 34.981780179342849, -0.742465685096506 ], [ 34.881780179342847, -0.742465685096506 ], [ 34.881780179342847, -0.842465685096506 ], [ 34.981780179342849, -0.842465685096506 ] ] ] } },
{ "type": "Feature", "properties": { "cell_id": 67, "elephant_count": 0.0, "inside_protected_area": false, "dist_to_settlement_km": 120.8077450718318, "dist_to_road_km": 117.928369509333, "elephant_score": 0.0, "settlement_proximity_score": 0.26099899105308844, "road_proximity_score": 0.27564129535107451, "conflict_risk_score": 0.16099208592124886, "priority_zone": false, "nearest_settlement": "Kilgoris" }, "geometry": { "type": "Polygon", "coordinates": [ [ [ 35.08178017934285, -2.142465685096501 ], [ 35.08178017934285, -2.042465685096501 ], [ 34.981780179342849, -2.042465685096501 ], [ 34.981780179342849, -2.142465685096501 ], [ 35.08178017934285, -2.142465685096501 ] ] ] } },
{ "type": "Feature", "properties": { "cell_id": 68, "elephant_count": 0.0, "inside_protected_area": false, "dist_to_settlement_km": 109.84907586377732, "dist_to_road_km": 106.85290527504065, "elephant_score": 0.0, "settlement_proximity_score": 0.32911855765675158, "road_proximity_score": 0.34368311911954619, "conflict_risk_score": 0.20184050303288931, "priority_zone": false, "nearest_settlement": "Kilgoris" }, "geometry": { "type": "Polygon", "coordinates": [ [ [ 35.08178017934285, -2.042465685096501 ], [ 35.08178017934285, -1.942465685096501 ], [ 34.981780179342849, -1.942465685096501 ], [ 34.981780179342849, -2.042465685096501 ], [ 35.08178017934285, -2.042465685096501 ] ] ] } },
{ "type": "Feature", "properties": { "cell_id": 69, "elephant_count": 0.0, "inside_protected_area": false, "dist_to_settlement_km": 98.921927128979391, "dist_to_road_km": 95.777441040748329, "elephant_score": 0.0, "settlement_proximity_score": 0.39704219162145882, "road_proximity_score": 0.41172494288801775, "conflict_risk_score": 0.24263014035284297, "priority_zone": false, "nearest_settlement": "Kilgoris" }, "geometry": { "type": "Polygon", "coordinates": [ [ [ 35.08178017934285, -1.942465685096502 ], [ 35.08178017934285, -1.842465685096502 ], [ 34.981780179342849, -1.842465685096502 ], [ 34.981780179342849, -1.942465685096502 ], [ 35.08178017934285, -1.942465685096502 ] ] ] } },
{ "type": "Feature", "properties": { "cell_id": 70, "elephant_count": 0.0, "inside_protected_area": false, "dist_to_settlement_km": 88.03803647115447, "dist_to_road_km": 84.701976806456074, "elephant_score": 0.0, "settlement_proximity_score": 0.46469693148966917, "road_proximity_score": 0.47976676665648887, "conflict_risk_score": 0.28333910944384744, "priority_zone": false, "nearest_settlement": "Kilgoris" }, "geometry": { "type": "Polygon", "coordinates": [ [ [ 35.08178017934285, -1.842465685096502 ], [ 35.08178017934285, -1.742465685096502 ], [ 34.981780179342849, -1.742465685096502 ], [ 34.981780179342849, -1.842465685096502 ], [ 35.08178017934285, -1.842465685096502 ] ] ] } },
{ "type": "Feature", "properties": { "cell_id": 71, "elephant_count": 0.0, "inside_protected_area": false, "dist_to_settlement_km": 77.215698303398909, "dist_to_road_km": 73.626512572163719, "elephant_score": 0.0, "settlement_proximity_score": 0.53196905839025566, "road_proximity_score": 0.54780859042496055, "conflict_risk_score": 0.32393329464456483, "priority_zone": false, "nearest_settlement": "Kilgoris" }, "geometry": { "type": "Polygon", "coordinates": [ [ [ 35.08178017934285, -1.742465685096502 ], [ 35.08178017934285, -1.642465685096502 ], [ 34.981780179342849, -1.642465685096502 ], [ 34.981780179342849, -1.742465685096502 ], [ 35.08178017934285, -1.742465685096502 ] ] ] } },
{ "type": "Feature", "properties": { "cell_id": 72, "elephant_count": 50.0, "inside_protected_area": false, "dist_to_settlement_km": 66.484977726300897, "dist_to_road_km": 62.5510483378714, "elephant_score": 0.26737967914438504, "settlement_proximity_score": 0.59867168634435719, "road_proximity_score": 0.61585041419343212, "conflict_risk_score": 0.47130850181909079, "priority_zone": false, "nearest_settlement": "Kilgoris" }, "geometry": { "type": "Polygon", "coordinates": [ [ [ 35.08178017934285, -1.642465685096503 ], [ 35.08178017934285, -1.542465685096503 ], [ 34.981780179342849, -1.542465685096503 ], [ 34.981780179342849, -1.642465685096503 ], [ 35.08178017934285, -1.642465685096503 ] ] ] } },
{ "type": "Feature", "properties": { "cell_id": 73, "elephant_count": 91.0, "inside_protected_area": true, "dist_to_settlement_km": 55.89866243526702, "dist_to_road_km": 51.475584103579116, "elephant_score": 0.48663101604278075, "settlement_proximity_score": 0.66447668473092536, "road_proximity_score": 0.68389223796190346, "conflict_risk_score": 0.59916308322496092, "priority_zone": false, "nearest_settlement": "Kilgoris" }, "geometry": { "type": "Polygon", "coordinates": [ [ [ 35.08178017934285, -1.542465685096503 ], [ 35.08178017934285, -1.442465685096503 ], [ 34.981780179342849, -1.442465685096503 ], [ 34.981780179342849, -1.542465685096503 ], [ 35.08178017934285, -1.542465685096503 ] ] ] } },
{ "type": "Feature", "properties": { "cell_id": 74, "elephant_count": 45.0, "inside_protected_area": true, "dist_to_settlement_km": 45.557531329486373, "dist_to_road_km": 40.400119869286812, "elephant_score": 0.24064171122994651, "settlement_proximity_score": 0.72875760750936713, "road_proximity_score": 0.75193406173037491, "conflict_risk_score": 0.54046418526390116, "priority_zone": false, "nearest_settlement": "Kilgoris" }, "geometry": { "type": "Polygon", "coordinates": [ [ [ 35.08178017934285, -1.442465685096503 ], [ 35.08178017934285, -1.342465685096503 ], [ 34.981780179342849, -1.342465685096503 ], [ 34.981780179342849, -1.442465685096503 ], [ 35.08178017934285, -1.442465685096503 ] ] ] } },
{ "type": "Feature", "properties": { "cell_id": 75, "elephant_count": 47.0, "inside_protected_area": true, "dist_to_settlement_km": 35.675437763569668, "dist_to_road_km": 29.324655634994524, "elephant_score": 0.25133689839572193, "settlement_proximity_score": 0.79018513288373715, "road_proximity_score": 0.81997588549884615, "conflict_risk_score": 0.58358306487306377, "priority_zone": false, "nearest_settlement": "Kilgoris" }, "geometry": { "type": "Polygon", "coordinates": [ [ [ 35.08178017934285, -1.342465685096504 ], [ 35.08178017934285, -1.242465685096504 ], [ 34.981780179342849, -1.242465685096504 ], [ 34.981780179342849, -1.342465685096504 ], [ 35.08178017934285, -1.342465685096504 ] ] ] } },
{ "type": "Feature", "properties": { "cell_id": 76, "elephant_count": 27.0, "inside_protected_area": false, "dist_to_settlement_km": 26.765744122058855, "dist_to_road_km": 18.249191400702191, "elephant_score": 0.14438502673796791, "settlement_proximity_score": 0.8455681778418831, "road_proximity_score": 0.88801770926731782, "conflict_risk_score": 0.57782977682794745, "priority_zone": true, "nearest_settlement": "Kilgoris" }, "geometry": { "type": "Polygon", "coordinates": [ [ [ 35.08178017934285, -1.242465685096504 ], [ 35.08178017934285, -1.142465685096504 ], [ 34.981780179342849, -1.142465685096504 ], [ 34.981780179342849, -1.242465685096504 ], [ 35.08178017934285, -1.242465685096504 ] ] ] } },
{ "type": "Feature", "properties": { "cell_id": 77, "elephant_count": 5.0, "inside_protected_area": false, "dist_to_settlement_km": 20.161677935943818, "dist_to_road_km": 7.1737271664099094, "elephant_score": 0.026737967914438502, "settlement_proximity_score": 0.88661934179976742, "road_proximity_score": 0.95605953303578906, "conflict_risk_score": 0.56349884961644237, "priority_zone": true, "nearest_settlement": "Kilgoris" }, "geometry": { "type": "Polygon", "coordinates": [ [ [ 35.08178017934285, -1.142465685096504 ], [ 35.08178017934285, -1.042465685096504 ], [ 34.981780179342849, -1.042465685096504 ], [ 34.981780179342849, -1.142465685096504 ], [ 35.08178017934285, -1.142465685096504 ] ] ] } },
{ "type": "Feature", "properties": { "cell_id": 78, "elephant_count": 1.0, "inside_protected_area": false, "dist_to_settlement_km": 18.520298485120204, "dist_to_road_km": 3.901737067882475, "elephant_score": 0.0053475935828877002, "settlement_proximity_score": 0.89682222818127111, "road_proximity_score": 0.97616091830927176, "conflict_risk_score": 0.56403398138031791, "priority_zone": true, "nearest_settlement": "Kilgoris" }, "geometry": { "type": "Polygon", "coordinates": [ [ [ 35.08178017934285, -1.042465685096505 ], [ 35.08178017934285, -0.942465685096505 ], [ 34.981780179342849, -0.942465685096505 ], [ 34.981780179342849, -1.042465685096505 ], [ 35.08178017934285, -1.042465685096505 ] ] ] } },
{ "type": "Feature", "properties": { "cell_id": 79, "elephant_count": 0.0, "inside_protected_area": false, "dist_to_settlement_km": 22.933156232039607, "dist_to_road_km": 14.977201302174771, "elephant_score": 0.0, "settlement_proximity_score": 0.86939171161975026, "road_proximity_score": 0.90811909454080031, "conflict_risk_score": 0.53325324184816514, "priority_zone": true, "nearest_settlement": "Kilgoris" }, "geometry": { "type": "Polygon", "coordinates": [ [ [ 35.08178017934285, -0.942465685096505 ], [ 35.08178017934285, -0.842465685096505 ], [ 34.981780179342849, -0.842465685096505 ], [ 34.981780179342849, -0.942465685096505 ], [ 35.08178017934285, -0.942465685096505 ] ] ] } },
{ "type": "Feature", "properties": { "cell_id": 80, "elephant_count": 0.0, "inside_protected_area": false, "dist_to_settlement_km": 30.907569518619983, "dist_to_road_km": 26.052665536467092, "elephant_score": 0.0, "settlement_proximity_score": 0.8198224102121402, "road_proximity_score": 0.84007727077232885, "conflict_risk_score": 0.49796990429534072, "priority_zone": false, "nearest_settlement": "Kilgoris" }, "geometry": { "type": "Polygon", "coordinates": [ [ [ 35.08178017934285, -0.842465685096506 ], [ 35.08178017934285, -0.742465685096506 ], [ 34.981780179342849, -0.742465685096506 ], [ 34.981780179342849, -0.842465685096506 ], [ 35.08178017934285, -0.842465685096506 ] ] ] } },
{ "type": "Feature", "properties": { "cell_id": 81, "elephant_count": 0.0, "inside_protected_area": false, "dist_to_settlement_km": 122.98175412343643, "dist_to_road_km": 117.19074359132907, "elephant_score": 0.0, "settlement_proximity_score": 0.24748525580146663, "road_proximity_score": 0.28017288081405511, "conflict_risk_score": 0.15829744098465651, "priority_zone": false, "nearest_settlement": "Kilgoris" }, "geometry": { "type": "Polygon", "coordinates": [ [ [ 35.181780179342852, -2.142465685096501 ], [ 35.181780179342852, -2.042465685096501 ], [ 35.08178017934285, -2.042465685096501 ], [ 35.08178017934285, -2.142465685096501 ], [ 35.181780179342852, -2.142465685096501 ] ] ] } },
{ "type": "Feature", "properties": { "cell_id": 82, "elephant_count": 0.0, "inside_protected_area": false, "dist_to_settlement_km": 112.23555606875469, "dist_to_road_km": 106.11527935703671, "elephant_score": 0.0, "settlement_proximity_score": 0.31428409243247091, "road_proximity_score": 0.34821470458252679, "conflict_risk_score": 0.1987496391044993, "priority_zone": false, "nearest_settlement": "Kilgoris" }, "geometry": { "type": "Polygon", "coordinates": [ [ [ 35.181780179342852, -2.042465685096501 ], [ 35.181780179342852, -1.942465685096501 ], [ 35.08178017934285, -1.942465685096501 ], [ 35.08178017934285, -2.042465685096501 ], [ 35.181780179342852, -2.042465685096501 ] ] ] } },
{ "type": "Feature", "properties": { "cell_id": 83, "elephant_count": 0.0, "inside_protected_area": false, "dist_to_settlement_km": 101.56548746915846, "dist_to_road_km": 95.039815122744386, "elephant_score": 0.0, "settlement_proximity_score": 0.38060970504441394, "road_proximity_score": 0.41625652835099836, "conflict_risk_score": 0.23905987001862367, "priority_zone": false, "nearest_settlement": "Kilgoris" }, "geometry": { "type": "Polygon", "coordinates": [ [ [ 35.181780179342852, -1.942465685096502 ], [ 35.181780179342852, -1.842465685096502 ], [ 35.08178017934285, -1.842465685096502 ], [ 35.08178017934285, -1.942465685096502 ], [ 35.181780179342852, -1.942465685096502 ] ] ] } },
{ "type": "Feature", "properties": { "cell_id": 84, "elephant_count": 1.0, "inside_protected_area": false, "dist_to_settlement_km": 90.998332092588385, "dist_to_road_km": 83.964350888452131, "elephant_score": 0.0053475935828877002, "settlement_proximity_score": 0.44629560456553985, "road_proximity_score": 0.48429835211946948, "conflict_risk_score": 0.28131722443865786, "priority_zone": false, "nearest_settlement": "Kilgoris" }, "geometry": { "type": "Polygon", "coordinates": [ [ [ 35.181780179342852, -1.842465685096502 ], [ 35.181780179342852, -1.742465685096502 ], [ 35.08178017934285, -1.742465685096502 ], [ 35.08178017934285, -1.842465685096502 ], [ 35.181780179342852, -1.842465685096502 ] ] ] } },
{ "type": "Feature", "properties": { "cell_id": 85, "elephant_count": 1.0, "inside_protected_area": false, "dist_to_settlement_km": 80.574590550732538, "dist_to_road_km": 72.888886654159776, "elephant_score": 0.0053475935828877002, "settlement_proximity_score": 0.51109003742404191, "road_proximity_score": 0.55234017588794126, "conflict_risk_score": 0.32116810142675001, "priority_zone": false, "nearest_settlement": "Kilgoris" }, "geometry": { "type": "Polygon", "coordinates": [ [ [ 35.181780179342852, -1.742465685096502 ], [ 35.181780179342852, -1.642465685096502 ], [ 35.08178017934285, -1.642465685096502 ], [ 35.08178017934285, -1.742465685096502 ], [ 35.181780179342852, -1.742465685096502 ] ] ] } },
{ "type": "Feature", "properties": { "cell_id": 86, "elephant_count": 61.0, "inside_protected_area": true, "dist_to_settlement_km": 70.358033238596164, "dist_to_road_km": 61.813422419867472, "elephant_score": 0.32620320855614976, "settlement_proximity_score": 0.57459660405831015, "road_proximity_score": 0.62038199965641272, "conflict_risk_score": 0.48897486453687677, "priority_zone": false, "nearest_settlement": "Kilgoris" }, "geometry": { "type": "Polygon", "coordinates": [ [ [ 35.181780179342852, -1.642465685096503 ], [ 35.181780179342852, -1.542465685096503 ], [ 35.08178017934285, -1.542465685096503 ], [ 35.08178017934285, -1.642465685096503 ], [ 35.181780179342852, -1.642465685096503 ] ] ] } },
{ "type": "Feature", "properties": { "cell_id": 87, "elephant_count": 83.0, "inside_protected_area": true, "dist_to_settlement_km": 60.453792602190042, "dist_to_road_km": 50.737958185575174, "elephant_score": 0.44385026737967914, "settlement_proximity_score": 0.63616179659049255, "road_proximity_score": 0.68842382342488406, "conflict_risk_score": 0.57491579295648465, "priority_zone": false, "nearest_settlement": "Kilgoris" }, "geometry": { "type": "Polygon", "coordinates": [ [ [ 35.181780179342852, -1.542465685096503 ], [ 35.181780179342852, -1.442465685096503 ], [ 35.08178017934285, -1.442465685096503 ], [ 35.08178017934285, -1.542465685096503 ], [ 35.181780179342852, -1.542465685096503 ] ] ] } },
{ "type": "Feature", "properties": { "cell_id": 88, "elephant_count": 68.0, "inside_protected_area": true, "dist_to_settlement_km": 51.04399317034089, "dist_to_road_km": 39.662493951282869, "elephant_score": 0.36363636363636365, "settlement_proximity_score": 0.69465352099201383, "road_proximity_score": 0.75646564719335552, "conflict_risk_score": 0.5807902959101563, "priority_zone": false, "nearest_settlement": "Kilgoris" }, "geometry": { "type": "Polygon", "coordinates": [ [ [ 35.181780179342852, -1.442465685096503 ], [ 35.181780179342852, -1.342465685096503 ], [ 35.08178017934285, -1.342465685096503 ], [ 35.08178017934285, -1.442465685096503 ], [ 35.181780179342852, -1.442465685096503 ] ] ] } },
{ "type": "Feature", "properties": { "cell_id": 89, "elephant_count": 38.0, "inside_protected_area": false, "dist_to_settlement_km": 42.4586556259028, "dist_to_road_km": 28.587029716990589, "elephant_score": 0.20320855614973263, "settlement_proximity_score": 0.7480203542789825, "road_proximity_score": 0.82450747096182675, "conflict_risk_score": 0.55304177003213584, "priority_zone": true, "nearest_settlement": "Kilgoris" }, "geometry": { "type": "Polygon", "coordinates": [ [ [ 35.181780179342852, -1.342465685096504 ], [ 35.181780179342852, -1.242465685096504 ], [ 35.08178017934285, -1.242465685096504 ], [ 35.08178017934285, -1.342465685096504 ], [ 35.181780179342852, -1.342465685096504 ] ] ] } },
{ "type": "Feature", "properties": { "cell_id": 90, "elephant_count": 32.0, "inside_protected_area": false, "dist_to_settlement_km": 35.304470486670716, "dist_to_road_km": 17.511565482698259, "elephant_score": 0.17112299465240641, "settlement_proximity_score": 0.79249108168525084, "road_proximity_score": 0.89254929473029843, "conflict_risk_score": 0.5739613107856274, "priority_zone": true, "nearest_settlement": "Kilgoris" }, "geometry": { "type": "Polygon", "coordinates": [ [ [ 35.181780179342852, -1.242465685096504 ], [ 35.181780179342852, -1.142465685096504 ], [ 35.08178017934285, -1.142465685096504 ], [ 35.08178017934285, -1.242465685096504 ], [ 35.181780179342852, -1.242465685096504 ] ] ] } },
{ "type": "Feature", "properties": { "cell_id": 91, "elephant_count": 1.0, "inside_protected_area": false, "dist_to_settlement_km": 30.602186770382907, "dist_to_road_km": 6.4361012484059765, "elephant_score": 0.0053475935828877002, "settlement_proximity_score": 0.82172068271797105, "road_proximity_score": 0.96059111849876966, "conflict_risk_score": 0.53683257779817728, "priority_zone": true, "nearest_settlement": "Kilgoris" }, "geometry": { "type": "Polygon", "coordinates": [ [ [ 35.181780179342852, -1.142465685096504 ], [ 35.181780179342852, -1.042465685096504 ], [ 35.08178017934285, -1.042465685096504 ], [ 35.08178017934285, -1.142465685096504 ], [ 35.181780179342852, -1.142465685096504 ] ] ] } },
{ "type": "Feature", "properties": { "cell_id": 92, "elephant_count": 1.0, "inside_protected_area": false, "dist_to_settlement_km": 29.546607824158738, "dist_to_road_km": 4.6393629858864083, "elephant_score": 0.0053475935828877002, "settlement_proximity_score": 0.82828220756807713, "road_proximity_score": 0.97162933284629116, "conflict_risk_score": 0.54211249955746554, "priority_zone": true, "nearest_settlement": "Kilgoris" }, "geometry": { "type": "Polygon", "coordinates": [ [ [ 35.181780179342852, -1.042465685096505 ], [ 35.181780179342852, -0.942465685096505 ], [ 35.08178017934285, -0.942465685096505 ], [ 35.08178017934285, -1.042465685096505 ], [ 35.181780179342852, -1.042465685096505 ] ] ] } },
{ "type": "Feature", "properties": { "cell_id": 93, "elephant_count": 0.0, "inside_protected_area": false, "dist_to_settlement_km": 32.495080130687931, "dist_to_road_km": 15.714827220178702, "elephant_score": 0.0, "settlement_proximity_score": 0.8099543748859801, "road_proximity_score": 0.90358750907781982, "conflict_risk_score": 0.51406256518913995, "priority_zone": true, "nearest_settlement": "Kilgoris" }, "geometry": { "type": "Polygon", "coordinates": [ [ [ 35.181780179342852, -0.942465685096505 ], [ 35.181780179342852, -0.842465685096505 ], [ 35.08178017934285, -0.842465685096505 ], [ 35.08178017934285, -0.942465685096505 ], [ 35.181780179342852, -0.942465685096505 ] ] ] } },
{ "type": "Feature", "properties": { "cell_id": 94, "elephant_count": 0.0, "inside_protected_area": false, "dist_to_settlement_km": 38.539310210290736, "dist_to_road_km": 26.790291454471024, "elephant_score": 0.0, "settlement_proximity_score": 0.77238317662654621, "road_proximity_score": 0.83554568530934825, "conflict_risk_score": 0.48237865858076834, "priority_zone": false, "nearest_settlement": "Kilgoris" }, "geometry": { "type": "Polygon", "coordinates": [ [ [ 35.181780179342852, -0.842465685096506 ], [ 35.181780179342852, -0.742465685096506 ], [ 35.08178017934285, -0.742465685096506 ], [ 35.08178017934285, -0.842465685096506 ], [ 35.181780179342852, -0.842465685096506 ] ] ] } },
{ "type": "Feature", "properties": { "cell_id": 95, "elephant_count": 0.0, "inside_protected_area": false, "dist_to_settlement_km": 136.65666550310971, "dist_to_road_km": 127.52858190761748, "elephant_score": 0.0, "settlement_proximity_score": 0.16248140918091303, "road_proximity_score": 0.21666264250856404, "conflict_risk_score": 0.11374321550684313, "priority_zone": false, "nearest_settlement": "Kilgoris" }, "geometry": { "type": "Polygon", "coordinates": [ [ [ 35.281780179342853, -2.242465685096501 ], [ 35.281780179342853, -2.1424656850965 ], [ 35.181780179342852, -2.1424656850965 ], [ 35.181780179342852, -2.242465685096501 ], [ 35.281780179342853, -2.242465685096501 ] ] ] } },
{ "type": "Feature", "properties": { "cell_id": 96, "elephant_count": 0.0, "inside_protected_area": false, "dist_to_settlement_km": 126.09889938145386, "dist_to_road_km": 116.45311767332518, "elephant_score": 0.0, "settlement_proximity_score": 0.2281089446832566, "road_proximity_score": 0.28470446627703538, "conflict_risk_score": 0.15384402328808761, "priority_zone": false, "nearest_settlement": "Kilgoris" }, "geometry": { "type": "Polygon", "coordinates": [ [ [ 35.281780179342853, -2.142465685096501 ], [ 35.281780179342853, -2.042465685096501 ], [ 35.181780179342852, -2.042465685096501 ], [ 35.181780179342852, -2.142465685096501 ], [ 35.281780179342853, -2.142465685096501 ] ] ] } },
{ "type": "Feature", "properties": { "cell_id": 97, "elephant_count": 0.0, "inside_protected_area": false, "dist_to_settlement_km": 115.64272836628869, "dist_to_road_km": 105.37765343903284, "elephant_score": 0.0, "settlement_proximity_score": 0.29310496056475865, "road_proximity_score": 0.35274629004550706, "conflict_risk_score": 0.19375537518307973, "priority_zone": false, "nearest_settlement": "Kilgoris" }, "geometry": { "type": "Polygon", "coordinates": [ [ [ 35.281780179342853, -2.042465685096501 ], [ 35.281780179342853, -1.942465685096501 ], [ 35.181780179342852, -1.942465685096501 ], [ 35.181780179342852, -2.042465685096501 ], [ 35.281780179342853, -2.042465685096501 ] ] ] } },
{ "type": "Feature", "properties": { "cell_id": 98, "elephant_count": 0.0, "inside_protected_area": false, "dist_to_settlement_km": 105.31841635148355, "dist_to_road_km": 94.302189204740515, "elephant_score": 0.0, "settlement_proximity_score": 0.35728133513883664, "road_proximity_score": 0.42078811381397863, "conflict_risk_score": 0.23342083468584457, "priority_zone": false, "nearest_settlement": "Kilgoris" }, "geometry": { "type": "Polygon", "coordinates": [ [ [ 35.281780179342853, -1.942465685096502 ], [ 35.281780179342853, -1.842465685096502 ], [ 35.181780179342852, -1.842465685096502 ], [ 35.181780179342852, -1.942465685096502 ], [ 35.281780179342853, -1.942465685096502 ] ] ] } },
{ "type": "Feature", "properties": { "cell_id": 99, "elephant_count": 6.0, "inside_protected_area": false, "dist_to_settlement_km": 95.168886835822832, "dist_to_road_km": 83.226724970448245, "elephant_score": 0.032085561497326207, "settlement_proximity_score": 0.42037125406163234, "road_proximity_score": 0.48882993758244986, "conflict_risk_score": 0.28559458209215516, "priority_zone": false, "nearest_settlement": "Kilgoris" }, "geometry": { "type": "Polygon", "coordinates": [ [ [ 35.281780179342853, -1.842465685096502 ], [ 35.281780179342853, -1.742465685096502 ], [ 35.181780179342852, -1.742465685096502 ], [ 35.181780179342852, -1.842465685096502 ], [ 35.281780179342853, -1.842465685096502 ] ] ] } },
{ "type": "Feature", "properties": { "cell_id": 100, "elephant_count": 6.0, "inside_protected_area": false, "dist_to_settlement_km": 85.256584615822192, "dist_to_road_km": 72.151260736155891, "elephant_score": 0.032085561497326207, "settlement_proximity_score": 0.48198655774966526, "road_proximity_score": 0.55687176135092153, "conflict_risk_score": 0.32449172032910656, "priority_zone": false, "nearest_settlement": "Kilgoris" }, "geometry": { "type": "Polygon", "coordinates": [ [ [ 35.281780179342853, -1.742465685096502 ], [ 35.281780179342853, -1.642465685096502 ], [ 35.181780179342852, -1.642465685096502 ], [ 35.181780179342852, -1.742465685096502 ], [ 35.281780179342853, -1.742465685096502 ] ] ] } },
{ "type": "Feature", "properties": { "cell_id": 101, "elephant_count": 57.0, "inside_protected_area": true, "dist_to_settlement_km": 75.674787209083419, "dist_to_road_km": 61.075796501863586, "elephant_score": 0.30481283422459893, "settlement_proximity_score": 0.54154742907803932, "road_proximity_score": 0.62491358511939299, "conflict_risk_score": 0.47186343794906926, "priority_zone": false, "nearest_settlement": "Kilgoris" }, "geometry": { "type": "Polygon", "coordinates": [ [ [ 35.281780179342853, -1.642465685096503 ], [ 35.281780179342853, -1.542465685096503 ], [ 35.181780179342852, -1.542465685096503 ], [ 35.181780179342852, -1.642465685096503 ], [ 35.281780179342853, -1.642465685096503 ] ] ] } },
{ "type": "Feature", "properties": { "cell_id": 102, "elephant_count": 69.0, "inside_protected_area": true, "dist_to_settlement_km": 66.566370022146018, "dist_to_road_km": 50.000332267571309, "elephant_score": 0.36898395721925131, "settlement_proximity_score": 0.59816574827719005, "road_proximity_score": 0.69295540888786422, "conflict_risk_score": 0.53492993003721678, "priority_zone": false, "nearest_settlement": "Kilgoris" }, "geometry": { "type": "Polygon", "coordinates": [ [ [ 35.281780179342853, -1.542465685096503 ], [ 35.281780179342853, -1.442465685096503 ], [ 35.181780179342852, -1.442465685096503 ], [ 35.181780179342852, -1.542465685096503 ], [ 35.281780179342853, -1.542465685096503 ] ] ] } },
{ "type": "Feature", "properties": { "cell_id": 103, "elephant_count": 32.0, "inside_protected_area": false, "dist_to_settlement_km": 58.154190018522826, "dist_to_road_km": 38.924868033278997, "elephant_score": 0.17112299465240641, "settlement_proximity_score": 0.65045622672485059, "road_proximity_score": 0.76099723265633568, "conflict_risk_score": 0.49188523567531839, "priority_zone": false, "nearest_settlement": "Kilgoris" }, "geometry": { "type": "Polygon", "coordinates": [ [ [ 35.281780179342853, -1.442465685096503 ], [ 35.281780179342853, -1.342465685096503 ], [ 35.181780179342852, -1.342465685096503 ], [ 35.181780179342852, -1.442465685096503 ], [ 35.281780179342853, -1.442465685096503 ] ] ] } },
{ "type": "Feature", "properties": { "cell_id": 104, "elephant_count": 16.0, "inside_protected_area": false, "dist_to_settlement_km": 50.785411443599244, "dist_to_road_km": 27.849403798986707, "elephant_score": 0.085561497326203204, "settlement_proximity_score": 0.69626087630339795, "road_proximity_score": 0.82903905642480713, "conflict_risk_score": 0.49181457874894274, "priority_zone": false, "nearest_settlement": "Kilgoris" }, "geometry": { "type": "Polygon", "coordinates": [ [ [ 35.281780179342853, -1.342465685096504 ], [ 35.281780179342853, -1.242465685096504 ], [ 35.181780179342852, -1.242465685096504 ], [ 35.181780179342852, -1.342465685096504 ], [ 35.281780179342853, -1.342465685096504 ] ] ] } },
{ "type": "Feature", "properties": { "cell_id": 105, "elephant_count": 9.0, "inside_protected_area": false, "dist_to_settlement_km": 44.975840339907563, "dist_to_road_km": 16.773939564694381, "elephant_score": 0.048128342245989303, "settlement_proximity_score": 0.7323734241158435, "road_proximity_score": 0.89708088019327858, "conflict_risk_score": 0.5080876281911324, "priority_zone": true, "nearest_settlement": "Kilgoris" }, "geometry": { "type": "Polygon", "coordinates": [ [ [ 35.281780179342853, -1.242465685096504 ], [ 35.281780179342853, -1.142465685096504 ], [ 35.181780179342852, -1.142465685096504 ], [ 35.181780179342852, -1.242465685096504 ], [ 35.281780179342853, -1.242465685096504 ] ] ] } },
{ "type": "Feature", "properties": { "cell_id": 106, "elephant_count": 8.0, "inside_protected_area": false, "dist_to_settlement_km": 41.387370212010957, "dist_to_road_km": 5.6984753304020961, "elephant_score": 0.042780748663101602, "settlement_proximity_score": 0.75467951121835819, "road_proximity_score": 0.96512270396174993, "conflict_risk_score": 0.53305296401927305, "priority_zone": true, "nearest_settlement": "Kilgoris" }, "geometry": { "type": "Polygon", "coordinates": [ [ [ 35.281780179342853, -1.142465685096504 ], [ 35.281780179342853, -1.042465685096504 ], [ 35.181780179342852, -1.042465685096504 ], [ 35.181780179342852, -1.142465685096504 ], [ 35.281780179342853, -1.142465685096504 ] ] ] } },
{ "type": "Feature", "properties": { "cell_id": 107, "elephant_count": 3.0, "inside_protected_area": false, "dist_to_settlement_km": 40.613084244504812, "dist_to_road_km": 5.3769889038902354, "elephant_score": 0.016042780748663103, "settlement_proximity_score": 0.75949250662249446, "road_proximity_score": 0.96709774738331122, "conflict_risk_score": 0.52439418850120689, "priority_zone": true, "nearest_settlement": "Kilgoris" }, "geometry": { "type": "Polygon", "coordinates": [ [ [ 35.281780179342853, -1.042465685096505 ], [ 35.281780179342853, -0.942465685096505 ], [ 35.181780179342852, -0.942465685096505 ], [ 35.181780179342852, -1.042465685096505 ], [ 35.281780179342853, -1.042465685096505 ] ] ] } },
{ "type": "Feature", "properties": { "cell_id": 108, "elephant_count": 0.0, "inside_protected_area": false, "dist_to_settlement_km": 42.80596699803003, "dist_to_road_km": 16.452453138182531, "elephant_score": 0.0, "settlement_proximity_score": 0.74586145161510409, "road_proximity_score": 0.89905592361483977, "conflict_risk_score": 0.49347521256898313, "priority_zone": false, "nearest_settlement": "Kilgoris" }, "geometry": { "type": "Polygon", "coordinates": [ [ [ 35.281780179342853, -0.942465685096505 ], [ 35.281780179342853, -0.842465685096505 ], [ 35.181780179342852, -0.842465685096505 ], [ 35.181780179342852, -0.942465685096505 ], [ 35.281780179342853, -0.942465685096505 ] ] ] } },
{ "type": "Feature", "properties": { "cell_id": 109, "elephant_count": 0.0, "inside_protected_area": false, "dist_to_settlement_km": 47.557323404725231, "dist_to_road_km": 27.52791737247485, "elephant_score": 0.0, "settlement_proximity_score": 0.71632681259472664, "road_proximity_score": 0.83101409984636831, "conflict_risk_score": 0.46420227373232847, "priority_zone": false, "nearest_settlement": "Kilgoris" }, "geometry": { "type": "Polygon", "coordinates": [ [ [ 35.281780179342853, -0.842465685096506 ], [ 35.281780179342853, -0.742465685096506 ], [ 35.181780179342852, -0.742465685096506 ], [ 35.181780179342852, -0.842465685096506 ], [ 35.281780179342853, -0.842465685096506 ] ] ] } },
{ "type": "Feature", "properties": { "cell_id": 110, "elephant_count": 0.0, "inside_protected_area": false, "dist_to_settlement_km": 136.6872826569826, "dist_to_road_km": 126.79095598961355, "elephant_score": 0.0, "settlement_proximity_score": 0.16229109161471389, "road_proximity_score": 0.22119422797154453, "conflict_risk_score": 0.11504559587587752, "priority_zone": false, "nearest_settlement": "Narok" }, "geometry": { "type": "Polygon", "coordinates": [ [ [ 35.381780179342854, -2.242465685096501 ], [ 35.381780179342854, -2.1424656850965 ], [ 35.281780179342853, -2.1424656850965 ], [ 35.281780179342853, -2.242465685096501 ], [ 35.381780179342854, -2.242465685096501 ] ] ] } },
{ "type": "Feature", "properties": { "cell_id": 111, "elephant_count": 0.0, "inside_protected_area": false, "dist_to_settlement_km": 126.78098106157351, "dist_to_road_km": 115.71549175532122, "elephant_score": 0.0, "settlement_proximity_score": 0.22386909515810638, "road_proximity_score": 0.2892360517400161, "conflict_risk_score": 0.15393154406943674, "priority_zone": false, "nearest_settlement": "Narok" }, "geometry": { "type": "Polygon", "coordinates": [ [ [ 35.381780179342854, -2.142465685096501 ], [ 35.381780179342854, -2.042465685096501 ], [ 35.281780179342853, -2.042465685096501 ], [ 35.281780179342853, -2.142465685096501 ], [ 35.381780179342854, -2.142465685096501 ] ] ] } },
{ "type": "Feature", "properties": { "cell_id": 112, "elephant_count": 0.0, "inside_protected_area": false, "dist_to_settlement_km": 117.08903056102338, "dist_to_road_km": 104.64002752102891, "elephant_score": 0.0, "settlement_proximity_score": 0.28411468293042308, "road_proximity_score": 0.35727787550848766, "conflict_risk_score": 0.19241776753167322, "priority_zone": false, "nearest_settlement": "Narok" }, "geometry": { "type": "Polygon", "coordinates": [ [ [ 35.381780179342854, -2.042465685096501 ], [ 35.381780179342854, -1.942465685096501 ], [ 35.281780179342853, -1.942465685096501 ], [ 35.281780179342853, -2.042465685096501 ], [ 35.381780179342854, -2.042465685096501 ] ] ] } },
{ "type": "Feature", "properties": { "cell_id": 113, "elephant_count": 0.0, "inside_protected_area": false, "dist_to_settlement_km": 107.66933173613307, "dist_to_road_km": 93.564563286736586, "elephant_score": 0.0, "settlement_proximity_score": 0.34266794239161269, "road_proximity_score": 0.42531969927695923, "conflict_risk_score": 0.23039629250057159, "priority_zone": false, "nearest_settlement": "Narok" }, "geometry": { "type": "Polygon", "coordinates": [ [ [ 35.381780179342854, -1.942465685096502 ], [ 35.381780179342854, -1.842465685096502 ], [ 35.281780179342853, -1.842465685096502 ], [ 35.281780179342853, -1.942465685096502 ], [ 35.381780179342854, -1.942465685096502 ] ] ] } },
{ "type": "Feature", "properties": { "cell_id": 114, "elephant_count": 4.0, "inside_protected_area": false, "dist_to_settlement_km": 98.59994378949051, "dist_to_road_km": 82.489099052444317, "elephant_score": 0.021390374331550801, "settlement_proximity_score": 0.39904365412782428, "road_proximity_score": 0.49336152304543035, "conflict_risk_score": 0.27627770288459669, "priority_zone": false, "nearest_settlement": "Narok" }, "geometry": { "type": "Polygon", "coordinates": [ [ [ 35.381780179342854, -1.842465685096502 ], [ 35.381780179342854, -1.742465685096502 ], [ 35.281780179342853, -1.742465685096502 ], [ 35.281780179342853, -1.842465685096502 ], [ 35.381780179342854, -1.842465685096502 ] ] ] } },
{ "type": "Feature", "properties": { "cell_id": 115, "elephant_count": 16.0, "inside_protected_area": false, "dist_to_settlement_km": 89.986848117243696, "dist_to_road_km": 71.413634818151976, "elephant_score": 0.085561497326203204, "settlement_proximity_score": 0.45258303315006065, "road_proximity_score": 0.56140334681390203, "conflict_risk_score": 0.33842051291967007, "priority_zone": false, "nearest_settlement": "Narok" }, "geometry": { "type": "Polygon", "coordinates": [ [ [ 35.381780179342854, -1.742465685096502 ], [ 35.381780179342854, -1.642465685096502 ], [ 35.281780179342853, -1.642465685096502 ], [ 35.281780179342853, -1.742465685096502 ], [ 35.381780179342854, -1.742465685096502 ] ] ] } },
{ "type": "Feature", "properties": { "cell_id": 116, "elephant_count": 24.0, "inside_protected_area": true, "dist_to_settlement_km": 81.974000468813841, "dist_to_road_km": 60.338170583859657, "elephant_score": 0.12834224598930483, "settlement_proximity_score": 0.50239124423020209, "road_proximity_score": 0.62944517058237359, "conflict_risk_score": 0.39088782283949464, "priority_zone": false, "nearest_settlement": "Narok" }, "geometry": { "type": "Polygon", "coordinates": [ [ [ 35.381780179342854, -1.642465685096503 ], [ 35.381780179342854, -1.542465685096503 ], [ 35.281780179342853, -1.542465685096503 ], [ 35.281780179342853, -1.642465685096503 ], [ 35.381780179342854, -1.642465685096503 ] ] ] } },
{ "type": "Feature", "properties": { "cell_id": 117, "elephant_count": 45.0, "inside_protected_area": false, "dist_to_settlement_km": 73.850674985825293, "dist_to_road_km": 49.262706349567374, "elephant_score": 0.24064171122994651, "settlement_proximity_score": 0.55288619035695996, "road_proximity_score": 0.69748699435084482, "conflict_risk_score": 0.47136863990431999, "priority_zone": false, "nearest_settlement": "Kilgoris" }, "geometry": { "type": "Polygon", "coordinates": [ [ [ 35.381780179342854, -1.542465685096503 ], [ 35.381780179342854, -1.442465685096503 ], [ 35.281780179342853, -1.442465685096503 ], [ 35.281780179342853, -1.542465685096503 ], [ 35.381780179342854, -1.542465685096503 ] ] ] } },
{ "type": "Feature", "properties": { "cell_id": 118, "elephant_count": 18.0, "inside_protected_area": false, "dist_to_settlement_km": 66.368293594510945, "dist_to_road_km": 38.187242115275062, "elephant_score": 0.096256684491978606, "settlement_proximity_score": 0.59939700000572893, "road_proximity_score": 0.76552881811931639, "conflict_risk_score": 0.44798041923430498, "priority_zone": false, "nearest_settlement": "Kilgoris" }, "geometry": { "type": "Polygon", "coordinates": [ [ [ 35.381780179342854, -1.442465685096503 ], [ 35.381780179342854, -1.342465685096503 ], [ 35.281780179342853, -1.342465685096503 ], [ 35.281780179342853, -1.442465685096503 ], [ 35.381780179342854, -1.442465685096503 ] ] ] } },
{ "type": "Feature", "properties": { "cell_id": 119, "elephant_count": 9.0, "inside_protected_area": false, "dist_to_settlement_km": 60.016652634351431, "dist_to_road_km": 27.111777880982778, "elephant_score": 0.048128342245989303, "settlement_proximity_score": 0.63887907773010566, "road_proximity_score": 0.83357064188778762, "conflict_risk_score": 0.46098625278376371, "priority_zone": false, "nearest_settlement": "Kilgoris" }, "geometry": { "type": "Polygon", "coordinates": [ [ [ 35.381780179342854, -1.342465685096504 ], [ 35.381780179342854, -1.242465685096504 ], [ 35.281780179342853, -1.242465685096504 ], [ 35.281780179342853, -1.342465685096504 ], [ 35.381780179342854, -1.342465685096504 ] ] ] } },
{ "type": "Feature", "properties": { "cell_id": 120, "elephant_count": 4.0, "inside_protected_area": false, "dist_to_settlement_km": 55.187560121983999, "dist_to_road_km": 16.036313646690445, "elephant_score": 0.021390374331550801, "settlement_proximity_score": 0.66889692777978926, "road_proximity_score": 0.9016124656562593, "conflict_risk_score": 0.47970896776343486, "priority_zone": false, "nearest_settlement": "Kilgoris" }, "geometry": { "type": "Polygon", "coordinates": [ [ [ 35.381780179342854, -1.242465685096504 ], [ 35.381780179342854, -1.142465685096504 ], [ 35.281780179342853, -1.142465685096504 ], [ 35.281780179342853, -1.242465685096504 ], [ 35.381780179342854, -1.242465685096504 ] ] ] } },
{ "type": "Feature", "properties": { "cell_id": 121, "elephant_count": 5.0, "inside_protected_area": false, "dist_to_settlement_km": 52.304445231765854, "dist_to_road_km": 4.9608494123981624, "elephant_score": 0.026737967914438502, "settlement_proximity_score": 0.68681849590649935, "road_proximity_score": 0.96965428942473053, "conflict_risk_score": 0.50763702276514433, "priority_zone": true, "nearest_settlement": "Kilgoris" }, "geometry": { "type": "Polygon", "coordinates": [ [ [ 35.381780179342854, -1.142465685096504 ], [ 35.381780179342854, -1.042465685096504 ], [ 35.281780179342853, -1.042465685096504 ], [ 35.281780179342853, -1.142465685096504 ], [ 35.381780179342854, -1.142465685096504 ] ] ] } },
{ "type": "Feature", "properties": { "cell_id": 122, "elephant_count": 1.0, "inside_protected_area": false, "dist_to_settlement_km": 51.693937650250504, "dist_to_road_km": 6.1146148218941692, "elephant_score": 0.0053475935828877002, "settlement_proximity_score": 0.69061343770750838, "road_proximity_score": 0.96256616192033062, "conflict_risk_score": 0.49809291732150673, "priority_zone": false, "nearest_settlement": "Kilgoris" }, "geometry": { "type": "Polygon", "coordinates": [ [ [ 35.381780179342854, -1.042465685096505 ], [ 35.381780179342854, -0.942465685096505 ], [ 35.281780179342853, -0.942465685096505 ], [ 35.281780179342853, -1.042465685096505 ], [ 35.381780179342854, -1.042465685096505 ] ] ] } },
{ "type": "Feature", "properties": { "cell_id": 123, "elephant_count": 0.0, "inside_protected_area": false, "dist_to_settlement_km": 53.433990947459442, "dist_to_road_km": 17.190079056186466, "elephant_score": 0.0, "settlement_proximity_score": 0.6797971903856137, "road_proximity_score": 0.89452433815185917, "conflict_risk_score": 0.47229645856124186, "priority_zone": false, "nearest_settlement": "Kilgoris" }, "geometry": { "type": "Polygon", "coordinates": [ [ [ 35.381780179342854, -0.942465685096505 ], [ 35.381780179342854, -0.842465685096505 ], [ 35.281780179342853, -0.842465685096505 ], [ 35.281780179342853, -0.942465685096505 ], [ 35.381780179342854, -0.942465685096505 ] ] ] } },
{ "type": "Feature", "properties": { "cell_id": 124, "elephant_count": 0.0, "inside_protected_area": false, "dist_to_settlement_km": 132.24399350475838, "dist_to_road_km": 126.05333007160969, "elephant_score": 0.0, "settlement_proximity_score": 0.18991077112121901, "road_proximity_score": 0.22572581343452469, "conflict_risk_score": 0.12469097536672311, "priority_zone": false, "nearest_settlement": "Narok" }, "geometry": { "type": "Polygon", "coordinates": [ [ [ 35.481780179342856, -2.242465685096501 ], [ 35.481780179342856, -2.1424656850965 ], [ 35.381780179342854, -2.1424656850965 ], [ 35.381780179342854, -2.242465685096501 ], [ 35.481780179342856, -2.242465685096501 ] ] ] } },
{ "type": "Feature", "properties": { "cell_id": 125, "elephant_count": 0.0, "inside_protected_area": false, "dist_to_settlement_km": 121.97736567442251, "dist_to_road_km": 114.9778658373174, "elephant_score": 0.0, "settlement_proximity_score": 0.25372857828429751, "road_proximity_score": 0.29376763720299615, "conflict_risk_score": 0.1642488646461881, "priority_zone": false, "nearest_settlement": "Narok" }, "geometry": { "type": "Polygon", "coordinates": [ [ [ 35.481780179342856, -2.142465685096501 ], [ 35.481780179342856, -2.042465685096501 ], [ 35.381780179342854, -2.042465685096501 ], [ 35.381780179342854, -2.142465685096501 ], [ 35.481780179342856, -2.142465685096501 ] ] ] } },
{ "type": "Feature", "properties": { "cell_id": 126, "elephant_count": 0.0, "inside_protected_area": false, "dist_to_settlement_km": 111.87002125528088, "dist_to_road_km": 103.90240160302508, "elephant_score": 0.0, "settlement_proximity_score": 0.31655627280397858, "road_proximity_score": 0.3618094609714676, "conflict_risk_score": 0.20350972013263385, "priority_zone": false, "nearest_settlement": "Narok" }, "geometry": { "type": "Polygon", "coordinates": [ [ [ 35.481780179342856, -2.042465685096501 ], [ 35.481780179342856, -1.942465685096501 ], [ 35.381780179342854, -1.942465685096501 ], [ 35.381780179342854, -2.042465685096501 ], [ 35.481780179342856, -2.042465685096501 ] ] ] } },
{ "type": "Feature", "properties": { "cell_id": 127, "elephant_count": 0.0, "inside_protected_area": false, "dist_to_settlement_km": 101.96933644210009, "dist_to_road_km": 92.826937368732757, "elephant_score": 0.0, "settlement_proximity_score": 0.37809936218363127, "road_proximity_score": 0.42985128473993917, "conflict_risk_score": 0.2423851940770711, "priority_zone": false, "nearest_settlement": "Narok" }, "geometry": { "type": "Polygon", "coordinates": [ [ [ 35.481780179342856, -1.942465685096502 ], [ 35.481780179342856, -1.842465685096502 ], [ 35.381780179342854, -1.842465685096502 ], [ 35.381780179342854, -1.942465685096502 ], [ 35.481780179342856, -1.942465685096502 ] ] ] } },
{ "type": "Feature", "properties": { "cell_id": 128, "elephant_count": 3.0, "inside_protected_area": false, "dist_to_settlement_km": 92.341807937831788, "dist_to_road_km": 81.751473134440474, "elephant_score": 0.016042780748663103, "settlement_proximity_score": 0.43794450001233298, "road_proximity_score": 0.4978931085084104, "conflict_risk_score": 0.28716839485568824, "priority_zone": false, "nearest_settlement": "Narok" }, "geometry": { "type": "Polygon", "coordinates": [ [ [ 35.481780179342856, -1.842465685096502 ], [ 35.481780179342856, -1.742465685096502 ], [ 35.381780179342854, -1.742465685096502 ], [ 35.381780179342854, -1.842465685096502 ], [ 35.481780179342856, -1.842465685096502 ] ] ] } },
{ "type": "Feature", "properties": { "cell_id": 129, "elephant_count": 2.0, "inside_protected_area": false, "dist_to_settlement_km": 83.082449482502696, "dist_to_road_km": 70.676008900148133, "elephant_score": 0.0106951871657754, "settlement_proximity_score": 0.4955010767307354, "road_proximity_score": 0.56593493227688207, "conflict_risk_score": 0.3227088775685954, "priority_zone": false, "nearest_settlement": "Narok" }, "geometry": { "type": "Polygon", "coordinates": [ [ [ 35.481780179342856, -1.742465685096502 ], [ 35.481780179342856, -1.642465685096502 ], [ 35.381780179342854, -1.642465685096502 ], [ 35.381780179342854, -1.742465685096502 ], [ 35.481780179342856, -1.742465685096502 ] ] ] } },
{ "type": "Feature", "properties": { "cell_id": 130, "elephant_count": 5.0, "inside_protected_area": false, "dist_to_settlement_km": 74.328980423505186, "dist_to_road_km": 59.600544665855814, "elephant_score": 0.026737967914438502, "settlement_proximity_score": 0.54991302285821098, "road_proximity_score": 0.63397675604535364, "conflict_risk_score": 0.36586212083684477, "priority_zone": false, "nearest_settlement": "Narok" }, "geometry": { "type": "Polygon", "coordinates": [ [ [ 35.481780179342856, -1.642465685096503 ], [ 35.481780179342856, -1.542465685096503 ], [ 35.381780179342854, -1.542465685096503 ], [ 35.381780179342854, -1.642465685096503 ], [ 35.481780179342856, -1.642465685096503 ] ] ] } },
{ "type": "Feature", "properties": { "cell_id": 131, "elephant_count": 7.0, "inside_protected_area": false, "dist_to_settlement_km": 66.282133713264102, "dist_to_road_km": 48.525080431563531, "elephant_score": 0.037433155080213901, "settlement_proximity_score": 0.59993257359205865, "road_proximity_score": 0.70201857981382498, "conflict_risk_score": 0.40555860805385069, "priority_zone": false, "nearest_settlement": "Narok" }, "geometry": { "type": "Polygon", "coordinates": [ [ [ 35.481780179342856, -1.542465685096503 ], [ 35.481780179342856, -1.442465685096503 ], [ 35.381780179342854, -1.442465685096503 ], [ 35.381780179342854, -1.542465685096503 ], [ 35.481780179342856, -1.542465685096503 ] ] ] } },
{ "type": "Feature", "properties": { "cell_id": 132, "elephant_count": 4.0, "inside_protected_area": false, "dist_to_settlement_km": 59.230610062434963, "dist_to_road_km": 37.449616197271226, "elephant_score": 0.021390374331550801, "settlement_proximity_score": 0.64376515270092638, "road_proximity_score": 0.77006040358229633, "conflict_risk_score": 0.43270381661758711, "priority_zone": false, "nearest_settlement": "Narok" }, "geometry": { "type": "Polygon", "coordinates": [ [ [ 35.481780179342856, -1.442465685096503 ], [ 35.481780179342856, -1.342465685096503 ], [ 35.381780179342854, -1.342465685096503 ], [ 35.381780179342854, -1.442465685096503 ], [ 35.481780179342856, -1.442465685096503 ] ] ] } },
{ "type": "Feature", "properties": { "cell_id": 133, "elephant_count": 8.0, "inside_protected_area": false, "dist_to_settlement_km": 53.568919040367241, "dist_to_road_km": 26.374151962978953, "elephant_score": 0.042780748663101602, "settlement_proximity_score": 0.67895847146481791, "road_proximity_score": 0.83810222735076756, "conflict_risk_score": 0.47223050910991626, "priority_zone": false, "nearest_settlement": "Narok" }, "geometry": { "type": "Polygon", "coordinates": [ [ [ 35.481780179342856, -1.342465685096504 ], [ 35.481780179342856, -1.242465685096504 ], [ 35.381780179342854, -1.242465685096504 ], [ 35.381780179342854, -1.342465685096504 ], [ 35.481780179342856, -1.342465685096504 ] ] ] } },
{ "type": "Feature", "properties": { "cell_id": 134, "elephant_count": 3.0, "inside_protected_area": false, "dist_to_settlement_km": 49.77361756933702, "dist_to_road_km": 15.298687728686618, "elephant_score": 0.016042780748663103, "settlement_proximity_score": 0.70255023123313032, "road_proximity_score": 0.90614405111923924, "conflict_risk_score": 0.48902539700517611, "priority_zone": false, "nearest_settlement": "Narok" }, "geometry": { "type": "Polygon", "coordinates": [ [ [ 35.481780179342856, -1.242465685096504 ], [ 35.481780179342856, -1.142465685096504 ], [ 35.381780179342854, -1.142465685096504 ], [ 35.381780179342854, -1.242465685096504 ], [ 35.481780179342856, -1.242465685096504 ] ] ] } },
{ "type": "Feature", "properties": { "cell_id": 135, "elephant_count": 2.0, "inside_protected_area": false, "dist_to_settlement_km": 48.286819368475804, "dist_to_road_km": 4.2232234943943343, "elephant_score": 0.0106951871657754, "settlement_proximity_score": 0.71179223381090062, "road_proximity_score": 0.97418587488771047, "conflict_risk_score": 0.51007150747589347, "priority_zone": true, "nearest_settlement": "Narok" }, "geometry": { "type": "Polygon", "coordinates": [ [ [ 35.481780179342856, -1.142465685096504 ], [ 35.481780179342856, -1.042465685096504 ], [ 35.381780179342854, -1.042465685096504 ], [ 35.381780179342854, -1.142465685096504 ], [ 35.481780179342856, -1.142465685096504 ] ] ] } },
{ "type": "Feature", "properties": { "cell_id": 136, "elephant_count": 0.0, "inside_protected_area": false, "dist_to_settlement_km": 49.317753836817488, "dist_to_road_km": 6.8522407398980505, "elephant_score": 0.0, "settlement_proximity_score": 0.70538390011207919, "road_proximity_score": 0.95803457645735035, "conflict_risk_score": 0.49902554297082891, "priority_zone": false, "nearest_settlement": "Narok" }, "geometry": { "type": "Polygon", "coordinates": [ [ [ 35.481780179342856, -1.042465685096505 ], [ 35.481780179342856, -0.942465685096505 ], [ 35.381780179342854, -0.942465685096505 ], [ 35.381780179342854, -1.042465685096505 ], [ 35.481780179342856, -1.042465685096505 ] ] ] } },
{ "type": "Feature", "properties": { "cell_id": 137, "elephant_count": 0.0, "inside_protected_area": false, "dist_to_settlement_km": 118.02524439630884, "dist_to_road_km": 114.24023991931352, "elephant_score": 0.0, "settlement_proximity_score": 0.27829513682521489, "road_proximity_score": 0.2982992226659763, "conflict_risk_score": 0.17297830784735735, "priority_zone": false, "nearest_settlement": "Narok" }, "geometry": { "type": "Polygon", "coordinates": [ [ [ 35.581780179342857, -2.142465685096501 ], [ 35.581780179342857, -2.042465685096501 ], [ 35.481780179342856, -2.042465685096501 ], [ 35.481780179342856, -2.142465685096501 ], [ 35.581780179342857, -2.142465685096501 ] ] ] } },
{ "type": "Feature", "properties": { "cell_id": 138, "elephant_count": 0.0, "inside_protected_area": false, "dist_to_settlement_km": 107.54711634252976, "dist_to_road_km": 103.1647756850212, "elephant_score": 0.0, "settlement_proximity_score": 0.34342763861808834, "road_proximity_score": 0.36634104643444787, "conflict_risk_score": 0.21293060551576085, "priority_zone": false, "nearest_settlement": "Narok" }, "geometry": { "type": "Polygon", "coordinates": [ [ [ 35.581780179342857, -2.042465685096501 ], [ 35.581780179342857, -1.942465685096501 ], [ 35.481780179342856, -1.942465685096501 ], [ 35.481780179342856, -2.042465685096501 ], [ 35.581780179342857, -2.042465685096501 ] ] ] } },
{ "type": "Feature", "properties": { "cell_id": 139, "elephant_count": 0.0, "inside_protected_area": false, "dist_to_settlement_km": 97.20713015195355, "dist_to_road_km": 92.089311450728857, "elephant_score": 0.0, "settlement_proximity_score": 0.40770144455359569, "road_proximity_score": 0.43438287020291955, "conflict_risk_score": 0.25262529442695458, "priority_zone": false, "nearest_settlement": "Narok" }, "geometry": { "type": "Polygon", "coordinates": [ [ [ 35.581780179342857, -1.942465685096502 ], [ 35.581780179342857, -1.842465685096502 ], [ 35.481780179342856, -1.842465685096502 ], [ 35.481780179342856, -1.942465685096502 ], [ 35.581780179342857, -1.942465685096502 ] ] ] } },
{ "type": "Feature", "properties": { "cell_id": 140, "elephant_count": 0.0, "inside_protected_area": false, "dist_to_settlement_km": 87.05452355371348, "dist_to_road_km": 81.013847216436602, "elephant_score": 0.0, "settlement_proximity_score": 0.47081049075614856, "road_proximity_score": 0.50242469397139067, "conflict_risk_score": 0.29197055541826178, "priority_zone": false, "nearest_settlement": "Narok" }, "geometry": { "type": "Polygon", "coordinates": [ [ [ 35.581780179342857, -1.842465685096502 ], [ 35.581780179342857, -1.742465685096502 ], [ 35.481780179342856, -1.742465685096502 ], [ 35.481780179342856, -1.842465685096502 ], [ 35.581780179342857, -1.842465685096502 ] ] ] } },
{ "type": "Feature", "properties": { "cell_id": 141, "elephant_count": 0.0, "inside_protected_area": false, "dist_to_settlement_km": 77.163294317630402, "dist_to_road_km": 69.938382982144248, "elephant_score": 0.0, "settlement_proximity_score": 0.53229480385542871, "road_proximity_score": 0.57046651773986246, "conflict_risk_score": 0.33082839647858731, "priority_zone": false, "nearest_settlement": "Narok" }, "geometry": { "type": "Polygon", "coordinates": [ [ [ 35.581780179342857, -1.742465685096502 ], [ 35.581780179342857, -1.642465685096502 ], [ 35.481780179342856, -1.642465685096502 ], [ 35.481780179342856, -1.742465685096502 ], [ 35.581780179342857, -1.742465685096502 ] ] ] } },
{ "type": "Feature", "properties": { "cell_id": 142, "elephant_count": 1.0, "inside_protected_area": false, "dist_to_settlement_km": 67.648192205959631, "dist_to_road_km": 58.862918747851943, "elephant_score": 0.0053475935828877002, "settlement_proximity_score": 0.59144109431560798, "road_proximity_score": 0.63850834150833391, "conflict_risk_score": 0.3711238681803376, "priority_zone": false, "nearest_settlement": "Narok" }, "geometry": { "type": "Polygon", "coordinates": [ [ [ 35.581780179342857, -1.642465685096503 ], [ 35.581780179342857, -1.542465685096503 ], [ 35.481780179342856, -1.542465685096503 ], [ 35.481780179342856, -1.642465685096503 ], [ 35.581780179342857, -1.642465685096503 ] ] ] } },
{ "type": "Feature", "properties": { "cell_id": 143, "elephant_count": 2.0, "inside_protected_area": false, "dist_to_settlement_km": 58.692434159094638, "dist_to_road_km": 47.787454513559666, "elephant_score": 0.0106951871657754, "settlement_proximity_score": 0.64711047763008223, "road_proximity_score": 0.70655016527680514, "conflict_risk_score": 0.41037626773837638, "priority_zone": false, "nearest_settlement": "Narok" }, "geometry": { "type": "Polygon", "coordinates": [ [ [ 35.581780179342857, -1.542465685096503 ], [ 35.581780179342857, -1.442465685096503 ], [ 35.481780179342856, -1.442465685096503 ], [ 35.481780179342856, -1.542465685096503 ], [ 35.581780179342857, -1.542465685096503 ] ] ] } },
{ "type": "Feature", "properties": { "cell_id": 144, "elephant_count": 1.0, "inside_protected_area": false, "dist_to_settlement_km": 50.593929935367342, "dist_to_road_km": 36.711990279267361, "elephant_score": 0.0053475935828877002, "settlement_proximity_score": 0.69745113372478129, "road_proximity_score": 0.7745919890452766, "conflict_risk_score": 0.44375197426417246, "priority_zone": false, "nearest_settlement": "Narok" }, "geometry": { "type": "Polygon", "coordinates": [ [ [ 35.581780179342857, -1.442465685096503 ], [ 35.581780179342857, -1.342465685096503 ], [ 35.481780179342856, -1.342465685096503 ], [ 35.481780179342856, -1.442465685096503 ], [ 35.581780179342857, -1.442465685096503 ] ] ] } },
{ "type": "Feature", "properties": { "cell_id": 145, "elephant_count": 2.0, "inside_protected_area": false, "dist_to_settlement_km": 43.830465033924277, "dist_to_road_km": 25.636526044975067, "elephant_score": 0.0106951871657754, "settlement_proximity_score": 0.73949312706159664, "road_proximity_score": 0.84263381281374794, "conflict_risk_score": 0.47891615682891353, "priority_zone": false, "nearest_settlement": "Narok" }, "geometry": { "type": "Polygon", "coordinates": [ [ [ 35.581780179342857, -1.342465685096504 ], [ 35.581780179342857, -1.242465685096504 ], [ 35.481780179342856, -1.242465685096504 ], [ 35.481780179342856, -1.342465685096504 ], [ 35.581780179342857, -1.342465685096504 ] ] ] } },
{ "type": "Feature", "properties": { "cell_id": 146, "elephant_count": 1.0, "inside_protected_area": false, "dist_to_settlement_km": 39.1010688329009, "dist_to_road_km": 14.561061810682737, "elephant_score": 0.0053475935828877002, "settlement_proximity_score": 0.76889126048403234, "road_proximity_score": 0.91067563658221951, "conflict_risk_score": 0.50600910655303055, "priority_zone": true, "nearest_settlement": "Narok" }, "geometry": { "type": "Polygon", "coordinates": [ [ [ 35.581780179342857, -1.242465685096504 ], [ 35.581780179342857, -1.142465685096504 ], [ 35.481780179342856, -1.142465685096504 ], [ 35.481780179342856, -1.242465685096504 ], [ 35.581780179342857, -1.242465685096504 ] ] ] } },
{ "type": "Feature", "properties": { "cell_id": 147, "elephant_count": 0.0, "inside_protected_area": false, "dist_to_settlement_km": 37.190018858027599, "dist_to_road_km": 3.4855975763904539, "elephant_score": 0.0, "settlement_proximity_score": 0.78077043062547891, "road_proximity_score": 0.97871746035069074, "conflict_risk_score": 0.52784636729285084, "priority_zone": true, "nearest_settlement": "Narok" }, "geometry": { "type": "Polygon", "coordinates": [ [ [ 35.581780179342857, -1.142465685096504 ], [ 35.581780179342857, -1.042465685096504 ], [ 35.481780179342856, -1.042465685096504 ], [ 35.481780179342856, -1.142465685096504 ], [ 35.581780179342857, -1.142465685096504 ] ] ] } },
{ "type": "Feature", "properties": { "cell_id": 148, "elephant_count": 0.0, "inside_protected_area": false, "dist_to_settlement_km": 115.01242929677242, "dist_to_road_km": 113.50261400130964, "elephant_score": 0.0, "settlement_proximity_score": 0.29702292711991141, "road_proximity_score": 0.30283080812895669, "conflict_risk_score": 0.17995612057466043, "priority_zone": false, "nearest_settlement": "Narok" }, "geometry": { "type": "Polygon", "coordinates": [ [ [ 35.681780179342859, -2.142465685096501 ], [ 35.681780179342859, -2.042465685096501 ], [ 35.581780179342857, -2.042465685096501 ], [ 35.581780179342857, -2.142465685096501 ], [ 35.681780179342859, -2.142465685096501 ] ] ] } },
{ "type": "Feature", "properties": { "cell_id": 149, "elephant_count": 0.0, "inside_protected_area": false, "dist_to_settlement_km": 104.23187042133648, "dist_to_road_km": 102.42714976701731, "elephant_score": 0.0, "settlement_proximity_score": 0.3640353521140175, "road_proximity_score": 0.37087263189742825, "conflict_risk_score": 0.2204723952034337, "priority_zone": false, "nearest_settlement": "Narok" }, "geometry": { "type": "Polygon", "coordinates": [ [ [ 35.681780179342859, -2.042465685096501 ], [ 35.681780179342859, -1.942465685096501 ], [ 35.581780179342857, -1.942465685096501 ], [ 35.581780179342857, -2.042465685096501 ], [ 35.681780179342859, -2.042465685096501 ] ] ] } },
{ "type": "Feature", "properties": { "cell_id": 150, "elephant_count": 0.0, "inside_protected_area": false, "dist_to_settlement_km": 93.526075135843726, "dist_to_road_km": 91.351685532724971, "elephant_score": 0.0, "settlement_proximity_score": 0.43058304336646447, "road_proximity_score": 0.43891445566589982, "conflict_risk_score": 0.26084924970970924, "priority_zone": false, "nearest_settlement": "Narok" }, "geometry": { "type": "Polygon", "coordinates": [ [ [ 35.681780179342859, -1.942465685096502 ], [ 35.681780179342859, -1.842465685096502 ], [ 35.581780179342857, -1.842465685096502 ], [ 35.581780179342857, -1.942465685096502 ], [ 35.681780179342859, -1.942465685096502 ] ] ] } },
{ "type": "Feature", "properties": { "cell_id": 151, "elephant_count": 0.0, "inside_protected_area": false, "dist_to_settlement_km": 82.924005264463091, "dist_to_road_km": 80.276221298432731, "elephant_score": 0.0, "settlement_proximity_score": 0.4964859729128176, "road_proximity_score": 0.50695627943437094, "conflict_risk_score": 0.30103267570415654, "priority_zone": false, "nearest_settlement": "Narok" }, "geometry": { "type": "Polygon", "coordinates": [ [ [ 35.681780179342859, -1.842465685096502 ], [ 35.681780179342859, -1.742465685096502 ], [ 35.581780179342857, -1.742465685096502 ], [ 35.581780179342857, -1.842465685096502 ], [ 35.681780179342859, -1.842465685096502 ] ] ] } },
{ "type": "Feature", "properties": { "cell_id": 152, "elephant_count": 1.0, "inside_protected_area": false, "dist_to_settlement_km": 72.471198195461753, "dist_to_road_km": 69.200757064140362, "elephant_score": 0.0053475935828877002, "settlement_proximity_score": 0.56146107835798764, "road_proximity_score": 0.57499810320284273, "conflict_risk_score": 0.34307679190140417, "priority_zone": false, "nearest_settlement": "Narok" }, "geometry": { "type": "Polygon", "coordinates": [ [ [ 35.681780179342859, -1.742465685096502 ], [ 35.681780179342859, -1.642465685096502 ], [ 35.581780179342857, -1.642465685096502 ], [ 35.581780179342857, -1.742465685096502 ], [ 35.681780179342859, -1.742465685096502 ] ] ] } },
{ "type": "Feature", "properties": { "cell_id": 153, "elephant_count": 0.0, "inside_protected_area": false, "dist_to_settlement_km": 62.242899086330333, "dist_to_road_km": 58.125292829848064, "elephant_score": 0.0, "settlement_proximity_score": 0.62504063251539987, "road_proximity_score": 0.64303992697131407, "conflict_risk_score": 0.38042416784601418, "priority_zone": false, "nearest_settlement": "Narok" }, "geometry": { "type": "Polygon", "coordinates": [ [ [ 35.681780179342859, -1.642465685096503 ], [ 35.681780179342859, -1.542465685096503 ], [ 35.581780179342857, -1.542465685096503 ], [ 35.581780179342857, -1.642465685096503 ], [ 35.681780179342859, -1.642465685096503 ] ] ] } },
{ "type": "Feature", "properties": { "cell_id": 154, "elephant_count": 0.0, "inside_protected_area": false, "dist_to_settlement_km": 52.370816352777112, "dist_to_road_km": 47.04982859555578, "elephant_score": 0.0, "settlement_proximity_score": 0.68640593011840501, "road_proximity_score": 0.71108175073978541, "conflict_risk_score": 0.41924630425745713, "priority_zone": false, "nearest_settlement": "Narok" }, "geometry": { "type": "Polygon", "coordinates": [ [ [ 35.681780179342859, -1.542465685096503 ], [ 35.681780179342859, -1.442465685096503 ], [ 35.581780179342857, -1.442465685096503 ], [ 35.581780179342857, -1.542465685096503 ], [ 35.681780179342859, -1.542465685096503 ] ] ] } },
{ "type": "Feature", "properties": { "cell_id": 155, "elephant_count": 1.0, "inside_protected_area": false, "dist_to_settlement_km": 43.100421392853065, "dist_to_road_km": 35.974364361263468, "elephant_score": 0.0053475935828877002, "settlement_proximity_score": 0.74403111023157686, "road_proximity_score": 0.77912357450825687, "conflict_risk_score": 0.45908544285510516, "priority_zone": false, "nearest_settlement": "Narok" }, "geometry": { "type": "Polygon", "coordinates": [ [ [ 35.681780179342859, -1.442465685096503 ], [ 35.681780179342859, -1.342465685096503 ], [ 35.581780179342857, -1.342465685096503 ], [ 35.581780179342857, -1.442465685096503 ], [ 35.681780179342859, -1.442465685096503 ] ] ] } },
{ "type": "Feature", "properties": { "cell_id": 156, "elephant_count": 2.0, "inside_protected_area": false, "dist_to_settlement_km": 34.914327188515387, "dist_to_road_km": 24.898900126971188, "elephant_score": 0.0106951871657754, "settlement_proximity_score": 0.79491622947273322, "road_proximity_score": 0.84716539827672821, "conflict_risk_score": 0.49690256319114856, "priority_zone": false, "nearest_settlement": "Narok" }, "geometry": { "type": "Polygon", "coordinates": [ [ [ 35.681780179342859, -1.342465685096504 ], [ 35.681780179342859, -1.242465685096504 ], [ 35.581780179342857, -1.242465685096504 ], [ 35.581780179342857, -1.342465685096504 ], [ 35.681780179342859, -1.342465685096504 ] ] ] } },
{ "type": "Feature", "properties": { "cell_id": 157, "elephant_count": 2.0, "inside_protected_area": false, "dist_to_settlement_km": 28.75402861881966, "dist_to_road_km": 13.823435892678857, "elephant_score": 0.0106951871657754, "settlement_proximity_score": 0.83320891453785151, "road_proximity_score": 0.91520722204519978, "conflict_risk_score": 0.52880291584122552, "priority_zone": true, "nearest_settlement": "Narok" }, "geometry": { "type": "Polygon", "coordinates": [ [ [ 35.681780179342859, -1.242465685096504 ], [ 35.681780179342859, -1.142465685096504 ], [ 35.581780179342857, -1.142465685096504 ], [ 35.581780179342857, -1.242465685096504 ], [ 35.681780179342859, -1.242465685096504 ] ] ] } },
{ "type": "Feature", "properties": { "cell_id": 158, "elephant_count": 0.0, "inside_protected_area": false, "dist_to_settlement_km": 102.02256313907679, "dist_to_road_km": 101.68952384901338, "elephant_score": 0.0, "settlement_proximity_score": 0.37776850270964213, "road_proximity_score": 0.37540421736040874, "conflict_risk_score": 0.22595181602101524, "priority_zone": false, "nearest_settlement": "Narok" }, "geometry": { "type": "Polygon", "coordinates": [ [ [ 35.78178017934286, -2.042465685096501 ], [ 35.78178017934286, -1.942465685096501 ], [ 35.681780179342859, -1.942465685096501 ], [ 35.681780179342859, -2.042465685096501 ], [ 35.78178017934286, -2.042465685096501 ] ] ] } },
{ "type": "Feature", "properties": { "cell_id": 159, "elephant_count": 0.0, "inside_protected_area": false, "dist_to_settlement_km": 91.057384699167116, "dist_to_road_km": 90.614059614721057, "elephant_score": 0.0, "settlement_proximity_score": 0.44592853098291874, "road_proximity_score": 0.44344604112888031, "conflict_risk_score": 0.26681237163353971, "priority_zone": false, "nearest_settlement": "Narok" }, "geometry": { "type": "Polygon", "coordinates": [ [ [ 35.78178017934286, -1.942465685096502 ], [ 35.78178017934286, -1.842465685096502 ], [ 35.681780179342859, -1.842465685096502 ], [ 35.681780179342859, -1.942465685096502 ], [ 35.78178017934286, -1.942465685096502 ] ] ] } },
{ "type": "Feature", "properties": { "cell_id": 160, "elephant_count": 0.0, "inside_protected_area": false, "dist_to_settlement_km": 80.129340612770122, "dist_to_road_km": 79.538595380428802, "elephant_score": 0.0, "settlement_proximity_score": 0.51385773049228556, "road_proximity_score": 0.51148786489735154, "conflict_risk_score": 0.30760367861689109, "priority_zone": false, "nearest_settlement": "Narok" }, "geometry": { "type": "Polygon", "coordinates": [ [ [ 35.78178017934286, -1.842465685096502 ], [ 35.78178017934286, -1.742465685096502 ], [ 35.681780179342859, -1.742465685096502 ], [ 35.681780179342859, -1.842465685096502 ], [ 35.78178017934286, -1.842465685096502 ] ] ] } },
{ "type": "Feature", "properties": { "cell_id": 161, "elephant_count": 0.0, "inside_protected_area": false, "dist_to_settlement_km": 69.256011622259393, "dist_to_road_km": 68.463131146136419, "elephant_score": 0.0, "settlement_proximity_score": 0.58144681857501013, "road_proximity_score": 0.57952968866582344, "conflict_risk_score": 0.34829295217225009, "priority_zone": false, "nearest_settlement": "Narok" }, "geometry": { "type": "Polygon", "coordinates": [ [ [ 35.78178017934286, -1.742465685096502 ], [ 35.78178017934286, -1.642465685096502 ], [ 35.681780179342859, -1.642465685096502 ], [ 35.681780179342859, -1.742465685096502 ], [ 35.78178017934286, -1.742465685096502 ] ] ] } },
{ "type": "Feature", "properties": { "cell_id": 162, "elephant_count": 0.0, "inside_protected_area": false, "dist_to_settlement_km": 58.46793193373383, "dist_to_road_km": 57.387666911844121, "elephant_score": 0.0, "settlement_proximity_score": 0.64850599327188085, "road_proximity_score": 0.64757151243429478, "conflict_risk_score": 0.38882325171185267, "priority_zone": false, "nearest_settlement": "Narok" }, "geometry": { "type": "Polygon", "coordinates": [ [ [ 35.78178017934286, -1.642465685096503 ], [ 35.78178017934286, -1.542465685096503 ], [ 35.681780179342859, -1.542465685096503 ], [ 35.681780179342859, -1.642465685096503 ], [ 35.78178017934286, -1.642465685096503 ] ] ] } },
{ "type": "Feature", "properties": { "cell_id": 163, "elephant_count": 0.0, "inside_protected_area": false, "dist_to_settlement_km": 47.822829102771983, "dist_to_road_km": 46.312202677551852, "elephant_score": 0.0, "settlement_proximity_score": 0.71467641757518763, "road_proximity_score": 0.7156133362027659, "conflict_risk_score": 0.42908692613338606, "priority_zone": false, "nearest_settlement": "Narok" }, "geometry": { "type": "Polygon", "coordinates": [ [ [ 35.78178017934286, -1.542465685096503 ], [ 35.78178017934286, -1.442465685096503 ], [ 35.681780179342859, -1.442465685096503 ], [ 35.681780179342859, -1.542465685096503 ], [ 35.78178017934286, -1.542465685096503 ] ] ] } },
{ "type": "Feature", "properties": { "cell_id": 164, "elephant_count": 1.0, "inside_protected_area": false, "dist_to_settlement_km": 37.442848478422889, "dist_to_road_km": 35.23673844325954, "elephant_score": 0.0053475935828877002, "settlement_proximity_score": 0.77919883065846496, "road_proximity_score": 0.78365515997123747, "conflict_risk_score": 0.47099523462206577, "priority_zone": false, "nearest_settlement": "Narok" }, "geometry": { "type": "Polygon", "coordinates": [ [ [ 35.78178017934286, -1.442465685096503 ], [ 35.78178017934286, -1.342465685096503 ], [ 35.681780179342859, -1.342465685096503 ], [ 35.681780179342859, -1.442465685096503 ], [ 35.78178017934286, -1.442465685096503 ] ] ] } },
{ "type": "Feature", "properties": { "cell_id": 165, "elephant_count": 0.0, "inside_protected_area": false, "dist_to_settlement_km": 27.628442246412202, "dist_to_road_km": 24.161274208967253, "elephant_score": 0.0, "settlement_proximity_score": 0.84020560860787874, "road_proximity_score": 0.85169698373970881, "conflict_risk_score": 0.50757077770427617, "priority_zone": true, "nearest_settlement": "Narok" }, "geometry": { "type": "Polygon", "coordinates": [ [ [ 35.78178017934286, -1.342465685096504 ], [ 35.78178017934286, -1.242465685096504 ], [ 35.681780179342859, -1.242465685096504 ], [ 35.681780179342859, -1.342465685096504 ], [ 35.78178017934286, -1.342465685096504 ] ] ] } },
{ "type": "Feature", "properties": { "cell_id": 166, "elephant_count": 0.0, "inside_protected_area": false, "dist_to_settlement_km": 78.812764226196293, "dist_to_road_km": 78.812764226196293, "elephant_score": 0.0, "settlement_proximity_score": 0.52204162683511046, "road_proximity_score": 0.51594698953874041, "conflict_risk_score": 0.31139658491215527, "priority_zone": false, "nearest_settlement": "Narok" }, "geometry": { "type": "Polygon", "coordinates": [ [ [ 35.881780179342861, -1.842465685096502 ], [ 35.881780179342861, -1.742465685096502 ], [ 35.78178017934286, -1.742465685096502 ], [ 35.78178017934286, -1.842465685096502 ], [ 35.881780179342861, -1.842465685096502 ] ] ] } },
{ "type": "Feature", "properties": { "cell_id": 167, "elephant_count": 0.0, "inside_protected_area": false, "dist_to_settlement_km": 67.72839673105517, "dist_to_road_km": 67.72839673105517, "elephant_score": 0.0, "settlement_proximity_score": 0.59094253948331632, "road_proximity_score": 0.58404351025650669, "conflict_risk_score": 0.35249581492194693, "priority_zone": false, "nearest_settlement": "Narok" }, "geometry": { "type": "Polygon", "coordinates": [ [ [ 35.881780179342861, -1.742465685096502 ], [ 35.881780179342861, -1.642465685096502 ], [ 35.78178017934286, -1.642465685096502 ], [ 35.78178017934286, -1.742465685096502 ], [ 35.881780179342861, -1.742465685096502 ] ] ] } },
{ "type": "Feature", "properties": { "cell_id": 168, "elephant_count": 0.0, "inside_protected_area": false, "dist_to_settlement_km": 56.650151302043398, "dist_to_road_km": 56.650040993840243, "elephant_score": 0.0, "settlement_proximity_score": 0.65980539710097674, "road_proximity_score": 0.65210309789727505, "conflict_risk_score": 0.39357254849947554, "priority_zone": false, "nearest_settlement": "Narok" }, "geometry": { "type": "Polygon", "coordinates": [ [ [ 35.881780179342861, -1.642465685096503 ], [ 35.881780179342861, -1.542465685096503 ], [ 35.78178017934286, -1.542465685096503 ], [ 35.78178017934286, -1.642465685096503 ], [ 35.881780179342861, -1.642465685096503 ] ] ] } },
{ "type": "Feature", "properties": { "cell_id": 169, "elephant_count": 0.0, "inside_protected_area": false, "dist_to_settlement_km": 45.582491828876719, "dist_to_road_km": 45.574576759547966, "elephant_score": 0.0, "settlement_proximity_score": 0.72860245195458218, "road_proximity_score": 0.72014492166574628, "conflict_risk_score": 0.43462421208609853, "priority_zone": false, "nearest_settlement": "Narok" }, "geometry": { "type": "Polygon", "coordinates": [ [ [ 35.881780179342861, -1.542465685096503 ], [ 35.881780179342861, -1.442465685096503 ], [ 35.78178017934286, -1.442465685096503 ], [ 35.78178017934286, -1.542465685096503 ], [ 35.881780179342861, -1.542465685096503 ] ] ] } },
{ "type": "Feature", "properties": { "cell_id": 170, "elephant_count": 0.0, "inside_protected_area": false, "dist_to_settlement_km": 34.535597289098867, "dist_to_road_km": 34.499112525255661, "elephant_score": 0.0, "settlement_proximity_score": 0.79727043107498075, "road_proximity_score": 0.78818674543421774, "conflict_risk_score": 0.47563715295275955, "priority_zone": false, "nearest_settlement": "Narok" }, "geometry": { "type": "Polygon", "coordinates": [ [ [ 35.881780179342861, -1.442465685096503 ], [ 35.881780179342861, -1.342465685096503 ], [ 35.78178017934286, -1.342465685096503 ], [ 35.78178017934286, -1.442465685096503 ], [ 35.881780179342861, -1.442465685096503 ] ] ] } },
{ "type": "Feature", "properties": { "cell_id": 171, "elephant_count": 0.0, "inside_protected_area": false, "dist_to_settlement_km": 14.904012973981883, "dist_to_road_km": 93.414240550319946, "elephant_score": 0.0, "settlement_proximity_score": 0.9193012169213266, "road_proximity_score": 0.42624320306183772, "conflict_risk_score": 0.40366332599494925, "priority_zone": false, "nearest_settlement": "Nyahururu" }, "geometry": { "type": "Polygon", "coordinates": [ [ [ 36.281780179342867, -0.042465685096508 ], [ 36.281780179342867, 0.057534314903492 ], [ 36.181780179342866, 0.057534314903492 ], [ 36.181780179342866, -0.042465685096508 ], [ 36.281780179342867, -0.042465685096508 ] ] ] } },
{ "type": "Feature", "properties": { "cell_id": 172, "elephant_count": 0.0, "inside_protected_area": false, "dist_to_settlement_km": 16.522005977295969, "dist_to_road_km": 93.951286613745864, "elephant_score": 0.0, "settlement_proximity_score": 0.90924370171934321, "road_proximity_score": 0.42294387466980188, "conflict_risk_score": 0.39965627291674349, "priority_zone": false, "nearest_settlement": "Nyahururu" }, "geometry": { "type": "Polygon", "coordinates": [ [ [ 36.281780179342867, 0.057534314903491 ], [ 36.281780179342867, 0.157534314903491 ], [ 36.181780179342866, 0.157534314903491 ], [ 36.181780179342866, 0.057534314903491 ], [ 36.281780179342867, 0.057534314903491 ] ] ] } },
{ "type": "Feature", "properties": { "cell_id": 173, "elephant_count": 0.0, "inside_protected_area": false, "dist_to_settlement_km": 36.721374215976233, "dist_to_road_km": 89.17626051351489, "elephant_score": 0.0, "settlement_proximity_score": 0.78368354619650138, "road_proximity_score": 0.45227912216180266, "conflict_risk_score": 0.37078880050749119, "priority_zone": false, "nearest_settlement": "Nyahururu" }, "geometry": { "type": "Polygon", "coordinates": [ [ [ 36.381780179342869, -0.342465685096507 ], [ 36.381780179342869, -0.242465685096507 ], [ 36.281780179342867, -0.242465685096507 ], [ 36.281780179342867, -0.342465685096507 ], [ 36.381780179342869, -0.342465685096507 ] ] ] } },
{ "type": "Feature", "properties": { "cell_id": 174, "elephant_count": 0.0, "inside_protected_area": false, "dist_to_settlement_km": 25.691368260467424, "dist_to_road_km": 85.520578564223143, "elephant_score": 0.0, "settlement_proximity_score": 0.85224654513918729, "road_proximity_score": 0.47473770824771444, "conflict_risk_score": 0.39809527601607053, "priority_zone": false, "nearest_settlement": "Nyahururu" }, "geometry": { "type": "Polygon", "coordinates": [ [ [ 36.381780179342869, -0.242465685096508 ], [ 36.381780179342869, -0.142465685096508 ], [ 36.281780179342867, -0.142465685096508 ], [ 36.281780179342867, -0.242465685096508 ], [ 36.381780179342869, -0.242465685096508 ] ] ] } },
{ "type": "Feature", "properties": { "cell_id": 175, "elephant_count": 0.0, "inside_protected_area": false, "dist_to_settlement_km": 14.766634074159883, "dist_to_road_km": 83.195872955000908, "elephant_score": 0.0, "settlement_proximity_score": 0.92015517016498183, "road_proximity_score": 0.48901947612941843, "conflict_risk_score": 0.42275239388832009, "priority_zone": false, "nearest_settlement": "Nyahururu" }, "geometry": { "type": "Polygon", "coordinates": [ [ [ 36.381780179342869, -0.142465685096508 ], [ 36.381780179342869, -0.042465685096508 ], [ 36.281780179342867, -0.042465685096508 ], [ 36.281780179342867, -0.142465685096508 ], [ 36.381780179342869, -0.142465685096508 ] ] ] } },
{ "type": "Feature", "properties": { "cell_id": 176, "elephant_count": 0.0, "inside_protected_area": false, "dist_to_settlement_km": 4.7413669616815044, "dist_to_road_km": 82.314987672536503, "elephant_score": 0.0, "settlement_proximity_score": 0.98247266856032067, "road_proximity_score": 0.49443117173709361, "conflict_risk_score": 0.44307115208922426, "priority_zone": false, "nearest_settlement": "Nyahururu" }, "geometry": { "type": "Polygon", "coordinates": [ [ [ 36.381780179342869, -0.042465685096508 ], [ 36.381780179342869, 0.057534314903492 ], [ 36.281780179342867, 0.057534314903492 ], [ 36.281780179342867, -0.042465685096508 ], [ 36.381780179342869, -0.042465685096508 ] ] ] } },
{ "type": "Feature", "properties": { "cell_id": 177, "elephant_count": 1.0, "inside_protected_area": false, "dist_to_settlement_km": 8.5631559281907457, "dist_to_road_km": 82.92394777333638, "elephant_score": 0.0053475935828877002, "settlement_proximity_score": 0.95871626136281851, "road_proximity_score": 0.4906900413443499, "conflict_risk_score": 0.43696092824530558, "priority_zone": false, "nearest_settlement": "Nyahururu" }, "geometry": { "type": "Polygon", "coordinates": [ [ [ 36.381780179342869, 0.057534314903491 ], [ 36.381780179342869, 0.157534314903491 ], [ 36.281780179342867, 0.157534314903491 ], [ 36.281780179342867, 0.057534314903491 ], [ 36.381780179342869, 0.057534314903491 ] ] ] } },
{ "type": "Feature", "properties": { "cell_id": 178, "elephant_count": 0.0, "inside_protected_area": false, "dist_to_settlement_km": 19.250836819101909, "dist_to_road_km": 84.990734983880458, "elephant_score": 0.0, "settlement_proximity_score": 0.89228116997854523, "road_proximity_score": 0.47799278837400916, "conflict_risk_score": 0.41108218750576631, "priority_zone": false, "nearest_settlement": "Nyahururu" }, "geometry": { "type": "Polygon", "coordinates": [ [ [ 36.381780179342869, 0.157534314903491 ], [ 36.381780179342869, 0.257534314903491 ], [ 36.281780179342867, 0.257534314903491 ], [ 36.281780179342867, 0.157534314903491 ], [ 36.381780179342869, 0.157534314903491 ] ] ] } },
{ "type": "Feature", "properties": { "cell_id": 179, "elephant_count": 0.0, "inside_protected_area": false, "dist_to_settlement_km": 30.237093064990056, "dist_to_road_km": 88.413171823464069, "elephant_score": 0.0, "settlement_proximity_score": 0.82399012114237458, "road_proximity_score": 0.45696713749640039, "conflict_risk_score": 0.38428717759163245, "priority_zone": false, "nearest_settlement": "Nyahururu" }, "geometry": { "type": "Polygon", "coordinates": [ [ [ 36.381780179342869, 0.257534314903491 ], [ 36.381780179342869, 0.357534314903491 ], [ 36.281780179342867, 0.357534314903491 ], [ 36.281780179342867, 0.257534314903491 ], [ 36.381780179342869, 0.257534314903491 ] ] ] } },
{ "type": "Feature", "properties": { "cell_id": 180, "elephant_count": 0.0, "inside_protected_area": false, "dist_to_settlement_km": 48.270728225926547, "dist_to_road_km": 84.459566529350241, "elephant_score": 0.0, "settlement_proximity_score": 0.71189225705604142, "road_proximity_score": 0.48125600783009415, "conflict_risk_score": 0.35794447946584068, "priority_zone": false, "nearest_settlement": "Nyahururu" }, "geometry": { "type": "Polygon", "coordinates": [ [ [ 36.48178017934287, -0.442465685096507 ], [ 36.48178017934287, -0.342465685096507 ], [ 36.381780179342869, -0.342465685096507 ], [ 36.381780179342869, -0.442465685096507 ], [ 36.48178017934287, -0.442465685096507 ] ] ] } },
{ "type": "Feature", "properties": { "cell_id": 181, "elephant_count": 0.0, "inside_protected_area": false, "dist_to_settlement_km": 37.352781452610103, "dist_to_road_km": 79.046583083084187, "elephant_score": 0.0, "settlement_proximity_score": 0.77975869122612751, "road_proximity_score": 0.51451052952970056, "conflict_risk_score": 0.3882807662267484, "priority_zone": false, "nearest_settlement": "Nyahururu" }, "geometry": { "type": "Polygon", "coordinates": [ [ [ 36.48178017934287, -0.342465685096507 ], [ 36.48178017934287, -0.242465685096507 ], [ 36.381780179342869, -0.242465685096507 ], [ 36.381780179342869, -0.342465685096507 ], [ 36.48178017934287, -0.342465685096507 ] ] ] } },
{ "type": "Feature", "properties": { "cell_id": 182, "elephant_count": 0.0, "inside_protected_area": false, "dist_to_settlement_km": 26.586036956109901, "dist_to_road_km": 74.898105556122843, "elephant_score": 0.0, "settlement_proximity_score": 0.84668524543719093, "road_proximity_score": 0.53999659231007524, "conflict_risk_score": 0.41600455132417985, "priority_zone": false, "nearest_settlement": "Nyahururu" }, "geometry": { "type": "Polygon", "coordinates": [ [ [ 36.48178017934287, -0.242465685096508 ], [ 36.48178017934287, -0.142465685096508 ], [ 36.381780179342869, -0.142465685096508 ], [ 36.381780179342869, -0.242465685096508 ], [ 36.48178017934287, -0.242465685096508 ] ] ] } },
{ "type": "Feature", "properties": { "cell_id": 183, "elephant_count": 0.0, "inside_protected_area": false, "dist_to_settlement_km": 16.273427414556171, "dist_to_road_km": 72.232334412514362, "elephant_score": 0.0, "settlement_proximity_score": 0.91078887692623334, "road_proximity_score": 0.55637368734857273, "conflict_risk_score": 0.44014876928244179, "priority_zone": false, "nearest_settlement": "Nyahururu" }, "geometry": { "type": "Polygon", "coordinates": [ [ [ 36.48178017934287, -0.142465685096508 ], [ 36.48178017934287, -0.042465685096508 ], [ 36.381780179342869, -0.042465685096508 ], [ 36.381780179342869, -0.142465685096508 ], [ 36.48178017934287, -0.142465685096508 ] ] ] } },
{ "type": "Feature", "properties": { "cell_id": 184, "elephant_count": 0.0, "inside_protected_area": false, "dist_to_settlement_km": 8.3217497319982829, "dist_to_road_km": 71.215967686091943, "elephant_score": 0.0, "settlement_proximity_score": 0.96021685282587521, "road_proximity_score": 0.56261770965052293, "conflict_risk_score": 0.4568503687429194, "priority_zone": false, "nearest_settlement": "Nyahururu" }, "geometry": { "type": "Polygon", "coordinates": [ [ [ 36.48178017934287, -0.042465685096508 ], [ 36.48178017934287, 0.057534314903492 ], [ 36.381780179342869, 0.057534314903492 ], [ 36.381780179342869, -0.042465685096508 ], [ 36.48178017934287, -0.042465685096508 ] ] ] } },
{ "type": "Feature", "properties": { "cell_id": 185, "elephant_count": 1.0, "inside_protected_area": false, "dist_to_settlement_km": 10.958950560486935, "dist_to_road_km": 71.918968097795144, "elephant_score": 0.0053475935828877002, "settlement_proximity_score": 0.94382389725135785, "road_proximity_score": 0.5582988450765064, "conflict_risk_score": 0.45277586013151433, "priority_zone": false, "nearest_settlement": "Nyahururu" }, "geometry": { "type": "Polygon", "coordinates": [ [ [ 36.48178017934287, 0.057534314903491 ], [ 36.48178017934287, 0.157534314903491 ], [ 36.381780179342869, 0.157534314903491 ], [ 36.381780179342869, 0.057534314903491 ], [ 36.48178017934287, 0.057534314903491 ] ] ] } },
{ "type": "Feature", "properties": { "cell_id": 186, "elephant_count": 1.0, "inside_protected_area": false, "dist_to_settlement_km": 20.429529514219812, "dist_to_road_km": 74.292542634081755, "elephant_score": 0.0053475935828877002, "settlement_proximity_score": 0.88495436468622724, "road_proximity_score": 0.54371685222429755, "conflict_risk_score": 0.43074040250631251, "priority_zone": false, "nearest_settlement": "Nyahururu" }, "geometry": { "type": "Polygon", "coordinates": [ [ [ 36.48178017934287, 0.157534314903491 ], [ 36.48178017934287, 0.257534314903491 ], [ 36.381780179342869, 0.257534314903491 ], [ 36.381780179342869, 0.157534314903491 ], [ 36.48178017934287, 0.157534314903491 ] ] ] } },
{ "type": "Feature", "properties": { "cell_id": 187, "elephant_count": 0.0, "inside_protected_area": false, "dist_to_settlement_km": 31.000850874735011, "dist_to_road_km": 78.184690380035633, "elephant_score": 0.0, "settlement_proximity_score": 0.81924256922687821, "road_proximity_score": 0.51980554472433083, "conflict_risk_score": 0.40171443418536268, "priority_zone": false, "nearest_settlement": "Nyahururu" }, "geometry": { "type": "Polygon", "coordinates": [ [ [ 36.48178017934287, 0.257534314903491 ], [ 36.48178017934287, 0.357534314903491 ], [ 36.381780179342869, 0.357534314903491 ], [ 36.381780179342869, 0.257534314903491 ], [ 36.48178017934287, 0.257534314903491 ] ] ] } },
{ "type": "Feature", "properties": { "cell_id": 188, "elephant_count": 1.0, "inside_protected_area": false, "dist_to_settlement_km": 41.846861695266192, "dist_to_road_km": 83.383030219626917, "elephant_score": 0.0053475935828877002, "settlement_proximity_score": 0.75182329208233245, "road_proximity_score": 0.48786968038747169, "conflict_risk_score": 0.37404692917409632, "priority_zone": false, "nearest_settlement": "Nyahururu" }, "geometry": { "type": "Polygon", "coordinates": [ [ [ 36.48178017934287, 0.35753431490349 ], [ 36.48178017934287, 0.45753431490349 ], [ 36.381780179342869, 0.45753431490349 ], [ 36.381780179342869, 0.35753431490349 ], [ 36.48178017934287, 0.35753431490349 ] ] ] } },
{ "type": "Feature", "properties": { "cell_id": 189, "elephant_count": 1.0, "inside_protected_area": false, "dist_to_settlement_km": 72.333809548700202, "dist_to_road_km": 90.47191497195044, "elephant_score": 0.0053475935828877002, "settlement_proximity_score": 0.56231509218904496, "road_proximity_score": 0.44431930301013711, "conflict_risk_score": 0.30412935599290969, "priority_zone": false, "nearest_settlement": "Nyahururu" }, "geometry": { "type": "Polygon", "coordinates": [ [ [ 36.581780179342871, -0.642465685096506 ], [ 36.581780179342871, -0.542465685096506 ], [ 36.48178017934287, -0.542465685096506 ], [ 36.48178017934287, -0.642465685096506 ], [ 36.581780179342871, -0.642465685096506 ] ] ] } },
{ "type": "Feature", "properties": { "cell_id": 190, "elephant_count": 0.0, "inside_protected_area": false, "dist_to_settlement_km": 61.680686463534308, "dist_to_road_km": 82.506189570704464, "elephant_score": 0.0, "settlement_proximity_score": 0.62853537074290522, "road_proximity_score": 0.49325652789516228, "conflict_risk_score": 0.33653756959142023, "priority_zone": false, "nearest_settlement": "Nyahururu" }, "geometry": { "type": "Polygon", "coordinates": [ [ [ 36.581780179342871, -0.542465685096507 ], [ 36.581780179342871, -0.442465685096507 ], [ 36.48178017934287, -0.442465685096507 ], [ 36.48178017934287, -0.542465685096507 ], [ 36.581780179342871, -0.542465685096507 ] ] ] } },
{ "type": "Feature", "properties": { "cell_id": 191, "elephant_count": 0.0, "inside_protected_area": false, "dist_to_settlement_km": 51.217713355810965, "dist_to_road_km": 75.337873850157294, "elephant_score": 0.0, "settlement_proximity_score": 0.69357366872894599, "road_proximity_score": 0.53729488734054398, "conflict_risk_score": 0.36926056682084696, "priority_zone": false, "nearest_settlement": "Nyahururu" }, "geometry": { "type": "Polygon", "coordinates": [ [ [ 36.581780179342871, -0.442465685096507 ], [ 36.581780179342871, -0.342465685096507 ], [ 36.48178017934287, -0.342465685096507 ], [ 36.48178017934287, -0.442465685096507 ], [ 36.581780179342871, -0.442465685096507 ] ] ] } },
{ "type": "Feature", "properties": { "cell_id": 192, "elephant_count": 0.0, "inside_protected_area": false, "dist_to_settlement_km": 41.090403261384616, "dist_to_road_km": 69.215165643429643, "elephant_score": 0.0, "settlement_proximity_score": 0.75652547075853749, "road_proximity_score": 0.57490958447423535, "conflict_risk_score": 0.39943051656983186, "priority_zone": false, "nearest_settlement": "Nyahururu" }, "geometry": { "type": "Polygon", "coordinates": [ [ [ 36.581780179342871, -0.342465685096507 ], [ 36.581780179342871, -0.242465685096507 ], [ 36.48178017934287, -0.242465685096507 ], [ 36.48178017934287, -0.342465685096507 ], [ 36.581780179342871, -0.342465685096507 ] ] ] } },
{ "type": "Feature", "properties": { "cell_id": 193, "elephant_count": 0.0, "inside_protected_area": false, "dist_to_settlement_km": 31.622908135849809, "dist_to_road_km": 64.436814584774382, "elephant_score": 0.0, "settlement_proximity_score": 0.81537583411285031, "road_proximity_score": 0.60426525876102843, "conflict_risk_score": 0.42589232786216358, "priority_zone": false, "nearest_settlement": "Nyahururu" }, "geometry": { "type": "Polygon", "coordinates": [ [ [ 36.581780179342871, -0.242465685096508 ], [ 36.581780179342871, -0.142465685096508 ], [ 36.48178017934287, -0.142465685096508 ], [ 36.48178017934287, -0.242465685096508 ], [ 36.581780179342871, -0.242465685096508 ] ] ] } },
{ "type": "Feature", "properties": { "cell_id": 194, "elephant_count": 0.0, "inside_protected_area": false, "dist_to_settlement_km": 23.622349539230495, "dist_to_road_km": 61.317917386501144, "elephant_score": 0.0, "settlement_proximity_score": 0.86510765591000383, "road_proximity_score": 0.62342612182081936, "conflict_risk_score": 0.44656013331924693, "priority_zone": false, "nearest_settlement": "Nyahururu" }, "geometry": { "type": "Polygon", "coordinates": [ [ [ 36.581780179342871, -0.142465685096508 ], [ 36.581780179342871, -0.042465685096508 ], [ 36.48178017934287, -0.042465685096508 ], [ 36.48178017934287, -0.142465685096508 ], [ 36.581780179342871, -0.142465685096508 ] ] ] } },
{ "type": "Feature", "properties": { "cell_id": 195, "elephant_count": 0.0, "inside_protected_area": false, "dist_to_settlement_km": 19.037922064625864, "dist_to_road_km": 60.117309582207383, "elephant_score": 0.0, "settlement_proximity_score": 0.89360465739504402, "road_proximity_score": 0.63080202434794508, "conflict_risk_score": 0.45732200452289673, "priority_zone": false, "nearest_settlement": "Nyahururu" }, "geometry": { "type": "Polygon", "coordinates": [ [ [ 36.581780179342871, -0.042465685096508 ], [ 36.581780179342871, 0.057534314903492 ], [ 36.48178017934287, 0.057534314903492 ], [ 36.48178017934287, -0.042465685096508 ], [ 36.581780179342871, -0.042465685096508 ] ] ] } },
{ "type": "Feature", "properties": { "cell_id": 196, "elephant_count": 0.0, "inside_protected_area": false, "dist_to_settlement_km": 20.329524227683038, "dist_to_road_km": 60.948460441492266, "elephant_score": 0.0, "settlement_proximity_score": 0.88557600191677288, "road_proximity_score": 0.62569587086343703, "conflict_risk_score": 0.45338156183406297, "priority_zone": false, "nearest_settlement": "Nyahururu" }, "geometry": { "type": "Polygon", "coordinates": [ [ [ 36.581780179342871, 0.057534314903491 ], [ 36.581780179342871, 0.157534314903491 ], [ 36.48178017934287, 0.157534314903491 ], [ 36.48178017934287, 0.057534314903491 ], [ 36.581780179342871, 0.057534314903491 ] ] ] } },
{ "type": "Feature", "properties": { "cell_id": 197, "elephant_count": 2.0, "inside_protected_area": false, "dist_to_settlement_km": 26.656268195475771, "dist_to_road_km": 63.731928803177837, "elephant_score": 0.0106951871657754, "settlement_proximity_score": 0.84624868498474792, "road_proximity_score": 0.60859570605548963, "conflict_risk_score": 0.44073139217838142, "priority_zone": false, "nearest_settlement": "Nyahururu" }, "geometry": { "type": "Polygon", "coordinates": [ [ [ 36.581780179342871, 0.157534314903491 ], [ 36.581780179342871, 0.257534314903491 ], [ 36.48178017934287, 0.257534314903491 ], [ 36.48178017934287, 0.157534314903491 ], [ 36.581780179342871, 0.157534314903491 ] ] ] } },
{ "type": "Feature", "properties": { "cell_id": 198, "elephant_count": 0.0, "inside_protected_area": false, "dist_to_settlement_km": 35.415303371484946, "dist_to_road_km": 68.229192196291677, "elephant_score": 0.0, "settlement_proximity_score": 0.79180213963073287, "road_proximity_score": 0.58096688646279082, "conflict_risk_score": 0.41183070782805709, "priority_zone": false, "nearest_settlement": "Nyahururu" }, "geometry": { "type": "Polygon", "coordinates": [ [ [ 36.581780179342871, 0.257534314903491 ], [ 36.581780179342871, 0.357534314903491 ], [ 36.48178017934287, 0.357534314903491 ], [ 36.48178017934287, 0.257534314903491 ], [ 36.581780179342871, 0.257534314903491 ] ] ] } },
{ "type": "Feature", "properties": { "cell_id": 199, "elephant_count": 0.0, "inside_protected_area": false, "dist_to_settlement_km": 45.214497582959957, "dist_to_road_km": 74.128986142693776, "elephant_score": 0.0, "settlement_proximity_score": 0.73088992026561272, "road_proximity_score": 0.54472165723542776, "conflict_risk_score": 0.38268347325031216, "priority_zone": false, "nearest_settlement": "Nyahururu" }, "geometry": { "type": "Polygon", "coordinates": [ [ [ 36.581780179342871, 0.35753431490349 ], [ 36.581780179342871, 0.45753431490349 ], [ 36.48178017934287, 0.45753431490349 ], [ 36.48178017934287, 0.35753431490349 ], [ 36.581780179342871, 0.35753431490349 ] ] ] } },
{ "type": "Feature", "properties": { "cell_id": 200, "elephant_count": 0.0, "inside_protected_area": false, "dist_to_settlement_km": 55.505656202450837, "dist_to_road_km": 81.125892940101821, "elephant_score": 0.0, "settlement_proximity_score": 0.66691962864534704, "road_proximity_score": 0.50173634400949618, "conflict_risk_score": 0.35059679179645298, "priority_zone": false, "nearest_settlement": "Nyahururu" }, "geometry": { "type": "Polygon", "coordinates": [ [ [ 36.581780179342871, 0.45753431490349 ], [ 36.581780179342871, 0.55753431490349 ], [ 36.48178017934287, 0.55753431490349 ], [ 36.48178017934287, 0.45753431490349 ], [ 36.581780179342871, 0.45753431490349 ] ] ] } },
{ "type": "Feature", "properties": { "cell_id": 201, "elephant_count": 0.0, "inside_protected_area": false, "dist_to_settlement_km": 99.473964558400567, "dist_to_road_km": 98.618026445243132, "elephant_score": 0.0, "settlement_proximity_score": 0.39361070284054633, "road_proximity_score": 0.39427388102701777, "conflict_risk_score": 0.23636537516026923, "priority_zone": false, "nearest_settlement": "Loitokitok" }, "geometry": { "type": "Polygon", "coordinates": [ [ [ 36.681780179342873, -2.842465685096498 ], [ 36.681780179342873, -2.742465685096498 ], [ 36.581780179342871, -2.742465685096498 ], [ 36.581780179342871, -2.842465685096498 ], [ 36.681780179342873, -2.842465685096498 ] ] ] } },
{ "type": "Feature", "properties": { "cell_id": 202, "elephant_count": 0.0, "inside_protected_area": false, "dist_to_settlement_km": 101.13246011585946, "dist_to_road_km": 98.204456416514603, "elephant_score": 0.0, "settlement_proximity_score": 0.38330142199236039, "road_proximity_score": 0.39681463764140323, "conflict_risk_score": 0.23403481789012909, "priority_zone": false, "nearest_settlement": "Kimana" }, "geometry": { "type": "Polygon", "coordinates": [ [ [ 36.681780179342873, -2.742465685096499 ], [ 36.681780179342873, -2.642465685096499 ], [ 36.581780179342871, -2.642465685096499 ], [ 36.581780179342871, -2.742465685096499 ], [ 36.681780179342873, -2.742465685096499 ] ] ] } },
{ "type": "Feature", "properties": { "cell_id": 203, "elephant_count": 0.0, "inside_protected_area": false, "dist_to_settlement_km": 103.95053606341389, "dist_to_road_km": 97.790886387786088, "elephant_score": 0.0, "settlement_proximity_score": 0.36578413877493077, "road_proximity_score": 0.3993553942557887, "conflict_risk_score": 0.22954185990921583, "priority_zone": false, "nearest_settlement": "Kimana" }, "geometry": { "type": "Polygon", "coordinates": [ [ [ 36.681780179342873, -2.642465685096499 ], [ 36.681780179342873, -2.542465685096499 ], [ 36.581780179342871, -2.542465685096499 ], [ 36.581780179342871, -2.642465685096499 ], [ 36.681780179342873, -2.642465685096499 ] ] ] } },
{ "type": "Feature", "properties": { "cell_id": 204, "elephant_count": 0.0, "inside_protected_area": false, "dist_to_settlement_km": 100.5743619778457, "dist_to_road_km": 97.377316359057588, "elephant_score": 0.0, "settlement_proximity_score": 0.38677058440268908, "road_proximity_score": 0.40189615087017405, "conflict_risk_score": 0.23660002058185892, "priority_zone": false, "nearest_settlement": "Emali" }, "geometry": { "type": "Polygon", "coordinates": [ [ [ 36.681780179342873, -2.5424656850965 ], [ 36.681780179342873, -2.442465685096499 ], [ 36.581780179342871, -2.442465685096499 ], [ 36.581780179342871, -2.5424656850965 ], [ 36.681780179342873, -2.5424656850965 ] ] ] } },
{ "type": "Feature", "properties": { "cell_id": 205, "elephant_count": 2.0, "inside_protected_area": false, "dist_to_settlement_km": 75.972303912440836, "dist_to_road_km": 83.51026437886955, "elephant_score": 0.0106951871657754, "settlement_proximity_score": 0.53969805225086387, "road_proximity_score": 0.48708802067033663, "conflict_risk_score": 0.31231389674267029, "priority_zone": false, "nearest_settlement": "Nyahururu" }, "geometry": { "type": "Polygon", "coordinates": [ [ [ 36.681780179342873, -0.642465685096506 ], [ 36.681780179342873, -0.542465685096506 ], [ 36.581780179342871, -0.542465685096506 ], [ 36.581780179342871, -0.642465685096506 ], [ 36.681780179342873, -0.642465685096506 ] ] ] } },
{ "type": "Feature", "properties": { "cell_id": 206, "elephant_count": 2.0, "inside_protected_area": false, "dist_to_settlement_km": 65.909923687935404, "dist_to_road_km": 74.806872514588406, "elephant_score": 0.0106951871657754, "settlement_proximity_score": 0.60224624737210974, "road_proximity_score": 0.54055708010567738, "conflict_risk_score": 0.34711907310964629, "priority_zone": false, "nearest_settlement": "Nyahururu" }, "geometry": { "type": "Polygon", "coordinates": [ [ [ 36.681780179342873, -0.542465685096507 ], [ 36.681780179342873, -0.442465685096507 ], [ 36.581780179342871, -0.442465685096507 ], [ 36.581780179342871, -0.542465685096507 ], [ 36.681780179342873, -0.542465685096507 ] ] ] } },
{ "type": "Feature", "properties": { "cell_id": 207, "elephant_count": 3.0, "inside_protected_area": false, "dist_to_settlement_km": 56.23935560916982, "dist_to_road_km": 66.817603176102281, "elephant_score": 0.016042780748663103, "settlement_proximity_score": 0.66235892107637251, "road_proximity_score": 0.58963894655105797, "conflict_risk_score": 0.38201647258769433, "priority_zone": false, "nearest_settlement": "Nyahururu" }, "geometry": { "type": "Polygon", "coordinates": [ [ [ 36.681780179342873, -0.442465685096507 ], [ 36.681780179342873, -0.342465685096507 ], [ 36.581780179342871, -0.342465685096507 ], [ 36.581780179342871, -0.442465685096507 ], [ 36.681780179342873, -0.442465685096507 ] ] ] } },
{ "type": "Feature", "properties": { "cell_id": 208, "elephant_count": 0.0, "inside_protected_area": false, "dist_to_settlement_km": 47.202035953122312, "dist_to_road_km": 59.829223737102453, "elephant_score": 0.0, "settlement_proximity_score": 0.71853529491711687, "road_proximity_score": 0.63257187217447042, "conflict_risk_score": 0.4053321501274762, "priority_zone": false, "nearest_settlement": "Nyahururu" }, "geometry": { "type": "Polygon", "coordinates": [ [ [ 36.681780179342873, -0.342465685096507 ], [ 36.681780179342873, -0.242465685096507 ], [ 36.581780179342871, -0.242465685096507 ], [ 36.581780179342871, -0.342465685096507 ], [ 36.681780179342873, -0.342465685096507 ] ] ] } },
{ "type": "Feature", "properties": { "cell_id": 209, "elephant_count": 3.0, "inside_protected_area": false, "dist_to_settlement_km": 39.237982579447682, "dist_to_road_km": 54.230064832797794, "elephant_score": 0.016042780748663103, "settlement_proximity_score": 0.76804019865345929, "road_proximity_score": 0.66697015791302827, "conflict_risk_score": 0.43692021926941149, "priority_zone": false, "nearest_settlement": "Nyahururu" }, "geometry": { "type": "Polygon", "coordinates": [ [ [ 36.681780179342873, -0.242465685096508 ], [ 36.681780179342873, -0.142465685096508 ], [ 36.581780179342871, -0.142465685096508 ], [ 36.581780179342871, -0.242465685096508 ], [ 36.681780179342873, -0.242465685096508 ] ] ] } },
{ "type": "Feature", "properties": { "cell_id": 210, "elephant_count": 0.0, "inside_protected_area": false, "dist_to_settlement_km": 33.130444544108165, "dist_to_road_km": 50.484491188429736, "elephant_score": 0.0, "settlement_proximity_score": 0.80600492193180506, "road_proximity_score": 0.68998099126778989, "conflict_risk_score": 0.44879577395987846, "priority_zone": false, "nearest_settlement": "Nyahururu" }, "geometry": { "type": "Polygon", "coordinates": [ [ [ 36.681780179342873, -0.142465685096508 ], [ 36.681780179342873, -0.042465685096508 ], [ 36.581780179342871, -0.042465685096508 ], [ 36.581780179342871, -0.142465685096508 ], [ 36.681780179342873, -0.142465685096508 ] ] ] } },
{ "type": "Feature", "properties": { "cell_id": 211, "elephant_count": 0.0, "inside_protected_area": false, "dist_to_settlement_km": 30.034204408897061, "dist_to_road_km": 49.019259167594775, "elephant_score": 0.0, "settlement_proximity_score": 0.82525128589326391, "road_proximity_score": 0.69898260572227822, "conflict_risk_score": 0.45727016748466265, "priority_zone": false, "nearest_settlement": "Nyahururu" }, "geometry": { "type": "Polygon", "coordinates": [ [ [ 36.681780179342873, -0.042465685096508 ], [ 36.681780179342873, 0.057534314903492 ], [ 36.581780179342871, 0.057534314903492 ], [ 36.581780179342871, -0.042465685096508 ], [ 36.681780179342873, -0.042465685096508 ] ] ] } },
{ "type": "Feature", "properties": { "cell_id": 212, "elephant_count": 7.0, "inside_protected_area": false, "dist_to_settlement_km": 30.869086693010455, "dist_to_road_km": 50.035104557950184, "elephant_score": 0.037433155080213901, "settlement_proximity_score": 0.82006162113752135, "road_proximity_score": 0.69274178623476956, "conflict_risk_score": 0.46881428424377281, "priority_zone": false, "nearest_settlement": "Nyahururu" }, "geometry": { "type": "Polygon", "coordinates": [ [ [ 36.681780179342873, 0.057534314903491 ], [ 36.681780179342873, 0.157534314903491 ], [ 36.581780179342871, 0.157534314903491 ], [ 36.581780179342871, 0.057534314903491 ], [ 36.681780179342873, 0.057534314903491 ] ] ] } },
{ "type": "Feature", "properties": { "cell_id": 213, "elephant_count": 7.0, "inside_protected_area": false, "dist_to_settlement_km": 35.35770908933123, "dist_to_road_km": 53.39059474205348, "elephant_score": 0.037433155080213901, "settlement_proximity_score": 0.79216014820501091, "road_proximity_score": 0.67212742037760953, "conflict_risk_score": 0.45425953260687169, "priority_zone": false, "nearest_settlement": "Nyahururu" }, "geometry": { "type": "Polygon", "coordinates": [ [ [ 36.681780179342873, 0.157534314903491 ], [ 36.681780179342873, 0.257534314903491 ], [ 36.581780179342871, 0.257534314903491 ], [ 36.581780179342871, 0.157534314903491 ], [ 36.681780179342873, 0.157534314903491 ] ] ] } },
{ "type": "Feature", "properties": { "cell_id": 214, "elephant_count": 1.0, "inside_protected_area": false, "dist_to_settlement_km": 42.353921551976228, "dist_to_road_km": 58.685769362728543, "elephant_score": 0.0053475935828877002, "settlement_proximity_score": 0.74867138585855342, "road_proximity_score": 0.63959665410528477, "conflict_risk_score": 0.4186194494223065, "priority_zone": false, "nearest_settlement": "Nyahururu" }, "geometry": { "type": "Polygon", "coordinates": [ [ [ 36.681780179342873, 0.257534314903491 ], [ 36.681780179342873, 0.357534314903491 ], [ 36.581780179342871, 0.357534314903491 ], [ 36.581780179342871, 0.257534314903491 ], [ 36.681780179342873, 0.257534314903491 ] ] ] } },
{ "type": "Feature", "properties": { "cell_id": 215, "elephant_count": 2.0, "inside_protected_area": false, "dist_to_settlement_km": 50.832683871856844, "dist_to_road_km": 65.451535081161737, "elephant_score": 0.0106951871657754, "settlement_proximity_score": 0.69596702882392081, "road_proximity_score": 0.59803135003008157, "conflict_risk_score": 0.39247758852251086, "priority_zone": false, "nearest_settlement": "Nyahururu" }, "geometry": { "type": "Polygon", "coordinates": [ [ [ 36.681780179342873, 0.35753431490349 ], [ 36.681780179342873, 0.45753431490349 ], [ 36.581780179342871, 0.45753431490349 ], [ 36.581780179342871, 0.35753431490349 ], [ 36.681780179342873, 0.35753431490349 ] ] ] } },
{ "type": "Feature", "properties": { "cell_id": 216, "elephant_count": 3.0, "inside_protected_area": false, "dist_to_settlement_km": 60.170497990305115, "dist_to_road_km": 73.281698692550265, "elephant_score": 0.016042780748663103, "settlement_proximity_score": 0.63792276827568317, "road_proximity_score": 0.54992694544225529, "conflict_risk_score": 0.36277202641484674, "priority_zone": false, "nearest_settlement": "Nyahururu" }, "geometry": { "type": "Polygon", "coordinates": [ [ [ 36.681780179342873, 0.45753431490349 ], [ 36.681780179342873, 0.55753431490349 ], [ 36.581780179342871, 0.55753431490349 ], [ 36.581780179342871, 0.45753431490349 ], [ 36.681780179342873, 0.45753431490349 ] ] ] } },
{ "type": "Feature", "properties": { "cell_id": 217, "elephant_count": 0.0, "inside_protected_area": false, "dist_to_settlement_km": 86.754522557141328, "dist_to_road_km": 86.754522557141328, "elephant_score": 0.0, "settlement_proximity_score": 0.47267531005849073, "road_proximity_score": 0.46715700572092167, "conflict_risk_score": 0.2819496947338237, "priority_zone": false, "nearest_settlement": "Loitokitok" }, "geometry": { "type": "Polygon", "coordinates": [ [ [ 36.781780179342874, -2.942465685096498 ], [ 36.781780179342874, -2.842465685096498 ], [ 36.681780179342873, -2.842465685096498 ], [ 36.681780179342873, -2.942465685096498 ], [ 36.781780179342874, -2.942465685096498 ] ] ] } },
{ "type": "Feature", "properties": { "cell_id": 218, "elephant_count": 0.0, "inside_protected_area": false, "dist_to_settlement_km": 88.435609051091632, "dist_to_road_km": 87.525733633054855, "elephant_score": 0.0, "settlement_proximity_score": 0.46222560296203052, "road_proximity_score": 0.46241909072200649, "conflict_risk_score": 0.27739340810521107, "priority_zone": false, "nearest_settlement": "Kimana" }, "geometry": { "type": "Polygon", "coordinates": [ [ [ 36.781780179342874, -2.842465685096498 ], [ 36.781780179342874, -2.742465685096498 ], [ 36.681780179342873, -2.742465685096498 ], [ 36.681780179342873, -2.842465685096498 ], [ 36.781780179342874, -2.842465685096498 ] ] ] } },
{ "type": "Feature", "properties": { "cell_id": 219, "elephant_count": 0.0, "inside_protected_area": false, "dist_to_settlement_km": 90.29051116824364, "dist_to_road_km": 87.112163604326341, "elephant_score": 0.0, "settlement_proximity_score": 0.45069545035739289, "road_proximity_score": 0.46495984733639195, "conflict_risk_score": 0.27469658930813545, "priority_zone": false, "nearest_settlement": "Kimana" }, "geometry": { "type": "Polygon", "coordinates": [ [ [ 36.781780179342874, -2.742465685096499 ], [ 36.781780179342874, -2.642465685096499 ], [ 36.681780179342873, -2.642465685096499 ], [ 36.681780179342873, -2.742465685096499 ], [ 36.781780179342874, -2.742465685096499 ] ] ] } },
{ "type": "Feature", "properties": { "cell_id": 220, "elephant_count": 0.0, "inside_protected_area": false, "dist_to_settlement_km": 93.436159305741668, "dist_to_road_km": 86.69859357559784, "elephant_score": 0.0, "settlement_proximity_score": 0.43114196409498318, "road_proximity_score": 0.4675006039507773, "conflict_risk_score": 0.26959277041372814, "priority_zone": false, "nearest_settlement": "Kimana" }, "geometry": { "type": "Polygon", "coordinates": [ [ [ 36.781780179342874, -2.642465685096499 ], [ 36.781780179342874, -2.542465685096499 ], [ 36.681780179342873, -2.542465685096499 ], [ 36.681780179342873, -2.642465685096499 ], [ 36.781780179342874, -2.642465685096499 ] ] ] } },
{ "type": "Feature", "properties": { "cell_id": 221, "elephant_count": 0.0, "inside_protected_area": false, "dist_to_settlement_km": 89.994138726850181, "dist_to_road_km": 86.285023546869326, "elephant_score": 0.0, "settlement_proximity_score": 0.45253771440220536, "road_proximity_score": 0.47004136056516266, "conflict_risk_score": 0.27677372249021037, "priority_zone": false, "nearest_settlement": "Emali" }, "geometry": { "type": "Polygon", "coordinates": [ [ [ 36.781780179342874, -2.5424656850965 ], [ 36.781780179342874, -2.442465685096499 ], [ 36.681780179342873, -2.442465685096499 ], [ 36.681780179342873, -2.5424656850965 ], [ 36.781780179342874, -2.5424656850965 ] ] ] } },
{ "type": "Feature", "properties": { "cell_id": 222, "elephant_count": 0.0, "inside_protected_area": false, "dist_to_settlement_km": 87.083402115286944, "dist_to_road_km": 85.871453518140797, "elephant_score": 0.0, "settlement_proximity_score": 0.47063098035564521, "road_proximity_score": 0.47258211717954823, "conflict_risk_score": 0.28296392926055802, "priority_zone": false, "nearest_settlement": "Emali" }, "geometry": { "type": "Polygon", "coordinates": [ [ [ 36.781780179342874, -2.4424656850965 ], [ 36.781780179342874, -2.3424656850965 ], [ 36.681780179342873, -2.3424656850965 ], [ 36.681780179342873, -2.4424656850965 ], [ 36.781780179342874, -2.4424656850965 ] ] ] } },
{ "type": "Feature", "properties": { "cell_id": 223, "elephant_count": 0.0, "inside_protected_area": false, "dist_to_settlement_km": 85.524925271864291, "dist_to_road_km": 85.45788348941231, "elephant_score": 0.0, "settlement_proximity_score": 0.48031854050736222, "road_proximity_score": 0.47512287379393348, "conflict_risk_score": 0.28663242429038871, "priority_zone": false, "nearest_settlement": "Emali" }, "geometry": { "type": "Polygon", "coordinates": [ [ [ 36.781780179342874, -2.3424656850965 ], [ 36.781780179342874, -2.2424656850965 ], [ 36.681780179342873, -2.2424656850965 ], [ 36.681780179342873, -2.3424656850965 ], [ 36.781780179342874, -2.3424656850965 ] ] ] } },
{ "type": "Feature", "properties": { "cell_id": 224, "elephant_count": 0.0, "inside_protected_area": false, "dist_to_settlement_km": 87.369887236851298, "dist_to_road_km": 87.369887236851298, "elephant_score": 0.0, "settlement_proximity_score": 0.4688501763228875, "road_proximity_score": 0.46337652896577797, "conflict_risk_score": 0.2796680115865996, "priority_zone": false, "nearest_settlement": "Nanyuki" }, "geometry": { "type": "Polygon", "coordinates": [ [ [ 36.781780179342874, -0.742465685096506 ], [ 36.781780179342874, -0.642465685096506 ], [ 36.681780179342873, -0.642465685096506 ], [ 36.681780179342873, -0.742465685096506 ], [ 36.781780179342874, -0.742465685096506 ] ] ] } },
{ "type": "Feature", "properties": { "cell_id": 225, "elephant_count": 3.0, "inside_protected_area": false, "dist_to_settlement_km": 77.518908109991486, "dist_to_road_km": 77.518908109991486, "elephant_score": 0.016042780748663103, "settlement_proximity_score": 0.53008429298462723, "road_proximity_score": 0.52389576062212173, "conflict_risk_score": 0.32261112838148992, "priority_zone": false, "nearest_settlement": "Nanyuki" }, "geometry": { "type": "Polygon", "coordinates": [ [ [ 36.781780179342874, -0.642465685096506 ], [ 36.781780179342874, -0.542465685096506 ], [ 36.681780179342873, -0.542465685096506 ], [ 36.681780179342873, -0.642465685096506 ], [ 36.781780179342874, -0.642465685096506 ] ] ] } },
{ "type": "Feature", "properties": { "cell_id": 226, "elephant_count": 6.0, "inside_protected_area": false, "dist_to_settlement_km": 68.053545340051897, "dist_to_road_km": 68.053545340051897, "elephant_score": 0.032085561497326207, "settlement_proximity_score": 0.58892140152339312, "road_proximity_score": 0.58204596831298994, "conflict_risk_score": 0.36412443554984542, "priority_zone": false, "nearest_settlement": "Nanyuki" }, "geometry": { "type": "Polygon", "coordinates": [ [ [ 36.781780179342874, -0.542465685096507 ], [ 36.781780179342874, -0.442465685096507 ], [ 36.681780179342873, -0.442465685096507 ], [ 36.681780179342873, -0.542465685096507 ], [ 36.781780179342874, -0.542465685096507 ] ] ] } },
{ "type": "Feature", "properties": { "cell_id": 227, "elephant_count": 3.0, "inside_protected_area": false, "dist_to_settlement_km": 59.159183159807831, "dist_to_road_km": 59.159183159807831, "elephant_score": 0.016042780748663103, "settlement_proximity_score": 0.64420914544844232, "road_proximity_score": 0.63668824887106479, "conflict_risk_score": 0.39068633059531732, "priority_zone": false, "nearest_settlement": "Nanyuki" }, "geometry": { "type": "Polygon", "coordinates": [ [ [ 36.781780179342874, -0.442465685096507 ], [ 36.781780179342874, -0.342465685096507 ], [ 36.681780179342873, -0.342465685096507 ], [ 36.681780179342873, -0.442465685096507 ], [ 36.781780179342874, -0.442465685096507 ] ] ] } },
{ "type": "Feature", "properties": { "cell_id": 228, "elephant_count": 2.0, "inside_protected_area": false, "dist_to_settlement_km": 51.1346543052844, "dist_to_road_km": 51.1346543052844, "elephant_score": 0.0106951871657754, "settlement_proximity_score": 0.69408996741603679, "road_proximity_score": 0.68598673122758203, "conflict_risk_score": 0.41830108445939579, "priority_zone": false, "nearest_settlement": "Nanyuki" }, "geometry": { "type": "Polygon", "coordinates": [ [ [ 36.781780179342874, -0.342465685096507 ], [ 36.781780179342874, -0.242465685096507 ], [ 36.681780179342873, -0.242465685096507 ], [ 36.681780179342873, -0.342465685096507 ], [ 36.781780179342874, -0.342465685096507 ] ] ] } },
{ "type": "Feature", "properties": { "cell_id": 229, "elephant_count": 1.0, "inside_protected_area": false, "dist_to_settlement_km": 44.453535176700285, "dist_to_road_km": 44.453535176700285, "elephant_score": 0.0053475935828877002, "settlement_proximity_score": 0.73562009583090771, "road_proximity_score": 0.72703201120020355, "conflict_risk_score": 0.44093466954248844, "priority_zone": false, "nearest_settlement": "Nanyuki" }, "geometry": { "type": "Polygon", "coordinates": [ [ [ 36.781780179342874, -0.242465685096508 ], [ 36.781780179342874, -0.142465685096508 ], [ 36.681780179342873, -0.142465685096508 ], [ 36.681780179342873, -0.242465685096508 ], [ 36.781780179342874, -0.242465685096508 ] ] ] } },
{ "type": "Feature", "properties": { "cell_id": 230, "elephant_count": 0.0, "inside_protected_area": false, "dist_to_settlement_km": 39.798250068204204, "dist_to_road_km": 39.798250068204204, "elephant_score": 0.0, "settlement_proximity_score": 0.7645575514641304, "road_proximity_score": 0.75563163305294112, "conflict_risk_score": 0.45605675535512147, "priority_zone": false, "nearest_settlement": "Nanyuki" }, "geometry": { "type": "Polygon", "coordinates": [ [ [ 36.781780179342874, -0.142465685096508 ], [ 36.781780179342874, -0.042465685096508 ], [ 36.681780179342873, -0.042465685096508 ], [ 36.681780179342873, -0.142465685096508 ], [ 36.781780179342874, -0.142465685096508 ] ] ] } },
{ "type": "Feature", "properties": { "cell_id": 231, "elephant_count": 1.0, "inside_protected_area": true, "dist_to_settlement_km": 37.922349970386868, "dist_to_road_km": 37.922349970386868, "elephant_score": 0.0053475935828877002, "settlement_proximity_score": 0.77621822843402788, "road_proximity_score": 0.76715617605744491, "conflict_risk_score": 0.46515135878059688, "priority_zone": false, "nearest_settlement": "Nanyuki" }, "geometry": { "type": "Polygon", "coordinates": [ [ [ 36.781780179342874, -0.042465685096508 ], [ 36.781780179342874, 0.057534314903492 ], [ 36.681780179342873, 0.057534314903492 ], [ 36.681780179342873, -0.042465685096508 ], [ 36.781780179342874, -0.042465685096508 ] ] ] } },
{ "type": "Feature", "properties": { "cell_id": 232, "elephant_count": 6.0, "inside_protected_area": false, "dist_to_settlement_km": 39.226630572376266, "dist_to_road_km": 39.226630572376266, "elephant_score": 0.032085561497326207, "settlement_proximity_score": 0.76811076322540739, "road_proximity_score": 0.75914336241931135, "conflict_risk_score": 0.47101046229234611, "priority_zone": false, "nearest_settlement": "Nanyuki" }, "geometry": { "type": "Polygon", "coordinates": [ [ [ 36.781780179342874, 0.057534314903491 ], [ 36.781780179342874, 0.157534314903491 ], [ 36.681780179342873, 0.157534314903491 ], [ 36.681780179342873, 0.057534314903491 ], [ 36.781780179342874, 0.057534314903491 ] ] ] } },
{ "type": "Feature", "properties": { "cell_id": 233, "elephant_count": 3.0, "inside_protected_area": false, "dist_to_settlement_km": 43.425481745707849, "dist_to_road_km": 43.425481745707849, "elephant_score": 0.016042780748663103, "settlement_proximity_score": 0.74201052087568797, "road_proximity_score": 0.73334783046487839, "conflict_risk_score": 0.44902461770163515, "priority_zone": false, "nearest_settlement": "Nanyuki" }, "geometry": { "type": "Polygon", "coordinates": [ [ [ 36.781780179342874, 0.157534314903491 ], [ 36.781780179342874, 0.257534314903491 ], [ 36.681780179342873, 0.257534314903491 ], [ 36.681780179342873, 0.157534314903491 ], [ 36.781780179342874, 0.157534314903491 ] ] ] } },
{ "type": "Feature", "properties": { "cell_id": 234, "elephant_count": 7.0, "inside_protected_area": false, "dist_to_settlement_km": 49.791930908852947, "dist_to_road_km": 49.791930908852947, "elephant_score": 0.037433155080213901, "settlement_proximity_score": 0.70243639471455255, "road_proximity_score": 0.69423571716416388, "conflict_risk_score": 0.43397489559570046, "priority_zone": false, "nearest_settlement": "Nanyuki" }, "geometry": { "type": "Polygon", "coordinates": [ [ [ 36.781780179342874, 0.257534314903491 ], [ 36.781780179342874, 0.357534314903491 ], [ 36.681780179342873, 0.357534314903491 ], [ 36.681780179342873, 0.257534314903491 ], [ 36.781780179342874, 0.257534314903491 ] ] ] } },
{ "type": "Feature", "properties": { "cell_id": 235, "elephant_count": 4.0, "inside_protected_area": false, "dist_to_settlement_km": 57.611806970595559, "dist_to_road_km": 57.611806970595559, "elephant_score": 0.021390374331550801, "settlement_proximity_score": 0.65382770344857755, "road_proximity_score": 0.64619451386751692, "conflict_risk_score": 0.39856281492744861, "priority_zone": false, "nearest_settlement": "Nanyuki" }, "geometry": { "type": "Polygon", "coordinates": [ [ [ 36.781780179342874, 0.35753431490349 ], [ 36.781780179342874, 0.45753431490349 ], [ 36.681780179342873, 0.45753431490349 ], [ 36.681780179342873, 0.35753431490349 ], [ 36.781780179342874, 0.35753431490349 ] ] ] } },
{ "type": "Feature", "properties": { "cell_id": 236, "elephant_count": 3.0, "inside_protected_area": false, "dist_to_settlement_km": 65.515877467527574, "dist_to_road_km": 66.373369819546909, "elephant_score": 0.016042780748663103, "settlement_proximity_score": 0.6046956558948402, "road_proximity_score": 0.59236808251496897, "conflict_risk_score": 0.36553623382240796, "priority_zone": false, "nearest_settlement": "Maralal" }, "geometry": { "type": "Polygon", "coordinates": [ [ [ 36.781780179342874, 0.45753431490349 ], [ 36.781780179342874, 0.55753431490349 ], [ 36.681780179342873, 0.55753431490349 ], [ 36.681780179342873, 0.45753431490349 ], [ 36.781780179342874, 0.45753431490349 ] ] ] } },
{ "type": "Feature", "properties": { "cell_id": 237, "elephant_count": 0.0, "inside_protected_area": false, "dist_to_settlement_km": 75.169573254535692, "dist_to_road_km": 75.169573254535692, "elephant_score": 0.0, "settlement_proximity_score": 0.54468786109332634, "road_proximity_score": 0.53832883763149053, "conflict_risk_score": 0.32490500961744506, "priority_zone": false, "nearest_settlement": "Loitokitok" }, "geometry": { "type": "Polygon", "coordinates": [ [ [ 36.881780179342876, -3.042465685096498 ], [ 36.881780179342876, -2.942465685096498 ], [ 36.781780179342874, -2.942465685096498 ], [ 36.781780179342874, -3.042465685096498 ], [ 36.881780179342876, -3.042465685096498 ] ] ] } },
{ "type": "Feature", "properties": { "cell_id": 238, "elephant_count": 0.0, "inside_protected_area": false, "dist_to_settlement_km": 75.728626965330733, "dist_to_road_km": 75.728626965330733, "elephant_score": 0.0, "settlement_proximity_score": 0.54121275880083841, "road_proximity_score": 0.53489430583559083, "conflict_risk_score": 0.32283211939092876, "priority_zone": false, "nearest_settlement": "Loitokitok" }, "geometry": { "type": "Polygon", "coordinates": [ [ [ 36.881780179342876, -2.942465685096498 ], [ 36.881780179342876, -2.842465685096498 ], [ 36.781780179342874, -2.842465685096498 ], [ 36.781780179342874, -2.942465685096498 ], [ 36.881780179342876, -2.942465685096498 ] ] ] } },
{ "type": "Feature", "properties": { "cell_id": 239, "elephant_count": 0.0, "inside_protected_area": false, "dist_to_settlement_km": 77.40722748021787, "dist_to_road_km": 76.433440820865798, "elephant_score": 0.0, "settlement_proximity_score": 0.53077850465885235, "road_proximity_score": 0.53056430041700009, "conflict_risk_score": 0.31840284152275572, "priority_zone": false, "nearest_settlement": "Kimana" }, "geometry": { "type": "Polygon", "coordinates": [ [ [ 36.881780179342876, -2.842465685096498 ], [ 36.881780179342876, -2.742465685096498 ], [ 36.781780179342874, -2.742465685096498 ], [ 36.781780179342874, -2.842465685096498 ], [ 36.881780179342876, -2.842465685096498 ] ] ] } },
{ "type": "Feature", "properties": { "cell_id": 240, "elephant_count": 0.0, "inside_protected_area": false, "dist_to_settlement_km": 79.519798320666041, "dist_to_road_km": 76.019870792137283, "elephant_score": 0.0, "settlement_proximity_score": 0.51764667201213865, "road_proximity_score": 0.53310505703138555, "conflict_risk_score": 0.31522551871305726, "priority_zone": false, "nearest_settlement": "Kimana" }, "geometry": { "type": "Polygon", "coordinates": [ [ [ 36.881780179342876, -2.742465685096499 ], [ 36.881780179342876, -2.642465685096499 ], [ 36.781780179342874, -2.642465685096499 ], [ 36.781780179342874, -2.742465685096499 ], [ 36.881780179342876, -2.742465685096499 ] ] ] } },
{ "type": "Feature", "properties": { "cell_id": 241, "elephant_count": 0.0, "inside_protected_area": false, "dist_to_settlement_km": 83.074290750776839, "dist_to_road_km": 75.606300763408782, "elephant_score": 0.0, "settlement_proximity_score": 0.49555179176361486, "road_proximity_score": 0.5356458136457708, "conflict_risk_score": 0.30935928162281567, "priority_zone": false, "nearest_settlement": "Kimana" }, "geometry": { "type": "Polygon", "coordinates": [ [ [ 36.881780179342876, -2.642465685096499 ], [ 36.881780179342876, -2.542465685096499 ], [ 36.781780179342874, -2.542465685096499 ], [ 36.781780179342874, -2.642465685096499 ], [ 36.881780179342876, -2.642465685096499 ] ] ] } },
{ "type": "Feature", "properties": { "cell_id": 242, "elephant_count": 1.0, "inside_protected_area": false, "dist_to_settlement_km": 79.555689445345351, "dist_to_road_km": 75.192730734680254, "elephant_score": 0.0053475935828877002, "settlement_proximity_score": 0.51742357121297622, "road_proximity_score": 0.53818657026015626, "conflict_risk_score": 0.31882207987509481, "priority_zone": false, "nearest_settlement": "Emali" }, "geometry": { "type": "Polygon", "coordinates": [ [ [ 36.881780179342876, -2.5424656850965 ], [ 36.881780179342876, -2.442465685096499 ], [ 36.781780179342874, -2.442465685096499 ], [ 36.781780179342874, -2.5424656850965 ], [ 36.881780179342876, -2.5424656850965 ] ] ] } },
{ "type": "Feature", "properties": { "cell_id": 243, "elephant_count": 0.0, "inside_protected_area": false, "dist_to_settlement_km": 76.247502528997245, "dist_to_road_km": 74.779160705951753, "elephant_score": 0.0, "settlement_proximity_score": 0.53798740562636571, "road_proximity_score": 0.54072732687454161, "conflict_risk_score": 0.32361441975027216, "priority_zone": false, "nearest_settlement": "Emali" }, "geometry": { "type": "Polygon", "coordinates": [ [ [ 36.881780179342876, -2.4424656850965 ], [ 36.881780179342876, -2.3424656850965 ], [ 36.781780179342874, -2.3424656850965 ], [ 36.781780179342874, -2.4424656850965 ], [ 36.881780179342876, -2.4424656850965 ] ] ] } },
{ "type": "Feature", "properties": { "cell_id": 244, "elephant_count": 0.0, "inside_protected_area": false, "dist_to_settlement_km": 74.462578257099366, "dist_to_road_km": 74.365590677223224, "elephant_score": 0.0, "settlement_proximity_score": 0.54908257288743023, "road_proximity_score": 0.54326808348892719, "conflict_risk_score": 0.32770519691290723, "priority_zone": false, "nearest_settlement": "Emali" }, "geometry": { "type": "Polygon", "coordinates": [ [ [ 36.881780179342876, -2.3424656850965 ], [ 36.881780179342876, -2.2424656850965 ], [ 36.781780179342874, -2.2424656850965 ], [ 36.781780179342874, -2.3424656850965 ], [ 36.881780179342876, -2.3424656850965 ] ] ] } },
{ "type": "Feature", "properties": { "cell_id": 245, "elephant_count": 0.0, "inside_protected_area": false, "dist_to_settlement_km": 74.310762877794829, "dist_to_road_km": 74.310762877794829, "elephant_score": 0.0, "settlement_proximity_score": 0.550026263918308, "road_proximity_score": 0.54360491663536714, "conflict_risk_score": 0.32808935416610252, "priority_zone": false, "nearest_settlement": "Emali" }, "geometry": { "type": "Polygon", "coordinates": [ [ [ 36.881780179342876, -2.242465685096501 ], [ 36.881780179342876, -2.1424656850965 ], [ 36.781780179342874, -2.1424656850965 ], [ 36.781780179342874, -2.242465685096501 ], [ 36.881780179342876, -2.242465685096501 ] ] ] } },
{ "type": "Feature", "properties": { "cell_id": 246, "elephant_count": 1.0, "inside_protected_area": false, "dist_to_settlement_km": 83.157285030939136, "dist_to_road_km": 83.157285030939136, "elephant_score": 0.0053475935828877002, "settlement_proximity_score": 0.49503589569193818, "road_proximity_score": 0.48925654002787533, "conflict_risk_score": 0.29742676814909913, "priority_zone": false, "nearest_settlement": "Nanyuki" }, "geometry": { "type": "Polygon", "coordinates": [ [ [ 36.881780179342876, -0.742465685096506 ], [ 36.881780179342876, -0.642465685096506 ], [ 36.781780179342874, -0.642465685096506 ], [ 36.781780179342874, -0.742465685096506 ], [ 36.881780179342876, -0.742465685096506 ] ] ] } },
{ "type": "Feature", "properties": { "cell_id": 247, "elephant_count": 0.0, "inside_protected_area": false, "dist_to_settlement_km": 72.738009132104025, "dist_to_road_km": 72.738009132104025, "elephant_score": 0.0, "settlement_proximity_score": 0.55980256991831046, "road_proximity_score": 0.55326708798382929, "conflict_risk_score": 0.3339208973706419, "priority_zone": false, "nearest_settlement": "Nanyuki" }, "geometry": { "type": "Polygon", "coordinates": [ [ [ 36.881780179342876, -0.642465685096506 ], [ 36.881780179342876, -0.542465685096506 ], [ 36.781780179342874, -0.542465685096506 ], [ 36.781780179342874, -0.642465685096506 ], [ 36.881780179342876, -0.642465685096506 ] ] ] } },
{ "type": "Feature", "properties": { "cell_id": 248, "elephant_count": 0.0, "inside_protected_area": false, "dist_to_settlement_km": 62.553352358504675, "dist_to_road_km": 62.553352358504675, "elephant_score": 0.0, "settlement_proximity_score": 0.62311084141123352, "road_proximity_score": 0.61583625950315712, "conflict_risk_score": 0.37168413027431718, "priority_zone": false, "nearest_settlement": "Nanyuki" }, "geometry": { "type": "Polygon", "coordinates": [ [ [ 36.881780179342876, -0.542465685096507 ], [ 36.881780179342876, -0.442465685096507 ], [ 36.781780179342874, -0.442465685096507 ], [ 36.781780179342874, -0.542465685096507 ], [ 36.881780179342876, -0.542465685096507 ] ] ] } },
{ "type": "Feature", "properties": { "cell_id": 249, "elephant_count": 5.0, "inside_protected_area": false, "dist_to_settlement_km": 52.739414199177773, "dist_to_road_km": 52.739414199177773, "elephant_score": 0.026737967914438502, "settlement_proximity_score": 0.68411470980039391, "road_proximity_score": 0.67612793094786805, "conflict_risk_score": 0.41876797939025401, "priority_zone": false, "nearest_settlement": "Nanyuki" }, "geometry": { "type": "Polygon", "coordinates": [ [ [ 36.881780179342876, -0.442465685096507 ], [ 36.881780179342876, -0.342465685096507 ], [ 36.781780179342874, -0.342465685096507 ], [ 36.781780179342874, -0.442465685096507 ], [ 36.881780179342876, -0.442465685096507 ] ] ] } },
{ "type": "Feature", "properties": { "cell_id": 250, "elephant_count": 8.0, "inside_protected_area": false, "dist_to_settlement_km": 43.547557094027951, "dist_to_road_km": 43.547557094027951, "elephant_score": 0.042780748663101602, "settlement_proximity_score": 0.74125169517681155, "road_proximity_score": 0.73259786376721592, "conflict_risk_score": 0.4592671671484489, "priority_zone": false, "nearest_settlement": "Nanyuki" }, "geometry": { "type": "Polygon", "coordinates": [ [ [ 36.881780179342876, -0.342465685096507 ], [ 36.881780179342876, -0.242465685096507 ], [ 36.781780179342874, -0.242465685096507 ], [ 36.781780179342874, -0.342465685096507 ], [ 36.881780179342876, -0.342465685096507 ] ] ] } },
{ "type": "Feature", "properties": { "cell_id": 251, "elephant_count": 4.0, "inside_protected_area": false, "dist_to_settlement_km": 35.464822678857608, "dist_to_road_km": 35.464822678857608, "elephant_score": 0.021390374331550801, "settlement_proximity_score": 0.79149432545250586, "road_proximity_score": 0.78225393045754554, "conflict_risk_score": 0.4806806265056357, "priority_zone": false, "nearest_settlement": "Nanyuki" }, "geometry": { "type": "Polygon", "coordinates": [ [ [ 36.881780179342876, -0.242465685096508 ], [ 36.881780179342876, -0.142465685096508 ], [ 36.781780179342874, -0.142465685096508 ], [ 36.781780179342874, -0.242465685096508 ], [ 36.881780179342876, -0.242465685096508 ] ] ] } },
{ "type": "Feature", "properties": { "cell_id": 252, "elephant_count": 2.0, "inside_protected_area": false, "dist_to_settlement_km": 29.420019823718672, "dist_to_road_km": 29.420019823718672, "elephant_score": 0.0106951871657754, "settlement_proximity_score": 0.82906908410969804, "road_proximity_score": 0.81939001810893575, "conflict_risk_score": 0.49881580553190025, "priority_zone": false, "nearest_settlement": "Nanyuki" }, "geometry": { "type": "Polygon", "coordinates": [ [ [ 36.881780179342876, -0.142465685096508 ], [ 36.881780179342876, -0.042465685096508 ], [ 36.781780179342874, -0.042465685096508 ], [ 36.781780179342874, -0.142465685096508 ], [ 36.881780179342876, -0.142465685096508 ] ] ] } },
{ "type": "Feature", "properties": { "cell_id": 253, "elephant_count": 29.0, "inside_protected_area": true, "dist_to_settlement_km": 26.827998158885887, "dist_to_road_km": 26.827998158885887, "elephant_score": 0.15508021390374332, "settlement_proximity_score": 0.84518120402896157, "road_proximity_score": 0.83531403516065805, "conflict_risk_score": 0.56618065731838318, "priority_zone": false, "nearest_settlement": "Nanyuki" }, "geometry": { "type": "Polygon", "coordinates": [ [ [ 36.881780179342876, -0.042465685096508 ], [ 36.881780179342876, 0.057534314903492 ], [ 36.781780179342874, 0.057534314903492 ], [ 36.781780179342874, -0.042465685096508 ], [ 36.881780179342876, -0.042465685096508 ] ] ] } },
{ "type": "Feature", "properties": { "cell_id": 254, "elephant_count": 26.0, "inside_protected_area": true, "dist_to_settlement_km": 28.642021646496392, "dist_to_road_km": 28.642021646496392, "elephant_score": 0.13903743315508021, "settlement_proximity_score": 0.83390515477162386, "road_proximity_score": 0.82416962948656503, "conflict_risk_score": 0.55303740853948868, "priority_zone": false, "nearest_settlement": "Nanyuki" }, "geometry": { "type": "Polygon", "coordinates": [ [ [ 36.881780179342876, 0.057534314903491 ], [ 36.881780179342876, 0.157534314903491 ], [ 36.781780179342874, 0.157534314903491 ], [ 36.781780179342874, 0.057534314903491 ], [ 36.881780179342876, 0.057534314903491 ] ] ] } },
{ "type": "Feature", "properties": { "cell_id": 255, "elephant_count": 33.0, "inside_protected_area": false, "dist_to_settlement_km": 34.167372196052028, "dist_to_road_km": 34.167372196052028, "elephant_score": 0.17647058823529413, "settlement_proximity_score": 0.79955933434185811, "road_proximity_score": 0.79022478343777869, "conflict_risk_score": 0.54752347062800866, "priority_zone": true, "nearest_settlement": "Nanyuki" }, "geometry": { "type": "Polygon", "coordinates": [ [ [ 36.881780179342876, 0.157534314903491 ], [ 36.881780179342876, 0.257534314903491 ], [ 36.781780179342874, 0.257534314903491 ], [ 36.781780179342874, 0.157534314903491 ], [ 36.881780179342876, 0.157534314903491 ] ] ] } },
{ "type": "Feature", "properties": { "cell_id": 256, "elephant_count": 30.0, "inside_protected_area": false, "dist_to_settlement_km": 41.962760175764522, "dist_to_road_km": 41.962760175764522, "elephant_score": 0.16042780748663102, "settlement_proximity_score": 0.75110286206371613, "road_proximity_score": 0.74233402203021859, "conflict_risk_score": 0.51220218822283281, "priority_zone": true, "nearest_settlement": "Nanyuki" }, "geometry": { "type": "Polygon", "coordinates": [ [ [ 36.881780179342876, 0.257534314903491 ], [ 36.881780179342876, 0.357534314903491 ], [ 36.781780179342874, 0.357534314903491 ], [ 36.781780179342874, 0.257534314903491 ], [ 36.881780179342876, 0.257534314903491 ] ] ] } },
{ "type": "Feature", "properties": { "cell_id": 257, "elephant_count": 23.0, "inside_protected_area": false, "dist_to_settlement_km": 50.997619163583579, "dist_to_road_km": 50.970488280984114, "elephant_score": 0.12299465240641712, "settlement_proximity_score": 0.69494178384419136, "road_proximity_score": 0.68699528088815742, "conflict_risk_score": 0.4637789803822715, "priority_zone": false, "nearest_settlement": "Nanyuki" }, "geometry": { "type": "Polygon", "coordinates": [ [ [ 36.881780179342876, 0.35753431490349 ], [ 36.881780179342876, 0.45753431490349 ], [ 36.781780179342874, 0.45753431490349 ], [ 36.781780179342874, 0.35753431490349 ], [ 36.881780179342876, 0.35753431490349 ] ] ] } },
{ "type": "Feature", "properties": { "cell_id": 258, "elephant_count": 30.0, "inside_protected_area": false, "dist_to_settlement_km": 60.721174882730033, "dist_to_road_km": 60.217692231466216, "elephant_score": 0.16042780748663102, "settlement_proximity_score": 0.63449973665218395, "road_proximity_score": 0.63018532617748524, "conflict_risk_score": 0.44357664184355317, "priority_zone": false, "nearest_settlement": "Nanyuki" }, "geometry": { "type": "Polygon", "coordinates": [ [ [ 36.881780179342876, 0.45753431490349 ], [ 36.881780179342876, 0.55753431490349 ], [ 36.781780179342874, 0.55753431490349 ], [ 36.781780179342874, 0.45753431490349 ], [ 36.881780179342876, 0.45753431490349 ] ] ] } },
{ "type": "Feature", "properties": { "cell_id": 259, "elephant_count": 17.0, "inside_protected_area": false, "dist_to_settlement_km": 56.302067609120463, "dist_to_road_km": 69.464896181948291, "elephant_score": 0.090909090909090912, "settlement_proximity_score": 0.66196910054466529, "road_proximity_score": 0.57337537146681317, "conflict_risk_score": 0.40696697796707992, "priority_zone": false, "nearest_settlement": "Maralal" }, "geometry": { "type": "Polygon", "coordinates": [ [ [ 36.881780179342876, 0.557534314903489 ], [ 36.881780179342876, 0.657534314903489 ], [ 36.781780179342874, 0.657534314903489 ], [ 36.781780179342874, 0.557534314903489 ], [ 36.881780179342876, 0.557534314903489 ] ] ] } },
{ "type": "Feature", "properties": { "cell_id": 260, "elephant_count": 0.0, "inside_protected_area": false, "dist_to_settlement_km": 65.325510349482755, "dist_to_road_km": 65.325510349482755, "elephant_score": 0.0, "settlement_proximity_score": 0.60587898621813085, "road_proximity_score": 0.59880557966072945, "conflict_risk_score": 0.36140536976365811, "priority_zone": false, "nearest_settlement": "Loitokitok" }, "geometry": { "type": "Polygon", "coordinates": [ [ [ 36.981780179342877, -3.142465685096497 ], [ 36.981780179342877, -3.042465685096497 ], [ 36.881780179342876, -3.042465685096497 ], [ 36.881780179342876, -3.142465685096497 ], [ 36.981780179342877, -3.142465685096497 ] ] ] } },
{ "type": "Feature", "properties": { "cell_id": 261, "elephant_count": 0.0, "inside_protected_area": false, "dist_to_settlement_km": 64.073102790528168, "dist_to_road_km": 64.073102790528168, "elephant_score": 0.0, "settlement_proximity_score": 0.61366400632480889, "road_proximity_score": 0.6064997126207583, "conflict_risk_score": 0.36604911568367016, "priority_zone": false, "nearest_settlement": "Loitokitok" }, "geometry": { "type": "Polygon", "coordinates": [ [ [ 36.981780179342877, -3.042465685096498 ], [ 36.981780179342877, -2.942465685096498 ], [ 36.881780179342876, -2.942465685096498 ], [ 36.881780179342876, -3.042465685096498 ], [ 36.981780179342877, -3.042465685096498 ] ] ] } },
{ "type": "Feature", "properties": { "cell_id": 262, "elephant_count": 0.0, "inside_protected_area": false, "dist_to_settlement_km": 64.728067327789091, "dist_to_road_km": 64.728067327789091, "elephant_score": 0.0, "settlement_proximity_score": 0.60959271814447114, "road_proximity_score": 0.60247595518033226, "conflict_risk_score": 0.36362060199744101, "priority_zone": false, "nearest_settlement": "Loitokitok" }, "geometry": { "type": "Polygon", "coordinates": [ [ [ 36.981780179342877, -2.942465685096498 ], [ 36.981780179342877, -2.842465685096498 ], [ 36.881780179342876, -2.842465685096498 ], [ 36.881780179342876, -2.942465685096498 ], [ 36.981780179342877, -2.942465685096498 ] ] ] } },
{ "type": "Feature", "properties": { "cell_id": 263, "elephant_count": 0.0, "inside_protected_area": false, "dist_to_settlement_km": 66.402716692246656, "dist_to_road_km": 65.341148008675944, "elephant_score": 0.0, "settlement_proximity_score": 0.5991830245261891, "road_proximity_score": 0.59870951011199858, "conflict_risk_score": 0.35936776039145629, "priority_zone": false, "nearest_settlement": "Kimana" }, "geometry": { "type": "Polygon", "coordinates": [ [ [ 36.981780179342877, -2.842465685096498 ], [ 36.981780179342877, -2.742465685096498 ], [ 36.881780179342876, -2.742465685096498 ], [ 36.881780179342876, -2.842465685096498 ], [ 36.981780179342877, -2.842465685096498 ] ] ] } },
{ "type": "Feature", "properties": { "cell_id": 264, "elephant_count": 0.0, "inside_protected_area": false, "dist_to_settlement_km": 68.85375983122475, "dist_to_road_km": 64.927577979947429, "elephant_score": 0.0, "settlement_proximity_score": 0.58394723328327491, "road_proximity_score": 0.60125026672638393, "conflict_risk_score": 0.35555925000289762, "priority_zone": false, "nearest_settlement": "Kimana" }, "geometry": { "type": "Polygon", "coordinates": [ [ [ 36.981780179342877, -2.742465685096499 ], [ 36.981780179342877, -2.642465685096499 ], [ 36.881780179342876, -2.642465685096499 ], [ 36.881780179342876, -2.742465685096499 ], [ 36.981780179342877, -2.742465685096499 ] ] ] } },
{ "type": "Feature", "properties": { "cell_id": 265, "elephant_count": 0.0, "inside_protected_area": false, "dist_to_settlement_km": 72.929964360893422, "dist_to_road_km": 64.514007951218929, "elephant_score": 0.0, "settlement_proximity_score": 0.55860936782924386, "road_proximity_score": 0.60379102334076928, "conflict_risk_score": 0.34872011735100394, "priority_zone": false, "nearest_settlement": "Kimana" }, "geometry": { "type": "Polygon", "coordinates": [ [ [ 36.981780179342877, -2.642465685096499 ], [ 36.981780179342877, -2.542465685096499 ], [ 36.881780179342876, -2.542465685096499 ], [ 36.881780179342876, -2.642465685096499 ], [ 36.981780179342877, -2.642465685096499 ] ] ] } },
{ "type": "Feature", "properties": { "cell_id": 266, "elephant_count": 0.0, "inside_protected_area": false, "dist_to_settlement_km": 69.323087359557334, "dist_to_road_km": 64.100437922490414, "elephant_score": 0.0, "settlement_proximity_score": 0.58102987286129171, "road_proximity_score": 0.60633177995515464, "conflict_risk_score": 0.35620849584493386, "priority_zone": false, "nearest_settlement": "Emali" }, "geometry": { "type": "Polygon", "coordinates": [ [ [ 36.981780179342877, -2.5424656850965 ], [ 36.981780179342877, -2.442465685096499 ], [ 36.881780179342876, -2.442465685096499 ], [ 36.881780179342876, -2.5424656850965 ], [ 36.981780179342877, -2.5424656850965 ] ] ] } },
{ "type": "Feature", "properties": { "cell_id": 267, "elephant_count": 1.0, "inside_protected_area": false, "dist_to_settlement_km": 65.500109617053511, "dist_to_road_km": 63.686867893761899, "elephant_score": 0.0053475935828877002, "settlement_proximity_score": 0.60479366954231617, "road_proximity_score": 0.6088725365695401, "conflict_risk_score": 0.36623889926671194, "priority_zone": false, "nearest_settlement": "Emali" }, "geometry": { "type": "Polygon", "coordinates": [ [ [ 36.981780179342877, -2.4424656850965 ], [ 36.981780179342877, -2.3424656850965 ], [ 36.881780179342876, -2.3424656850965 ], [ 36.881780179342876, -2.4424656850965 ], [ 36.981780179342877, -2.4424656850965 ] ] ] } },
{ "type": "Feature", "properties": { "cell_id": 268, "elephant_count": 0.0, "inside_protected_area": false, "dist_to_settlement_km": 63.413391950212144, "dist_to_road_km": 63.273297865033392, "elephant_score": 0.0, "settlement_proximity_score": 0.61776479773231263, "road_proximity_score": 0.61141329318392545, "conflict_risk_score": 0.36875342727487143, "priority_zone": false, "nearest_settlement": "Emali" }, "geometry": { "type": "Polygon", "coordinates": [ [ [ 36.981780179342877, -2.3424656850965 ], [ 36.981780179342877, -2.2424656850965 ], [ 36.881780179342876, -2.2424656850965 ], [ 36.881780179342876, -2.3424656850965 ], [ 36.981780179342877, -2.3424656850965 ] ] ] } },
{ "type": "Feature", "properties": { "cell_id": 269, "elephant_count": 0.0, "inside_protected_area": false, "dist_to_settlement_km": 63.235055130966991, "dist_to_road_km": 63.235055130966991, "elephant_score": 0.0, "settlement_proximity_score": 0.61887334719263642, "road_proximity_score": 0.61164823641670785, "conflict_risk_score": 0.36915647508280325, "priority_zone": false, "nearest_settlement": "Emali" }, "geometry": { "type": "Polygon", "coordinates": [ [ [ 36.981780179342877, -2.242465685096501 ], [ 36.981780179342877, -2.1424656850965 ], [ 36.881780179342876, -2.1424656850965 ], [ 36.881780179342876, -2.242465685096501 ], [ 36.981780179342877, -2.242465685096501 ] ] ] } },
{ "type": "Feature", "properties": { "cell_id": 270, "elephant_count": 0.0, "inside_protected_area": false, "dist_to_settlement_km": 64.980813446752379, "dist_to_road_km": 64.980813446752379, "elephant_score": 0.0, "settlement_proximity_score": 0.60802163722600677, "road_proximity_score": 0.60092321603361398, "conflict_risk_score": 0.3626834559778862, "priority_zone": false, "nearest_settlement": "Emali" }, "geometry": { "type": "Polygon", "coordinates": [ [ [ 36.981780179342877, -2.142465685096501 ], [ 36.981780179342877, -2.042465685096501 ], [ 36.881780179342876, -2.042465685096501 ], [ 36.881780179342876, -2.142465685096501 ], [ 36.981780179342877, -2.142465685096501 ] ] ] } },
{ "type": "Feature", "properties": { "cell_id": 271, "elephant_count": 0.0, "inside_protected_area": false, "dist_to_settlement_km": 80.269489294834315, "dist_to_road_km": 80.269489294834315, "elephant_score": 0.0, "settlement_proximity_score": 0.51298656016119537, "road_proximity_score": 0.50699763732174807, "conflict_risk_score": 0.30599525924488302, "priority_zone": false, "nearest_settlement": "Nanyuki" }, "geometry": { "type": "Polygon", "coordinates": [ [ [ 36.981780179342877, -0.742465685096506 ], [ 36.981780179342877, -0.642465685096506 ], [ 36.881780179342876, -0.642465685096506 ], [ 36.881780179342876, -0.742465685096506 ], [ 36.981780179342877, -0.742465685096506 ] ] ] } },
{ "type": "Feature", "properties": { "cell_id": 272, "elephant_count": 0.0, "inside_protected_area": false, "dist_to_settlement_km": 69.418116010438624, "dist_to_road_km": 69.418116010438624, "elephant_score": 0.0, "settlement_proximity_score": 0.58043917061541994, "road_proximity_score": 0.57366276422240203, "conflict_risk_score": 0.34623058045134658, "priority_zone": false, "nearest_settlement": "Nanyuki" }, "geometry": { "type": "Polygon", "coordinates": [ [ [ 36.981780179342877, -0.642465685096506 ], [ 36.981780179342877, -0.542465685096506 ], [ 36.881780179342876, -0.542465685096506 ], [ 36.881780179342876, -0.642465685096506 ], [ 36.981780179342877, -0.642465685096506 ] ] ] } },
{ "type": "Feature", "properties": { "cell_id": 273, "elephant_count": 0.0, "inside_protected_area": false, "dist_to_settlement_km": 58.659856368933504, "dist_to_road_km": 58.659856368933504, "elephant_score": 0.0, "settlement_proximity_score": 0.64731298259711334, "road_proximity_score": 0.63975584990239243, "conflict_risk_score": 0.38612064974985172, "priority_zone": false, "nearest_settlement": "Nanyuki" }, "geometry": { "type": "Polygon", "coordinates": [ [ [ 36.981780179342877, -0.542465685096507 ], [ 36.981780179342877, -0.442465685096507 ], [ 36.881780179342876, -0.442465685096507 ], [ 36.881780179342876, -0.542465685096507 ], [ 36.981780179342877, -0.542465685096507 ] ] ] } },
{ "type": "Feature", "properties": { "cell_id": 274, "elephant_count": 4.0, "inside_protected_area": false, "dist_to_settlement_km": 48.057285275066256, "dist_to_road_km": 48.057285275066256, "elephant_score": 0.021390374331550801, "settlement_proximity_score": 0.71321902776434265, "road_proximity_score": 0.70489246707713082, "conflict_risk_score": 0.43398959818506233, "priority_zone": false, "nearest_settlement": "Nanyuki" }, "geometry": { "type": "Polygon", "coordinates": [ [ [ 36.981780179342877, -0.442465685096507 ], [ 36.981780179342877, -0.342465685096507 ], [ 36.881780179342876, -0.342465685096507 ], [ 36.881780179342876, -0.442465685096507 ], [ 36.981780179342877, -0.442465685096507 ] ] ] } },
{ "type": "Feature", "properties": { "cell_id": 275, "elephant_count": 11.0, "inside_protected_area": false, "dist_to_settlement_km": 37.741841327554361, "dist_to_road_km": 37.741841327554361, "elephant_score": 0.058823529411764705, "settlement_proximity_score": 0.7773402780446621, "road_proximity_score": 0.76826512616594389, "conflict_risk_score": 0.48721103302788765, "priority_zone": false, "nearest_settlement": "Nanyuki" }, "geometry": { "type": "Polygon", "coordinates": [ [ [ 36.981780179342877, -0.342465685096507 ], [ 36.981780179342877, -0.242465685096507 ], [ 36.881780179342876, -0.242465685096507 ], [ 36.881780179342876, -0.342465685096507 ], [ 36.981780179342877, -0.342465685096507 ] ] ] } },
{ "type": "Feature", "properties": { "cell_id": 276, "elephant_count": 5.0, "inside_protected_area": true, "dist_to_settlement_km": 28.032311812968246, "dist_to_road_km": 28.032311812968246, "elephant_score": 0.026737967914438502, "settlement_proximity_score": 0.83769513773628912, "road_proximity_score": 0.82791536584264269, "conflict_risk_score": 0.51037833823945489, "priority_zone": false, "nearest_settlement": "Nanyuki" }, "geometry": { "type": "Polygon", "coordinates": [ [ [ 36.981780179342877, -0.242465685096508 ], [ 36.981780179342877, -0.142465685096508 ], [ 36.881780179342876, -0.142465685096508 ], [ 36.881780179342876, -0.242465685096508 ], [ 36.981780179342877, -0.242465685096508 ] ] ] } },
{ "type": "Feature", "properties": { "cell_id": 277, "elephant_count": 5.0, "inside_protected_area": false, "dist_to_settlement_km": 19.839214308149042, "dist_to_road_km": 19.839214308149042, "elephant_score": 0.026737967914438502, "settlement_proximity_score": 0.88862378979922707, "road_proximity_score": 0.87824944527696014, "conflict_risk_score": 0.54075715768863153, "priority_zone": true, "nearest_settlement": "Nanyuki" }, "geometry": { "type": "Polygon", "coordinates": [ [ [ 36.981780179342877, -0.142465685096508 ], [ 36.981780179342877, -0.042465685096508 ], [ 36.881780179342876, -0.042465685096508 ], [ 36.881780179342876, -0.142465685096508 ], [ 36.981780179342877, -0.142465685096508 ] ] ] } },
{ "type": "Feature", "properties": { "cell_id": 278, "elephant_count": 31.0, "inside_protected_area": true, "dist_to_settlement_km": 15.741611834556544, "dist_to_road_km": 15.741611834556544, "elephant_score": 0.16577540106951871, "settlement_proximity_score": 0.91409466580760812, "road_proximity_score": 0.90342295850254362, "conflict_risk_score": 0.61156544772085297, "priority_zone": false, "nearest_settlement": "Nanyuki" }, "geometry": { "type": "Polygon", "coordinates": [ [ [ 36.981780179342877, -0.042465685096508 ], [ 36.981780179342877, 0.057534314903492 ], [ 36.881780179342876, 0.057534314903492 ], [ 36.881780179342876, -0.042465685096508 ], [ 36.981780179342877, -0.042465685096508 ] ] ] } },
{ "type": "Feature", "properties": { "cell_id": 279, "elephant_count": 27.0, "inside_protected_area": false, "dist_to_settlement_km": 18.666072482850641, "dist_to_road_km": 18.666072482850641, "elephant_score": 0.14438502673796791, "settlement_proximity_score": 0.89591609064221833, "road_proximity_score": 0.88545661128316933, "conflict_risk_score": 0.59216582127280337, "priority_zone": true, "nearest_settlement": "Nanyuki" }, "geometry": { "type": "Polygon", "coordinates": [ [ [ 36.981780179342877, 0.057534314903491 ], [ 36.981780179342877, 0.157534314903491 ], [ 36.881780179342876, 0.157534314903491 ], [ 36.881780179342876, 0.057534314903491 ], [ 36.981780179342877, 0.057534314903491 ] ] ] } },
{ "type": "Feature", "properties": { "cell_id": 280, "elephant_count": 48.0, "inside_protected_area": false, "dist_to_settlement_km": 26.371692792087032, "dist_to_road_km": 26.371692792087032, "elephant_score": 0.25668449197860965, "settlement_proximity_score": 0.84801761812588661, "road_proximity_score": 0.83811733520258358, "conflict_risk_score": 0.60851428278998487, "priority_zone": true, "nearest_settlement": "Nanyuki" }, "geometry": { "type": "Polygon", "coordinates": [ [ [ 36.981780179342877, 0.157534314903491 ], [ 36.981780179342877, 0.257534314903491 ], [ 36.881780179342876, 0.257534314903491 ], [ 36.881780179342876, 0.157534314903491 ], [ 36.981780179342877, 0.157534314903491 ] ] ] } },
{ "type": "Feature", "properties": { "cell_id": 281, "elephant_count": 65.0, "inside_protected_area": false, "dist_to_settlement_km": 35.901672656094938, "dist_to_road_km": 35.583315348642728, "elephant_score": 0.34759358288770054, "settlement_proximity_score": 0.78877884690714062, "road_proximity_score": 0.78152597385140954, "conflict_risk_score": 0.61012887938264526, "priority_zone": true, "nearest_settlement": "Nanyuki" }, "geometry": { "type": "Polygon", "coordinates": [ [ [ 36.981780179342877, 0.257534314903491 ], [ 36.981780179342877, 0.357534314903491 ], [ 36.881780179342876, 0.357534314903491 ], [ 36.881780179342876, 0.257534314903491 ], [ 36.981780179342877, 0.257534314903491 ] ] ] } },
{ "type": "Feature", "properties": { "cell_id": 282, "elephant_count": 33.0, "inside_protected_area": false, "dist_to_settlement_km": 46.139072577269829, "dist_to_road_km": 44.830519299124823, "elephant_score": 0.17647058823529413, "settlement_proximity_score": 0.72514272170443328, "road_proximity_score": 0.72471601914073736, "conflict_risk_score": 0.50554585754766879, "priority_zone": true, "nearest_settlement": "Nanyuki" }, "geometry": { "type": "Polygon", "coordinates": [ [ [ 36.981780179342877, 0.35753431490349 ], [ 36.981780179342877, 0.45753431490349 ], [ 36.881780179342876, 0.45753431490349 ], [ 36.881780179342876, 0.35753431490349 ], [ 36.981780179342877, 0.35753431490349 ] ] ] } },
{ "type": "Feature", "properties": { "cell_id": 283, "elephant_count": 5.0, "inside_protected_area": false, "dist_to_settlement_km": 56.702009991496332, "dist_to_road_km": 54.077723249606919, "elephant_score": 0.026737967914438502, "settlement_proximity_score": 0.65948304122152623, "road_proximity_score": 0.66790606443006517, "conflict_risk_score": 0.40891191886125283, "priority_zone": false, "nearest_settlement": "Nanyuki" }, "geometry": { "type": "Polygon", "coordinates": [ [ [ 36.981780179342877, 0.45753431490349 ], [ 36.981780179342877, 0.55753431490349 ], [ 36.881780179342876, 0.55753431490349 ], [ 36.881780179342876, 0.45753431490349 ], [ 36.981780179342877, 0.45753431490349 ] ] ] } },
{ "type": "Feature", "properties": { "cell_id": 284, "elephant_count": 3.0, "inside_protected_area": false, "dist_to_settlement_km": 59.709655686374219, "dist_to_road_km": 63.324927200088986, "elephant_score": 0.016042780748663103, "settlement_proximity_score": 0.64078738417204884, "road_proximity_score": 0.61109610971939321, "conflict_risk_score": 0.38198216046689781, "priority_zone": false, "nearest_settlement": "Wamba" }, "geometry": { "type": "Polygon", "coordinates": [ [ [ 36.981780179342877, 0.557534314903489 ], [ 36.981780179342877, 0.657534314903489 ], [ 36.881780179342876, 0.657534314903489 ], [ 36.881780179342876, 0.557534314903489 ], [ 36.981780179342877, 0.557534314903489 ] ] ] } },
{ "type": "Feature", "properties": { "cell_id": 285, "elephant_count": 0.0, "inside_protected_area": false, "dist_to_settlement_km": 54.486145581763871, "dist_to_road_km": 54.486145581763871, "elephant_score": 0.0, "settlement_proximity_score": 0.67325695120801587, "road_proximity_score": 0.665396932554429, "conflict_risk_score": 0.40159616512873342, "priority_zone": false, "nearest_settlement": "Loitokitok" }, "geometry": { "type": "Polygon", "coordinates": [ [ [ 37.081780179342879, -3.142465685096497 ], [ 37.081780179342879, -3.042465685096497 ], [ 36.981780179342877, -3.042465685096497 ], [ 36.981780179342877, -3.142465685096497 ], [ 37.081780179342879, -3.142465685096497 ] ] ] } },
{ "type": "Feature", "properties": { "cell_id": 286, "elephant_count": 0.0, "inside_protected_area": false, "dist_to_settlement_km": 52.978111132262711, "dist_to_road_km": 52.978111132262711, "elephant_score": 0.0, "settlement_proximity_score": 0.68263095923518669, "road_proximity_score": 0.67466150260577173, "conflict_risk_score": 0.40718773855228751, "priority_zone": false, "nearest_settlement": "Loitokitok" }, "geometry": { "type": "Polygon", "coordinates": [ [ [ 37.081780179342879, -3.042465685096498 ], [ 37.081780179342879, -2.942465685096498 ], [ 36.981780179342877, -2.942465685096498 ], [ 36.981780179342877, -3.042465685096498 ], [ 37.081780179342879, -3.042465685096498 ] ] ] } },
{ "type": "Feature", "properties": { "cell_id": 287, "elephant_count": 0.0, "inside_protected_area": false, "dist_to_settlement_km": 53.768396460444933, "dist_to_road_km": 53.753562584765383, "elephant_score": 0.0, "settlement_proximity_score": 0.67771851110604353, "road_proximity_score": 0.6698975369646003, "conflict_risk_score": 0.40428481442119313, "priority_zone": false, "nearest_settlement": "Loitokitok" }, "geometry": { "type": "Polygon", "coordinates": [ [ [ 37.081780179342879, -2.942465685096498 ], [ 37.081780179342879, -2.842465685096498 ], [ 36.981780179342877, -2.842465685096498 ], [ 36.981780179342877, -2.942465685096498 ], [ 37.081780179342879, -2.942465685096498 ] ] ] } },
{ "type": "Feature", "properties": { "cell_id": 288, "elephant_count": 2.0, "inside_protected_area": false, "dist_to_settlement_km": 55.436294086523894, "dist_to_road_km": 54.248855196487682, "elephant_score": 0.0106951871657754, "settlement_proximity_score": 0.66735078658851987, "road_proximity_score": 0.66685471980698718, "conflict_risk_score": 0.40453972678496225, "priority_zone": false, "nearest_settlement": "Kimana" }, "geometry": { "type": "Polygon", "coordinates": [ [ [ 37.081780179342879, -2.842465685096498 ], [ 37.081780179342879, -2.742465685096498 ], [ 36.981780179342877, -2.742465685096498 ], [ 36.981780179342877, -2.842465685096498 ], [ 37.081780179342879, -2.842465685096498 ] ] ] } },
{ "type": "Feature", "properties": { "cell_id": 289, "elephant_count": 4.0, "inside_protected_area": false, "dist_to_settlement_km": 58.349825713816585, "dist_to_road_km": 53.835285167759174, "elephant_score": 0.021390374331550801, "settlement_proximity_score": 0.64924014669518582, "road_proximity_score": 0.66939547642137254, "conflict_risk_score": 0.40414683666758777, "priority_zone": false, "nearest_settlement": "Kimana" }, "geometry": { "type": "Polygon", "coordinates": [ [ [ 37.081780179342879, -2.742465685096499 ], [ 37.081780179342879, -2.642465685096499 ], [ 36.981780179342877, -2.642465685096499 ], [ 36.981780179342877, -2.742465685096499 ], [ 37.081780179342879, -2.742465685096499 ] ] ] } },
{ "type": "Feature", "properties": { "cell_id": 290, "elephant_count": 10.0, "inside_protected_area": false, "dist_to_settlement_km": 63.108173952491896, "dist_to_road_km": 53.421715139030667, "elephant_score": 0.053475935828877004, "settlement_proximity_score": 0.61966204614173259, "road_proximity_score": 0.67193623303575789, "conflict_risk_score": 0.40886985808479792, "priority_zone": false, "nearest_settlement": "Kimana" }, "geometry": { "type": "Polygon", "coordinates": [ [ [ 37.081780179342879, -2.642465685096499 ], [ 37.081780179342879, -2.542465685096499 ], [ 36.981780179342877, -2.542465685096499 ], [ 36.981780179342877, -2.642465685096499 ], [ 37.081780179342879, -2.642465685096499 ] ] ] } },
{ "type": "Feature", "properties": { "cell_id": 291, "elephant_count": 7.0, "inside_protected_area": false, "dist_to_settlement_km": 59.4028043024705, "dist_to_road_km": 53.008145110302152, "elephant_score": 0.037433155080213901, "settlement_proximity_score": 0.6426947857813512, "road_proximity_score": 0.67447698965014324, "conflict_risk_score": 0.41012479466153384, "priority_zone": false, "nearest_settlement": "Emali" }, "geometry": { "type": "Polygon", "coordinates": [ [ [ 37.081780179342879, -2.5424656850965 ], [ 37.081780179342879, -2.442465685096499 ], [ 36.981780179342877, -2.442465685096499 ], [ 36.981780179342877, -2.5424656850965 ], [ 37.081780179342879, -2.5424656850965 ] ] ] } },
{ "type": "Feature", "properties": { "cell_id": 292, "elephant_count": 2.0, "inside_protected_area": false, "dist_to_settlement_km": 54.893233442591217, "dist_to_road_km": 52.594575081573645, "elephant_score": 0.0106951871657754, "settlement_proximity_score": 0.67072647527862206, "road_proximity_score": 0.67701774626452871, "conflict_risk_score": 0.40860134132925541, "priority_zone": false, "nearest_settlement": "Emali" }, "geometry": { "type": "Polygon", "coordinates": [ [ [ 37.081780179342879, -2.4424656850965 ], [ 37.081780179342879, -2.3424656850965 ], [ 36.981780179342877, -2.3424656850965 ], [ 36.981780179342877, -2.4424656850965 ], [ 37.081780179342879, -2.4424656850965 ] ] ] } },
{ "type": "Feature", "properties": { "cell_id": 293, "elephant_count": 0.0, "inside_protected_area": false, "dist_to_settlement_km": 52.385694579417589, "dist_to_road_km": 52.18100505284513, "elephant_score": 0.0, "settlement_proximity_score": 0.68631344641154801, "road_proximity_score": 0.67955850287891417, "conflict_risk_score": 0.40976158478713864, "priority_zone": false, "nearest_settlement": "Emali" }, "geometry": { "type": "Polygon", "coordinates": [ [ [ 37.081780179342879, -2.3424656850965 ], [ 37.081780179342879, -2.2424656850965 ], [ 36.981780179342877, -2.2424656850965 ], [ 36.981780179342877, -2.3424656850965 ], [ 37.081780179342879, -2.3424656850965 ] ] ] } },
{ "type": "Feature", "properties": { "cell_id": 294, "elephant_count": 0.0, "inside_protected_area": false, "dist_to_settlement_km": 52.169674288356688, "dist_to_road_km": 52.169674288356688, "elephant_score": 0.0, "settlement_proximity_score": 0.68765623797914555, "road_proximity_score": 0.67962811313309168, "conflict_risk_score": 0.41018530533367115, "priority_zone": false, "nearest_settlement": "Emali" }, "geometry": { "type": "Polygon", "coordinates": [ [ [ 37.081780179342879, -2.242465685096501 ], [ 37.081780179342879, -2.1424656850965 ], [ 36.981780179342877, -2.1424656850965 ], [ 36.981780179342877, -2.242465685096501 ], [ 37.081780179342879, -2.242465685096501 ] ] ] } },
{ "type": "Feature", "properties": { "cell_id": 295, "elephant_count": 0.0, "inside_protected_area": false, "dist_to_settlement_km": 54.272542175011722, "dist_to_road_km": 54.272542175011722, "elephant_score": 0.0, "settlement_proximity_score": 0.67458471931715158, "road_proximity_score": 0.66670919947625917, "conflict_risk_score": 0.4023881756380232, "priority_zone": false, "nearest_settlement": "Emali" }, "geometry": { "type": "Polygon", "coordinates": [ [ [ 37.081780179342879, -2.142465685096501 ], [ 37.081780179342879, -2.042465685096501 ], [ 36.981780179342877, -2.042465685096501 ], [ 36.981780179342877, -2.142465685096501 ], [ 37.081780179342879, -2.142465685096501 ] ] ] } },
{ "type": "Feature", "properties": { "cell_id": 296, "elephant_count": 0.0, "inside_protected_area": false, "dist_to_settlement_km": 78.852189377278762, "dist_to_road_km": 78.852189377278762, "elephant_score": 0.0, "settlement_proximity_score": 0.52179655837341743, "road_proximity_score": 0.5157047821580607, "conflict_risk_score": 0.31125040215944344, "priority_zone": false, "nearest_settlement": "Nanyuki" }, "geometry": { "type": "Polygon", "coordinates": [ [ [ 37.081780179342879, -0.742465685096506 ], [ 37.081780179342879, -0.642465685096506 ], [ 36.981780179342877, -0.642465685096506 ], [ 36.981780179342877, -0.742465685096506 ], [ 37.081780179342879, -0.742465685096506 ] ] ] } },
{ "type": "Feature", "properties": { "cell_id": 297, "elephant_count": 1.0, "inside_protected_area": false, "dist_to_settlement_km": 67.774270105811027, "dist_to_road_km": 67.774270105811027, "elephant_score": 0.0053475935828877002, "settlement_proximity_score": 0.5906573885815336, "road_proximity_score": 0.58376168838296949, "conflict_risk_score": 0.35446476052250597, "priority_zone": false, "nearest_settlement": "Nanyuki" }, "geometry": { "type": "Polygon", "coordinates": [ [ [ 37.081780179342879, -0.642465685096506 ], [ 37.081780179342879, -0.542465685096506 ], [ 36.981780179342877, -0.542465685096506 ], [ 36.981780179342877, -0.642465685096506 ], [ 37.081780179342879, -0.642465685096506 ] ] ] } },
{ "type": "Feature", "properties": { "cell_id": 298, "elephant_count": 0.0, "inside_protected_area": false, "dist_to_settlement_km": 56.704987498108345, "dist_to_road_km": 56.704987498108345, "elephant_score": 0.0, "settlement_proximity_score": 0.6594645329103328, "road_proximity_score": 0.65176553549076854, "conflict_risk_score": 0.3933690205203304, "priority_zone": false, "nearest_settlement": "Nanyuki" }, "geometry": { "type": "Polygon", "coordinates": [ [ [ 37.081780179342879, -0.542465685096507 ], [ 37.081780179342879, -0.442465685096507 ], [ 36.981780179342877, -0.442465685096507 ], [ 36.981780179342877, -0.542465685096507 ], [ 37.081780179342879, -0.542465685096507 ] ] ] } },
{ "type": "Feature", "properties": { "cell_id": 299, "elephant_count": 3.0, "inside_protected_area": false, "dist_to_settlement_km": 45.650624595352639, "dist_to_road_km": 45.650624595352639, "elephant_score": 0.016042780748663103, "settlement_proximity_score": 0.72817893570130954, "road_proximity_score": 0.71967772378290062, "conflict_risk_score": 0.44077411014472828, "priority_zone": false, "nearest_settlement": "Nanyuki" }, "geometry": { "type": "Polygon", "coordinates": [ [ [ 37.081780179342879, -0.442465685096507 ], [ 37.081780179342879, -0.342465685096507 ], [ 36.981780179342877, -0.342465685096507 ], [ 36.981780179342877, -0.442465685096507 ], [ 37.081780179342879, -0.442465685096507 ] ] ] } },
{ "type": "Feature", "properties": { "cell_id": 300, "elephant_count": 4.0, "inside_protected_area": false, "dist_to_settlement_km": 34.625473927890326, "dist_to_road_km": 34.625473927890326, "elephant_score": 0.021390374331550801, "settlement_proximity_score": 0.79671175396136107, "road_proximity_score": 0.78741044747439193, "conflict_risk_score": 0.48379281016334619, "priority_zone": false, "nearest_settlement": "Nanyuki" }, "geometry": { "type": "Polygon", "coordinates": [ [ [ 37.081780179342879, -0.342465685096507 ], [ 37.081780179342879, -0.242465685096507 ], [ 36.981780179342877, -0.242465685096507 ], [ 36.981780179342877, -0.342465685096507 ], [ 37.081780179342879, -0.342465685096507 ] ] ] } },
{ "type": "Feature", "properties": { "cell_id": 301, "elephant_count": 2.0, "inside_protected_area": false, "dist_to_settlement_km": 23.670390016140448, "dist_to_road_km": 23.670390016140448, "elephant_score": 0.0106951871657754, "settlement_proximity_score": 0.86480903420654598, "road_proximity_score": 0.85471271789156789, "conflict_risk_score": 0.52013460049574434, "priority_zone": true, "nearest_settlement": "Nanyuki" }, "geometry": { "type": "Polygon", "coordinates": [ [ [ 37.081780179342879, -0.242465685096508 ], [ 37.081780179342879, -0.142465685096508 ], [ 36.981780179342877, -0.142465685096508 ], [ 36.981780179342877, -0.242465685096508 ], [ 37.081780179342879, -0.242465685096508 ] ] ] } },
{ "type": "Feature", "properties": { "cell_id": 302, "elephant_count": 1.0, "inside_protected_area": false, "dist_to_settlement_km": 12.964230879669961, "dist_to_road_km": 12.964230879669961, "elephant_score": 0.0053475935828877002, "settlement_proximity_score": 0.93135898717256793, "road_proximity_score": 0.92048572548662899, "conflict_risk_score": 0.55769245123091404, "priority_zone": true, "nearest_settlement": "Nanyuki" }, "geometry": { "type": "Polygon", "coordinates": [ [ [ 37.081780179342879, -0.142465685096508 ], [ 37.081780179342879, -0.042465685096508 ], [ 36.981780179342877, -0.042465685096508 ], [ 36.981780179342877, -0.142465685096508 ], [ 37.081780179342879, -0.142465685096508 ] ] ] } },
{ "type": "Feature", "properties": { "cell_id": 303, "elephant_count": 7.0, "inside_protected_area": false, "dist_to_settlement_km": 4.7196611198870162, "dist_to_road_km": 4.7196611198870162, "elephant_score": 0.037433155080213901, "settlement_proximity_score": 0.98260759302128731, "road_proximity_score": 0.97113602336805815, "conflict_risk_score": 0.60109634694888914, "priority_zone": true, "nearest_settlement": "Nanyuki" }, "geometry": { "type": "Polygon", "coordinates": [ [ [ 37.081780179342879, -0.042465685096508 ], [ 37.081780179342879, 0.057534314903492 ], [ 36.981780179342877, 0.057534314903492 ], [ 36.981780179342877, -0.042465685096508 ], [ 37.081780179342879, -0.042465685096508 ] ] ] } },
{ "type": "Feature", "properties": { "cell_id": 304, "elephant_count": 3.0, "inside_protected_area": false, "dist_to_settlement_km": 11.08598754607619, "dist_to_road_km": 10.948938465820127, "elephant_score": 0.016042780748663103, "settlement_proximity_score": 0.94303422979843254, "road_proximity_score": 0.93286662152532851, "conflict_risk_score": 0.5691873676965935, "priority_zone": true, "nearest_settlement": "Nanyuki" }, "geometry": { "type": "Polygon", "coordinates": [ [ [ 37.081780179342879, 0.057534314903491 ], [ 37.081780179342879, 0.157534314903491 ], [ 36.981780179342877, 0.157534314903491 ], [ 36.981780179342877, 0.057534314903491 ], [ 37.081780179342879, 0.057534314903491 ] ] ] } },
{ "type": "Feature", "properties": { "cell_id": 305, "elephant_count": 8.0, "inside_protected_area": false, "dist_to_settlement_km": 21.678169633456843, "dist_to_road_km": 20.196142416301775, "elephant_score": 0.042780748663101602, "settlement_proximity_score": 0.8771927631494405, "road_proximity_score": 0.8760566668146591, "conflict_risk_score": 0.54308712845447049, "priority_zone": true, "nearest_settlement": "Nanyuki" }, "geometry": { "type": "Polygon", "coordinates": [ [ [ 37.081780179342879, 0.157534314903491 ], [ 37.081780179342879, 0.257534314903491 ], [ 36.981780179342877, 0.257534314903491 ], [ 36.981780179342877, 0.157534314903491 ], [ 37.081780179342879, 0.157534314903491 ] ] ] } },
{ "type": "Feature", "properties": { "cell_id": 306, "elephant_count": 10.0, "inside_protected_area": false, "dist_to_settlement_km": 32.609921150504334, "dist_to_road_km": 29.443346366783878, "elephant_score": 0.053475935828877004, "settlement_proximity_score": 0.80924051808916508, "road_proximity_score": 0.81924671210398681, "conflict_risk_score": 0.50993654338949634, "priority_zone": true, "nearest_settlement": "Nanyuki" }, "geometry": { "type": "Polygon", "coordinates": [ [ [ 37.081780179342879, 0.257534314903491 ], [ 37.081780179342879, 0.357534314903491 ], [ 36.981780179342877, 0.357534314903491 ], [ 36.981780179342877, 0.257534314903491 ], [ 37.081780179342879, 0.257534314903491 ] ] ] } },
{ "type": "Feature", "properties": { "cell_id": 307, "elephant_count": 15.0, "inside_protected_area": false, "dist_to_settlement_km": 43.626722043115826, "dist_to_road_km": 38.690550317265959, "elephant_score": 0.080213903743315509, "settlement_proximity_score": 0.74075960239440475, "road_proximity_score": 0.76243675739331473, "conflict_risk_score": 0.48304446943364199, "priority_zone": false, "nearest_settlement": "Nanyuki" }, "geometry": { "type": "Polygon", "coordinates": [ [ [ 37.081780179342879, 0.35753431490349 ], [ 37.081780179342879, 0.45753431490349 ], [ 36.981780179342877, 0.45753431490349 ], [ 36.981780179342877, 0.35753431490349 ], [ 37.081780179342879, 0.35753431490349 ] ] ] } },
{ "type": "Feature", "properties": { "cell_id": 308, "elephant_count": 1.0, "inside_protected_area": false, "dist_to_settlement_km": 54.677187153441473, "dist_to_road_km": 47.937754267748062, "elephant_score": 0.0053475935828877002, "settlement_proximity_score": 0.67206942845147566, "road_proximity_score": 0.70562680268264244, "conflict_risk_score": 0.4154479067733905, "priority_zone": false, "nearest_settlement": "Nanyuki" }, "geometry": { "type": "Polygon", "coordinates": [ [ [ 37.081780179342879, 0.45753431490349 ], [ 37.081780179342879, 0.55753431490349 ], [ 36.981780179342877, 0.55753431490349 ], [ 36.981780179342877, 0.45753431490349 ], [ 37.081780179342879, 0.45753431490349 ] ] ] } },
{ "type": "Feature", "properties": { "cell_id": 309, "elephant_count": 0.0, "inside_protected_area": false, "dist_to_settlement_km": 52.344374675050638, "dist_to_road_km": 57.184958218230129, "elephant_score": 0.0, "settlement_proximity_score": 0.68657029274244308, "road_proximity_score": 0.64881684797197048, "conflict_risk_score": 0.40061614221432407, "priority_zone": false, "nearest_settlement": "Wamba" }, "geometry": { "type": "Polygon", "coordinates": [ [ [ 37.081780179342879, 0.557534314903489 ], [ 37.081780179342879, 0.657534314903489 ], [ 36.981780179342877, 0.657534314903489 ], [ 36.981780179342877, 0.557534314903489 ], [ 37.081780179342879, 0.557534314903489 ] ] ] } },
{ "type": "Feature", "properties": { "cell_id": 310, "elephant_count": 0.0, "inside_protected_area": false, "dist_to_settlement_km": 44.013427029796972, "dist_to_road_km": 66.432162168712239, "elephant_score": 0.0, "settlement_proximity_score": 0.73835582730127269, "road_proximity_score": 0.59200689326129818, "conflict_risk_score": 0.39910881616877125, "priority_zone": false, "nearest_settlement": "Wamba" }, "geometry": { "type": "Polygon", "coordinates": [ [ [ 37.081780179342879, 0.657534314903489 ], [ 37.081780179342879, 0.757534314903489 ], [ 36.981780179342877, 0.757534314903489 ], [ 36.981780179342877, 0.657534314903489 ], [ 37.081780179342879, 0.657534314903489 ] ] ] } },
{ "type": "Feature", "properties": { "cell_id": 311, "elephant_count": 0.0, "inside_protected_area": false, "dist_to_settlement_km": 37.15978952702023, "dist_to_road_km": 73.457290748121608, "elephant_score": 0.0, "settlement_proximity_score": 0.7809583374678013, "road_proximity_score": 0.54884820025852421, "conflict_risk_score": 0.39894196131789761, "priority_zone": false, "nearest_settlement": "Wamba" }, "geometry": { "type": "Polygon", "coordinates": [ [ [ 37.081780179342879, 0.757534314903489 ], [ 37.081780179342879, 0.857534314903489 ], [ 36.981780179342877, 0.857534314903489 ], [ 36.981780179342877, 0.757534314903489 ], [ 37.081780179342879, 0.757534314903489 ] ] ] } },
{ "type": "Feature", "properties": { "cell_id": 312, "elephant_count": 0.0, "inside_protected_area": false, "dist_to_settlement_km": 32.725191465866487, "dist_to_road_km": 77.209259587541439, "elephant_score": 0.0, "settlement_proximity_score": 0.80852399277248099, "road_proximity_score": 0.52579807819084978, "conflict_risk_score": 0.40029662128899923, "priority_zone": false, "nearest_settlement": "Wamba" }, "geometry": { "type": "Polygon", "coordinates": [ [ [ 37.081780179342879, 0.857534314903488 ], [ 37.081780179342879, 0.957534314903488 ], [ 36.981780179342877, 0.957534314903488 ], [ 36.981780179342877, 0.857534314903488 ], [ 37.081780179342879, 0.857534314903488 ] ] ] } },
{ "type": "Feature", "properties": { "cell_id": 313, "elephant_count": 0.0, "inside_protected_area": false, "dist_to_settlement_km": 48.217814337738801, "dist_to_road_km": 48.217814337738801, "elephant_score": 0.0, "settlement_proximity_score": 0.71222117209693114, "road_proximity_score": 0.70390626099483722, "conflict_risk_score": 0.42483822992753051, "priority_zone": false, "nearest_settlement": "Loitokitok" }, "geometry": { "type": "Polygon", "coordinates": [ [ [ 37.18178017934288, -3.242465685096497 ], [ 37.18178017934288, -3.142465685096497 ], [ 37.081780179342879, -3.142465685096497 ], [ 37.081780179342879, -3.242465685096497 ], [ 37.18178017934288, -3.242465685096497 ] ] ] } },
{ "type": "Feature", "properties": { "cell_id": 314, "elephant_count": 0.0, "inside_protected_area": false, "dist_to_settlement_km": 43.777594935010562, "dist_to_road_km": 43.777594935010562, "elephant_score": 0.0, "settlement_proximity_score": 0.73982176990644577, "road_proximity_score": 0.73118463233013031, "conflict_risk_score": 0.44130192067097285, "priority_zone": false, "nearest_settlement": "Loitokitok" }, "geometry": { "type": "Polygon", "coordinates": [ [ [ 37.18178017934288, -3.142465685096497 ], [ 37.18178017934288, -3.042465685096497 ], [ 37.081780179342879, -3.042465685096497 ], [ 37.081780179342879, -3.142465685096497 ], [ 37.18178017934288, -3.142465685096497 ] ] ] } },
{ "type": "Feature", "properties": { "cell_id": 315, "elephant_count": 0.0, "inside_protected_area": false, "dist_to_settlement_km": 41.885773444918904, "dist_to_road_km": 41.885773444918904, "elephant_score": 0.0, "settlement_proximity_score": 0.75158141494635822, "road_proximity_score": 0.74280698799010048, "conflict_risk_score": 0.4483165208809376, "priority_zone": false, "nearest_settlement": "Loitokitok" }, "geometry": { "type": "Polygon", "coordinates": [ [ [ 37.18178017934288, -3.042465685096498 ], [ 37.18178017934288, -2.942465685096498 ], [ 37.081780179342879, -2.942465685096498 ], [ 37.081780179342879, -3.042465685096498 ], [ 37.18178017934288, -3.042465685096498 ] ] ] } },
{ "type": "Feature", "properties": { "cell_id": 316, "elephant_count": 0.0, "inside_protected_area": false, "dist_to_settlement_km": 42.880977319369514, "dist_to_road_km": 42.780356528690021, "elephant_score": 0.0, "settlement_proximity_score": 0.74539518418030548, "road_proximity_score": 0.73731114029969436, "conflict_risk_score": 0.44481189734399995, "priority_zone": false, "nearest_settlement": "Loitokitok" }, "geometry": { "type": "Polygon", "coordinates": [ [ [ 37.18178017934288, -2.942465685096498 ], [ 37.18178017934288, -2.842465685096498 ], [ 37.081780179342879, -2.842465685096498 ], [ 37.081780179342879, -2.942465685096498 ], [ 37.18178017934288, -2.942465685096498 ] ] ] } },
{ "type": "Feature", "properties": { "cell_id": 317, "elephant_count": 3.0, "inside_protected_area": false, "dist_to_settlement_km": 44.536104679060763, "dist_to_road_km": 43.156562384298631, "elephant_score": 0.016042780748663103, "settlement_proximity_score": 0.73510684019660655, "road_proximity_score": 0.73499992950198068, "conflict_risk_score": 0.44744914320904139, "priority_zone": false, "nearest_settlement": "Kimana" }, "geometry": { "type": "Polygon", "coordinates": [ [ [ 37.18178017934288, -2.842465685096498 ], [ 37.18178017934288, -2.742465685096498 ], [ 37.081780179342879, -2.742465685096498 ], [ 37.081780179342879, -2.842465685096498 ], [ 37.18178017934288, -2.842465685096498 ] ] ] } },
{ "type": "Feature", "properties": { "cell_id": 318, "elephant_count": 4.0, "inside_protected_area": false, "dist_to_settlement_km": 48.114281442929872, "dist_to_road_km": 42.742992355570117, "elephant_score": 0.021390374331550801, "settlement_proximity_score": 0.71286473709462472, "road_proximity_score": 0.73754068611636603, "conflict_risk_score": 0.44367777669591751, "priority_zone": false, "nearest_settlement": "Kimana" }, "geometry": { "type": "Polygon", "coordinates": [ [ [ 37.18178017934288, -2.742465685096499 ], [ 37.18178017934288, -2.642465685096499 ], [ 37.081780179342879, -2.642465685096499 ], [ 37.081780179342879, -2.742465685096499 ], [ 37.18178017934288, -2.742465685096499 ] ] ] } },
{ "type": "Feature", "properties": { "cell_id": 319, "elephant_count": 10.0, "inside_protected_area": true, "dist_to_settlement_km": 53.785904636388437, "dist_to_road_km": 42.329422326841609, "elephant_score": 0.053475935828877004, "settlement_proximity_score": 0.67760967951941109, "road_proximity_score": 0.74008144273075138, "conflict_risk_score": 0.4466977110065995, "priority_zone": false, "nearest_settlement": "Kimana" }, "geometry": { "type": "Polygon", "coordinates": [ [ [ 37.18178017934288, -2.642465685096499 ], [ 37.18178017934288, -2.542465685096499 ], [ 37.081780179342879, -2.542465685096499 ], [ 37.081780179342879, -2.642465685096499 ], [ 37.18178017934288, -2.642465685096499 ] ] ] } },
{ "type": "Feature", "properties": { "cell_id": 320, "elephant_count": 7.0, "inside_protected_area": false, "dist_to_settlement_km": 49.981155218085, "dist_to_road_km": 41.915852298113101, "elephant_score": 0.037433155080213901, "settlement_proximity_score": 0.70126016814077374, "road_proximity_score": 0.74262219934513685, "conflict_risk_score": 0.44813797227785873, "priority_zone": false, "nearest_settlement": "Emali" }, "geometry": { "type": "Polygon", "coordinates": [ [ [ 37.18178017934288, -2.5424656850965 ], [ 37.18178017934288, -2.442465685096499 ], [ 37.081780179342879, -2.442465685096499 ], [ 37.081780179342879, -2.5424656850965 ], [ 37.18178017934288, -2.5424656850965 ] ] ] } },
{ "type": "Feature", "properties": { "cell_id": 321, "elephant_count": 1.0, "inside_protected_area": false, "dist_to_settlement_km": 44.527404996468334, "dist_to_road_km": 41.50228226938458, "elephant_score": 0.0053475935828877002, "settlement_proximity_score": 0.73516091780370785, "road_proximity_score": 0.74516295595952231, "conflict_risk_score": 0.44623619956212413, "priority_zone": false, "nearest_settlement": "Emali" }, "geometry": { "type": "Polygon", "coordinates": [ [ [ 37.18178017934288, -2.4424656850965 ], [ 37.18178017934288, -2.3424656850965 ], [ 37.081780179342879, -2.3424656850965 ], [ 37.081780179342879, -2.4424656850965 ], [ 37.18178017934288, -2.4424656850965 ] ] ] } },
{ "type": "Feature", "properties": { "cell_id": 322, "elephant_count": 1.0, "inside_protected_area": false, "dist_to_settlement_km": 41.396663084175273, "dist_to_road_km": 41.088712240656072, "elephant_score": 0.0053475935828877002, "settlement_proximity_score": 0.7546217463189604, "road_proximity_score": 0.74770371257390766, "conflict_risk_score": 0.4528366751010155, "priority_zone": false, "nearest_settlement": "Emali" }, "geometry": { "type": "Polygon", "coordinates": [ [ [ 37.18178017934288, -2.3424656850965 ], [ 37.18178017934288, -2.2424656850965 ], [ 37.081780179342879, -2.2424656850965 ], [ 37.081780179342879, -2.3424656850965 ], [ 37.18178017934288, -2.3424656850965 ] ] ] } },
{ "type": "Feature", "properties": { "cell_id": 323, "elephant_count": 0.0, "inside_protected_area": false, "dist_to_settlement_km": 41.122957496876637, "dist_to_road_km": 41.122957496876637, "elephant_score": 0.0, "settlement_proximity_score": 0.75632311220835879, "road_proximity_score": 0.74749332774132871, "conflict_risk_score": 0.45114493198490624, "priority_zone": false, "nearest_settlement": "Emali" }, "geometry": { "type": "Polygon", "coordinates": [ [ [ 37.18178017934288, -2.242465685096501 ], [ 37.18178017934288, -2.1424656850965 ], [ 37.081780179342879, -2.1424656850965 ], [ 37.081780179342879, -2.242465685096501 ], [ 37.18178017934288, -2.242465685096501 ] ] ] } },
{ "type": "Feature", "properties": { "cell_id": 324, "elephant_count": 0.0, "inside_protected_area": false, "dist_to_settlement_km": 43.759930896599052, "dist_to_road_km": 43.759930896599052, "elephant_score": 0.0, "settlement_proximity_score": 0.73993157034098922, "road_proximity_score": 0.73129315088639224, "conflict_risk_score": 0.44136741636821442, "priority_zone": false, "nearest_settlement": "Emali" }, "geometry": { "type": "Polygon", "coordinates": [ [ [ 37.18178017934288, -2.142465685096501 ], [ 37.18178017934288, -2.042465685096501 ], [ 37.081780179342879, -2.042465685096501 ], [ 37.081780179342879, -2.142465685096501 ], [ 37.18178017934288, -2.142465685096501 ] ] ] } },
{ "type": "Feature", "properties": { "cell_id": 325, "elephant_count": 0.0, "inside_protected_area": false, "dist_to_settlement_km": 67.928260292106273, "dist_to_road_km": 67.928260292106273, "elephant_score": 0.0, "settlement_proximity_score": 0.58970017885537995, "road_proximity_score": 0.58281565371604027, "conflict_risk_score": 0.35175474977142607, "priority_zone": false, "nearest_settlement": "Nanyuki" }, "geometry": { "type": "Polygon", "coordinates": [ [ [ 37.18178017934288, -0.642465685096506 ], [ 37.18178017934288, -0.542465685096506 ], [ 37.081780179342879, -0.542465685096506 ], [ 37.081780179342879, -0.642465685096506 ], [ 37.18178017934288, -0.642465685096506 ] ] ] } },
{ "type": "Feature", "properties": { "cell_id": 326, "elephant_count": 0.0, "inside_protected_area": false, "dist_to_settlement_km": 56.888948532182731, "dist_to_road_km": 56.888948532182731, "elephant_score": 0.0, "settlement_proximity_score": 0.65832102308489715, "road_proximity_score": 0.65063537570730778, "conflict_risk_score": 0.39268691963766145, "priority_zone": false, "nearest_settlement": "Nanyuki" }, "geometry": { "type": "Polygon", "coordinates": [ [ [ 37.18178017934288, -0.542465685096507 ], [ 37.18178017934288, -0.442465685096507 ], [ 37.081780179342879, -0.442465685096507 ], [ 37.081780179342879, -0.542465685096507 ], [ 37.18178017934288, -0.542465685096507 ] ] ] } },
{ "type": "Feature", "properties": { "cell_id": 327, "elephant_count": 1.0, "inside_protected_area": false, "dist_to_settlement_km": 45.878931808429527, "dist_to_road_km": 45.878931808429527, "elephant_score": 0.0053475935828877002, "settlement_proximity_score": 0.72675976808962028, "road_proximity_score": 0.71827512441292107, "conflict_risk_score": 0.43564950518391748, "priority_zone": false, "nearest_settlement": "Nanyuki" }, "geometry": { "type": "Polygon", "coordinates": [ [ [ 37.18178017934288, -0.442465685096507 ], [ 37.18178017934288, -0.342465685096507 ], [ 37.081780179342879, -0.342465685096507 ], [ 37.081780179342879, -0.442465685096507 ], [ 37.18178017934288, -0.442465685096507 ] ] ] } },
{ "type": "Feature", "properties": { "cell_id": 328, "elephant_count": 2.0, "inside_protected_area": false, "dist_to_settlement_km": 34.92592593858776, "dist_to_road_km": 34.92592593858776, "elephant_score": 0.0106951871657754, "settlement_proximity_score": 0.79484413113551056, "road_proximity_score": 0.78556462843418773, "conflict_risk_score": 0.47840070273721963, "priority_zone": false, "nearest_settlement": "Nanyuki" }, "geometry": { "type": "Polygon", "coordinates": [ [ [ 37.18178017934288, -0.342465685096507 ], [ 37.18178017934288, -0.242465685096507 ], [ 37.081780179342879, -0.242465685096507 ], [ 37.081780179342879, -0.342465685096507 ], [ 37.18178017934288, -0.342465685096507 ] ] ] } },
{ "type": "Feature", "properties": { "cell_id": 329, "elephant_count": 1.0, "inside_protected_area": false, "dist_to_settlement_km": 24.107762680367216, "dist_to_road_km": 24.107762680367216, "elephant_score": 0.0053475935828877002, "settlement_proximity_score": 0.86209030661601715, "road_proximity_score": 0.85202573041086971, "conflict_risk_score": 0.51637384854122115, "priority_zone": true, "nearest_settlement": "Nanyuki" }, "geometry": { "type": "Polygon", "coordinates": [ [ [ 37.18178017934288, -0.242465685096508 ], [ 37.18178017934288, -0.142465685096508 ], [ 37.081780179342879, -0.142465685096508 ], [ 37.081780179342879, -0.242465685096508 ], [ 37.18178017934288, -0.242465685096508 ] ] ] } },
{ "type": "Feature", "properties": { "cell_id": 330, "elephant_count": 0.0, "inside_protected_area": false, "dist_to_settlement_km": 13.746568307693849, "dist_to_road_km": 13.746568307693849, "elephant_score": 0.0, "settlement_proximity_score": 0.92649594353806874, "road_proximity_score": 0.91567945603561474, "conflict_risk_score": 0.55265261987210501, "priority_zone": true, "nearest_settlement": "Nanyuki" }, "geometry": { "type": "Polygon", "coordinates": [ [ [ 37.18178017934288, -0.142465685096508 ], [ 37.18178017934288, -0.042465685096508 ], [ 37.081780179342879, -0.042465685096508 ], [ 37.081780179342879, -0.142465685096508 ], [ 37.18178017934288, -0.142465685096508 ] ] ] } },
{ "type": "Feature", "properties": { "cell_id": 331, "elephant_count": 3.0, "inside_protected_area": false, "dist_to_settlement_km": 6.5705448041450811, "dist_to_road_km": 4.4382344665208215, "elephant_score": 0.016042780748663103, "settlement_proximity_score": 0.97110241917109186, "road_proximity_score": 0.97286496062495476, "conflict_risk_score": 0.58960732623827927, "priority_zone": true, "nearest_settlement": "Nanyuki" }, "geometry": { "type": "Polygon", "coordinates": [ [ [ 37.18178017934288, -0.042465685096508 ], [ 37.18178017934288, 0.057534314903492 ], [ 37.081780179342879, 0.057534314903492 ], [ 37.081780179342879, -0.042465685096508 ], [ 37.18178017934288, -0.042465685096508 ] ] ] } },
{ "type": "Feature", "properties": { "cell_id": 332, "elephant_count": 2.0, "inside_protected_area": false, "dist_to_settlement_km": 11.991496062145922, "dist_to_road_km": 4.8089694839612687, "elephant_score": 0.0106951871657754, "settlement_proximity_score": 0.93740554929904674, "road_proximity_score": 0.97058735977790578, "conflict_risk_score": 0.57667594758939589, "priority_zone": true, "nearest_settlement": "Nanyuki" }, "geometry": { "type": "Polygon", "coordinates": [ [ [ 37.18178017934288, 0.057534314903491 ], [ 37.18178017934288, 0.157534314903491 ], [ 37.081780179342879, 0.157534314903491 ], [ 37.081780179342879, 0.057534314903491 ], [ 37.18178017934288, 0.057534314903491 ] ] ] } },
{ "type": "Feature", "properties": { "cell_id": 333, "elephant_count": 3.0, "inside_protected_area": false, "dist_to_settlement_km": 22.154906828818813, "dist_to_road_km": 14.056173434443355, "elephant_score": 0.016042780748663103, "settlement_proximity_score": 0.87422934391345941, "road_proximity_score": 0.91377740506723371, "conflict_risk_score": 0.54281913699367323, "priority_zone": true, "nearest_settlement": "Nanyuki" }, "geometry": { "type": "Polygon", "coordinates": [ [ [ 37.18178017934288, 0.157534314903491 ], [ 37.18178017934288, 0.257534314903491 ], [ 37.081780179342879, 0.257534314903491 ], [ 37.081780179342879, 0.157534314903491 ], [ 37.18178017934288, 0.157534314903491 ] ] ] } },
{ "type": "Feature", "properties": { "cell_id": 334, "elephant_count": 15.0, "inside_protected_area": false, "dist_to_settlement_km": 32.928768810552604, "dist_to_road_km": 23.303377384925447, "elephant_score": 0.080213903743315509, "settlement_proximity_score": 0.80725854710320666, "road_proximity_score": 0.85696745035656152, "conflict_risk_score": 0.53135336073525663, "priority_zone": true, "nearest_settlement": "Nanyuki" }, "geometry": { "type": "Polygon", "coordinates": [ [ [ 37.18178017934288, 0.257534314903491 ], [ 37.18178017934288, 0.357534314903491 ], [ 37.081780179342879, 0.357534314903491 ], [ 37.081780179342879, 0.257534314903491 ], [ 37.18178017934288, 0.257534314903491 ] ] ] } },
{ "type": "Feature", "properties": { "cell_id": 335, "elephant_count": 2.0, "inside_protected_area": false, "dist_to_settlement_km": 43.865564331990534, "dist_to_road_km": 32.550581335407543, "elephant_score": 0.0106951871657754, "settlement_proximity_score": 0.73927494829125751, "road_proximity_score": 0.80015749564588934, "conflict_risk_score": 0.46610780804745422, "priority_zone": false, "nearest_settlement": "Nanyuki" }, "geometry": { "type": "Polygon", "coordinates": [ [ [ 37.18178017934288, 0.35753431490349 ], [ 37.18178017934288, 0.45753431490349 ], [ 37.081780179342879, 0.45753431490349 ], [ 37.081780179342879, 0.35753431490349 ], [ 37.18178017934288, 0.35753431490349 ] ] ] } },
{ "type": "Feature", "properties": { "cell_id": 336, "elephant_count": 3.0, "inside_protected_area": false, "dist_to_settlement_km": 52.799949955981241, "dist_to_road_km": 41.797785285889645, "elephant_score": 0.016042780748663103, "settlement_proximity_score": 0.68373841689117398, "road_proximity_score": 0.74334754093521704, "conflict_risk_score": 0.43454289964738252, "priority_zone": false, "nearest_settlement": "Isiolo" }, "geometry": { "type": "Polygon", "coordinates": [ [ [ 37.18178017934288, 0.45753431490349 ], [ 37.18178017934288, 0.55753431490349 ], [ 37.081780179342879, 0.55753431490349 ], [ 37.081780179342879, 0.45753431490349 ], [ 37.18178017934288, 0.45753431490349 ] ] ] } },
{ "type": "Feature", "properties": { "cell_id": 337, "elephant_count": 0.0, "inside_protected_area": false, "dist_to_settlement_km": 46.487031934280807, "dist_to_road_km": 51.044989236371727, "elephant_score": 0.0, "settlement_proximity_score": 0.72297979113820576, "road_proximity_score": 0.68653758622454497, "conflict_risk_score": 0.42285521320882524, "priority_zone": false, "nearest_settlement": "Wamba" }, "geometry": { "type": "Polygon", "coordinates": [ [ [ 37.18178017934288, 0.557534314903489 ], [ 37.18178017934288, 0.657534314903489 ], [ 37.081780179342879, 0.657534314903489 ], [ 37.081780179342879, 0.557534314903489 ], [ 37.18178017934288, 0.557534314903489 ] ] ] } },
{ "type": "Feature", "properties": { "cell_id": 338, "elephant_count": 0.0, "inside_protected_area": false, "dist_to_settlement_km": 36.855017797364084, "dist_to_road_km": 59.515975201265277, "elephant_score": 0.0, "settlement_proximity_score": 0.78285281185543643, "road_proximity_score": 0.63449630633093412, "conflict_risk_score": 0.42520473545591114, "priority_zone": false, "nearest_settlement": "Wamba" }, "geometry": { "type": "Polygon", "coordinates": [ [ [ 37.18178017934288, 0.657534314903489 ], [ 37.18178017934288, 0.757534314903489 ], [ 37.081780179342879, 0.757534314903489 ], [ 37.081780179342879, 0.657534314903489 ], [ 37.18178017934288, 0.657534314903489 ] ] ] } },
{ "type": "Feature", "properties": { "cell_id": 339, "elephant_count": 0.0, "inside_protected_area": false, "dist_to_settlement_km": 28.318907740751641, "dist_to_road_km": 62.881201206783466, "elephant_score": 0.0, "settlement_proximity_score": 0.83591364492723252, "road_proximity_score": 0.61382212871049813, "conflict_risk_score": 0.43492073209131921, "priority_zone": false, "nearest_settlement": "Wamba" }, "geometry": { "type": "Polygon", "coordinates": [ [ [ 37.18178017934288, 0.757534314903489 ], [ 37.18178017934288, 0.857534314903489 ], [ 37.081780179342879, 0.857534314903489 ], [ 37.081780179342879, 0.757534314903489 ], [ 37.18178017934288, 0.757534314903489 ] ] ] } },
{ "type": "Feature", "properties": { "cell_id": 340, "elephant_count": 0.0, "inside_protected_area": false, "dist_to_settlement_km": 22.182171544156386, "dist_to_road_km": 67.166104874357274, "elephant_score": 0.0, "settlement_proximity_score": 0.87405986525167045, "road_proximity_score": 0.58749793551675222, "conflict_risk_score": 0.4384673402305268, "priority_zone": false, "nearest_settlement": "Wamba" }, "geometry": { "type": "Polygon", "coordinates": [ [ [ 37.18178017934288, 0.857534314903488 ], [ 37.18178017934288, 0.957534314903488 ], [ 37.081780179342879, 0.957534314903488 ], [ 37.081780179342879, 0.857534314903488 ], [ 37.18178017934288, 0.857534314903488 ] ] ] } },
{ "type": "Feature", "properties": { "cell_id": 341, "elephant_count": 0.0, "inside_protected_area": false, "dist_to_settlement_km": 20.701616680818852, "dist_to_road_km": 72.903674960720153, "elephant_score": 0.0, "settlement_proximity_score": 0.88326305897060964, "road_proximity_score": 0.55224932431481266, "conflict_risk_score": 0.43065371498562666, "priority_zone": false, "nearest_settlement": "Wamba" }, "geometry": { "type": "Polygon", "coordinates": [ [ [ 37.18178017934288, 0.957534314903488 ], [ 37.18178017934288, 1.057534314903488 ], [ 37.081780179342879, 1.057534314903488 ], [ 37.081780179342879, 0.957534314903488 ], [ 37.18178017934288, 0.957534314903488 ] ] ] } },
{ "type": "Feature", "properties": { "cell_id": 342, "elephant_count": 0.0, "inside_protected_area": false, "dist_to_settlement_km": 38.975830683198424, "dist_to_road_km": 38.975830683198424, "elephant_score": 0.0, "settlement_proximity_score": 0.7696697462944907, "road_proximity_score": 0.76068414495443559, "conflict_risk_score": 0.45910616737467791, "priority_zone": false, "nearest_settlement": "Loitokitok" }, "geometry": { "type": "Polygon", "coordinates": [ [ [ 37.281780179342881, -3.242465685096497 ], [ 37.281780179342881, -3.142465685096497 ], [ 37.18178017934288, -3.142465685096497 ], [ 37.18178017934288, -3.242465685096497 ], [ 37.281780179342881, -3.242465685096497 ] ] ] } },
{ "type": "Feature", "properties": { "cell_id": 343, "elephant_count": 0.0, "inside_protected_area": false, "dist_to_settlement_km": 33.326199546761472, "dist_to_road_km": 33.326199546761472, "elephant_score": 0.0, "settlement_proximity_score": 0.80478810028238057, "road_proximity_score": 0.79539250552609286, "conflict_risk_score": 0.480054181742542, "priority_zone": false, "nearest_settlement": "Loitokitok" }, "geometry": { "type": "Polygon", "coordinates": [ [ [ 37.281780179342881, -3.142465685096497 ], [ 37.281780179342881, -3.042465685096497 ], [ 37.18178017934288, -3.042465685096497 ], [ 37.18178017934288, -3.142465685096497 ], [ 37.281780179342881, -3.142465685096497 ] ] ] } },
{ "type": "Feature", "properties": { "cell_id": 344, "elephant_count": 0.0, "inside_protected_area": false, "dist_to_settlement_km": 30.798957368972342, "dist_to_road_km": 30.798957368972342, "elephant_score": 0.0, "settlement_proximity_score": 0.8204975480798341, "road_proximity_score": 0.81091855149976433, "conflict_risk_score": 0.48942482987387947, "priority_zone": false, "nearest_settlement": "Loitokitok" }, "geometry": { "type": "Polygon", "coordinates": [ [ [ 37.281780179342881, -3.042465685096498 ], [ 37.281780179342881, -2.942465685096498 ], [ 37.18178017934288, -2.942465685096498 ], [ 37.18178017934288, -3.042465685096498 ], [ 37.281780179342881, -3.042465685096498 ] ] ] } },
{ "type": "Feature", "properties": { "cell_id": 345, "elephant_count": 1.0, "inside_protected_area": false, "dist_to_settlement_km": 32.139321302743554, "dist_to_road_km": 31.807150472614655, "elephant_score": 0.0053475935828877002, "settlement_proximity_score": 0.81216578730430422, "road_proximity_score": 0.80472474363478852, "conflict_risk_score": 0.48720619671488286, "priority_zone": false, "nearest_settlement": "Loitokitok" }, "geometry": { "type": "Polygon", "coordinates": [ [ [ 37.281780179342881, -2.942465685096498 ], [ 37.281780179342881, -2.842465685096498 ], [ 37.18178017934288, -2.842465685096498 ], [ 37.18178017934288, -2.942465685096498 ], [ 37.281780179342881, -2.942465685096498 ] ] ] } },
{ "type": "Feature", "properties": { "cell_id": 346, "elephant_count": 87.0, "inside_protected_area": false, "dist_to_settlement_km": 33.766352155969713, "dist_to_road_km": 32.064269572109573, "elephant_score": 0.46524064171122997, "settlement_proximity_score": 0.80205209243238551, "road_proximity_score": 0.80314513919697417, "conflict_risk_score": 0.66765542617329987, "priority_zone": true, "nearest_settlement": "Kimana" }, "geometry": { "type": "Polygon", "coordinates": [ [ [ 37.281780179342881, -2.842465685096498 ], [ 37.281780179342881, -2.742465685096498 ], [ 37.18178017934288, -2.742465685096498 ], [ 37.18178017934288, -2.842465685096498 ], [ 37.281780179342881, -2.842465685096498 ] ] ] } },
{ "type": "Feature", "properties": { "cell_id": 347, "elephant_count": 141.0, "inside_protected_area": true, "dist_to_settlement_km": 38.362559829945752, "dist_to_road_km": 31.650699543381062, "elephant_score": 0.75401069518716579, "settlement_proximity_score": 0.77348186471335179, "road_proximity_score": 0.80568589581135963, "conflict_risk_score": 0.77535460623227981, "priority_zone": false, "nearest_settlement": "Kimana" }, "geometry": { "type": "Polygon", "coordinates": [ [ [ 37.281780179342881, -2.742465685096499 ], [ 37.281780179342881, -2.642465685096499 ], [ 37.18178017934288, -2.642465685096499 ], [ 37.18178017934288, -2.742465685096499 ], [ 37.281780179342881, -2.742465685096499 ] ] ] } },
{ "type": "Feature", "properties": { "cell_id": 348, "elephant_count": 83.0, "inside_protected_area": true, "dist_to_settlement_km": 45.272789349579213, "dist_to_road_km": 31.237129514652548, "elephant_score": 0.44385026737967914, "settlement_proximity_score": 0.73052757609742236, "road_proximity_score": 0.8082266524257451, "conflict_risk_score": 0.63916637550882183, "priority_zone": false, "nearest_settlement": "Kimana" }, "geometry": { "type": "Polygon", "coordinates": [ [ [ 37.281780179342881, -2.642465685096499 ], [ 37.281780179342881, -2.542465685096499 ], [ 37.18178017934288, -2.542465685096499 ], [ 37.18178017934288, -2.642465685096499 ], [ 37.281780179342881, -2.642465685096499 ] ] ] } },
{ "type": "Feature", "properties": { "cell_id": 349, "elephant_count": 3.0, "inside_protected_area": false, "dist_to_settlement_km": 41.399983029839639, "dist_to_road_km": 30.823559485924033, "elephant_score": 0.016042780748663103, "settlement_proximity_score": 0.75460110939165559, "road_proximity_score": 0.81076740904013045, "conflict_risk_score": 0.47602766782900102, "priority_zone": false, "nearest_settlement": "Emali" }, "geometry": { "type": "Polygon", "coordinates": [ [ [ 37.281780179342881, -2.5424656850965 ], [ 37.281780179342881, -2.442465685096499 ], [ 37.18178017934288, -2.442465685096499 ], [ 37.18178017934288, -2.5424656850965 ], [ 37.281780179342881, -2.5424656850965 ] ] ] } },
{ "type": "Feature", "properties": { "cell_id": 350, "elephant_count": 3.0, "inside_protected_area": false, "dist_to_settlement_km": 34.619828330831133, "dist_to_road_km": 30.409989457195525, "elephant_score": 0.016042780748663103, "settlement_proximity_score": 0.79674684723934863, "road_proximity_score": 0.8133081656545158, "conflict_risk_score": 0.48943361616762454, "priority_zone": false, "nearest_settlement": "Emali" }, "geometry": { "type": "Polygon", "coordinates": [ [ [ 37.281780179342881, -2.4424656850965 ], [ 37.281780179342881, -2.3424656850965 ], [ 37.18178017934288, -2.3424656850965 ], [ 37.18178017934288, -2.4424656850965 ], [ 37.281780179342881, -2.4424656850965 ] ] ] } },
{ "type": "Feature", "properties": { "cell_id": 351, "elephant_count": 2.0, "inside_protected_area": false, "dist_to_settlement_km": 30.488135929266392, "dist_to_road_km": 29.996419428467018, "elephant_score": 0.0106951871657754, "settlement_proximity_score": 0.82242962772946293, "road_proximity_score": 0.81584892226890116, "conflict_risk_score": 0.49576163986581934, "priority_zone": false, "nearest_settlement": "Emali" }, "geometry": { "type": "Polygon", "coordinates": [ [ [ 37.281780179342881, -2.3424656850965 ], [ 37.281780179342881, -2.2424656850965 ], [ 37.18178017934288, -2.2424656850965 ], [ 37.18178017934288, -2.3424656850965 ], [ 37.281780179342881, -2.3424656850965 ] ] ] } },
{ "type": "Feature", "properties": { "cell_id": 352, "elephant_count": 1.0, "inside_protected_area": false, "dist_to_settlement_km": 30.115450373962986, "dist_to_road_km": 30.115450373962986, "elephant_score": 0.0053475935828877002, "settlement_proximity_score": 0.82474625742461372, "road_proximity_score": 0.81511765878006659, "conflict_risk_score": 0.49409821229455914, "priority_zone": false, "nearest_settlement": "Emali" }, "geometry": { "type": "Polygon", "coordinates": [ [ [ 37.281780179342881, -2.242465685096501 ], [ 37.281780179342881, -2.1424656850965 ], [ 37.18178017934288, -2.1424656850965 ], [ 37.18178017934288, -2.242465685096501 ], [ 37.281780179342881, -2.242465685096501 ] ] ] } },
{ "type": "Feature", "properties": { "cell_id": 353, "elephant_count": 0.0, "inside_protected_area": false, "dist_to_settlement_km": 33.626987227698955, "dist_to_road_km": 33.626987227698955, "elephant_score": 0.0, "settlement_proximity_score": 0.80291839091565176, "road_proximity_score": 0.79354462430458106, "conflict_risk_score": 0.4789389045660698, "priority_zone": false, "nearest_settlement": "Emali" }, "geometry": { "type": "Polygon", "coordinates": [ [ [ 37.281780179342881, -2.142465685096501 ], [ 37.281780179342881, -2.042465685096501 ], [ 37.18178017934288, -2.042465685096501 ], [ 37.18178017934288, -2.142465685096501 ], [ 37.281780179342881, -2.142465685096501 ] ] ] } },
{ "type": "Feature", "properties": { "cell_id": 354, "elephant_count": 0.0, "inside_protected_area": false, "dist_to_settlement_km": 40.012850295836579, "dist_to_road_km": 40.012850295836579, "elephant_score": 0.0, "settlement_proximity_score": 0.7632235870728501, "road_proximity_score": 0.75431324218820195, "conflict_risk_score": 0.45526104877831558, "priority_zone": false, "nearest_settlement": "Emali" }, "geometry": { "type": "Polygon", "coordinates": [ [ [ 37.281780179342881, -2.042465685096501 ], [ 37.281780179342881, -1.942465685096501 ], [ 37.18178017934288, -1.942465685096501 ], [ 37.18178017934288, -2.042465685096501 ], [ 37.281780179342881, -2.042465685096501 ] ] ] } },
{ "type": "Feature", "properties": { "cell_id": 355, "elephant_count": 0.0, "inside_protected_area": false, "dist_to_settlement_km": 69.868200236222492, "dist_to_road_km": 69.868200236222492, "elephant_score": 0.0, "settlement_proximity_score": 0.57764142740285829, "road_proximity_score": 0.57089768359698378, "conflict_risk_score": 0.3445617332999526, "priority_zone": false, "nearest_settlement": "Nanyuki" }, "geometry": { "type": "Polygon", "coordinates": [ [ [ 37.281780179342881, -0.642465685096506 ], [ 37.281780179342881, -0.542465685096506 ], [ 37.18178017934288, -0.542465685096506 ], [ 37.18178017934288, -0.642465685096506 ], [ 37.281780179342881, -0.642465685096506 ] ] ] } },
{ "type": "Feature", "properties": { "cell_id": 356, "elephant_count": 0.0, "inside_protected_area": false, "dist_to_settlement_km": 59.19180114706829, "dist_to_road_km": 59.19180114706829, "elephant_score": 0.0, "settlement_proximity_score": 0.6440063906144855, "road_proximity_score": 0.6364878611226229, "conflict_risk_score": 0.38414827552113251, "priority_zone": false, "nearest_settlement": "Nanyuki" }, "geometry": { "type": "Polygon", "coordinates": [ [ [ 37.281780179342881, -0.542465685096507 ], [ 37.281780179342881, -0.442465685096507 ], [ 37.18178017934288, -0.442465685096507 ], [ 37.18178017934288, -0.542465685096507 ], [ 37.281780179342881, -0.542465685096507 ] ] ] } },
{ "type": "Feature", "properties": { "cell_id": 357, "elephant_count": 0.0, "inside_protected_area": false, "dist_to_settlement_km": 48.705166479740797, "dist_to_road_km": 48.705166479740797, "elephant_score": 0.0, "settlement_proximity_score": 0.70919176988884702, "road_proximity_score": 0.70091222590449642, "conflict_risk_score": 0.42303119873800299, "priority_zone": false, "nearest_settlement": "Nanyuki" }, "geometry": { "type": "Polygon", "coordinates": [ [ [ 37.281780179342881, -0.442465685096507 ], [ 37.281780179342881, -0.342465685096507 ], [ 37.18178017934288, -0.342465685096507 ], [ 37.18178017934288, -0.442465685096507 ], [ 37.281780179342881, -0.442465685096507 ] ] ] } },
{ "type": "Feature", "properties": { "cell_id": 358, "elephant_count": 0.0, "inside_protected_area": false, "dist_to_settlement_km": 38.563417387524531, "dist_to_road_km": 38.563417387524531, "elephant_score": 0.0, "settlement_proximity_score": 0.77223332535956968, "road_proximity_score": 0.76321779520966671, "conflict_risk_score": 0.4606353361707709, "priority_zone": false, "nearest_settlement": "Nanyuki" }, "geometry": { "type": "Polygon", "coordinates": [ [ [ 37.281780179342881, -0.342465685096507 ], [ 37.281780179342881, -0.242465685096507 ], [ 37.18178017934288, -0.242465685096507 ], [ 37.18178017934288, -0.342465685096507 ], [ 37.281780179342881, -0.342465685096507 ] ] ] } },
{ "type": "Feature", "properties": { "cell_id": 359, "elephant_count": 1.0, "inside_protected_area": false, "dist_to_settlement_km": 29.129041854987573, "dist_to_road_km": 29.072611349343862, "elephant_score": 0.0053475935828877002, "settlement_proximity_score": 0.83087781587674581, "road_proximity_score": 0.82152431295103312, "conflict_risk_score": 0.49785967608148873, "priority_zone": false, "nearest_settlement": "Nanyuki" }, "geometry": { "type": "Polygon", "coordinates": [ [ [ 37.281780179342881, -0.242465685096508 ], [ 37.281780179342881, -0.142465685096508 ], [ 37.18178017934288, -0.142465685096508 ], [ 37.18178017934288, -0.242465685096508 ], [ 37.281780179342881, -0.242465685096508 ] ] ] } },
{ "type": "Feature", "properties": { "cell_id": 360, "elephant_count": 1.0, "inside_protected_area": false, "dist_to_settlement_km": 21.360828592889479, "dist_to_road_km": 19.825407398861767, "elephant_score": 0.0053475935828877002, "settlement_proximity_score": 0.87916536892287844, "road_proximity_score": 0.8783342676617053, "conflict_risk_score": 0.52938892840853025, "priority_zone": true, "nearest_settlement": "Nanyuki" }, "geometry": { "type": "Polygon", "coordinates": [ [ [ 37.281780179342881, -0.142465685096508 ], [ 37.281780179342881, -0.042465685096508 ], [ 37.18178017934288, -0.042465685096508 ], [ 37.18178017934288, -0.142465685096508 ], [ 37.281780179342881, -0.142465685096508 ] ] ] } },
{ "type": "Feature", "properties": { "cell_id": 361, "elephant_count": 1.0, "inside_protected_area": false, "dist_to_settlement_km": 17.620695700226754, "dist_to_road_km": 10.578203448379679, "elephant_score": 0.0053475935828877002, "settlement_proximity_score": 0.90241419839763193, "road_proximity_score": 0.93514422237237749, "conflict_risk_score": 0.55340656366415786, "priority_zone": true, "nearest_settlement": "Nanyuki" }, "geometry": { "type": "Polygon", "coordinates": [ [ [ 37.281780179342881, -0.042465685096508 ], [ 37.281780179342881, 0.057534314903492 ], [ 37.18178017934288, 0.057534314903492 ], [ 37.18178017934288, -0.042465685096508 ], [ 37.281780179342881, -0.042465685096508 ] ] ] } },
{ "type": "Feature", "properties": { "cell_id": 362, "elephant_count": 1.0, "inside_protected_area": false, "dist_to_settlement_km": 20.275917630163448, "dist_to_road_km": 1.3309994978975881, "elephant_score": 0.0053475935828877002, "settlement_proximity_score": 0.8859092228691352, "road_proximity_score": 0.99195417708304967, "conflict_risk_score": 0.56549805741881043, "priority_zone": true, "nearest_settlement": "Nanyuki" }, "geometry": { "type": "Polygon", "coordinates": [ [ [ 37.281780179342881, 0.057534314903491 ], [ 37.281780179342881, 0.157534314903491 ], [ 37.18178017934288, 0.157534314903491 ], [ 37.18178017934288, 0.057534314903491 ], [ 37.281780179342881, 0.057534314903491 ] ] ] } },
{ "type": "Feature", "properties": { "cell_id": 363, "elephant_count": 1.0, "inside_protected_area": false, "dist_to_settlement_km": 27.534646439175173, "dist_to_road_km": 7.9162044525840631, "elephant_score": 0.0053475935828877002, "settlement_proximity_score": 0.84078864744379245, "road_proximity_score": 0.95149814331981364, "conflict_risk_score": 0.53982507466223684, "priority_zone": true, "nearest_settlement": "Nanyuki" }, "geometry": { "type": "Polygon", "coordinates": [ [ [ 37.281780179342881, 0.157534314903491 ], [ 37.281780179342881, 0.257534314903491 ], [ 37.18178017934288, 0.257534314903491 ], [ 37.18178017934288, 0.157534314903491 ], [ 37.281780179342881, 0.157534314903491 ] ] ] } },
{ "type": "Feature", "properties": { "cell_id": 364, "elephant_count": 1.0, "inside_protected_area": false, "dist_to_settlement_km": 36.764394096946056, "dist_to_road_km": 17.163408403066157, "elephant_score": 0.0053475935828877002, "settlement_proximity_score": 0.78341613273676747, "road_proximity_score": 0.89468818860914145, "conflict_risk_score": 0.50557033383692773, "priority_zone": true, "nearest_settlement": "Nanyuki" }, "geometry": { "type": "Polygon", "coordinates": [ [ [ 37.281780179342881, 0.257534314903491 ], [ 37.281780179342881, 0.357534314903491 ], [ 37.18178017934288, 0.357534314903491 ], [ 37.18178017934288, 0.257534314903491 ], [ 37.281780179342881, 0.257534314903491 ] ] ] } },
{ "type": "Feature", "properties": { "cell_id": 365, "elephant_count": 2.0, "inside_protected_area": false, "dist_to_settlement_km": 39.337888282234779, "dist_to_road_km": 26.410612353548249, "elephant_score": 0.0106951871657754, "settlement_proximity_score": 0.7674191804398528, "road_proximity_score": 0.83787823389846927, "conflict_risk_score": 0.48586729916780674, "priority_zone": false, "nearest_settlement": "Isiolo" }, "geometry": { "type": "Polygon", "coordinates": [ [ [ 37.281780179342881, 0.35753431490349 ], [ 37.281780179342881, 0.45753431490349 ], [ 37.18178017934288, 0.45753431490349 ], [ 37.18178017934288, 0.35753431490349 ], [ 37.281780179342881, 0.35753431490349 ] ] ] } },
{ "type": "Feature", "properties": { "cell_id": 366, "elephant_count": 0.0, "inside_protected_area": false, "dist_to_settlement_km": 42.439606422430025, "dist_to_road_km": 35.657816304030348, "elephant_score": 0.0, "settlement_proximity_score": 0.74813876496006748, "road_proximity_score": 0.78106827918779709, "conflict_risk_score": 0.45876211324435934, "priority_zone": false, "nearest_settlement": "Isiolo" }, "geometry": { "type": "Polygon", "coordinates": [ [ [ 37.281780179342881, 0.45753431490349 ], [ 37.281780179342881, 0.55753431490349 ], [ 37.18178017934288, 0.55753431490349 ], [ 37.18178017934288, 0.45753431490349 ], [ 37.281780179342881, 0.45753431490349 ] ] ] } },
{ "type": "Feature", "properties": { "cell_id": 367, "elephant_count": 0.0, "inside_protected_area": false, "dist_to_settlement_km": 42.761837144766666, "dist_to_road_km": 44.905020254512422, "elephant_score": 0.0, "settlement_proximity_score": 0.74613576471111165, "road_proximity_score": 0.72425832447712502, "conflict_risk_score": 0.441118226756471, "priority_zone": false, "nearest_settlement": "Wamba" }, "geometry": { "type": "Polygon", "coordinates": [ [ [ 37.281780179342881, 0.557534314903489 ], [ 37.281780179342881, 0.657534314903489 ], [ 37.18178017934288, 0.657534314903489 ], [ 37.18178017934288, 0.557534314903489 ], [ 37.281780179342881, 0.557534314903489 ] ] ] } },
{ "type": "Feature", "properties": { "cell_id": 368, "elephant_count": 0.0, "inside_protected_area": false, "dist_to_settlement_km": 32.028470378410624, "dist_to_road_km": 48.937696299482603, "elephant_score": 0.0, "settlement_proximity_score": 0.81285484149325848, "road_proximity_score": 0.69948368506132352, "conflict_risk_score": 0.45370155796637457, "priority_zone": false, "nearest_settlement": "Wamba" }, "geometry": { "type": "Polygon", "coordinates": [ [ [ 37.281780179342881, 0.657534314903489 ], [ 37.281780179342881, 0.757534314903489 ], [ 37.18178017934288, 0.757534314903489 ], [ 37.18178017934288, 0.657534314903489 ], [ 37.281780179342881, 0.657534314903489 ] ] ] } },
{ "type": "Feature", "properties": { "cell_id": 369, "elephant_count": 0.0, "inside_protected_area": false, "dist_to_settlement_km": 21.667743619627455, "dist_to_road_km": 52.445031634508574, "elephant_score": 0.0, "settlement_proximity_score": 0.87725757170693763, "road_proximity_score": 0.67793646250573381, "conflict_risk_score": 0.4665582102638014, "priority_zone": false, "nearest_settlement": "Wamba" }, "geometry": { "type": "Polygon", "coordinates": [ [ [ 37.281780179342881, 0.757534314903489 ], [ 37.281780179342881, 0.857534314903489 ], [ 37.18178017934288, 0.857534314903489 ], [ 37.18178017934288, 0.757534314903489 ], [ 37.281780179342881, 0.757534314903489 ] ] ] } },
{ "type": "Feature", "properties": { "cell_id": 370, "elephant_count": 0.0, "inside_protected_area": false, "dist_to_settlement_km": 12.632470556113891, "dist_to_road_km": 57.512794419414007, "elephant_score": 0.0, "settlement_proximity_score": 0.93342122383907122, "road_proximity_score": 0.64680279487640702, "conflict_risk_score": 0.47406720561464344, "priority_zone": false, "nearest_settlement": "Wamba" }, "geometry": { "type": "Polygon", "coordinates": [ [ [ 37.281780179342881, 0.857534314903488 ], [ 37.281780179342881, 0.957534314903488 ], [ 37.18178017934288, 0.957534314903488 ], [ 37.18178017934288, 0.857534314903488 ], [ 37.281780179342881, 0.857534314903488 ] ] ] } },
{ "type": "Feature", "properties": { "cell_id": 371, "elephant_count": 1.0, "inside_protected_area": false, "dist_to_settlement_km": 9.8024237378454124, "dist_to_road_km": 64.120056930066966, "elephant_score": 0.0053475935828877002, "settlement_proximity_score": 0.95101291851189085, "road_proximity_score": 0.60621125109714957, "conflict_risk_score": 0.46930628831586718, "priority_zone": false, "nearest_settlement": "Wamba" }, "geometry": { "type": "Polygon", "coordinates": [ [ [ 37.281780179342881, 0.957534314903488 ], [ 37.281780179342881, 1.057534314903488 ], [ 37.18178017934288, 1.057534314903488 ], [ 37.18178017934288, 0.957534314903488 ], [ 37.281780179342881, 0.957534314903488 ] ] ] } },
{ "type": "Feature", "properties": { "cell_id": 372, "elephant_count": 0.0, "inside_protected_area": false, "dist_to_settlement_km": 58.48293883235484, "dist_to_road_km": 92.657390113637049, "elephant_score": 0.0, "settlement_proximity_score": 0.64841270973437093, "road_proximity_score": 0.43089289385063734, "conflict_risk_score": 0.32379168107550249, "priority_zone": false, "nearest_settlement": "Taveta" }, "geometry": { "type": "Polygon", "coordinates": [ [ [ 37.381780179342883, -3.842465685096495 ], [ 37.381780179342883, -3.742465685096495 ], [ 37.281780179342881, -3.742465685096495 ], [ 37.281780179342881, -3.842465685096495 ], [ 37.381780179342883, -3.842465685096495 ] ] ] } },
{ "type": "Feature", "properties": { "cell_id": 373, "elephant_count": 0.0, "inside_protected_area": false, "dist_to_settlement_km": 50.757759931405282, "dist_to_road_km": 81.843705570165511, "elephant_score": 0.0, "settlement_proximity_score": 0.69643275931134596, "road_proximity_score": 0.49732648096083476, "conflict_risk_score": 0.35812777208165419, "priority_zone": false, "nearest_settlement": "Taveta" }, "geometry": { "type": "Polygon", "coordinates": [ [ [ 37.381780179342883, -3.742465685096495 ], [ 37.381780179342883, -3.642465685096495 ], [ 37.281780179342881, -3.642465685096495 ], [ 37.281780179342881, -3.742465685096495 ], [ 37.381780179342883, -3.742465685096495 ] ] ] } },
{ "type": "Feature", "properties": { "cell_id": 374, "elephant_count": 0.0, "inside_protected_area": false, "dist_to_settlement_km": 44.484449553067307, "dist_to_road_km": 71.118298209681328, "elephant_score": 0.0, "settlement_proximity_score": 0.73542793071669865, "road_proximity_score": 0.56321773951481635, "conflict_risk_score": 0.38959370106945446, "priority_zone": false, "nearest_settlement": "Taveta" }, "geometry": { "type": "Polygon", "coordinates": [ [ [ 37.381780179342883, -3.642465685096496 ], [ 37.381780179342883, -3.542465685096496 ], [ 37.281780179342881, -3.542465685096496 ], [ 37.281780179342881, -3.642465685096496 ], [ 37.381780179342883, -3.642465685096496 ] ] ] } },
{ "type": "Feature", "properties": { "cell_id": 375, "elephant_count": 0.0, "inside_protected_area": false, "dist_to_settlement_km": 40.346032157135404, "dist_to_road_km": 60.528113625210352, "elephant_score": 0.0, "settlement_proximity_score": 0.76115251406562789, "road_proximity_score": 0.62827826049425139, "conflict_risk_score": 0.41682923236796376, "priority_zone": false, "nearest_settlement": "Taveta" }, "geometry": { "type": "Polygon", "coordinates": [ [ [ 37.381780179342883, -3.542465685096496 ], [ 37.381780179342883, -3.442465685096496 ], [ 37.281780179342881, -3.442465685096496 ], [ 37.281780179342881, -3.542465685096496 ], [ 37.381780179342883, -3.542465685096496 ] ] ] } },
{ "type": "Feature", "properties": { "cell_id": 376, "elephant_count": 0.0, "inside_protected_area": false, "dist_to_settlement_km": 39.02766159546097, "dist_to_road_km": 50.158874965569147, "elephant_score": 0.0, "settlement_proximity_score": 0.76934756307926944, "road_proximity_score": 0.69198140598480351, "conflict_risk_score": 0.43839869071922188, "priority_zone": false, "nearest_settlement": "Taveta" }, "geometry": { "type": "Polygon", "coordinates": [ [ [ 37.381780179342883, -3.442465685096496 ], [ 37.381780179342883, -3.342465685096496 ], [ 37.281780179342881, -3.342465685096496 ], [ 37.281780179342881, -3.442465685096496 ], [ 37.381780179342883, -3.442465685096496 ] ] ] } },
{ "type": "Feature", "properties": { "cell_id": 377, "elephant_count": 0.0, "inside_protected_area": false, "dist_to_settlement_km": 40.181997668070366, "dist_to_road_km": 40.181997668070366, "elephant_score": 0.0, "settlement_proximity_score": 0.76217215961665441, "road_proximity_score": 0.75327408974736831, "conflict_risk_score": 0.45463387480920681, "priority_zone": false, "nearest_settlement": "Loitokitok" }, "geometry": { "type": "Polygon", "coordinates": [ [ [ 37.381780179342883, -3.342465685096497 ], [ 37.381780179342883, -3.242465685096497 ], [ 37.281780179342881, -3.242465685096497 ], [ 37.281780179342881, -3.342465685096497 ], [ 37.381780179342883, -3.342465685096497 ] ] ] } },
{ "type": "Feature", "properties": { "cell_id": 378, "elephant_count": 0.0, "inside_protected_area": false, "dist_to_settlement_km": 30.978914367389155, "dist_to_road_km": 30.978914367389155, "elephant_score": 0.0, "settlement_proximity_score": 0.81937892751499042, "road_proximity_score": 0.80981299040425125, "conflict_risk_score": 0.48875757537577247, "priority_zone": false, "nearest_settlement": "Loitokitok" }, "geometry": { "type": "Polygon", "coordinates": [ [ [ 37.381780179342883, -3.242465685096497 ], [ 37.381780179342883, -3.142465685096497 ], [ 37.281780179342881, -3.142465685096497 ], [ 37.281780179342881, -3.242465685096497 ], [ 37.381780179342883, -3.242465685096497 ] ] ] } },
{ "type": "Feature", "properties": { "cell_id": 379, "elephant_count": 0.0, "inside_protected_area": false, "dist_to_settlement_km": 23.477932919387161, "dist_to_road_km": 23.477932919387161, "elephant_score": 0.0, "settlement_proximity_score": 0.86600535592880379, "road_proximity_score": 0.85589507301305645, "conflict_risk_score": 0.51657012868255803, "priority_zone": true, "nearest_settlement": "Loitokitok" }, "geometry": { "type": "Polygon", "coordinates": [ [ [ 37.381780179342883, -3.142465685096497 ], [ 37.381780179342883, -3.042465685096497 ], [ 37.281780179342881, -3.042465685096497 ], [ 37.281780179342881, -3.142465685096497 ], [ 37.381780179342883, -3.142465685096497 ] ] ] } },
{ "type": "Feature", "properties": { "cell_id": 380, "elephant_count": 0.0, "inside_protected_area": false, "dist_to_settlement_km": 19.726974754190127, "dist_to_road_km": 19.726974754190127, "elephant_score": 0.0, "settlement_proximity_score": 0.88932147577060849, "road_proximity_score": 0.87893898603017562, "conflict_risk_score": 0.53047813854023518, "priority_zone": true, "nearest_settlement": "Loitokitok" }, "geometry": { "type": "Polygon", "coordinates": [ [ [ 37.381780179342883, -3.042465685096498 ], [ 37.381780179342883, -2.942465685096498 ], [ 37.281780179342881, -2.942465685096498 ], [ 37.281780179342881, -3.042465685096498 ], [ 37.381780179342883, -3.042465685096498 ] ] ] } },
{ "type": "Feature", "properties": { "cell_id": 381, "elephant_count": 0.0, "inside_protected_area": false, "dist_to_settlement_km": 21.405349730205923, "dist_to_road_km": 20.833944416538515, "elephant_score": 0.0, "settlement_proximity_score": 0.87888862358810105, "road_proximity_score": 0.87213834696988735, "conflict_risk_score": 0.52530809116739652, "priority_zone": true, "nearest_settlement": "Kimana" }, "geometry": { "type": "Polygon", "coordinates": [ [ [ 37.381780179342883, -2.942465685096498 ], [ 37.381780179342883, -2.842465685096498 ], [ 37.281780179342881, -2.842465685096498 ], [ 37.281780179342881, -2.942465685096498 ], [ 37.381780179342883, -2.942465685096498 ] ] ] } },
{ "type": "Feature", "properties": { "cell_id": 382, "elephant_count": 108.0, "inside_protected_area": false, "dist_to_settlement_km": 23.30854898653358, "dist_to_road_km": 20.97197675991973, "elephant_score": 0.57754010695187163, "settlement_proximity_score": 0.86705825385614788, "road_proximity_score": 0.87129034889197254, "conflict_risk_score": 0.75252062360518468, "priority_zone": true, "nearest_settlement": "Kimana" }, "geometry": { "type": "Polygon", "coordinates": [ [ [ 37.381780179342883, -2.842465685096498 ], [ 37.381780179342883, -2.742465685096498 ], [ 37.281780179342881, -2.742465685096498 ], [ 37.281780179342881, -2.842465685096498 ], [ 37.381780179342883, -2.842465685096498 ] ] ] } },
{ "type": "Feature", "properties": { "cell_id": 383, "elephant_count": 187.0, "inside_protected_area": true, "dist_to_settlement_km": 29.577151902149787, "dist_to_road_km": 20.558406731191219, "elephant_score": 1.0, "settlement_proximity_score": 0.82809234424475231, "road_proximity_score": 0.87383110550635801, "conflict_risk_score": 0.91057703492533304, "priority_zone": false, "nearest_settlement": "Kimana" }, "geometry": { "type": "Polygon", "coordinates": [ [ [ 37.381780179342883, -2.742465685096499 ], [ 37.381780179342883, -2.642465685096499 ], [ 37.281780179342881, -2.642465685096499 ], [ 37.281780179342881, -2.742465685096499 ], [ 37.381780179342883, -2.742465685096499 ] ] ] } },
{ "type": "Feature", "properties": { "cell_id": 384, "elephant_count": 71.0, "inside_protected_area": false, "dist_to_settlement_km": 38.114923237861149, "dist_to_road_km": 20.144836702462708, "elephant_score": 0.37967914438502676, "settlement_proximity_score": 0.77502118458949276, "road_proximity_score": 0.87637186212074336, "conflict_risk_score": 0.64728957176708146, "priority_zone": true, "nearest_settlement": "Kimana" }, "geometry": { "type": "Polygon", "coordinates": [ [ [ 37.381780179342883, -2.642465685096499 ], [ 37.381780179342883, -2.542465685096499 ], [ 37.281780179342881, -2.542465685096499 ], [ 37.281780179342881, -2.642465685096499 ], [ 37.381780179342883, -2.642465685096499 ] ] ] } },
{ "type": "Feature", "properties": { "cell_id": 385, "elephant_count": 1.0, "inside_protected_area": false, "dist_to_settlement_km": 34.296083053428895, "dist_to_road_km": 19.731266673734197, "elephant_score": 0.0053475935828877002, "settlement_proximity_score": 0.79875926202876613, "road_proximity_score": 0.87891261873512883, "conflict_risk_score": 0.50544060166232352, "priority_zone": false, "nearest_settlement": "Emali" }, "geometry": { "type": "Polygon", "coordinates": [ [ [ 37.381780179342883, -2.5424656850965 ], [ 37.381780179342883, -2.442465685096499 ], [ 37.281780179342881, -2.442465685096499 ], [ 37.281780179342881, -2.5424656850965 ], [ 37.381780179342883, -2.5424656850965 ] ] ] } },
{ "type": "Feature", "properties": { "cell_id": 386, "elephant_count": 0.0, "inside_protected_area": false, "dist_to_settlement_km": 25.705937671925145, "dist_to_road_km": 19.317696645005682, "elephant_score": 0.0, "settlement_proximity_score": 0.8521559810409991, "road_proximity_score": 0.88145337534951418, "conflict_risk_score": 0.52008280691715392, "priority_zone": true, "nearest_settlement": "Emali" }, "geometry": { "type": "Polygon", "coordinates": [ [ [ 37.381780179342883, -2.4424656850965 ], [ 37.381780179342883, -2.3424656850965 ], [ 37.281780179342881, -2.3424656850965 ], [ 37.281780179342881, -2.4424656850965 ], [ 37.381780179342883, -2.4424656850965 ] ] ] } },
{ "type": "Feature", "properties": { "cell_id": 387, "elephant_count": 1.0, "inside_protected_area": false, "dist_to_settlement_km": 19.793664399956533, "dist_to_road_km": 18.904126616277171, "elephant_score": 0.0053475935828877002, "settlement_proximity_score": 0.88890693001871923, "road_proximity_score": 0.88399413196389953, "conflict_risk_score": 0.53400935602794064, "priority_zone": true, "nearest_settlement": "Emali" }, "geometry": { "type": "Polygon", "coordinates": [ [ [ 37.381780179342883, -2.3424656850965 ], [ 37.381780179342883, -2.2424656850965 ], [ 37.281780179342881, -2.2424656850965 ], [ 37.281780179342881, -2.3424656850965 ], [ 37.381780179342883, -2.3424656850965 ] ] ] } },
{ "type": "Feature", "properties": { "cell_id": 388, "elephant_count": 0.0, "inside_protected_area": false, "dist_to_settlement_km": 19.214657664483898, "dist_to_road_km": 19.214657664483898, "elephant_score": 0.0, "settlement_proximity_score": 0.89250606118439113, "road_proximity_score": 0.88208639262135358, "conflict_risk_score": 0.53237773614172335, "priority_zone": true, "nearest_settlement": "Emali" }, "geometry": { "type": "Polygon", "coordinates": [ [ [ 37.381780179342883, -2.242465685096501 ], [ 37.381780179342883, -2.1424656850965 ], [ 37.281780179342881, -2.1424656850965 ], [ 37.281780179342881, -2.242465685096501 ], [ 37.381780179342883, -2.242465685096501 ] ] ] } },
{ "type": "Feature", "properties": { "cell_id": 389, "elephant_count": 0.0, "inside_protected_area": false, "dist_to_settlement_km": 24.35235076842708, "dist_to_road_km": 24.35235076842708, "elephant_score": 0.0, "settlement_proximity_score": 0.86056993637408929, "road_proximity_score": 0.85052310991284052, "conflict_risk_score": 0.5133279138860789, "priority_zone": true, "nearest_settlement": "Emali" }, "geometry": { "type": "Polygon", "coordinates": [ [ [ 37.381780179342883, -2.142465685096501 ], [ 37.381780179342883, -2.042465685096501 ], [ 37.281780179342881, -2.042465685096501 ], [ 37.281780179342881, -2.142465685096501 ], [ 37.381780179342883, -2.142465685096501 ] ] ] } },
{ "type": "Feature", "properties": { "cell_id": 390, "elephant_count": 0.0, "inside_protected_area": false, "dist_to_settlement_km": 32.608141724632389, "dist_to_road_km": 32.608141724632389, "elephant_score": 0.0, "settlement_proximity_score": 0.80925157907813183, "road_proximity_score": 0.79980387490577121, "conflict_risk_score": 0.48271663619517091, "priority_zone": false, "nearest_settlement": "Emali" }, "geometry": { "type": "Polygon", "coordinates": [ [ [ 37.381780179342883, -2.042465685096501 ], [ 37.381780179342883, -1.942465685096501 ], [ 37.281780179342881, -1.942465685096501 ], [ 37.281780179342881, -2.042465685096501 ], [ 37.381780179342883, -2.042465685096501 ] ] ] } },
{ "type": "Feature", "properties": { "cell_id": 391, "elephant_count": 0.0, "inside_protected_area": false, "dist_to_settlement_km": 42.189629359819129, "dist_to_road_km": 42.189629359819129, "elephant_score": 0.0, "settlement_proximity_score": 0.74969263330325964, "road_proximity_score": 0.7409402571537862, "conflict_risk_score": 0.44718986713711373, "priority_zone": false, "nearest_settlement": "Emali" }, "geometry": { "type": "Polygon", "coordinates": [ [ [ 37.381780179342883, -1.942465685096502 ], [ 37.381780179342883, -1.842465685096502 ], [ 37.281780179342881, -1.842465685096502 ], [ 37.281780179342881, -1.942465685096502 ], [ 37.381780179342883, -1.942465685096502 ] ] ] } },
{ "type": "Feature", "properties": { "cell_id": 392, "elephant_count": 0.0, "inside_protected_area": false, "dist_to_settlement_km": 63.383011769486444, "dist_to_road_km": 63.383011769486444, "elephant_score": 0.0, "settlement_proximity_score": 0.61795364226307514, "road_proximity_score": 0.61073926869214556, "conflict_risk_score": 0.36860787328656619, "priority_zone": false, "nearest_settlement": "Nanyuki" }, "geometry": { "type": "Polygon", "coordinates": [ [ [ 37.381780179342883, -0.542465685096507 ], [ 37.381780179342883, -0.442465685096507 ], [ 37.281780179342881, -0.442465685096507 ], [ 37.281780179342881, -0.542465685096507 ], [ 37.381780179342883, -0.542465685096507 ] ] ] } },
{ "type": "Feature", "properties": { "cell_id": 393, "elephant_count": 0.0, "inside_protected_area": false, "dist_to_settlement_km": 53.720853490577085, "dist_to_road_km": 53.720853490577085, "elephant_score": 0.0, "settlement_proximity_score": 0.67801404028399048, "road_proximity_score": 0.67009848442606157, "conflict_risk_score": 0.40443375741301557, "priority_zone": false, "nearest_settlement": "Nanyuki" }, "geometry": { "type": "Polygon", "coordinates": [ [ [ 37.381780179342883, -0.442465685096507 ], [ 37.381780179342883, -0.342465685096507 ], [ 37.281780179342881, -0.342465685096507 ], [ 37.281780179342881, -0.442465685096507 ], [ 37.381780179342883, -0.442465685096507 ] ] ] } },
{ "type": "Feature", "properties": { "cell_id": 394, "elephant_count": 0.0, "inside_protected_area": false, "dist_to_settlement_km": 44.731130306993059, "dist_to_road_km": 44.459784281685252, "elephant_score": 0.0, "settlement_proximity_score": 0.73389455237231571, "road_proximity_score": 0.72699361998778089, "conflict_risk_score": 0.43826645170802897, "priority_zone": false, "nearest_settlement": "Nanyuki" }, "geometry": { "type": "Polygon", "coordinates": [ [ [ 37.381780179342883, -0.342465685096507 ], [ 37.381780179342883, -0.242465685096507 ], [ 37.281780179342881, -0.242465685096507 ], [ 37.281780179342881, -0.342465685096507 ], [ 37.381780179342883, -0.342465685096507 ] ] ] } },
{ "type": "Feature", "properties": { "cell_id": 395, "elephant_count": 2.0, "inside_protected_area": false, "dist_to_settlement_km": 36.908507655097381, "dist_to_road_km": 35.212580331203156, "elephant_score": 0.0106951871657754, "settlement_proximity_score": 0.78252031656268628, "road_proximity_score": 0.78380357469845308, "conflict_risk_score": 0.47417524224465191, "priority_zone": false, "nearest_settlement": "Nanyuki" }, "geometry": { "type": "Polygon", "coordinates": [ [ [ 37.381780179342883, -0.242465685096508 ], [ 37.381780179342883, -0.142465685096508 ], [ 37.281780179342881, -0.142465685096508 ], [ 37.281780179342881, -0.242465685096508 ], [ 37.381780179342883, -0.242465685096508 ] ] ] } },
{ "type": "Feature", "properties": { "cell_id": 396, "elephant_count": 2.0, "inside_protected_area": false, "dist_to_settlement_km": 31.145173881543325, "dist_to_road_km": 25.965376380721068, "elephant_score": 0.0106951871657754, "settlement_proximity_score": 0.81834545111079404, "road_proximity_score": 0.84061352940912526, "conflict_risk_score": 0.50196576902228596, "priority_zone": false, "nearest_settlement": "Nanyuki" }, "geometry": { "type": "Polygon", "coordinates": [ [ [ 37.381780179342883, -0.142465685096508 ], [ 37.381780179342883, -0.042465685096508 ], [ 37.281780179342881, -0.042465685096508 ], [ 37.281780179342881, -0.142465685096508 ], [ 37.381780179342883, -0.142465685096508 ] ] ] } },
{ "type": "Feature", "properties": { "cell_id": 397, "elephant_count": 0.0, "inside_protected_area": false, "dist_to_settlement_km": 28.709332540077515, "dist_to_road_km": 16.718172430238972, "elephant_score": 0.0, "settlement_proximity_score": 0.83348674731617467, "road_proximity_score": 0.89742348411979744, "conflict_risk_score": 0.51927306943079166, "priority_zone": true, "nearest_settlement": "Nanyuki" }, "geometry": { "type": "Polygon", "coordinates": [ [ [ 37.381780179342883, -0.042465685096508 ], [ 37.381780179342883, 0.057534314903492 ], [ 37.281780179342881, 0.057534314903492 ], [ 37.281780179342881, -0.042465685096508 ], [ 37.381780179342883, -0.042465685096508 ] ] ] } },
{ "type": "Feature", "properties": { "cell_id": 398, "elephant_count": 2.0, "inside_protected_area": false, "dist_to_settlement_km": 30.411341530454344, "dist_to_road_km": 7.4709684797568805, "elephant_score": 0.0106951871657754, "settlement_proximity_score": 0.82290698506778104, "road_proximity_score": 0.95423343883046963, "conflict_risk_score": 0.53742020203578533, "priority_zone": true, "nearest_settlement": "Nanyuki" }, "geometry": { "type": "Polygon", "coordinates": [ [ [ 37.381780179342883, 0.057534314903491 ], [ 37.381780179342883, 0.157534314903491 ], [ 37.281780179342881, 0.157534314903491 ], [ 37.281780179342881, 0.057534314903491 ], [ 37.381780179342883, 0.057534314903491 ] ] ] } },
{ "type": "Feature", "properties": { "cell_id": 399, "elephant_count": 4.0, "inside_protected_area": true, "dist_to_settlement_km": 32.235592981546077, "dist_to_road_km": 1.7762354707247694, "elephant_score": 0.021390374331550801, "settlement_proximity_score": 0.81156735834256355, "road_proximity_score": 0.98921888157239357, "conflict_risk_score": 0.54879202170710739, "priority_zone": false, "nearest_settlement": "Isiolo" }, "geometry": { "type": "Polygon", "coordinates": [ [ [ 37.381780179342883, 0.157534314903491 ], [ 37.381780179342883, 0.257534314903491 ], [ 37.281780179342881, 0.257534314903491 ], [ 37.281780179342881, 0.157534314903491 ], [ 37.381780179342883, 0.157534314903491 ] ] ] } },
{ "type": "Feature", "properties": { "cell_id": 400, "elephant_count": 6.0, "inside_protected_area": false, "dist_to_settlement_km": 28.283284704169095, "dist_to_road_km": 11.023439421206866, "elephant_score": 0.032085561497326207, "settlement_proximity_score": 0.83613507927907205, "road_proximity_score": 0.93240892686172139, "conflict_risk_score": 0.54339742644116851, "priority_zone": true, "nearest_settlement": "Isiolo" }, "geometry": { "type": "Polygon", "coordinates": [ [ [ 37.381780179342883, 0.257534314903491 ], [ 37.381780179342883, 0.357534314903491 ], [ 37.281780179342881, 0.357534314903491 ], [ 37.281780179342881, 0.257534314903491 ], [ 37.381780179342883, 0.257534314903491 ] ] ] } },
{ "type": "Feature", "properties": { "cell_id": 401, "elephant_count": 9.0, "inside_protected_area": false, "dist_to_settlement_km": 28.410824212652933, "dist_to_road_km": 20.270643371688955, "elephant_score": 0.048128342245989303, "settlement_proximity_score": 0.83534228812187772, "road_proximity_score": 0.8755989721510492, "conflict_risk_score": 0.5325337149802738, "priority_zone": true, "nearest_settlement": "Isiolo" }, "geometry": { "type": "Polygon", "coordinates": [ [ [ 37.381780179342883, 0.35753431490349 ], [ 37.381780179342883, 0.45753431490349 ], [ 37.281780179342881, 0.45753431490349 ], [ 37.281780179342881, 0.35753431490349 ], [ 37.381780179342883, 0.35753431490349 ] ] ] } },
{ "type": "Feature", "properties": { "cell_id": 402, "elephant_count": 5.0, "inside_protected_area": false, "dist_to_settlement_km": 32.570318868986305, "dist_to_road_km": 29.517847322171054, "elephant_score": 0.026737967914438502, "settlement_proximity_score": 0.80948668760138487, "road_proximity_score": 0.81878901744037702, "conflict_risk_score": 0.49917789867830398, "priority_zone": false, "nearest_settlement": "Isiolo" }, "geometry": { "type": "Polygon", "coordinates": [ [ [ 37.381780179342883, 0.45753431490349 ], [ 37.381780179342883, 0.55753431490349 ], [ 37.281780179342881, 0.55753431490349 ], [ 37.281780179342881, 0.45753431490349 ], [ 37.381780179342883, 0.45753431490349 ] ] ] } },
{ "type": "Feature", "properties": { "cell_id": 403, "elephant_count": 1.0, "inside_protected_area": false, "dist_to_settlement_km": 37.657892446483395, "dist_to_road_km": 34.996380752624759, "elephant_score": 0.0053475935828877002, "settlement_proximity_score": 0.77786210795729538, "road_proximity_score": 0.78513179113374276, "conflict_risk_score": 0.47103720716046649, "priority_zone": false, "nearest_settlement": "Archer's Post" }, "geometry": { "type": "Polygon", "coordinates": [ [ [ 37.381780179342883, 0.557534314903489 ], [ 37.381780179342883, 0.657534314903489 ], [ 37.281780179342881, 0.657534314903489 ], [ 37.281780179342881, 0.557534314903489 ], [ 37.381780179342883, 0.557534314903489 ] ] ] } },
{ "type": "Feature", "properties": { "cell_id": 404, "elephant_count": 1.0, "inside_protected_area": false, "dist_to_settlement_km": 30.655725284479434, "dist_to_road_km": 38.359417397699914, "elephant_score": 0.0053475935828877002, "settlement_proximity_score": 0.82138788497514115, "road_proximity_score": 0.76447106379171303, "conflict_risk_score": 0.47789672206321132, "priority_zone": false, "nearest_settlement": "Wamba" }, "geometry": { "type": "Polygon", "coordinates": [ [ [ 37.381780179342883, 0.657534314903489 ], [ 37.381780179342883, 0.757534314903489 ], [ 37.281780179342881, 0.757534314903489 ], [ 37.281780179342881, 0.657534314903489 ], [ 37.381780179342883, 0.657534314903489 ] ] ] } },
{ "type": "Feature", "properties": { "cell_id": 405, "elephant_count": 3.0, "inside_protected_area": false, "dist_to_settlement_km": 19.581667229902852, "dist_to_road_km": 42.347812471026948, "elephant_score": 0.016042780748663103, "settlement_proximity_score": 0.89022471369035749, "road_proximity_score": 0.73996846336272992, "conflict_risk_score": 0.49547506541539144, "priority_zone": false, "nearest_settlement": "Wamba" }, "geometry": { "type": "Polygon", "coordinates": [ [ [ 37.381780179342883, 0.757534314903489 ], [ 37.381780179342883, 0.857534314903489 ], [ 37.281780179342881, 0.857534314903489 ], [ 37.281780179342881, 0.757534314903489 ], [ 37.381780179342883, 0.757534314903489 ] ] ] } },
{ "type": "Feature", "properties": { "cell_id": 406, "elephant_count": 0.0, "inside_protected_area": false, "dist_to_settlement_km": 8.5749571595331826, "dist_to_road_km": 48.482753633291495, "elephant_score": 0.0, "settlement_proximity_score": 0.95864290439317423, "road_proximity_score": 0.70227861338783915, "conflict_risk_score": 0.49827645533430398, "priority_zone": false, "nearest_settlement": "Wamba" }, "geometry": { "type": "Polygon", "coordinates": [ [ [ 37.381780179342883, 0.857534314903488 ], [ 37.381780179342883, 0.957534314903488 ], [ 37.281780179342881, 0.957534314903488 ], [ 37.281780179342881, 0.857534314903488 ], [ 37.381780179342883, 0.857534314903488 ] ] ] } },
{ "type": "Feature", "properties": { "cell_id": 407, "elephant_count": 0.0, "inside_protected_area": false, "dist_to_settlement_km": 3.1682943475950469, "dist_to_road_km": 56.162599464872294, "elephant_score": 0.0, "settlement_proximity_score": 0.99225095666020258, "road_proximity_score": 0.65509768213409469, "conflict_risk_score": 0.49420459163828923, "priority_zone": false, "nearest_settlement": "Wamba" }, "geometry": { "type": "Polygon", "coordinates": [ [ [ 37.381780179342883, 0.957534314903488 ], [ 37.381780179342883, 1.057534314903488 ], [ 37.281780179342881, 1.057534314903488 ], [ 37.281780179342881, 0.957534314903488 ], [ 37.381780179342883, 0.957534314903488 ] ] ] } },
{ "type": "Feature", "properties": { "cell_id": 408, "elephant_count": 0.0, "inside_protected_area": false, "dist_to_settlement_km": 13.891230609927154, "dist_to_road_km": 64.840710648764826, "elephant_score": 0.0, "settlement_proximity_score": 0.9255967163467983, "road_proximity_score": 0.60178393389504881, "conflict_risk_score": 0.45821419507255412, "priority_zone": false, "nearest_settlement": "Wamba" }, "geometry": { "type": "Polygon", "coordinates": [ [ [ 37.381780179342883, 1.057534314903488 ], [ 37.381780179342883, 1.157534314903488 ], [ 37.281780179342881, 1.157534314903488 ], [ 37.281780179342881, 1.057534314903488 ], [ 37.381780179342883, 1.057534314903488 ] ] ] } },
{ "type": "Feature", "properties": { "cell_id": 409, "elephant_count": 0.0, "inside_protected_area": false, "dist_to_settlement_km": 71.444502061637124, "dist_to_road_km": 113.07364548398093, "elephant_score": 0.0, "settlement_proximity_score": 0.56784306638426973, "road_proximity_score": 0.30546616495381373, "conflict_risk_score": 0.26199276940142502, "priority_zone": false, "nearest_settlement": "Taveta" }, "geometry": { "type": "Polygon", "coordinates": [ [ [ 37.481780179342884, -4.042465685096494 ], [ 37.481780179342884, -3.942465685096494 ], [ 37.381780179342883, -3.942465685096494 ], [ 37.381780179342883, -4.042465685096494 ], [ 37.481780179342884, -4.042465685096494 ] ] ] } },
{ "type": "Feature", "properties": { "cell_id": 410, "elephant_count": 0.0, "inside_protected_area": false, "dist_to_settlement_km": 61.380558270681234, "dist_to_road_km": 102.00886972132487, "elephant_score": 0.0, "settlement_proximity_score": 0.63040098070288697, "road_proximity_score": 0.37344232437738334, "conflict_risk_score": 0.30115299152408109, "priority_zone": false, "nearest_settlement": "Taveta" }, "geometry": { "type": "Polygon", "coordinates": [ [ [ 37.481780179342884, -3.942465685096495 ], [ 37.481780179342884, -3.842465685096494 ], [ 37.381780179342883, -3.842465685096494 ], [ 37.381780179342883, -3.942465685096495 ], [ 37.481780179342884, -3.942465685096495 ] ] ] } },
{ "type": "Feature", "properties": { "cell_id": 411, "elephant_count": 0.0, "inside_protected_area": false, "dist_to_settlement_km": 51.742139426252223, "dist_to_road_km": 90.952678358624894, "elephant_score": 0.0, "settlement_proximity_score": 0.69031381336184872, "road_proximity_score": 0.44136574576518195, "conflict_risk_score": 0.3395038677381092, "priority_zone": false, "nearest_settlement": "Taveta" }, "geometry": { "type": "Polygon", "coordinates": [ [ [ 37.481780179342884, -3.842465685096495 ], [ 37.481780179342884, -3.742465685096495 ], [ 37.381780179342883, -3.742465685096495 ], [ 37.381780179342883, -3.842465685096495 ], [ 37.481780179342884, -3.842465685096495 ] ] ] } },
{ "type": "Feature", "properties": { "cell_id": 412, "elephant_count": 0.0, "inside_protected_area": false, "dist_to_settlement_km": 42.817578763761723, "dist_to_road_km": 79.908634698589907, "elephant_score": 0.0, "settlement_proximity_score": 0.74578927237197445, "road_proximity_score": 0.50921453806056161, "conflict_risk_score": 0.3765011431297608, "priority_zone": false, "nearest_settlement": "Taveta" }, "geometry": { "type": "Polygon", "coordinates": [ [ [ 37.481780179342884, -3.742465685096495 ], [ 37.481780179342884, -3.642465685096495 ], [ 37.381780179342883, -3.642465685096495 ], [ 37.381780179342883, -3.742465685096495 ], [ 37.481780179342884, -3.742465685096495 ] ] ] } },
{ "type": "Feature", "properties": { "cell_id": 413, "elephant_count": 0.0, "inside_protected_area": false, "dist_to_settlement_km": 35.15481631264992, "dist_to_road_km": 68.882581965094118, "elephant_score": 0.0, "settlement_proximity_score": 0.79342133856965735, "road_proximity_score": 0.5769528035710485, "conflict_risk_score": 0.41111224264221174, "priority_zone": false, "nearest_settlement": "Taveta" }, "geometry": { "type": "Polygon", "coordinates": [ [ [ 37.481780179342884, -3.642465685096496 ], [ 37.481780179342884, -3.542465685096496 ], [ 37.381780179342883, -3.542465685096496 ], [ 37.381780179342883, -3.642465685096496 ], [ 37.481780179342884, -3.642465685096496 ] ] ] } },
{ "type": "Feature", "properties": { "cell_id": 414, "elephant_count": 0.0, "inside_protected_area": false, "dist_to_settlement_km": 29.74554031718657, "dist_to_road_km": 57.884801951489159, "elephant_score": 0.0, "settlement_proximity_score": 0.82704563449965363, "road_proximity_score": 0.64451737636910611, "conflict_risk_score": 0.44146890326062793, "priority_zone": false, "nearest_settlement": "Taveta" }, "geometry": { "type": "Polygon", "coordinates": [ [ [ 37.481780179342884, -3.542465685096496 ], [ 37.481780179342884, -3.442465685096496 ], [ 37.381780179342883, -3.442465685096496 ], [ 37.381780179342883, -3.542465685096496 ], [ 37.481780179342884, -3.542465685096496 ] ] ] } },
{ "type": "Feature", "properties": { "cell_id": 415, "elephant_count": 0.0, "inside_protected_area": false, "dist_to_settlement_km": 27.931223165958677, "dist_to_road_km": 46.935173332463009, "elephant_score": 0.0, "settlement_proximity_score": 0.8383235091828678, "road_proximity_score": 0.71178613233864707, "conflict_risk_score": 0.46503289245645446, "priority_zone": false, "nearest_settlement": "Taveta" }, "geometry": { "type": "Polygon", "coordinates": [ [ [ 37.481780179342884, -3.442465685096496 ], [ 37.481780179342884, -3.342465685096496 ], [ 37.381780179342883, -3.342465685096496 ], [ 37.381780179342883, -3.442465685096496 ], [ 37.481780179342884, -3.442465685096496 ] ] ] } },
{ "type": "Feature", "properties": { "cell_id": 416, "elephant_count": 0.0, "inside_protected_area": false, "dist_to_settlement_km": 30.36328846373199, "dist_to_road_km": 36.077564975113823, "elephant_score": 0.0, "settlement_proximity_score": 0.82320568503006275, "road_proximity_score": 0.77848956424630666, "conflict_risk_score": 0.48050857478291076, "priority_zone": false, "nearest_settlement": "Taveta" }, "geometry": { "type": "Polygon", "coordinates": [ [ [ 37.481780179342884, -3.342465685096497 ], [ 37.481780179342884, -3.242465685096497 ], [ 37.381780179342883, -3.242465685096497 ], [ 37.381780179342883, -3.342465685096497 ], [ 37.481780179342884, -3.342465685096497 ] ] ] } },
{ "type": "Feature", "properties": { "cell_id": 417, "elephant_count": 0.0, "inside_protected_area": false, "dist_to_settlement_km": 25.430117839262522, "dist_to_road_km": 25.430117839262522, "elephant_score": 0.0, "settlement_proximity_score": 0.85387048917195563, "road_proximity_score": 0.84390187620688084, "conflict_risk_score": 0.50933170961365093, "priority_zone": true, "nearest_settlement": "Loitokitok" }, "geometry": { "type": "Polygon", "coordinates": [ [ [ 37.481780179342884, -3.242465685096497 ], [ 37.481780179342884, -3.142465685096497 ], [ 37.381780179342883, -3.142465685096497 ], [ 37.381780179342883, -3.242465685096497 ], [ 37.481780179342884, -3.242465685096497 ] ] ] } },
{ "type": "Feature", "properties": { "cell_id": 418, "elephant_count": 0.0, "inside_protected_area": false, "dist_to_settlement_km": 15.434088638594469, "dist_to_road_km": 15.434088638594469, "elephant_score": 0.0, "settlement_proximity_score": 0.91600624343001813, "road_proximity_score": 0.90531221918378724, "conflict_risk_score": 0.5463955387841416, "priority_zone": true, "nearest_settlement": "Loitokitok" }, "geometry": { "type": "Polygon", "coordinates": [ [ [ 37.481780179342884, -3.142465685096497 ], [ 37.481780179342884, -3.042465685096497 ], [ 37.381780179342883, -3.042465685096497 ], [ 37.381780179342883, -3.142465685096497 ], [ 37.481780179342884, -3.142465685096497 ] ] ] } },
{ "type": "Feature", "properties": { "cell_id": 419, "elephant_count": 0.0, "inside_protected_area": false, "dist_to_settlement_km": 8.726470700644219, "dist_to_road_km": 8.726470700644219, "elephant_score": 0.0, "settlement_proximity_score": 0.95770108960169531, "road_proximity_score": 0.94652029389609849, "conflict_risk_score": 0.57126641504933806, "priority_zone": true, "nearest_settlement": "Loitokitok" }, "geometry": { "type": "Polygon", "coordinates": [ [ [ 37.481780179342884, -3.042465685096498 ], [ 37.481780179342884, -2.942465685096498 ], [ 37.381780179342883, -2.942465685096498 ], [ 37.381780179342883, -3.042465685096498 ], [ 37.481780179342884, -3.042465685096498 ] ] ] } },
{ "type": "Feature", "properties": { "cell_id": 420, "elephant_count": 0.0, "inside_protected_area": false, "dist_to_settlement_km": 10.379350413642285, "dist_to_road_km": 9.8607383604639232, "elephant_score": 0.0, "settlement_proximity_score": 0.94742671708804549, "road_proximity_score": 0.93955195030497674, "conflict_risk_score": 0.56609360021790667, "priority_zone": true, "nearest_settlement": "Kimana" }, "geometry": { "type": "Polygon", "coordinates": [ [ [ 37.481780179342884, -2.942465685096498 ], [ 37.481780179342884, -2.842465685096498 ], [ 37.381780179342883, -2.842465685096498 ], [ 37.381780179342883, -2.942465685096498 ], [ 37.481780179342884, -2.942465685096498 ] ] ] } },
{ "type": "Feature", "properties": { "cell_id": 421, "elephant_count": 13.0, "inside_protected_area": false, "dist_to_settlement_km": 13.886337666727858, "dist_to_road_km": 9.8796839477314595, "elephant_score": 0.069518716577540107, "settlement_proximity_score": 0.92562713109550765, "road_proximity_score": 0.93943555858696126, "conflict_risk_score": 0.58732629353575672, "priority_zone": true, "nearest_settlement": "Kimana" }, "geometry": { "type": "Polygon", "coordinates": [ [ [ 37.481780179342884, -2.842465685096498 ], [ 37.481780179342884, -2.742465685096498 ], [ 37.381780179342883, -2.742465685096498 ], [ 37.381780179342883, -2.842465685096498 ], [ 37.481780179342884, -2.842465685096498 ] ] ] } },
{ "type": "Feature", "properties": { "cell_id": 422, "elephant_count": 34.0, "inside_protected_area": false, "dist_to_settlement_km": 22.898686263180952, "dist_to_road_km": 9.4661139190029484, "elephant_score": 0.18181818181818182, "settlement_proximity_score": 0.86960597845223819, "road_proximity_score": 0.94197631520134673, "conflict_risk_score": 0.61620196082334822, "priority_zone": true, "nearest_settlement": "Kimana" }, "geometry": { "type": "Polygon", "coordinates": [ [ [ 37.481780179342884, -2.742465685096499 ], [ 37.481780179342884, -2.642465685096499 ], [ 37.381780179342883, -2.642465685096499 ], [ 37.381780179342883, -2.742465685096499 ], [ 37.481780179342884, -2.742465685096499 ] ] ] } },
{ "type": "Feature", "properties": { "cell_id": 423, "elephant_count": 15.0, "inside_protected_area": false, "dist_to_settlement_km": 33.200742331532247, "dist_to_road_km": 9.0525438902744373, "elephant_score": 0.080213903743315509, "settlement_proximity_score": 0.80556794781372465, "road_proximity_score": 0.94451707181573208, "conflict_risk_score": 0.55711106738616323, "priority_zone": true, "nearest_settlement": "Kimana" }, "geometry": { "type": "Polygon", "coordinates": [ [ [ 37.481780179342884, -2.642465685096499 ], [ 37.481780179342884, -2.542465685096499 ], [ 37.381780179342883, -2.542465685096499 ], [ 37.381780179342883, -2.642465685096499 ], [ 37.481780179342884, -2.642465685096499 ] ] ] } },
{ "type": "Feature", "properties": { "cell_id": 424, "elephant_count": 0.0, "inside_protected_area": false, "dist_to_settlement_km": 29.747336531939141, "dist_to_road_km": 8.6389738615459262, "elephant_score": 0.0, "settlement_proximity_score": 0.82703446915027135, "road_proximity_score": 0.94705782843011743, "conflict_risk_score": 0.53222768927411657, "priority_zone": true, "nearest_settlement": "Emali" }, "geometry": { "type": "Polygon", "coordinates": [ [ [ 37.481780179342884, -2.5424656850965 ], [ 37.481780179342884, -2.442465685096499 ], [ 37.381780179342883, -2.442465685096499 ], [ 37.381780179342883, -2.5424656850965 ], [ 37.481780179342884, -2.5424656850965 ] ] ] } },
{ "type": "Feature", "properties": { "cell_id": 425, "elephant_count": 1.0, "inside_protected_area": false, "dist_to_settlement_km": 19.221809215826919, "dist_to_road_km": 8.2254038328174133, "elephant_score": 0.0053475935828877002, "settlement_proximity_score": 0.89246160682877718, "road_proximity_score": 0.9495985850445029, "conflict_risk_score": 0.55475709499513903, "priority_zone": true, "nearest_settlement": "Emali" }, "geometry": { "type": "Polygon", "coordinates": [ [ [ 37.481780179342884, -2.4424656850965 ], [ 37.481780179342884, -2.3424656850965 ], [ 37.381780179342883, -2.3424656850965 ], [ 37.381780179342883, -2.4424656850965 ], [ 37.481780179342884, -2.4424656850965 ] ] ] } },
{ "type": "Feature", "properties": { "cell_id": 426, "elephant_count": 2.0, "inside_protected_area": false, "dist_to_settlement_km": 10.023565648752697, "dist_to_road_km": 7.8118338040889057, "elephant_score": 0.0106951871657754, "settlement_proximity_score": 0.94963829073155437, "road_proximity_score": 0.95213934165888825, "conflict_risk_score": 0.57481136458344295, "priority_zone": true, "nearest_settlement": "Emali" }, "geometry": { "type": "Polygon", "coordinates": [ [ [ 37.481780179342884, -2.3424656850965 ], [ 37.481780179342884, -2.2424656850965 ], [ 37.381780179342883, -2.2424656850965 ], [ 37.381780179342883, -2.3424656850965 ], [ 37.481780179342884, -2.3424656850965 ] ] ] } },
{ "type": "Feature", "properties": { "cell_id": 427, "elephant_count": 1.0, "inside_protected_area": false, "dist_to_settlement_km": 8.825292465412014, "dist_to_road_km": 8.825292465412014, "elephant_score": 0.0053475935828877002, "settlement_proximity_score": 0.95708680919417621, "road_proximity_score": 0.94591318497853272, "conflict_risk_score": 0.57303903568496772, "priority_zone": true, "nearest_settlement": "Emali" }, "geometry": { "type": "Polygon", "coordinates": [ [ [ 37.481780179342884, -2.242465685096501 ], [ 37.481780179342884, -2.1424656850965 ], [ 37.381780179342883, -2.1424656850965 ], [ 37.381780179342883, -2.242465685096501 ], [ 37.481780179342884, -2.242465685096501 ] ] ] } },
{ "type": "Feature", "properties": { "cell_id": 428, "elephant_count": 0.0, "inside_protected_area": false, "dist_to_settlement_km": 17.370080767954398, "dist_to_road_km": 17.370080767954398, "elephant_score": 0.0, "settlement_proximity_score": 0.90397203176650953, "road_proximity_score": 0.89341850236104736, "conflict_risk_score": 0.53921716023826705, "priority_zone": true, "nearest_settlement": "Emali" }, "geometry": { "type": "Polygon", "coordinates": [ [ [ 37.481780179342884, -2.142465685096501 ], [ 37.481780179342884, -2.042465685096501 ], [ 37.381780179342883, -2.042465685096501 ], [ 37.381780179342883, -2.142465685096501 ], [ 37.481780179342884, -2.142465685096501 ] ] ] } },
{ "type": "Feature", "properties": { "cell_id": 429, "elephant_count": 0.0, "inside_protected_area": false, "dist_to_settlement_km": 27.784413340404726, "dist_to_road_km": 27.784413340404726, "elephant_score": 0.0, "settlement_proximity_score": 0.83923608547292905, "road_proximity_score": 0.82943832360096525, "conflict_risk_score": 0.50060232272216831, "priority_zone": false, "nearest_settlement": "Emali" }, "geometry": { "type": "Polygon", "coordinates": [ [ [ 37.481780179342884, -2.042465685096501 ], [ 37.481780179342884, -1.942465685096501 ], [ 37.381780179342883, -1.942465685096501 ], [ 37.381780179342883, -2.042465685096501 ], [ 37.481780179342884, -2.042465685096501 ] ] ] } },
{ "type": "Feature", "properties": { "cell_id": 430, "elephant_count": 0.0, "inside_protected_area": false, "dist_to_settlement_km": 38.582995522064643, "dist_to_road_km": 38.582995522064643, "elephant_score": 0.0, "settlement_proximity_score": 0.77211162681986001, "road_proximity_score": 0.76309751745408794, "conflict_risk_score": 0.46056274328218438, "priority_zone": false, "nearest_settlement": "Emali" }, "geometry": { "type": "Polygon", "coordinates": [ [ [ 37.481780179342884, -1.942465685096502 ], [ 37.481780179342884, -1.842465685096502 ], [ 37.381780179342883, -1.842465685096502 ], [ 37.381780179342883, -1.942465685096502 ], [ 37.481780179342884, -1.942465685096502 ] ] ] } },
{ "type": "Feature", "properties": { "cell_id": 431, "elephant_count": 0.0, "inside_protected_area": false, "dist_to_settlement_km": 54.762024381830017, "dist_to_road_km": 59.846957214025757, "elephant_score": 0.0, "settlement_proximity_score": 0.67154207653310261, "road_proximity_score": 0.63246292702453422, "conflict_risk_score": 0.39120150106729101, "priority_zone": false, "nearest_settlement": "Meru" }, "geometry": { "type": "Polygon", "coordinates": [ [ [ 37.481780179342884, -0.442465685096507 ], [ 37.481780179342884, -0.342465685096507 ], [ 37.381780179342883, -0.342465685096507 ], [ 37.381780179342883, -0.442465685096507 ], [ 37.481780179342884, -0.442465685096507 ] ] ] } },
{ "type": "Feature", "properties": { "cell_id": 432, "elephant_count": 0.0, "inside_protected_area": false, "dist_to_settlement_km": 45.075108132774751, "dist_to_road_km": 50.599753263543676, "elephant_score": 0.0, "settlement_proximity_score": 0.73175637117817072, "road_proximity_score": 0.68927288173520629, "conflict_risk_score": 0.42630877587401306, "priority_zone": false, "nearest_settlement": "Meru" }, "geometry": { "type": "Polygon", "coordinates": [ [ [ 37.481780179342884, -0.342465685096507 ], [ 37.481780179342884, -0.242465685096507 ], [ 37.381780179342883, -0.242465685096507 ], [ 37.381780179342883, -0.342465685096507 ], [ 37.481780179342884, -0.342465685096507 ] ] ] } },
{ "type": "Feature", "properties": { "cell_id": 433, "elephant_count": 0.0, "inside_protected_area": false, "dist_to_settlement_km": 36.208720385654686, "dist_to_road_km": 41.352549313061573, "elephant_score": 0.0, "settlement_proximity_score": 0.78687022480466162, "road_proximity_score": 0.74608283644587847, "conflict_risk_score": 0.45988591837516202, "priority_zone": false, "nearest_settlement": "Meru" }, "geometry": { "type": "Polygon", "coordinates": [ [ [ 37.481780179342884, -0.242465685096508 ], [ 37.481780179342884, -0.142465685096508 ], [ 37.381780179342883, -0.142465685096508 ], [ 37.381780179342883, -0.242465685096508 ], [ 37.481780179342884, -0.242465685096508 ] ] ] } },
{ "type": "Feature", "properties": { "cell_id": 434, "elephant_count": 0.0, "inside_protected_area": false, "dist_to_settlement_km": 28.927452199454279, "dist_to_road_km": 32.105345362579484, "elephant_score": 0.0, "settlement_proximity_score": 0.83213090598340012, "road_proximity_score": 0.80289279115655066, "conflict_risk_score": 0.4905071091419852, "priority_zone": false, "nearest_settlement": "Meru" }, "geometry": { "type": "Polygon", "coordinates": [ [ [ 37.481780179342884, -0.142465685096508 ], [ 37.481780179342884, -0.042465685096508 ], [ 37.381780179342883, -0.042465685096508 ], [ 37.381780179342883, -0.142465685096508 ], [ 37.481780179342884, -0.142465685096508 ] ] ] } },
{ "type": "Feature", "properties": { "cell_id": 435, "elephant_count": 1.0, "inside_protected_area": false, "dist_to_settlement_km": 24.676781587899537, "dist_to_road_km": 22.858141412097396, "elephant_score": 0.0053475935828877002, "settlement_proximity_score": 0.85855326022521061, "road_proximity_score": 0.85970274586722284, "conflict_risk_score": 0.51761583926088506, "priority_zone": true, "nearest_settlement": "Meru" }, "geometry": { "type": "Polygon", "coordinates": [ [ [ 37.481780179342884, -0.042465685096508 ], [ 37.481780179342884, 0.057534314903492 ], [ 37.381780179342883, 0.057534314903492 ], [ 37.381780179342883, -0.042465685096508 ], [ 37.481780179342884, -0.042465685096508 ] ] ] } },
{ "type": "Feature", "properties": { "cell_id": 436, "elephant_count": 0.0, "inside_protected_area": false, "dist_to_settlement_km": 25.05014188227446, "dist_to_road_km": 13.610937461615304, "elephant_score": 0.0, "settlement_proximity_score": 0.85623243632251056, "road_proximity_score": 0.91651270057789502, "conflict_risk_score": 0.53182354107012164, "priority_zone": true, "nearest_settlement": "Meru" }, "geometry": { "type": "Polygon", "coordinates": [ [ [ 37.481780179342884, 0.057534314903491 ], [ 37.481780179342884, 0.157534314903491 ], [ 37.381780179342883, 0.157534314903491 ], [ 37.381780179342883, 0.057534314903491 ], [ 37.481780179342884, 0.057534314903491 ] ] ] } },
{ "type": "Feature", "properties": { "cell_id": 437, "elephant_count": 13.0, "inside_protected_area": true, "dist_to_settlement_km": 23.350780132764427, "dist_to_road_km": 4.3637335111332165, "elephant_score": 0.069518716577540107, "settlement_proximity_score": 0.86679574320601283, "road_proximity_score": 0.97332265528856721, "conflict_risk_score": 0.57984300617939, "priority_zone": false, "nearest_settlement": "Isiolo" }, "geometry": { "type": "Polygon", "coordinates": [ [ [ 37.481780179342884, 0.157534314903491 ], [ 37.481780179342884, 0.257534314903491 ], [ 37.381780179342883, 0.257534314903491 ], [ 37.381780179342883, 0.157534314903491 ], [ 37.481780179342884, 0.157534314903491 ] ] ] } },
{ "type": "Feature", "properties": { "cell_id": 438, "elephant_count": 11.0, "inside_protected_area": false, "dist_to_settlement_km": 17.494847001156895, "dist_to_road_km": 4.883470439348879, "elephant_score": 0.058823529411764705, "settlement_proximity_score": 0.90319647940963399, "road_proximity_score": 0.97012966511429333, "conflict_risk_score": 0.58552725512188408, "priority_zone": true, "nearest_settlement": "Isiolo" }, "geometry": { "type": "Polygon", "coordinates": [ [ [ 37.481780179342884, 0.257534314903491 ], [ 37.481780179342884, 0.357534314903491 ], [ 37.381780179342883, 0.357534314903491 ], [ 37.381780179342883, 0.257534314903491 ], [ 37.481780179342884, 0.257534314903491 ] ] ] } },
{ "type": "Feature", "properties": { "cell_id": 439, "elephant_count": 35.0, "inside_protected_area": false, "dist_to_settlement_km": 17.700294076061819, "dist_to_road_km": 14.13067438983097, "elephant_score": 0.18716577540106952, "settlement_proximity_score": 0.90191941141562726, "road_proximity_score": 0.91331971040362114, "conflict_risk_score": 0.61943804670620239, "priority_zone": true, "nearest_settlement": "Isiolo" }, "geometry": { "type": "Polygon", "coordinates": [ [ [ 37.481780179342884, 0.35753431490349 ], [ 37.481780179342884, 0.45753431490349 ], [ 37.381780179342883, 0.45753431490349 ], [ 37.381780179342883, 0.35753431490349 ], [ 37.481780179342884, 0.35753431490349 ] ] ] } },
{ "type": "Feature", "properties": { "cell_id": 440, "elephant_count": 46.0, "inside_protected_area": false, "dist_to_settlement_km": 23.810736006353281, "dist_to_road_km": 21.055065205769175, "elephant_score": 0.24598930481283424, "settlement_proximity_score": 0.8639366373993832, "road_proximity_score": 0.87077989720614801, "conflict_risk_score": 0.61881068230679304, "priority_zone": true, "nearest_settlement": "Isiolo" }, "geometry": { "type": "Polygon", "coordinates": [ [ [ 37.481780179342884, 0.45753431490349 ], [ 37.481780179342884, 0.55753431490349 ], [ 37.381780179342883, 0.55753431490349 ], [ 37.381780179342883, 0.45753431490349 ], [ 37.481780179342884, 0.45753431490349 ] ] ] } },
{ "type": "Feature", "properties": { "cell_id": 441, "elephant_count": 34.0, "inside_protected_area": false, "dist_to_settlement_km": 26.596855856430466, "dist_to_road_km": 24.41810185084433, "elephant_score": 0.18181818181818182, "settlement_proximity_score": 0.84661799468009868, "road_proximity_score": 0.8501191698641184, "conflict_risk_score": 0.5817484220905379, "priority_zone": true, "nearest_settlement": "Archer's Post" }, "geometry": { "type": "Polygon", "coordinates": [ [ [ 37.481780179342884, 0.557534314903489 ], [ 37.481780179342884, 0.657534314903489 ], [ 37.381780179342883, 0.657534314903489 ], [ 37.381780179342883, 0.557534314903489 ], [ 37.481780179342884, 0.557534314903489 ] ] ] } },
{ "type": "Feature", "properties": { "cell_id": 442, "elephant_count": 18.0, "inside_protected_area": false, "dist_to_settlement_km": 27.781161247019856, "dist_to_road_km": 27.781161247019856, "elephant_score": 0.096256684491978606, "settlement_proximity_score": 0.83925630062750001, "road_proximity_score": 0.82945830275130072, "conflict_risk_score": 0.5391170548104316, "priority_zone": true, "nearest_settlement": "Archer's Post" }, "geometry": { "type": "Polygon", "coordinates": [ [ [ 37.481780179342884, 0.657534314903489 ], [ 37.481780179342884, 0.757534314903489 ], [ 37.381780179342883, 0.757534314903489 ], [ 37.381780179342883, 0.657534314903489 ], [ 37.481780179342884, 0.657534314903489 ] ] ] } },
{ "type": "Feature", "properties": { "cell_id": 443, "elephant_count": 5.0, "inside_protected_area": false, "dist_to_settlement_km": 23.319782791427922, "dist_to_road_km": 32.903086466441025, "elephant_score": 0.026737967914438502, "settlement_proximity_score": 0.86698842403409704, "road_proximity_score": 0.79799188962740764, "conflict_risk_score": 0.5101892812642268, "priority_zone": true, "nearest_settlement": "Wamba" }, "geometry": { "type": "Polygon", "coordinates": [ [ [ 37.481780179342884, 0.757534314903489 ], [ 37.481780179342884, 0.857534314903489 ], [ 37.381780179342883, 0.857534314903489 ], [ 37.381780179342883, 0.757534314903489 ], [ 37.481780179342884, 0.757534314903489 ] ] ] } },
{ "type": "Feature", "properties": { "cell_id": 444, "elephant_count": 4.0, "inside_protected_area": false, "dist_to_settlement_km": 15.293804896903712, "dist_to_road_km": 40.495101898912026, "elephant_score": 0.021390374331550801, "settlement_proximity_score": 0.91687825329764794, "road_proximity_score": 0.75135054212485619, "conflict_risk_score": 0.50902478835937148, "priority_zone": true, "nearest_settlement": "Wamba" }, "geometry": { "type": "Polygon", "coordinates": [ [ [ 37.481780179342884, 0.857534314903488 ], [ 37.481780179342884, 0.957534314903488 ], [ 37.381780179342883, 0.957534314903488 ], [ 37.381780179342883, 0.857534314903488 ], [ 37.481780179342884, 0.857534314903488 ] ] ] } },
{ "type": "Feature", "properties": { "cell_id": 445, "elephant_count": 7.0, "inside_protected_area": false, "dist_to_settlement_km": 13.054067067765967, "dist_to_road_km": 49.431907272413049, "elephant_score": 0.037433155080213901, "settlement_proximity_score": 0.93080056150223867, "road_proximity_score": 0.69644751292323281, "conflict_risk_score": 0.5031476843597269, "priority_zone": false, "nearest_settlement": "Wamba" }, "geometry": { "type": "Polygon", "coordinates": [ [ [ 37.481780179342884, 0.957534314903488 ], [ 37.481780179342884, 1.057534314903488 ], [ 37.381780179342883, 1.057534314903488 ], [ 37.381780179342883, 0.957534314903488 ], [ 37.481780179342884, 0.957534314903488 ] ] ] } },
{ "type": "Feature", "properties": { "cell_id": 446, "elephant_count": 2.0, "inside_protected_area": false, "dist_to_settlement_km": 18.797256868886649, "dist_to_road_km": 59.106629369078505, "elephant_score": 0.0106951871657754, "settlement_proximity_score": 0.89510064276690759, "road_proximity_score": 0.63701111170475966, "conflict_risk_score": 0.46391160120781033, "priority_zone": false, "nearest_settlement": "Wamba" }, "geometry": { "type": "Polygon", "coordinates": [ [ [ 37.481780179342884, 1.057534314903488 ], [ 37.481780179342884, 1.157534314903488 ], [ 37.381780179342883, 1.157534314903488 ], [ 37.381780179342883, 1.057534314903488 ], [ 37.481780179342884, 1.057534314903488 ] ] ] } },
{ "type": "Feature", "properties": { "cell_id": 447, "elephant_count": 0.0, "inside_protected_area": false, "dist_to_settlement_km": 78.682244972971915, "dist_to_road_km": 123.8762562486795, "elephant_score": 0.0, "settlement_proximity_score": 0.52285294021580309, "road_proximity_score": 0.23910060931279742, "conflict_risk_score": 0.22858606485858013, "priority_zone": false, "nearest_settlement": "Taveta" }, "geometry": { "type": "Polygon", "coordinates": [ [ [ 37.581780179342886, -4.142465685096494 ], [ 37.581780179342886, -4.042465685096494 ], [ 37.481780179342884, -4.042465685096494 ], [ 37.481780179342884, -4.142465685096494 ], [ 37.581780179342886, -4.142465685096494 ] ] ] } },
{ "type": "Feature", "properties": { "cell_id": 448, "elephant_count": 0.0, "inside_protected_area": false, "dist_to_settlement_km": 67.880274990397496, "dist_to_road_km": 112.77884137094919, "elephant_score": 0.0, "settlement_proximity_score": 0.58999845758737646, "road_proximity_score": 0.30727728628297823, "conflict_risk_score": 0.26918272316110636, "priority_zone": false, "nearest_settlement": "Taveta" }, "geometry": { "type": "Polygon", "coordinates": [ [ [ 37.581780179342886, -4.042465685096494 ], [ 37.581780179342886, -3.942465685096494 ], [ 37.481780179342884, -3.942465685096494 ], [ 37.481780179342884, -4.042465685096494 ], [ 37.581780179342886, -4.042465685096494 ] ] ] } },
{ "type": "Feature", "properties": { "cell_id": 449, "elephant_count": 0.0, "inside_protected_area": false, "dist_to_settlement_km": 57.192550140356623, "dist_to_road_km": 101.68199083298356, "elephant_score": 0.0, "settlement_proximity_score": 0.65643382222352065, "road_proximity_score": 0.37545049624663007, "conflict_risk_score": 0.30956529554104517, "priority_zone": false, "nearest_settlement": "Taveta" }, "geometry": { "type": "Polygon", "coordinates": [ [ [ 37.581780179342886, -3.942465685096495 ], [ 37.581780179342886, -3.842465685096494 ], [ 37.481780179342884, -3.842465685096494 ], [ 37.481780179342884, -3.942465685096495 ], [ 37.581780179342886, -3.942465685096495 ] ] ] } },
{ "type": "Feature", "properties": { "cell_id": 450, "elephant_count": 0.0, "inside_protected_area": false, "dist_to_settlement_km": 46.697578634683381, "dist_to_road_km": 90.585912031309803, "elephant_score": 0.0, "settlement_proximity_score": 0.7216710236492927, "road_proximity_score": 0.44361896506863241, "conflict_risk_score": 0.34958699661537751, "priority_zone": false, "nearest_settlement": "Taveta" }, "geometry": { "type": "Polygon", "coordinates": [ [ [ 37.581780179342886, -3.842465685096495 ], [ 37.581780179342886, -3.742465685096495 ], [ 37.481780179342884, -3.742465685096495 ], [ 37.481780179342884, -3.842465685096495 ], [ 37.581780179342886, -3.842465685096495 ] ] ] } },
{ "type": "Feature", "properties": { "cell_id": 451, "elephant_count": 0.0, "inside_protected_area": false, "dist_to_settlement_km": 36.561727381616592, "dist_to_road_km": 79.490928144848141, "elephant_score": 0.0, "settlement_proximity_score": 0.78467591789417357, "road_proximity_score": 0.51178070730777314, "conflict_risk_score": 0.38893698756058398, "priority_zone": false, "nearest_settlement": "Taveta" }, "geometry": { "type": "Polygon", "coordinates": [ [ [ 37.581780179342886, -3.742465685096495 ], [ 37.581780179342886, -3.642465685096495 ], [ 37.481780179342884, -3.642465685096495 ], [ 37.481780179342884, -3.742465685096495 ], [ 37.581780179342886, -3.742465685096495 ] ] ] } },
{ "type": "Feature", "properties": { "cell_id": 452, "elephant_count": 0.0, "inside_protected_area": false, "dist_to_settlement_km": 27.189629786241479, "dist_to_road_km": 68.397572004528286, "elephant_score": 0.0, "settlement_proximity_score": 0.84293328603290285, "road_proximity_score": 0.57993244953122369, "conflict_risk_score": 0.42685972066923794, "priority_zone": false, "nearest_settlement": "Taveta" }, "geometry": { "type": "Polygon", "coordinates": [ [ [ 37.581780179342886, -3.642465685096496 ], [ 37.581780179342886, -3.542465685096496 ], [ 37.481780179342884, -3.542465685096496 ], [ 37.481780179342884, -3.642465685096496 ], [ 37.581780179342886, -3.642465685096496 ] ] ] } },
{ "type": "Feature", "properties": { "cell_id": 453, "elephant_count": 0.0, "inside_protected_area": false, "dist_to_settlement_km": 19.703096880898812, "dist_to_road_km": 57.306788907596683, "elephant_score": 0.0, "settlement_proximity_score": 0.88946990167425988, "road_proximity_score": 0.64806838433016623, "conflict_risk_score": 0.46126148580132781, "priority_zone": false, "nearest_settlement": "Taveta" }, "geometry": { "type": "Polygon", "coordinates": [ [ [ 37.581780179342886, -3.542465685096496 ], [ 37.581780179342886, -3.442465685096496 ], [ 37.481780179342884, -3.442465685096496 ], [ 37.481780179342884, -3.542465685096496 ], [ 37.581780179342886, -3.542465685096496 ] ] ] } },
{ "type": "Feature", "properties": { "cell_id": 454, "elephant_count": 0.0, "inside_protected_area": false, "dist_to_settlement_km": 16.83947996475246, "dist_to_road_km": 46.22043112829077, "elephant_score": 0.0, "settlement_proximity_score": 0.90727026954223378, "road_proximity_score": 0.71617713230644964, "conflict_risk_score": 0.48703422055460499, "priority_zone": false, "nearest_settlement": "Taveta" }, "geometry": { "type": "Polygon", "coordinates": [ [ [ 37.581780179342886, -3.442465685096496 ], [ 37.581780179342886, -3.342465685096496 ], [ 37.481780179342884, -3.342465685096496 ], [ 37.481780179342884, -3.442465685096496 ], [ 37.581780179342886, -3.442465685096496 ] ] ] } },
{ "type": "Feature", "properties": { "cell_id": 455, "elephant_count": 0.0, "inside_protected_area": false, "dist_to_settlement_km": 20.623873163606124, "dist_to_road_km": 35.142687041122556, "elephant_score": 0.0, "settlement_proximity_score": 0.88374631607037524, "road_proximity_score": 0.7842329622912132, "conflict_risk_score": 0.50039378350847652, "priority_zone": false, "nearest_settlement": "Taveta" }, "geometry": { "type": "Polygon", "coordinates": [ [ [ 37.581780179342886, -3.342465685096497 ], [ 37.581780179342886, -3.242465685096497 ], [ 37.481780179342884, -3.242465685096497 ], [ 37.481780179342884, -3.342465685096497 ], [ 37.581780179342886, -3.342465685096497 ] ] ] } },
{ "type": "Feature", "properties": { "cell_id": 456, "elephant_count": 0.0, "inside_protected_area": false, "dist_to_settlement_km": 24.085444800864721, "dist_to_road_km": 24.085444800864721, "elephant_score": 0.0, "settlement_proximity_score": 0.86222903553011787, "road_proximity_score": 0.85216283971770057, "conflict_risk_score": 0.51431756257434547, "priority_zone": true, "nearest_settlement": "Loitokitok" }, "geometry": { "type": "Polygon", "coordinates": [ [ [ 37.581780179342886, -3.242465685096497 ], [ 37.581780179342886, -3.142465685096497 ], [ 37.481780179342884, -3.142465685096497 ], [ 37.481780179342884, -3.242465685096497 ], [ 37.581780179342886, -3.242465685096497 ] ] ] } },
{ "type": "Feature", "properties": { "cell_id": 457, "elephant_count": 0.0, "inside_protected_area": false, "dist_to_settlement_km": 13.100719447446936, "dist_to_road_km": 13.100719447446936, "elephant_score": 0.0, "settlement_proximity_score": 0.93051056827180501, "road_proximity_score": 0.9196472115536114, "conflict_risk_score": 0.55504733394762495, "priority_zone": true, "nearest_settlement": "Loitokitok" }, "geometry": { "type": "Polygon", "coordinates": [ [ [ 37.581780179342886, -3.142465685096497 ], [ 37.581780179342886, -3.042465685096497 ], [ 37.481780179342884, -3.042465685096497 ], [ 37.481780179342884, -3.142465685096497 ], [ 37.581780179342886, -3.142465685096497 ] ] ] } },
{ "type": "Feature", "properties": { "cell_id": 458, "elephant_count": 0.0, "inside_protected_area": false, "dist_to_settlement_km": 3.0933879203755792, "dist_to_road_km": 3.0933879203755792, "elephant_score": 0.0, "settlement_proximity_score": 0.99271657828461191, "road_proximity_score": 0.98112699007606596, "conflict_risk_score": 0.59215307050820332, "priority_zone": true, "nearest_settlement": "Loitokitok" }, "geometry": { "type": "Polygon", "coordinates": [ [ [ 37.581780179342886, -3.042465685096498 ], [ 37.581780179342886, -2.942465685096498 ], [ 37.481780179342884, -2.942465685096498 ], [ 37.481780179342884, -3.042465685096498 ], [ 37.581780179342886, -3.042465685096498 ] ] ] } },
{ "type": "Feature", "properties": { "cell_id": 459, "elephant_count": 0.0, "inside_protected_area": false, "dist_to_settlement_km": 1.9216745161184394, "dist_to_road_km": 1.1124676956114443, "elephant_score": 0.0, "settlement_proximity_score": 1.0, "road_proximity_score": 0.99329672147346182, "conflict_risk_score": 0.5979890164420385, "priority_zone": true, "nearest_settlement": "Kimana" }, "geometry": { "type": "Polygon", "coordinates": [ [ [ 37.581780179342886, -2.942465685096498 ], [ 37.581780179342886, -2.842465685096498 ], [ 37.481780179342884, -2.842465685096498 ], [ 37.481780179342884, -2.942465685096498 ], [ 37.581780179342886, -2.942465685096498 ] ] ] } },
{ "type": "Feature", "properties": { "cell_id": 460, "elephant_count": 1.0, "inside_protected_area": false, "dist_to_settlement_km": 9.4229661853955342, "dist_to_road_km": 1.2126088644575963, "elephant_score": 0.0053475935828877002, "settlement_proximity_score": 0.95337164323718637, "road_proximity_score": 0.99268150683157785, "conflict_risk_score": 0.58595498245378441, "priority_zone": true, "nearest_settlement": "Kimana" }, "geometry": { "type": "Polygon", "coordinates": [ [ [ 37.581780179342886, -2.842465685096498 ], [ 37.581780179342886, -2.742465685096498 ], [ 37.481780179342884, -2.742465685096498 ], [ 37.481780179342884, -2.842465685096498 ], [ 37.581780179342886, -2.842465685096498 ] ] ] } },
{ "type": "Feature", "properties": { "cell_id": 461, "elephant_count": 2.0, "inside_protected_area": false, "dist_to_settlement_km": 20.501506054832038, "dist_to_road_km": 1.6261788931861076, "elephant_score": 0.0106951871657754, "settlement_proximity_score": 0.88450695536498114, "road_proximity_score": 0.9901407502171925, "conflict_risk_score": 0.56667238654096219, "priority_zone": true, "nearest_settlement": "Kimana" }, "geometry": { "type": "Polygon", "coordinates": [ [ [ 37.581780179342886, -2.742465685096499 ], [ 37.581780179342886, -2.642465685096499 ], [ 37.481780179342884, -2.642465685096499 ], [ 37.481780179342884, -2.742465685096499 ], [ 37.581780179342886, -2.742465685096499 ] ] ] } },
{ "type": "Feature", "properties": { "cell_id": 462, "elephant_count": 2.0, "inside_protected_area": false, "dist_to_settlement_km": 31.595113693441899, "dist_to_road_km": 2.0397489219146192, "elephant_score": 0.0106951871657754, "settlement_proximity_score": 0.81554860558125308, "road_proximity_score": 0.98759999360280715, "conflict_risk_score": 0.54522265462152819, "priority_zone": true, "nearest_settlement": "Kimana" }, "geometry": { "type": "Polygon", "coordinates": [ [ [ 37.581780179342886, -2.642465685096499 ], [ 37.581780179342886, -2.542465685096499 ], [ 37.481780179342884, -2.542465685096499 ], [ 37.481780179342884, -2.642465685096499 ], [ 37.581780179342886, -2.642465685096499 ] ] ] } },
{ "type": "Feature", "properties": { "cell_id": 463, "elephant_count": 0.0, "inside_protected_area": false, "dist_to_settlement_km": 28.98286991795614, "dist_to_road_km": 2.4533189506431303, "elephant_score": 0.0, "settlement_proximity_score": 0.83178642702388039, "road_proximity_score": 0.98505923698842168, "conflict_risk_score": 0.54505369920369062, "priority_zone": true, "nearest_settlement": "Emali" }, "geometry": { "type": "Polygon", "coordinates": [ [ [ 37.581780179342886, -2.5424656850965 ], [ 37.581780179342886, -2.442465685096499 ], [ 37.481780179342884, -2.442465685096499 ], [ 37.481780179342884, -2.5424656850965 ], [ 37.581780179342886, -2.5424656850965 ] ] ] } },
{ "type": "Feature", "properties": { "cell_id": 464, "elephant_count": 2.0, "inside_protected_area": false, "dist_to_settlement_km": 18.01612243148826, "dist_to_road_km": 2.8668889793716419, "elephant_score": 0.0106951871657754, "settlement_proximity_score": 0.89995620855911762, "road_proximity_score": 0.98251848037403633, "conflict_risk_score": 0.56902048154625628, "priority_zone": true, "nearest_settlement": "Emali" }, "geometry": { "type": "Polygon", "coordinates": [ [ [ 37.581780179342886, -2.4424656850965 ], [ 37.581780179342886, -2.3424656850965 ], [ 37.481780179342884, -2.3424656850965 ], [ 37.481780179342884, -2.4424656850965 ], [ 37.581780179342886, -2.4424656850965 ] ] ] } },
{ "type": "Feature", "properties": { "cell_id": 465, "elephant_count": 0.0, "inside_protected_area": false, "dist_to_settlement_km": 7.4548364335900024, "dist_to_road_km": 3.2804590081001517, "elephant_score": 0.0, "settlement_proximity_score": 0.96560562376597447, "road_proximity_score": 0.97997772375965098, "conflict_risk_score": 0.58367500425768759, "priority_zone": true, "nearest_settlement": "Emali" }, "geometry": { "type": "Polygon", "coordinates": [ [ [ 37.581780179342886, -2.3424656850965 ], [ 37.581780179342886, -2.2424656850965 ], [ 37.481780179342884, -2.2424656850965 ], [ 37.481780179342884, -2.3424656850965 ], [ 37.581780179342886, -2.3424656850965 ] ] ] } },
{ "type": "Feature", "properties": { "cell_id": 466, "elephant_count": 0.0, "inside_protected_area": false, "dist_to_settlement_km": 5.7435620512695689, "dist_to_road_km": 5.730434316386213, "elephant_score": 0.0, "settlement_proximity_score": 0.97624298009551314, "road_proximity_score": 0.9649263647703491, "conflict_risk_score": 0.58235080345975865, "priority_zone": true, "nearest_settlement": "Emali" }, "geometry": { "type": "Polygon", "coordinates": [ [ [ 37.581780179342886, -2.242465685096501 ], [ 37.581780179342886, -2.1424656850965 ], [ 37.481780179342884, -2.1424656850965 ], [ 37.481780179342884, -2.242465685096501 ], [ 37.581780179342886, -2.242465685096501 ] ] ] } },
{ "type": "Feature", "properties": { "cell_id": 467, "elephant_count": 0.0, "inside_protected_area": false, "dist_to_settlement_km": 16.025680136018725, "dist_to_road_km": 16.025680136018725, "elephant_score": 0.0, "settlement_proximity_score": 0.91232888483420127, "road_proximity_score": 0.90167779234991829, "conflict_risk_score": 0.54420200315523592, "priority_zone": true, "nearest_settlement": "Emali" }, "geometry": { "type": "Polygon", "coordinates": [ [ [ 37.581780179342886, -2.142465685096501 ], [ 37.581780179342886, -2.042465685096501 ], [ 37.481780179342884, -2.042465685096501 ], [ 37.481780179342884, -2.142465685096501 ], [ 37.581780179342886, -2.142465685096501 ] ] ] } },
{ "type": "Feature", "properties": { "cell_id": 468, "elephant_count": 0.0, "inside_protected_area": false, "dist_to_settlement_km": 26.964353183549314, "dist_to_road_km": 26.964353183549314, "elephant_score": 0.0, "settlement_proximity_score": 0.84433361523802719, "road_proximity_score": 0.83447634164625284, "conflict_risk_score": 0.50364298706528399, "priority_zone": false, "nearest_settlement": "Emali" }, "geometry": { "type": "Polygon", "coordinates": [ [ [ 37.581780179342886, -2.042465685096501 ], [ 37.581780179342886, -1.942465685096501 ], [ 37.481780179342884, -1.942465685096501 ], [ 37.481780179342884, -2.042465685096501 ], [ 37.581780179342886, -2.042465685096501 ] ] ] } },
{ "type": "Feature", "properties": { "cell_id": 469, "elephant_count": 0.0, "inside_protected_area": false, "dist_to_settlement_km": 37.996713823597773, "dist_to_road_km": 37.996713823597773, "elephant_score": 0.0, "settlement_proximity_score": 0.77575597947336195, "road_proximity_score": 0.76669932367745586, "conflict_risk_score": 0.46273659094524533, "priority_zone": false, "nearest_settlement": "Emali" }, "geometry": { "type": "Polygon", "coordinates": [ [ [ 37.581780179342886, -1.942465685096502 ], [ 37.581780179342886, -1.842465685096502 ], [ 37.481780179342884, -1.842465685096502 ], [ 37.481780179342884, -1.942465685096502 ], [ 37.581780179342886, -1.942465685096502 ] ] ] } },
{ "type": "Feature", "properties": { "cell_id": 470, "elephant_count": 0.0, "inside_protected_area": false, "dist_to_settlement_km": 40.214898869921825, "dist_to_road_km": 56.739722245402959, "elephant_score": 0.0, "settlement_proximity_score": 0.76196764430842578, "road_proximity_score": 0.65155214348262636, "conflict_risk_score": 0.42405593633731564, "priority_zone": false, "nearest_settlement": "Meru" }, "geometry": { "type": "Polygon", "coordinates": [ [ [ 37.581780179342886, -0.342465685096507 ], [ 37.581780179342886, -0.242465685096507 ], [ 37.481780179342884, -0.242465685096507 ], [ 37.481780179342884, -0.342465685096507 ], [ 37.581780179342886, -0.342465685096507 ] ] ] } },
{ "type": "Feature", "properties": { "cell_id": 471, "elephant_count": 0.0, "inside_protected_area": false, "dist_to_settlement_km": 29.942347100773986, "dist_to_road_km": 47.49251829492087, "elephant_score": 0.0, "settlement_proximity_score": 0.8258222749339883, "road_proximity_score": 0.70836209819329854, "conflict_risk_score": 0.46025531193818603, "priority_zone": false, "nearest_settlement": "Meru" }, "geometry": { "type": "Polygon", "coordinates": [ [ [ 37.581780179342886, -0.242465685096508 ], [ 37.581780179342886, -0.142465685096508 ], [ 37.481780179342884, -0.142465685096508 ], [ 37.481780179342884, -0.242465685096508 ], [ 37.581780179342886, -0.242465685096508 ] ] ] } },
{ "type": "Feature", "properties": { "cell_id": 472, "elephant_count": 0.0, "inside_protected_area": false, "dist_to_settlement_km": 20.549214308299369, "dist_to_road_km": 38.245314344438782, "elephant_score": 0.0, "settlement_proximity_score": 0.88421039877695828, "road_proximity_score": 0.76517205290397072, "conflict_risk_score": 0.49481473550427868, "priority_zone": false, "nearest_settlement": "Meru" }, "geometry": { "type": "Polygon", "coordinates": [ [ [ 37.581780179342886, -0.142465685096508 ], [ 37.581780179342886, -0.042465685096508 ], [ 37.481780179342884, -0.042465685096508 ], [ 37.481780179342884, -0.142465685096508 ], [ 37.581780179342886, -0.142465685096508 ] ] ] } },
{ "type": "Feature", "properties": { "cell_id": 473, "elephant_count": 0.0, "inside_protected_area": false, "dist_to_settlement_km": 13.943323401312933, "dist_to_road_km": 28.998110393956686, "elephant_score": 0.0, "settlement_proximity_score": 0.92527290527950501, "road_proximity_score": 0.82198200761464291, "conflict_risk_score": 0.5241764738682444, "priority_zone": true, "nearest_settlement": "Meru" }, "geometry": { "type": "Polygon", "coordinates": [ [ [ 37.581780179342886, -0.042465685096508 ], [ 37.581780179342886, 0.057534314903492 ], [ 37.481780179342884, 0.057534314903492 ], [ 37.481780179342884, -0.042465685096508 ], [ 37.581780179342886, -0.042465685096508 ] ] ] } },
{ "type": "Feature", "properties": { "cell_id": 474, "elephant_count": 0.0, "inside_protected_area": false, "dist_to_settlement_km": 14.593914014368606, "dist_to_road_km": 19.750906443474594, "elephant_score": 0.0, "settlement_proximity_score": 0.92122880560313269, "road_proximity_score": 0.87879196232531509, "conflict_risk_score": 0.54000623037853424, "priority_zone": true, "nearest_settlement": "Meru" }, "geometry": { "type": "Polygon", "coordinates": [ [ [ 37.581780179342886, 0.057534314903491 ], [ 37.581780179342886, 0.157534314903491 ], [ 37.481780179342884, 0.157534314903491 ], [ 37.481780179342884, 0.057534314903491 ], [ 37.581780179342886, 0.057534314903491 ] ] ] } },
{ "type": "Feature", "properties": { "cell_id": 475, "elephant_count": 4.0, "inside_protected_area": false, "dist_to_settlement_km": 17.25701048111808, "dist_to_road_km": 10.50370249299251, "elephant_score": 0.021390374331550801, "settlement_proximity_score": 0.90467488160975329, "road_proximity_score": 0.93560191703598727, "conflict_risk_score": 0.56063918932634249, "priority_zone": true, "nearest_settlement": "Isiolo" }, "geometry": { "type": "Polygon", "coordinates": [ [ [ 37.581780179342886, 0.157534314903491 ], [ 37.581780179342886, 0.257534314903491 ], [ 37.481780179342884, 0.257534314903491 ], [ 37.481780179342884, 0.157534314903491 ], [ 37.581780179342886, 0.157534314903491 ] ] ] } },
{ "type": "Feature", "properties": { "cell_id": 476, "elephant_count": 5.0, "inside_protected_area": false, "dist_to_settlement_km": 7.6560531300796093, "dist_to_road_km": 1.2564985425104149, "elephant_score": 0.026737967914438502, "settlement_proximity_score": 0.96435485198903104, "road_proximity_score": 0.99241187174665946, "conflict_risk_score": 0.59772520428648246, "priority_zone": true, "nearest_settlement": "Isiolo" }, "geometry": { "type": "Polygon", "coordinates": [ [ [ 37.581780179342886, 0.257534314903491 ], [ 37.581780179342886, 0.357534314903491 ], [ 37.481780179342884, 0.357534314903491 ], [ 37.481780179342884, 0.257534314903491 ], [ 37.581780179342886, 0.257534314903491 ] ] ] } },
{ "type": "Feature", "properties": { "cell_id": 477, "elephant_count": 24.0, "inside_protected_area": false, "dist_to_settlement_km": 8.1145479427866256, "dist_to_road_km": 7.1137496589113329, "elephant_score": 0.12834224598930483, "settlement_proximity_score": 0.96150482820067962, "road_proximity_score": 0.95642800327856725, "conflict_risk_score": 0.62671674783949594, "priority_zone": true, "nearest_settlement": "Isiolo" }, "geometry": { "type": "Polygon", "coordinates": [ [ [ 37.581780179342886, 0.35753431490349 ], [ 37.581780179342886, 0.45753431490349 ], [ 37.481780179342884, 0.45753431490349 ], [ 37.481780179342884, 0.35753431490349 ], [ 37.581780179342886, 0.35753431490349 ] ] ] } },
{ "type": "Feature", "properties": { "cell_id": 478, "elephant_count": 71.0, "inside_protected_area": false, "dist_to_settlement_km": 17.874468582337265, "dist_to_road_km": 10.476786303986492, "elephant_score": 0.37967914438502676, "settlement_proximity_score": 0.90083673507458306, "road_proximity_score": 0.93576727593653752, "conflict_risk_score": 0.70285286105734679, "priority_zone": true, "nearest_settlement": "Isiolo" }, "geometry": { "type": "Polygon", "coordinates": [ [ [ 37.581780179342886, 0.45753431490349 ], [ 37.581780179342886, 0.55753431490349 ], [ 37.481780179342884, 0.55753431490349 ], [ 37.481780179342884, 0.45753431490349 ], [ 37.581780179342886, 0.45753431490349 ] ] ] } },
{ "type": "Feature", "properties": { "cell_id": 479, "elephant_count": 77.0, "inside_protected_area": true, "dist_to_settlement_km": 15.591299477094013, "dist_to_road_km": 13.839822949061647, "elephant_score": 0.41176470588235292, "settlement_proximity_score": 0.91502901398904579, "road_proximity_score": 0.9151065485945078, "conflict_risk_score": 0.71374655112800722, "priority_zone": false, "nearest_settlement": "Archer's Post" }, "geometry": { "type": "Polygon", "coordinates": [ [ [ 37.581780179342886, 0.557534314903489 ], [ 37.581780179342886, 0.657534314903489 ], [ 37.481780179342884, 0.657534314903489 ], [ 37.481780179342884, 0.557534314903489 ], [ 37.581780179342886, 0.557534314903489 ] ] ] } },
{ "type": "Feature", "properties": { "cell_id": 480, "elephant_count": 24.0, "inside_protected_area": false, "dist_to_settlement_km": 17.535358512719675, "dist_to_road_km": 17.535358512719675, "elephant_score": 0.12834224598930483, "settlement_proximity_score": 0.90294465808373003, "road_proximity_score": 0.89240312287498036, "conflict_risk_score": 0.58994123268333509, "priority_zone": true, "nearest_settlement": "Archer's Post" }, "geometry": { "type": "Polygon", "coordinates": [ [ [ 37.581780179342886, 0.657534314903489 ], [ 37.581780179342886, 0.757534314903489 ], [ 37.481780179342884, 0.757534314903489 ], [ 37.481780179342884, 0.657534314903489 ], [ 37.581780179342886, 0.657534314903489 ] ] ] } },
{ "type": "Feature", "properties": { "cell_id": 481, "elephant_count": 8.0, "inside_protected_area": false, "dist_to_settlement_km": 24.865819450699526, "dist_to_road_km": 24.865819450699526, "elephant_score": 0.042780748663101602, "settlement_proximity_score": 0.85737819261059978, "road_proximity_score": 0.8473686285429638, "conflict_risk_score": 0.5285363458113097, "priority_zone": true, "nearest_settlement": "Archer's Post" }, "geometry": { "type": "Polygon", "coordinates": [ [ [ 37.581780179342886, 0.757534314903489 ], [ 37.581780179342886, 0.857534314903489 ], [ 37.481780179342884, 0.857534314903489 ], [ 37.481780179342884, 0.757534314903489 ], [ 37.581780179342886, 0.757534314903489 ] ] ] } },
{ "type": "Feature", "properties": { "cell_id": 482, "elephant_count": 9.0, "inside_protected_area": false, "dist_to_settlement_km": 25.311875595485464, "dist_to_road_km": 34.286282326025976, "elephant_score": 0.048128342245989303, "settlement_proximity_score": 0.85460548812551629, "road_proximity_score": 0.78949426217593199, "conflict_risk_score": 0.51248126198883015, "priority_zone": true, "nearest_settlement": "Wamba" }, "geometry": { "type": "Polygon", "coordinates": [ [ [ 37.581780179342886, 0.857534314903488 ], [ 37.581780179342886, 0.957534314903488 ], [ 37.481780179342884, 0.957534314903488 ], [ 37.481780179342884, 0.857534314903488 ], [ 37.581780179342886, 0.857534314903488 ] ] ] } },
{ "type": "Feature", "properties": { "cell_id": 483, "elephant_count": 6.0, "inside_protected_area": false, "dist_to_settlement_km": 24.024971278785557, "dist_to_road_km": 44.488305592876415, "elephant_score": 0.032085561497326207, "settlement_proximity_score": 0.86260494158557233, "road_proximity_score": 0.72681840006122411, "conflict_risk_score": 0.48966122709296933, "priority_zone": false, "nearest_settlement": "Wamba" }, "geometry": { "type": "Polygon", "coordinates": [ [ [ 37.581780179342886, 0.957534314903488 ], [ 37.581780179342886, 1.057534314903488 ], [ 37.481780179342884, 1.057534314903488 ], [ 37.481780179342884, 0.957534314903488 ], [ 37.581780179342886, 0.957534314903488 ] ] ] } },
{ "type": "Feature", "properties": { "cell_id": 484, "elephant_count": 3.0, "inside_protected_area": false, "dist_to_settlement_km": 27.570408842301294, "dist_to_road_km": 55.038981761205669, "elephant_score": 0.016042780748663103, "settlement_proximity_score": 0.84056634678342879, "road_proximity_score": 0.66200059799917432, "conflict_risk_score": 0.45718719573424615, "priority_zone": false, "nearest_settlement": "Wamba" }, "geometry": { "type": "Polygon", "coordinates": [ [ [ 37.581780179342886, 1.057534314903488 ], [ 37.581780179342886, 1.157534314903488 ], [ 37.481780179342884, 1.157534314903488 ], [ 37.481780179342884, 1.057534314903488 ], [ 37.581780179342886, 1.057534314903488 ] ] ] } },
{ "type": "Feature", "properties": { "cell_id": 485, "elephant_count": 0.0, "inside_protected_area": false, "dist_to_settlement_km": 77.076134645709203, "dist_to_road_km": 124.60001853982692, "elephant_score": 0.0, "settlement_proximity_score": 0.53283659218427304, "road_proximity_score": 0.23465419467745952, "conflict_risk_score": 0.23024723605851977, "priority_zone": false, "nearest_settlement": "Taveta" }, "geometry": { "type": "Polygon", "coordinates": [ [ [ 37.681780179342887, -4.142465685096494 ], [ 37.681780179342887, -4.042465685096494 ], [ 37.581780179342886, -4.042465685096494 ], [ 37.581780179342886, -4.142465685096494 ], [ 37.681780179342887, -4.142465685096494 ] ] ] } },
{ "type": "Feature", "properties": { "cell_id": 486, "elephant_count": 0.0, "inside_protected_area": false, "dist_to_settlement_km": 66.011867044560276, "dist_to_road_km": 113.57334554775805, "elephant_score": 0.0, "settlement_proximity_score": 0.6016125630132183, "road_proximity_score": 0.30239627073020692, "conflict_risk_score": 0.27120265012302758, "priority_zone": false, "nearest_settlement": "Taveta" }, "geometry": { "type": "Polygon", "coordinates": [ [ [ 37.681780179342887, -4.042465685096494 ], [ 37.681780179342887, -3.942465685096494 ], [ 37.581780179342886, -3.942465685096494 ], [ 37.581780179342886, -4.042465685096494 ], [ 37.681780179342887, -4.042465685096494 ] ] ] } },
{ "type": "Feature", "properties": { "cell_id": 487, "elephant_count": 0.0, "inside_protected_area": false, "dist_to_settlement_km": 54.962010966611537, "dist_to_road_km": 102.5624932306917, "elephant_score": 0.0, "settlement_proximity_score": 0.67029895118428273, "road_proximity_score": 0.37004115288140338, "conflict_risk_score": 0.31210203121970581, "priority_zone": false, "nearest_settlement": "Taveta" }, "geometry": { "type": "Polygon", "coordinates": [ [ [ 37.681780179342887, -3.942465685096495 ], [ 37.681780179342887, -3.842465685096494 ], [ 37.581780179342886, -3.842465685096494 ], [ 37.581780179342886, -3.942465685096495 ], [ 37.681780179342887, -3.942465685096495 ] ] ] } },
{ "type": "Feature", "properties": { "cell_id": 488, "elephant_count": 0.0, "inside_protected_area": false, "dist_to_settlement_km": 43.937440848087149, "dist_to_road_km": 91.57316864934252, "elephant_score": 0.0, "settlement_proximity_score": 0.73882816072677082, "road_proximity_score": 0.43755377995337108, "conflict_risk_score": 0.35291458220404254, "priority_zone": false, "nearest_settlement": "Taveta" }, "geometry": { "type": "Polygon", "coordinates": [ [ [ 37.681780179342887, -3.842465685096495 ], [ 37.681780179342887, -3.742465685096495 ], [ 37.581780179342886, -3.742465685096495 ], [ 37.581780179342886, -3.842465685096495 ], [ 37.681780179342887, -3.842465685096495 ] ] ] } },
{ "type": "Feature", "properties": { "cell_id": 489, "elephant_count": 1.0, "inside_protected_area": false, "dist_to_settlement_km": 32.963536931955161, "dist_to_road_km": 80.614176267367156, "elephant_score": 0.0053475935828877002, "settlement_proximity_score": 0.80704242694147887, "road_proximity_score": 0.50488006195477153, "conflict_risk_score": 0.39571578410203023, "priority_zone": false, "nearest_settlement": "Taveta" }, "geometry": { "type": "Polygon", "coordinates": [ [ [ 37.681780179342887, -3.742465685096495 ], [ 37.681780179342887, -3.642465685096495 ], [ 37.581780179342886, -3.642465685096495 ], [ 37.581780179342886, -3.742465685096495 ], [ 37.681780179342887, -3.742465685096495 ] ] ] } },
{ "type": "Feature", "properties": { "cell_id": 490, "elephant_count": 0.0, "inside_protected_area": false, "dist_to_settlement_km": 22.11585010461026, "dist_to_road_km": 69.699825064711334, "elephant_score": 0.0, "settlement_proximity_score": 0.87447212221760695, "road_proximity_score": 0.57193209204294992, "conflict_risk_score": 0.43392126427816707, "priority_zone": false, "nearest_settlement": "Taveta" }, "geometry": { "type": "Polygon", "coordinates": [ [ [ 37.681780179342887, -3.642465685096496 ], [ 37.681780179342887, -3.542465685096496 ], [ 37.581780179342886, -3.542465685096496 ], [ 37.581780179342886, -3.642465685096496 ], [ 37.681780179342887, -3.642465685096496 ] ] ] } },
{ "type": "Feature", "properties": { "cell_id": 491, "elephant_count": 0.0, "inside_protected_area": false, "dist_to_settlement_km": 11.749335497584717, "dist_to_road_km": 58.854955720283897, "elephant_score": 0.0, "settlement_proximity_score": 0.93891082994884345, "road_proximity_score": 0.63855726215915143, "conflict_risk_score": 0.47324042763239843, "priority_zone": false, "nearest_settlement": "Taveta" }, "geometry": { "type": "Polygon", "coordinates": [ [ [ 37.681780179342887, -3.542465685096496 ], [ 37.681780179342887, -3.442465685096496 ], [ 37.581780179342886, -3.442465685096496 ], [ 37.581780179342886, -3.542465685096496 ], [ 37.681780179342887, -3.542465685096496 ] ] ] } },
{ "type": "Feature", "properties": { "cell_id": 492, "elephant_count": 1.0, "inside_protected_area": false, "dist_to_settlement_km": 5.7795279582349339, "dist_to_road_km": 48.12656243304523, "elephant_score": 0.0053475935828877002, "settlement_proximity_score": 0.97601941444639329, "road_proximity_score": 0.70446686467576225, "conflict_risk_score": 0.50628492116980173, "priority_zone": true, "nearest_settlement": "Taveta" }, "geometry": { "type": "Polygon", "coordinates": [ [ [ 37.681780179342887, -3.442465685096496 ], [ 37.681780179342887, -3.342465685096496 ], [ 37.581780179342886, -3.342465685096496 ], [ 37.581780179342886, -3.442465685096496 ], [ 37.681780179342887, -3.442465685096496 ] ] ] } },
{ "type": "Feature", "properties": { "cell_id": 493, "elephant_count": 0.0, "inside_protected_area": false, "dist_to_settlement_km": 13.235520473530032, "dist_to_road_km": 37.614441513958624, "elephant_score": 0.0, "settlement_proximity_score": 0.92967263920394327, "road_proximity_score": 0.76904780357624858, "conflict_risk_score": 0.50961613283405749, "priority_zone": true, "nearest_settlement": "Taveta" }, "geometry": { "type": "Polygon", "coordinates": [ [ [ 37.681780179342887, -3.342465685096497 ], [ 37.681780179342887, -3.242465685096497 ], [ 37.581780179342886, -3.242465685096497 ], [ 37.581780179342886, -3.342465685096497 ], [ 37.681780179342887, -3.342465685096497 ] ] ] } },
{ "type": "Feature", "properties": { "cell_id": 494, "elephant_count": 0.0, "inside_protected_area": false, "dist_to_settlement_km": 23.735523187628324, "dist_to_road_km": 27.567125515588888, "elephant_score": 0.0, "settlement_proximity_score": 0.86440416356677752, "road_proximity_score": 0.8307732256484458, "conflict_risk_score": 0.508553216764567, "priority_zone": true, "nearest_settlement": "Taveta" }, "geometry": { "type": "Polygon", "coordinates": [ [ [ 37.681780179342887, -3.242465685096497 ], [ 37.681780179342887, -3.142465685096497 ], [ 37.581780179342886, -3.142465685096497 ], [ 37.581780179342886, -3.242465685096497 ], [ 37.681780179342887, -3.242465685096497 ] ] ] } },
{ "type": "Feature", "properties": { "cell_id": 495, "elephant_count": 0.0, "inside_protected_area": false, "dist_to_settlement_km": 18.747442705004993, "dist_to_road_km": 18.747442705004993, "elephant_score": 0.0, "settlement_proximity_score": 0.8954102897860774, "road_proximity_score": 0.88495671545950849, "conflict_risk_score": 0.53411010157367578, "priority_zone": true, "nearest_settlement": "Loitokitok" }, "geometry": { "type": "Polygon", "coordinates": [ [ [ 37.681780179342887, -3.142465685096497 ], [ 37.681780179342887, -3.042465685096497 ], [ 37.581780179342886, -3.042465685096497 ], [ 37.581780179342886, -3.142465685096497 ], [ 37.681780179342887, -3.142465685096497 ] ] ] } },
{ "type": "Feature", "properties": { "cell_id": 496, "elephant_count": 2.0, "inside_protected_area": false, "dist_to_settlement_km": 13.76251455086083, "dist_to_road_km": 13.758619910687244, "elephant_score": 0.0106951871657754, "settlement_proximity_score": 0.92639682099381915, "road_proximity_score": 0.91560541732900547, "conflict_risk_score": 0.55687874636315748, "priority_zone": true, "nearest_settlement": "Loitokitok" }, "geometry": { "type": "Polygon", "coordinates": [ [ [ 37.681780179342887, -3.042465685096498 ], [ 37.681780179342887, -2.942465685096498 ], [ 37.581780179342886, -2.942465685096498 ], [ 37.581780179342886, -3.042465685096498 ], [ 37.681780179342887, -3.042465685096498 ] ] ] } },
{ "type": "Feature", "properties": { "cell_id": 497, "elephant_count": 1.0, "inside_protected_area": false, "dist_to_settlement_km": 12.086138791302572, "dist_to_road_km": 12.086138791302572, "elephant_score": 0.0053475935828877002, "settlement_proximity_score": 0.93681724595947691, "road_proximity_score": 0.92588026117969657, "conflict_risk_score": 0.56094828957490717, "priority_zone": true, "nearest_settlement": "Kimana" }, "geometry": { "type": "Polygon", "coordinates": [ [ [ 37.681780179342887, -2.942465685096498 ], [ 37.681780179342887, -2.842465685096498 ], [ 37.581780179342886, -2.842465685096498 ], [ 37.581780179342886, -2.942465685096498 ], [ 37.681780179342887, -2.942465685096498 ] ] ] } },
{ "type": "Feature", "properties": { "cell_id": 498, "elephant_count": 0.0, "inside_protected_area": false, "dist_to_settlement_km": 15.204414150760213, "dist_to_road_km": 12.304901676646656, "elephant_score": 0.0, "settlement_proximity_score": 0.91743391008133823, "road_proximity_score": 0.92453629713658436, "conflict_risk_score": 0.55259106216537668, "priority_zone": true, "nearest_settlement": "Kimana" }, "geometry": { "type": "Polygon", "coordinates": [ [ [ 37.681780179342887, -2.842465685096498 ], [ 37.681780179342887, -2.742465685096498 ], [ 37.581780179342886, -2.742465685096498 ], [ 37.581780179342886, -2.842465685096498 ], [ 37.681780179342887, -2.842465685096498 ] ] ] } },
{ "type": "Feature", "properties": { "cell_id": 499, "elephant_count": 1.0, "inside_protected_area": false, "dist_to_settlement_km": 23.72116498937277, "dist_to_road_km": 12.718471705375164, "elephant_score": 0.0053475935828877002, "settlement_proximity_score": 0.86449341475447272, "road_proximity_score": 0.9219955405221989, "conflict_risk_score": 0.53808572401615651, "priority_zone": true, "nearest_settlement": "Kimana" }, "geometry": { "type": "Polygon", "coordinates": [ [ [ 37.681780179342887, -2.742465685096499 ], [ 37.681780179342887, -2.642465685096499 ], [ 37.581780179342886, -2.642465685096499 ], [ 37.581780179342886, -2.742465685096499 ], [ 37.681780179342887, -2.742465685096499 ] ] ] } },
{ "type": "Feature", "properties": { "cell_id": 500, "elephant_count": 1.0, "inside_protected_area": false, "dist_to_settlement_km": 33.773260536084599, "dist_to_road_km": 13.132041734103677, "elephant_score": 0.0053475935828877002, "settlement_proximity_score": 0.80200914963975023, "road_proximity_score": 0.91945478390781354, "conflict_risk_score": 0.51857821749742428, "priority_zone": true, "nearest_settlement": "Kimana" }, "geometry": { "type": "Polygon", "coordinates": [ [ [ 37.681780179342887, -2.642465685096499 ], [ 37.681780179342887, -2.542465685096499 ], [ 37.581780179342886, -2.542465685096499 ], [ 37.581780179342886, -2.642465685096499 ], [ 37.681780179342887, -2.642465685096499 ] ] ] } },
{ "type": "Feature", "properties": { "cell_id": 501, "elephant_count": 0.0, "inside_protected_area": false, "dist_to_settlement_km": 32.272735654386352, "dist_to_road_km": 13.545611762832186, "elephant_score": 0.0, "settlement_proximity_score": 0.81133647786535001, "road_proximity_score": 0.91691402729342819, "conflict_risk_score": 0.51847515154763346, "priority_zone": true, "nearest_settlement": "Emali" }, "geometry": { "type": "Polygon", "coordinates": [ [ [ 37.681780179342887, -2.5424656850965 ], [ 37.681780179342887, -2.442465685096499 ], [ 37.581780179342886, -2.442465685096499 ], [ 37.581780179342886, -2.5424656850965 ], [ 37.681780179342887, -2.5424656850965 ] ] ] } },
{ "type": "Feature", "properties": { "cell_id": 502, "elephant_count": 1.0, "inside_protected_area": false, "dist_to_settlement_km": 22.936943680514787, "dist_to_road_km": 6.4603588286076672, "elephant_score": 0.0053475935828877002, "settlement_proximity_score": 0.86936816867454725, "road_proximity_score": 0.96044209269161451, "conflict_risk_score": 0.55108211584300359, "priority_zone": true, "nearest_settlement": "Emali" }, "geometry": { "type": "Polygon", "coordinates": [ [ [ 37.681780179342887, -2.4424656850965 ], [ 37.681780179342887, -2.3424656850965 ], [ 37.581780179342886, -2.3424656850965 ], [ 37.581780179342886, -2.4424656850965 ], [ 37.681780179342887, -2.4424656850965 ] ] ] } },
{ "type": "Feature", "properties": { "cell_id": 503, "elephant_count": 0.0, "inside_protected_area": false, "dist_to_settlement_km": 16.034254088928297, "dist_to_road_km": 2.7400054342036237, "elephant_score": 0.0, "settlement_proximity_score": 0.91227558876830206, "road_proximity_score": 0.98329798610280839, "conflict_risk_score": 0.56867207246133311, "priority_zone": true, "nearest_settlement": "Emali" }, "geometry": { "type": "Polygon", "coordinates": [ [ [ 37.681780179342887, -2.3424656850965 ], [ 37.681780179342887, -2.2424656850965 ], [ 37.581780179342886, -2.2424656850965 ], [ 37.581780179342886, -2.3424656850965 ], [ 37.681780179342887, -2.3424656850965 ] ] ] } },
{ "type": "Feature", "properties": { "cell_id": 504, "elephant_count": 0.0, "inside_protected_area": false, "dist_to_settlement_km": 15.313759269804288, "dist_to_road_km": 11.940369697014955, "elephant_score": 0.0, "settlement_proximity_score": 0.9167542160438511, "road_proximity_score": 0.92677578978369834, "conflict_risk_score": 0.55305900174826483, "priority_zone": true, "nearest_settlement": "Emali" }, "geometry": { "type": "Polygon", "coordinates": [ [ [ 37.681780179342887, -2.242465685096501 ], [ 37.681780179342887, -2.1424656850965 ], [ 37.581780179342886, -2.1424656850965 ], [ 37.581780179342886, -2.242465685096501 ], [ 37.681780179342887, -2.242465685096501 ] ] ] } },
{ "type": "Feature", "properties": { "cell_id": 505, "elephant_count": 0.0, "inside_protected_area": false, "dist_to_settlement_km": 21.408996748066407, "dist_to_road_km": 21.140733959826282, "elephant_score": 0.0, "settlement_proximity_score": 0.8788659535657346, "road_proximity_score": 0.87025359346458842, "conflict_risk_score": 0.52473586410909689, "priority_zone": true, "nearest_settlement": "Emali" }, "geometry": { "type": "Polygon", "coordinates": [ [ [ 37.681780179342887, -2.142465685096501 ], [ 37.681780179342887, -2.042465685096501 ], [ 37.581780179342886, -2.042465685096501 ], [ 37.581780179342886, -2.142465685096501 ], [ 37.681780179342887, -2.142465685096501 ] ] ] } },
{ "type": "Feature", "properties": { "cell_id": 506, "elephant_count": 0.0, "inside_protected_area": false, "dist_to_settlement_km": 30.472923400027096, "dist_to_road_km": 30.472923400027096, "elephant_score": 0.0, "settlement_proximity_score": 0.82252418947588057, "road_proximity_score": 0.81292153262888223, "conflict_risk_score": 0.49063371663142885, "priority_zone": false, "nearest_settlement": "Emali" }, "geometry": { "type": "Polygon", "coordinates": [ [ [ 37.681780179342887, -2.042465685096501 ], [ 37.681780179342887, -1.942465685096501 ], [ 37.581780179342886, -1.942465685096501 ], [ 37.581780179342886, -2.042465685096501 ], [ 37.681780179342887, -2.042465685096501 ] ] ] } },
{ "type": "Feature", "properties": { "cell_id": 507, "elephant_count": 0.0, "inside_protected_area": false, "dist_to_settlement_km": 40.561964687735717, "dist_to_road_km": 40.561964687735717, "elephant_score": 0.0, "settlement_proximity_score": 0.75981026802088791, "road_proximity_score": 0.7509397723370107, "conflict_risk_score": 0.45322501210736954, "priority_zone": false, "nearest_settlement": "Emali" }, "geometry": { "type": "Polygon", "coordinates": [ [ [ 37.681780179342887, -1.942465685096502 ], [ 37.681780179342887, -1.842465685096502 ], [ 37.581780179342886, -1.842465685096502 ], [ 37.581780179342886, -1.942465685096502 ], [ 37.681780179342887, -1.942465685096502 ] ] ] } },
{ "type": "Feature", "properties": { "cell_id": 508, "elephant_count": 0.0, "inside_protected_area": false, "dist_to_settlement_km": 51.072173422660519, "dist_to_road_km": 51.072173422660519, "elephant_score": 0.0, "settlement_proximity_score": 0.69447835131234292, "road_proximity_score": 0.68637058088972347, "conflict_risk_score": 0.41425467966061991, "priority_zone": false, "nearest_settlement": "Emali" }, "geometry": { "type": "Polygon", "coordinates": [ [ [ 37.681780179342887, -1.842465685096502 ], [ 37.681780179342887, -1.742465685096502 ], [ 37.581780179342886, -1.742465685096502 ], [ 37.581780179342886, -1.842465685096502 ], [ 37.681780179342887, -1.842465685096502 ] ] ] } },
{ "type": "Feature", "properties": { "cell_id": 509, "elephant_count": 3.0, "inside_protected_area": false, "dist_to_settlement_km": 38.067450782194342, "dist_to_road_km": 62.87969122726183, "elephant_score": 0.016042780748663103, "settlement_proximity_score": 0.77531627544808512, "road_proximity_score": 0.61383140523004909, "conflict_risk_score": 0.42316141650290551, "priority_zone": false, "nearest_settlement": "Meru" }, "geometry": { "type": "Polygon", "coordinates": [ [ [ 37.681780179342887, -0.342465685096507 ], [ 37.681780179342887, -0.242465685096507 ], [ 37.581780179342886, -0.242465685096507 ], [ 37.581780179342886, -0.342465685096507 ], [ 37.681780179342887, -0.342465685096507 ] ] ] } },
{ "type": "Feature", "properties": { "cell_id": 510, "elephant_count": 0.0, "inside_protected_area": false, "dist_to_settlement_km": 26.989569611981167, "dist_to_road_km": 53.632487276779727, "elephant_score": 0.0, "settlement_proximity_score": 0.84417686881713816, "road_proximity_score": 0.67064135994072127, "conflict_risk_score": 0.4544454686273578, "priority_zone": false, "nearest_settlement": "Meru" }, "geometry": { "type": "Polygon", "coordinates": [ [ [ 37.681780179342887, -0.242465685096508 ], [ 37.681780179342887, -0.142465685096508 ], [ 37.581780179342886, -0.142465685096508 ], [ 37.581780179342886, -0.242465685096508 ], [ 37.681780179342887, -0.242465685096508 ] ] ] } },
{ "type": "Feature", "properties": { "cell_id": 511, "elephant_count": 0.0, "inside_protected_area": false, "dist_to_settlement_km": 15.942488093932019, "dist_to_road_km": 44.385283326297632, "elephant_score": 0.0, "settlement_proximity_score": 0.91284601020264056, "road_proximity_score": 0.72745131465139345, "conflict_risk_score": 0.49208919745621016, "priority_zone": false, "nearest_settlement": "Meru" }, "geometry": { "type": "Polygon", "coordinates": [ [ [ 37.681780179342887, -0.142465685096508 ], [ 37.681780179342887, -0.042465685096508 ], [ 37.581780179342886, -0.042465685096508 ], [ 37.581780179342886, -0.142465685096508 ], [ 37.681780179342887, -0.142465685096508 ] ] ] } },
{ "type": "Feature", "properties": { "cell_id": 512, "elephant_count": 4.0, "inside_protected_area": false, "dist_to_settlement_km": 5.1292285394929999, "dist_to_road_km": 35.138079375815543, "elephant_score": 0.021390374331550801, "settlement_proximity_score": 0.98006170404618853, "road_proximity_score": 0.78426126936206564, "conflict_risk_score": 0.53785304175509652, "priority_zone": true, "nearest_settlement": "Meru" }, "geometry": { "type": "Polygon", "coordinates": [ [ [ 37.681780179342887, -0.042465685096508 ], [ 37.681780179342887, 0.057534314903492 ], [ 37.581780179342886, 0.057534314903492 ], [ 37.581780179342886, -0.042465685096508 ], [ 37.681780179342887, -0.042465685096508 ] ] ] } },
{ "type": "Feature", "properties": { "cell_id": 513, "elephant_count": 2.0, "inside_protected_area": false, "dist_to_settlement_km": 6.6988838022116051, "dist_to_road_km": 25.890875425333451, "elephant_score": 0.0106951871657754, "settlement_proximity_score": 0.9703046583517202, "road_proximity_score": 0.84107122407273782, "conflict_risk_score": 0.5476908395936475, "priority_zone": true, "nearest_settlement": "Meru" }, "geometry": { "type": "Polygon", "coordinates": [ [ [ 37.681780179342887, 0.057534314903491 ], [ 37.681780179342887, 0.157534314903491 ], [ 37.581780179342886, 0.157534314903491 ], [ 37.581780179342886, 0.057534314903491 ], [ 37.681780179342887, 0.057534314903491 ] ] ] } },
{ "type": "Feature", "properties": { "cell_id": 514, "elephant_count": 2.0, "inside_protected_area": false, "dist_to_settlement_km": 17.227010439485937, "dist_to_road_km": 16.64367147485093, "elephant_score": 0.0106951871657754, "settlement_proximity_score": 0.90486136317930121, "road_proximity_score": 0.89788117878341267, "conflict_risk_score": 0.54510083745512428, "priority_zone": true, "nearest_settlement": "Isiolo" }, "geometry": { "type": "Polygon", "coordinates": [ [ [ 37.681780179342887, 0.157534314903491 ], [ 37.681780179342887, 0.257534314903491 ], [ 37.581780179342886, 0.257534314903491 ], [ 37.581780179342886, 0.157534314903491 ], [ 37.681780179342887, 0.157534314903491 ] ] ] } },
{ "type": "Feature", "properties": { "cell_id": 515, "elephant_count": 3.0, "inside_protected_area": false, "dist_to_settlement_km": 7.5881899994227817, "dist_to_road_km": 7.5881899994227817, "elephant_score": 0.016042780748663103, "settlement_proximity_score": 0.9647766921742712, "road_proximity_score": 0.95351329150172071, "conflict_risk_score": 0.58190410740226284, "priority_zone": true, "nearest_settlement": "Isiolo" }, "geometry": { "type": "Polygon", "coordinates": [ [ [ 37.681780179342887, 0.257534314903491 ], [ 37.681780179342887, 0.357534314903491 ], [ 37.581780179342886, 0.357534314903491 ], [ 37.581780179342886, 0.257534314903491 ], [ 37.681780179342887, 0.257534314903491 ] ] ] } },
{ "type": "Feature", "properties": { "cell_id": 516, "elephant_count": 10.0, "inside_protected_area": false, "dist_to_settlement_km": 8.0505506800790201, "dist_to_road_km": 3.4645292428698471, "elephant_score": 0.053475935828877004, "settlement_proximity_score": 0.96190263798183984, "road_proximity_score": 0.97884689310458528, "conflict_risk_score": 0.60361523365747827, "priority_zone": true, "nearest_settlement": "Isiolo" }, "geometry": { "type": "Polygon", "coordinates": [ [ [ 37.681780179342887, 0.35753431490349 ], [ 37.681780179342887, 0.45753431490349 ], [ 37.581780179342886, 0.45753431490349 ], [ 37.581780179342886, 0.35753431490349 ], [ 37.681780179342887, 0.35753431490349 ] ] ] } },
{ "type": "Feature", "properties": { "cell_id": 517, "elephant_count": 26.0, "inside_protected_area": false, "dist_to_settlement_km": 14.395288067141975, "dist_to_road_km": 0.10149259779468733, "elephant_score": 0.13903743315508021, "settlement_proximity_score": 0.92246347316946231, "road_proximity_score": 0.99950762044661501, "conflict_risk_score": 0.63220630134685529, "priority_zone": true, "nearest_settlement": "Archer's Post" }, "geometry": { "type": "Polygon", "coordinates": [ [ [ 37.681780179342887, 0.45753431490349 ], [ 37.681780179342887, 0.55753431490349 ], [ 37.581780179342886, 0.55753431490349 ], [ 37.581780179342886, 0.45753431490349 ], [ 37.681780179342887, 0.45753431490349 ] ] ] } },
{ "type": "Feature", "properties": { "cell_id": 518, "elephant_count": 36.0, "inside_protected_area": true, "dist_to_settlement_km": 5.0204080831323052, "dist_to_road_km": 3.2615440472804673, "elephant_score": 0.19251336898395721, "settlement_proximity_score": 0.9807381367575122, "road_proximity_score": 0.98009392732488798, "conflict_risk_score": 0.66525496681830298, "priority_zone": false, "nearest_settlement": "Archer's Post" }, "geometry": { "type": "Polygon", "coordinates": [ [ [ 37.681780179342887, 0.557534314903489 ], [ 37.681780179342887, 0.657534314903489 ], [ 37.581780179342886, 0.657534314903489 ], [ 37.581780179342886, 0.557534314903489 ], [ 37.681780179342887, 0.557534314903489 ] ] ] } },
{ "type": "Feature", "properties": { "cell_id": 519, "elephant_count": 3.0, "inside_protected_area": false, "dist_to_settlement_km": 9.4659746516858174, "dist_to_road_km": 9.4659746516858174, "elephant_score": 0.016042780748663103, "settlement_proximity_score": 0.95310430073159924, "road_proximity_score": 0.94197717078645338, "conflict_risk_score": 0.57494155375488099, "priority_zone": true, "nearest_settlement": "Archer's Post" }, "geometry": { "type": "Polygon", "coordinates": [ [ [ 37.681780179342887, 0.657534314903489 ], [ 37.681780179342887, 0.757534314903489 ], [ 37.581780179342886, 0.757534314903489 ], [ 37.581780179342886, 0.657534314903489 ], [ 37.681780179342887, 0.657534314903489 ] ] ] } },
{ "type": "Feature", "properties": { "cell_id": 520, "elephant_count": 6.0, "inside_protected_area": false, "dist_to_settlement_km": 20.010618553446442, "dist_to_road_km": 20.010618553446442, "elephant_score": 0.032085561497326207, "settlement_proximity_score": 0.88755833352146074, "road_proximity_score": 0.87719642779570794, "conflict_risk_score": 0.54226065299408099, "priority_zone": true, "nearest_settlement": "Archer's Post" }, "geometry": { "type": "Polygon", "coordinates": [ [ [ 37.681780179342887, 0.757534314903489 ], [ 37.681780179342887, 0.857534314903489 ], [ 37.581780179342886, 0.857534314903489 ], [ 37.581780179342886, 0.757534314903489 ], [ 37.681780179342887, 0.757534314903489 ] ] ] } },
{ "type": "Feature", "properties": { "cell_id": 521, "elephant_count": 15.0, "inside_protected_area": false, "dist_to_settlement_km": 30.94616347266183, "dist_to_road_km": 30.94616347266183, "elephant_score": 0.080213903743315509, "settlement_proximity_score": 0.8195825085075682, "road_proximity_score": 0.81001419466622671, "conflict_risk_score": 0.5209645724494647, "priority_zone": true, "nearest_settlement": "Archer's Post" }, "geometry": { "type": "Polygon", "coordinates": [ [ [ 37.681780179342887, 0.857534314903488 ], [ 37.681780179342887, 0.957534314903488 ], [ 37.581780179342886, 0.957534314903488 ], [ 37.581780179342886, 0.857534314903488 ], [ 37.681780179342887, 0.857534314903488 ] ] ] } },
{ "type": "Feature", "properties": { "cell_id": 522, "elephant_count": 13.0, "inside_protected_area": false, "dist_to_settlement_km": 35.077198047780506, "dist_to_road_km": 41.968145211122717, "elephant_score": 0.069518716577540107, "settlement_proximity_score": 0.79390381709538438, "road_proximity_score": 0.74230093920686446, "conflict_risk_score": 0.48866891352169073, "priority_zone": false, "nearest_settlement": "Wamba" }, "geometry": { "type": "Polygon", "coordinates": [ [ [ 37.681780179342887, 0.957534314903488 ], [ 37.681780179342887, 1.057534314903488 ], [ 37.581780179342886, 1.057534314903488 ], [ 37.581780179342886, 0.957534314903488 ], [ 37.681780179342887, 0.957534314903488 ] ] ] } },
{ "type": "Feature", "properties": { "cell_id": 523, "elephant_count": 5.0, "inside_protected_area": false, "dist_to_settlement_km": 37.594388167230377, "dist_to_road_km": 53.022687514374958, "elephant_score": 0.026737967914438502, "settlement_proximity_score": 0.77825685333176242, "road_proximity_score": 0.67438764877249158, "conflict_risk_score": 0.44648853779705155, "priority_zone": false, "nearest_settlement": "Wamba" }, "geometry": { "type": "Polygon", "coordinates": [ [ [ 37.681780179342887, 1.057534314903488 ], [ 37.681780179342887, 1.157534314903488 ], [ 37.581780179342886, 1.157534314903488 ], [ 37.581780179342886, 1.057534314903488 ], [ 37.681780179342887, 1.057534314903488 ] ] ] } },
{ "type": "Feature", "properties": { "cell_id": 524, "elephant_count": 0.0, "inside_protected_area": false, "dist_to_settlement_km": 88.128141538755898, "dist_to_road_km": 127.22466673471936, "elephant_score": 0.0, "settlement_proximity_score": 0.46413683445258624, "road_proximity_score": 0.21852973739483261, "conflict_risk_score": 0.20479997155422563, "priority_zone": false, "nearest_settlement": "Taveta" }, "geometry": { "type": "Polygon", "coordinates": [ [ [ 37.781780179342888, -4.242465685096493 ], [ 37.781780179342888, -4.142465685096494 ], [ 37.681780179342887, -4.142465685096494 ], [ 37.681780179342887, -4.242465685096493 ], [ 37.781780179342888, -4.242465685096493 ] ] ] } },
{ "type": "Feature", "properties": { "cell_id": 525, "elephant_count": 0.0, "inside_protected_area": false, "dist_to_settlement_km": 77.051835733227151, "dist_to_road_km": 119.77863542612945, "elephant_score": 0.0, "settlement_proximity_score": 0.53298763528592996, "road_proximity_score": 0.26427423526471971, "conflict_risk_score": 0.23917856116519487, "priority_zone": false, "nearest_settlement": "Taveta" }, "geometry": { "type": "Polygon", "coordinates": [ [ [ 37.781780179342888, -4.142465685096494 ], [ 37.781780179342888, -4.042465685096494 ], [ 37.681780179342887, -4.042465685096494 ], [ 37.681780179342887, -4.142465685096494 ], [ 37.781780179342888, -4.142465685096494 ] ] ] } },
{ "type": "Feature", "properties": { "cell_id": 526, "elephant_count": 0.0, "inside_protected_area": false, "dist_to_settlement_km": 65.983493759010955, "dist_to_road_km": 112.93426044974507, "elephant_score": 0.0, "settlement_proximity_score": 0.60178893259587918, "road_proximity_score": 0.30632247325248296, "conflict_risk_score": 0.27243342175450863, "priority_zone": false, "nearest_settlement": "Taveta" }, "geometry": { "type": "Polygon", "coordinates": [ [ [ 37.781780179342888, -4.042465685096494 ], [ 37.781780179342888, -3.942465685096494 ], [ 37.681780179342887, -3.942465685096494 ], [ 37.681780179342887, -4.042465685096494 ], [ 37.781780179342888, -4.042465685096494 ] ] ] } },
{ "type": "Feature", "properties": { "cell_id": 527, "elephant_count": 0.0, "inside_protected_area": false, "dist_to_settlement_km": 54.927930121484302, "dist_to_road_km": 104.61989665275176, "elephant_score": 0.0, "settlement_proximity_score": 0.67051079920665457, "road_proximity_score": 0.35740154896926946, "conflict_risk_score": 0.30837370445277723, "priority_zone": false, "nearest_settlement": "Taveta" }, "geometry": { "type": "Polygon", "coordinates": [ [ [ 37.781780179342888, -3.942465685096495 ], [ 37.781780179342888, -3.842465685096494 ], [ 37.681780179342887, -3.842465685096494 ], [ 37.681780179342887, -3.942465685096495 ], [ 37.781780179342888, -3.942465685096495 ] ] ] } },
{ "type": "Feature", "properties": { "cell_id": 528, "elephant_count": 1.0, "inside_protected_area": false, "dist_to_settlement_km": 43.894801129699772, "dist_to_road_km": 93.871736824337617, "elephant_score": 0.0053475935828877002, "settlement_proximity_score": 0.73909321107928216, "road_proximity_score": 0.42343258671267736, "conflict_risk_score": 0.35089677677074294, "priority_zone": false, "nearest_settlement": "Taveta" }, "geometry": { "type": "Polygon", "coordinates": [ [ [ 37.781780179342888, -3.842465685096495 ], [ 37.781780179342888, -3.742465685096495 ], [ 37.681780179342887, -3.742465685096495 ], [ 37.681780179342887, -3.842465685096495 ], [ 37.781780179342888, -3.842465685096495 ] ] ] } },
{ "type": "Feature", "properties": { "cell_id": 529, "elephant_count": 0.0, "inside_protected_area": false, "dist_to_settlement_km": 32.90668055275566, "dist_to_road_km": 83.216003107592954, "elephant_score": 0.0, "settlement_proximity_score": 0.80739584867875314, "road_proximity_score": 0.48889580706542923, "conflict_risk_score": 0.38888749672325473, "priority_zone": false, "nearest_settlement": "Taveta" }, "geometry": { "type": "Polygon", "coordinates": [ [ [ 37.781780179342888, -3.742465685096495 ], [ 37.781780179342888, -3.642465685096495 ], [ 37.681780179342887, -3.642465685096495 ], [ 37.681780179342887, -3.742465685096495 ], [ 37.781780179342888, -3.742465685096495 ] ] ] } },
{ "type": "Feature", "properties": { "cell_id": 530, "elephant_count": 2.0, "inside_protected_area": false, "dist_to_settlement_km": 22.031016403841313, "dist_to_road_km": 72.693351635401569, "elephant_score": 0.0106951871657754, "settlement_proximity_score": 0.87499945220814246, "road_proximity_score": 0.55354144014246498, "conflict_risk_score": 0.4328403425714924, "priority_zone": false, "nearest_settlement": "Taveta" }, "geometry": { "type": "Polygon", "coordinates": [ [ [ 37.781780179342888, -3.642465685096496 ], [ 37.781780179342888, -3.542465685096496 ], [ 37.681780179342887, -3.542465685096496 ], [ 37.681780179342887, -3.642465685096496 ], [ 37.781780179342888, -3.642465685096496 ] ] ] } },
{ "type": "Feature", "properties": { "cell_id": 531, "elephant_count": 0.0, "inside_protected_area": false, "dist_to_settlement_km": 11.588862867923652, "dist_to_road_km": 62.371175800792415, "elephant_score": 0.0, "settlement_proximity_score": 0.93990833482618996, "road_proximity_score": 0.61695545640293359, "conflict_risk_score": 0.46705913736873705, "priority_zone": false, "nearest_settlement": "Taveta" }, "geometry": { "type": "Polygon", "coordinates": [ [ [ 37.781780179342888, -3.542465685096496 ], [ 37.781780179342888, -3.442465685096496 ], [ 37.681780179342887, -3.442465685096496 ], [ 37.681780179342887, -3.542465685096496 ], [ 37.781780179342888, -3.542465685096496 ] ] ] } },
{ "type": "Feature", "properties": { "cell_id": 532, "elephant_count": 1.0, "inside_protected_area": false, "dist_to_settlement_km": 5.4458976630813201, "dist_to_road_km": 52.368156064144337, "elephant_score": 0.0053475935828877002, "settlement_proximity_score": 0.97809327493804976, "road_proximity_score": 0.67840874555411645, "conflict_risk_score": 0.49908964358080499, "priority_zone": false, "nearest_settlement": "Taveta" }, "geometry": { "type": "Polygon", "coordinates": [ [ [ 37.781780179342888, -3.442465685096496 ], [ 37.781780179342888, -3.342465685096496 ], [ 37.681780179342887, -3.342465685096496 ], [ 37.681780179342887, -3.442465685096496 ], [ 37.781780179342888, -3.442465685096496 ] ] ] } },
{ "type": "Feature", "properties": { "cell_id": 533, "elephant_count": 1.0, "inside_protected_area": false, "dist_to_settlement_km": 13.093275378680765, "dist_to_road_km": 42.908087446818115, "elephant_score": 0.0053475935828877002, "settlement_proximity_score": 0.93055684092850188, "road_proximity_score": 0.73652642875738739, "conflict_risk_score": 0.50226401833892187, "priority_zone": false, "nearest_settlement": "Taveta" }, "geometry": { "type": "Polygon", "coordinates": [ [ [ 37.781780179342888, -3.342465685096497 ], [ 37.781780179342888, -3.242465685096497 ], [ 37.681780179342887, -3.242465685096497 ], [ 37.681780179342887, -3.342465685096497 ], [ 37.781780179342888, -3.342465685096497 ] ] ] } },
{ "type": "Feature", "properties": { "cell_id": 534, "elephant_count": 1.0, "inside_protected_area": false, "dist_to_settlement_km": 23.656498450260496, "dist_to_road_km": 34.44131482869097, "elephant_score": 0.0053475935828877002, "settlement_proximity_score": 0.86489538478700645, "road_proximity_score": 0.78854182406574824, "conflict_risk_score": 0.4981702000889815, "priority_zone": false, "nearest_settlement": "Taveta" }, "geometry": { "type": "Polygon", "coordinates": [ [ [ 37.781780179342888, -3.242465685096497 ], [ 37.781780179342888, -3.142465685096497 ], [ 37.681780179342887, -3.142465685096497 ], [ 37.681780179342887, -3.242465685096497 ], [ 37.781780179342888, -3.242465685096497 ] ] ] } },
{ "type": "Feature", "properties": { "cell_id": 535, "elephant_count": 0.0, "inside_protected_area": false, "dist_to_settlement_km": 27.887709943884271, "dist_to_road_km": 27.887709943884271, "elephant_score": 0.0, "settlement_proximity_score": 0.83859398927246298, "road_proximity_score": 0.82880372362924803, "conflict_risk_score": 0.50021931387051333, "priority_zone": false, "nearest_settlement": "Loitokitok" }, "geometry": { "type": "Polygon", "coordinates": [ [ [ 37.781780179342888, -3.142465685096497 ], [ 37.781780179342888, -3.042465685096497 ], [ 37.681780179342887, -3.042465685096497 ], [ 37.681780179342887, -3.142465685096497 ], [ 37.781780179342888, -3.142465685096497 ] ] ] } },
{ "type": "Feature", "properties": { "cell_id": 536, "elephant_count": 1.0, "inside_protected_area": false, "dist_to_settlement_km": 24.812588835094026, "dist_to_road_km": 24.731825966763392, "elephant_score": 0.0053475935828877002, "settlement_proximity_score": 0.85770907644295669, "road_proximity_score": 0.84819181399390653, "conflict_risk_score": 0.51390930456421402, "priority_zone": true, "nearest_settlement": "Loitokitok" }, "geometry": { "type": "Polygon", "coordinates": [ [ [ 37.781780179342888, -3.042465685096498 ], [ 37.781780179342888, -2.942465685096498 ], [ 37.681780179342887, -2.942465685096498 ], [ 37.681780179342887, -3.042465685096498 ], [ 37.781780179342888, -3.042465685096498 ] ] ] } },
{ "type": "Feature", "properties": { "cell_id": 537, "elephant_count": 0.0, "inside_protected_area": false, "dist_to_settlement_km": 23.127400822820579, "dist_to_road_km": 23.127400822820579, "elephant_score": 0.0, "settlement_proximity_score": 0.86818427875651716, "road_proximity_score": 0.85804855774608724, "conflict_risk_score": 0.51786985095078131, "priority_zone": true, "nearest_settlement": "Kimana" }, "geometry": { "type": "Polygon", "coordinates": [ [ [ 37.781780179342888, -2.942465685096498 ], [ 37.781780179342888, -2.842465685096498 ], [ 37.681780179342887, -2.842465685096498 ], [ 37.681780179342887, -2.942465685096498 ], [ 37.781780179342888, -2.942465685096498 ] ] ] } },
{ "type": "Feature", "properties": { "cell_id": 538, "elephant_count": 0.0, "inside_protected_area": false, "dist_to_settlement_km": 24.899319822127886, "dist_to_road_km": 23.397194488836497, "elephant_score": 0.0, "settlement_proximity_score": 0.85716995283810227, "road_proximity_score": 0.85639108744158599, "conflict_risk_score": 0.51406831208390646, "priority_zone": true, "nearest_settlement": "Kimana" }, "geometry": { "type": "Polygon", "coordinates": [ [ [ 37.781780179342888, -2.842465685096498 ], [ 37.781780179342888, -2.742465685096498 ], [ 37.681780179342887, -2.742465685096498 ], [ 37.681780179342887, -2.842465685096498 ], [ 37.781780179342888, -2.842465685096498 ] ] ] } },
{ "type": "Feature", "properties": { "cell_id": 539, "elephant_count": 0.0, "inside_protected_area": false, "dist_to_settlement_km": 30.846322088537843, "dist_to_road_km": 23.810764517565008, "elephant_score": 0.0, "settlement_proximity_score": 0.82020312691355468, "road_proximity_score": 0.85385033082720052, "conflict_risk_score": 0.50221603732222653, "priority_zone": false, "nearest_settlement": "Kimana" }, "geometry": { "type": "Polygon", "coordinates": [ [ [ 37.781780179342888, -2.742465685096499 ], [ 37.781780179342888, -2.642465685096499 ], [ 37.681780179342887, -2.642465685096499 ], [ 37.681780179342887, -2.742465685096499 ], [ 37.781780179342888, -2.742465685096499 ] ] ] } },
{ "type": "Feature", "properties": { "cell_id": 540, "elephant_count": 0.0, "inside_protected_area": false, "dist_to_settlement_km": 39.107992088255088, "dist_to_road_km": 18.651151973601152, "elephant_score": 0.0, "settlement_proximity_score": 0.76884822522625973, "road_proximity_score": 0.88554827504004785, "conflict_risk_score": 0.49631895007989224, "priority_zone": false, "nearest_settlement": "Kimana" }, "geometry": { "type": "Polygon", "coordinates": [ [ [ 37.781780179342888, -2.642465685096499 ], [ 37.781780179342888, -2.542465685096499 ], [ 37.681780179342887, -2.542465685096499 ], [ 37.681780179342887, -2.642465685096499 ], [ 37.781780179342888, -2.642465685096499 ] ] ] } },
{ "type": "Feature", "properties": { "cell_id": 541, "elephant_count": 1.0, "inside_protected_area": false, "dist_to_settlement_km": 38.593680629795863, "dist_to_road_km": 9.4507877107898146, "elephant_score": 0.0053475935828877002, "settlement_proximity_score": 0.77204520772334884, "road_proximity_score": 0.942070471359158, "conflict_risk_score": 0.51637374115790713, "priority_zone": true, "nearest_settlement": "Emali" }, "geometry": { "type": "Polygon", "coordinates": [ [ [ 37.781780179342888, -2.5424656850965 ], [ 37.781780179342888, -2.442465685096499 ], [ 37.681780179342887, -2.442465685096499 ], [ 37.681780179342887, -2.5424656850965 ], [ 37.781780179342888, -2.5424656850965 ] ] ] } },
{ "type": "Feature", "properties": { "cell_id": 542, "elephant_count": 6.0, "inside_protected_area": true, "dist_to_settlement_km": 31.209711683062501, "dist_to_road_km": 0.25042344797848548, "elephant_score": 0.032085561497326207, "settlement_proximity_score": 0.81794428131676389, "road_proximity_score": 0.99859266767826793, "conflict_risk_score": 0.55779530929743992, "priority_zone": false, "nearest_settlement": "Emali" }, "geometry": { "type": "Polygon", "coordinates": [ [ [ 37.781780179342888, -2.4424656850965 ], [ 37.781780179342888, -2.3424656850965 ], [ 37.681780179342887, -2.3424656850965 ], [ 37.681780179342887, -2.4424656850965 ], [ 37.781780179342888, -2.4424656850965 ] ] ] } },
{ "type": "Feature", "properties": { "cell_id": 543, "elephant_count": 1.0, "inside_protected_area": false, "dist_to_settlement_km": 26.552589744224463, "dist_to_road_km": 8.9499408148328055, "elephant_score": 0.0053475935828877002, "settlement_proximity_score": 0.84689315476764704, "road_proximity_score": 0.94514741111615497, "conflict_risk_score": 0.53975120719829572, "priority_zone": true, "nearest_settlement": "Emali" }, "geometry": { "type": "Polygon", "coordinates": [ [ [ 37.781780179342888, -2.3424656850965 ], [ 37.781780179342888, -2.2424656850965 ], [ 37.681780179342887, -2.2424656850965 ], [ 37.681780179342887, -2.3424656850965 ], [ 37.781780179342888, -2.3424656850965 ] ] ] } },
{ "type": "Feature", "properties": { "cell_id": 544, "elephant_count": 0.0, "inside_protected_area": false, "dist_to_settlement_km": 26.123819416584116, "dist_to_road_km": 18.150305077644138, "elephant_score": 0.0, "settlement_proximity_score": 0.84955840985810127, "road_proximity_score": 0.88862521479704493, "conflict_risk_score": 0.52145508739654378, "priority_zone": true, "nearest_settlement": "Emali" }, "geometry": { "type": "Polygon", "coordinates": [ [ [ 37.781780179342888, -2.242465685096501 ], [ 37.781780179342888, -2.1424656850965 ], [ 37.681780179342887, -2.1424656850965 ], [ 37.681780179342887, -2.242465685096501 ], [ 37.781780179342888, -2.242465685096501 ] ] ] } },
{ "type": "Feature", "properties": { "cell_id": 545, "elephant_count": 0.0, "inside_protected_area": false, "dist_to_settlement_km": 30.104615255729449, "dist_to_road_km": 27.350669340455472, "elephant_score": 0.0, "settlement_proximity_score": 0.82481360899296163, "road_proximity_score": 0.832103018477935, "conflict_risk_score": 0.49707498824126894, "priority_zone": false, "nearest_settlement": "Emali" }, "geometry": { "type": "Polygon", "coordinates": [ [ [ 37.781780179342888, -2.142465685096501 ], [ 37.781780179342888, -2.042465685096501 ], [ 37.681780179342887, -2.042465685096501 ], [ 37.681780179342887, -2.142465685096501 ], [ 37.781780179342888, -2.142465685096501 ] ] ] } },
{ "type": "Feature", "properties": { "cell_id": 546, "elephant_count": 0.0, "inside_protected_area": false, "dist_to_settlement_km": 37.101775947799311, "dist_to_road_km": 36.551033603266816, "elephant_score": 0.0, "settlement_proximity_score": 0.78131895241096894, "road_proximity_score": 0.77558082215882485, "conflict_risk_score": 0.46706993237093808, "priority_zone": false, "nearest_settlement": "Emali" }, "geometry": { "type": "Polygon", "coordinates": [ [ [ 37.781780179342888, -2.042465685096501 ], [ 37.781780179342888, -1.942465685096501 ], [ 37.681780179342887, -1.942465685096501 ], [ 37.681780179342887, -2.042465685096501 ], [ 37.781780179342888, -2.042465685096501 ] ] ] } },
{ "type": "Feature", "properties": { "cell_id": 547, "elephant_count": 0.0, "inside_protected_area": false, "dist_to_settlement_km": 45.751674256423662, "dist_to_road_km": 45.751397866078165, "elephant_score": 0.0, "settlement_proximity_score": 0.72755080659302829, "road_proximity_score": 0.71905862583971469, "conflict_risk_score": 0.43398282972982288, "priority_zone": false, "nearest_settlement": "Emali" }, "geometry": { "type": "Polygon", "coordinates": [ [ [ 37.781780179342888, -1.942465685096502 ], [ 37.781780179342888, -1.842465685096502 ], [ 37.681780179342887, -1.842465685096502 ], [ 37.681780179342887, -1.942465685096502 ], [ 37.781780179342888, -1.942465685096502 ] ] ] } },
{ "type": "Feature", "properties": { "cell_id": 548, "elephant_count": 0.0, "inside_protected_area": false, "dist_to_settlement_km": 39.082522014214284, "dist_to_road_km": 69.019660209120673, "elephant_score": 0.0, "settlement_proximity_score": 0.76900654831933635, "road_proximity_score": 0.57611066697747182, "conflict_risk_score": 0.40353516458904243, "priority_zone": false, "nearest_settlement": "Meru" }, "geometry": { "type": "Polygon", "coordinates": [ [ [ 37.781780179342888, -0.342465685096507 ], [ 37.781780179342888, -0.242465685096507 ], [ 37.681780179342887, -0.242465685096507 ], [ 37.681780179342887, -0.342465685096507 ], [ 37.781780179342888, -0.342465685096507 ] ] ] } },
{ "type": "Feature", "properties": { "cell_id": 549, "elephant_count": 0.0, "inside_protected_area": false, "dist_to_settlement_km": 28.40333758164228, "dist_to_road_km": 59.772456258638584, "elephant_score": 0.0, "settlement_proximity_score": 0.83538882534734593, "road_proximity_score": 0.632920621688144, "conflict_risk_score": 0.44049283411064699, "priority_zone": false, "nearest_settlement": "Meru" }, "geometry": { "type": "Polygon", "coordinates": [ [ [ 37.781780179342888, -0.242465685096508 ], [ 37.781780179342888, -0.142465685096508 ], [ 37.681780179342887, -0.142465685096508 ], [ 37.681780179342887, -0.242465685096508 ], [ 37.781780179342888, -0.242465685096508 ] ] ] } },
{ "type": "Feature", "properties": { "cell_id": 550, "elephant_count": 0.0, "inside_protected_area": false, "dist_to_settlement_km": 18.233914680120662, "dist_to_road_km": 50.525252308156503, "elephant_score": 0.0, "settlement_proximity_score": 0.89860240242583522, "road_proximity_score": 0.68973057639881619, "conflict_risk_score": 0.47649989364739542, "priority_zone": false, "nearest_settlement": "Meru" }, "geometry": { "type": "Polygon", "coordinates": [ [ [ 37.781780179342888, -0.142465685096508 ], [ 37.781780179342888, -0.042465685096508 ], [ 37.681780179342887, -0.042465685096508 ], [ 37.681780179342887, -0.142465685096508 ], [ 37.781780179342888, -0.142465685096508 ] ] ] } },
{ "type": "Feature", "properties": { "cell_id": 551, "elephant_count": 0.0, "inside_protected_area": false, "dist_to_settlement_km": 10.228475123257871, "dist_to_road_km": 41.2780483576744, "elephant_score": 0.0, "settlement_proximity_score": 0.9483645644851213, "road_proximity_score": 0.74654053110948837, "conflict_risk_score": 0.50847152867838286, "priority_zone": true, "nearest_settlement": "Meru" }, "geometry": { "type": "Polygon", "coordinates": [ [ [ 37.781780179342888, -0.042465685096508 ], [ 37.781780179342888, 0.057534314903492 ], [ 37.681780179342887, 0.057534314903492 ], [ 37.681780179342887, -0.042465685096508 ], [ 37.781780179342888, -0.042465685096508 ] ] ] } },
{ "type": "Feature", "properties": { "cell_id": 552, "elephant_count": 0.0, "inside_protected_area": false, "dist_to_settlement_km": 11.098998249044309, "dist_to_road_km": 32.030844407192312, "elephant_score": 0.0, "settlement_proximity_score": 0.94295335470031882, "road_proximity_score": 0.80335048582016055, "conflict_risk_score": 0.52389115215614379, "priority_zone": true, "nearest_settlement": "Meru" }, "geometry": { "type": "Polygon", "coordinates": [ [ [ 37.781780179342888, 0.057534314903491 ], [ 37.781780179342888, 0.157534314903491 ], [ 37.681780179342887, 0.157534314903491 ], [ 37.681780179342887, 0.057534314903491 ], [ 37.781780179342888, 0.057534314903491 ] ] ] } },
{ "type": "Feature", "properties": { "cell_id": 553, "elephant_count": 1.0, "inside_protected_area": false, "dist_to_settlement_km": 19.702127319593441, "dist_to_road_km": 23.284229998411369, "elephant_score": 0.0053475935828877002, "settlement_proximity_score": 0.88947592850969615, "road_proximity_score": 0.8570850818229504, "conflict_risk_score": 0.52610734053294905, "priority_zone": true, "nearest_settlement": "Meru" }, "geometry": { "type": "Polygon", "coordinates": [ [ [ 37.781780179342888, 0.157534314903491 ], [ 37.781780179342888, 0.257534314903491 ], [ 37.681780179342887, 0.257534314903491 ], [ 37.681780179342887, 0.157534314903491 ], [ 37.781780179342888, 0.157534314903491 ] ] ] } },
{ "type": "Feature", "properties": { "cell_id": 554, "elephant_count": 2.0, "inside_protected_area": false, "dist_to_settlement_km": 17.405921561471615, "dist_to_road_km": 17.405844789727688, "elephant_score": 0.0106951871657754, "settlement_proximity_score": 0.90374924382804989, "road_proximity_score": 0.89319878703216615, "conflict_risk_score": 0.54336248412437493, "priority_zone": true, "nearest_settlement": "Isiolo" }, "geometry": { "type": "Polygon", "coordinates": [ [ [ 37.781780179342888, 0.257534314903491 ], [ 37.781780179342888, 0.357534314903491 ], [ 37.681780179342887, 0.357534314903491 ], [ 37.681780179342887, 0.257534314903491 ], [ 37.781780179342888, 0.257534314903491 ] ] ] } },
{ "type": "Feature", "properties": { "cell_id": 555, "elephant_count": 10.0, "inside_protected_area": false, "dist_to_settlement_km": 17.612405973894745, "dist_to_road_km": 14.042808144652531, "elephant_score": 0.053475935828877004, "settlement_proximity_score": 0.90246572769870648, "road_proximity_score": 0.91385951437419588, "conflict_risk_score": 0.56628794695342144, "priority_zone": true, "nearest_settlement": "Isiolo" }, "geometry": { "type": "Polygon", "coordinates": [ [ [ 37.781780179342888, 0.35753431490349 ], [ 37.781780179342888, 0.45753431490349 ], [ 37.681780179342887, 0.45753431490349 ], [ 37.681780179342887, 0.35753431490349 ], [ 37.781780179342888, 0.35753431490349 ] ] ] } },
{ "type": "Feature", "properties": { "cell_id": 556, "elephant_count": 19.0, "inside_protected_area": false, "dist_to_settlement_km": 15.354484572031119, "dist_to_road_km": 10.679771499577368, "elephant_score": 0.10160427807486631, "settlement_proximity_score": 0.91650106578583834, "road_proximity_score": 0.93452024171622561, "conflict_risk_score": 0.59594810348056571, "priority_zone": true, "nearest_settlement": "Archer's Post" }, "geometry": { "type": "Polygon", "coordinates": [ [ [ 37.781780179342888, 0.45753431490349 ], [ 37.781780179342888, 0.55753431490349 ], [ 37.681780179342887, 0.55753431490349 ], [ 37.681780179342887, 0.45753431490349 ], [ 37.781780179342888, 0.45753431490349 ] ] ] } },
{ "type": "Feature", "properties": { "cell_id": 557, "elephant_count": 10.0, "inside_protected_area": false, "dist_to_settlement_km": 7.33078271795869, "dist_to_road_km": 7.3167348545022133, "elephant_score": 0.053475935828877004, "settlement_proximity_score": 0.9663767470824961, "road_proximity_score": 0.95518096905825534, "conflict_risk_score": 0.59785768917377613, "priority_zone": true, "nearest_settlement": "Archer's Post" }, "geometry": { "type": "Polygon", "coordinates": [ [ [ 37.781780179342888, 0.557534314903489 ], [ 37.781780179342888, 0.657534314903489 ], [ 37.681780179342887, 0.657534314903489 ], [ 37.681780179342887, 0.557534314903489 ], [ 37.781780179342888, 0.557534314903489 ] ] ] } },
{ "type": "Feature", "properties": { "cell_id": 558, "elephant_count": 10.0, "inside_protected_area": false, "dist_to_settlement_km": 10.869248090052047, "dist_to_road_km": 10.869248090052047, "elephant_score": 0.053475935828877004, "settlement_proximity_score": 0.94438149172686325, "road_proximity_score": 0.93335619725681496, "conflict_risk_score": 0.58471168102665427, "priority_zone": true, "nearest_settlement": "Archer's Post" }, "geometry": { "type": "Polygon", "coordinates": [ [ [ 37.781780179342888, 0.657534314903489 ], [ 37.781780179342888, 0.757534314903489 ], [ 37.681780179342887, 0.757534314903489 ], [ 37.681780179342887, 0.657534314903489 ], [ 37.781780179342888, 0.657534314903489 ] ] ] } },
{ "type": "Feature", "properties": { "cell_id": 559, "elephant_count": 4.0, "inside_protected_area": false, "dist_to_settlement_km": 20.711367237057928, "dist_to_road_km": 20.711367237057928, "elephant_score": 0.021390374331550801, "settlement_proximity_score": 0.88320244908700607, "road_proximity_score": 0.87289139665411009, "conflict_risk_score": 0.53538430345495513, "priority_zone": true, "nearest_settlement": "Archer's Post" }, "geometry": { "type": "Polygon", "coordinates": [ [ [ 37.781780179342888, 0.757534314903489 ], [ 37.781780179342888, 0.857534314903489 ], [ 37.681780179342887, 0.857534314903489 ], [ 37.681780179342887, 0.757534314903489 ], [ 37.781780179342888, 0.757534314903489 ] ] ] } },
{ "type": "Feature", "properties": { "cell_id": 560, "elephant_count": 0.0, "inside_protected_area": false, "dist_to_settlement_km": 31.403835937882665, "dist_to_road_km": 31.403835937882665, "elephant_score": 0.0, "settlement_proximity_score": 0.81673759646712085, "road_proximity_score": 0.8072024958910351, "conflict_risk_score": 0.48718202770744679, "priority_zone": false, "nearest_settlement": "Archer's Post" }, "geometry": { "type": "Polygon", "coordinates": [ [ [ 37.781780179342888, 0.857534314903488 ], [ 37.781780179342888, 0.957534314903488 ], [ 37.681780179342887, 0.957534314903488 ], [ 37.681780179342887, 0.857534314903488 ], [ 37.781780179342888, 0.857534314903488 ] ] ] } },
{ "type": "Feature", "properties": { "cell_id": 561, "elephant_count": 1.0, "inside_protected_area": false, "dist_to_settlement_km": 42.306749938971024, "dist_to_road_km": 42.306749938971024, "elephant_score": 0.0053475935828877002, "settlement_proximity_score": 0.74896460666601672, "road_proximity_score": 0.74022072995043509, "conflict_risk_score": 0.44889463841809063, "priority_zone": false, "nearest_settlement": "Archer's Post" }, "geometry": { "type": "Polygon", "coordinates": [ [ [ 37.781780179342888, 0.957534314903488 ], [ 37.781780179342888, 1.057534314903488 ], [ 37.681780179342887, 1.057534314903488 ], [ 37.681780179342887, 0.957534314903488 ], [ 37.781780179342888, 0.957534314903488 ] ] ] } },
{ "type": "Feature", "properties": { "cell_id": 562, "elephant_count": 3.0, "inside_protected_area": false, "dist_to_settlement_km": 48.093332174067719, "dist_to_road_km": 53.291099342984054, "elephant_score": 0.016042780748663103, "settlement_proximity_score": 0.71299495866518781, "road_proximity_score": 0.67273866774982305, "conflict_risk_score": 0.4221372002239685, "priority_zone": false, "nearest_settlement": "Wamba" }, "geometry": { "type": "Polygon", "coordinates": [ [ [ 37.781780179342888, 1.057534314903488 ], [ 37.781780179342888, 1.157534314903488 ], [ 37.681780179342887, 1.157534314903488 ], [ 37.681780179342887, 1.057534314903488 ], [ 37.781780179342888, 1.057534314903488 ] ] ] } },
{ "type": "Feature", "properties": { "cell_id": 563, "elephant_count": 10.0, "inside_protected_area": false, "dist_to_settlement_km": 52.367134716254903, "dist_to_road_km": 64.315172766377344, "elephant_score": 0.053475935828877004, "settlement_proximity_score": 0.68642881533188516, "road_proximity_score": 0.60501256207898968, "conflict_risk_score": 0.40882278755481327, "priority_zone": false, "nearest_settlement": "Wamba" }, "geometry": { "type": "Polygon", "coordinates": [ [ [ 37.781780179342888, 1.157534314903487 ], [ 37.781780179342888, 1.257534314903487 ], [ 37.681780179342887, 1.257534314903487 ], [ 37.681780179342887, 1.157534314903487 ], [ 37.781780179342888, 1.157534314903487 ] ] ] } },
{ "type": "Feature", "properties": { "cell_id": 564, "elephant_count": 0.0, "inside_protected_area": false, "dist_to_settlement_km": 100.42533609715461, "dist_to_road_km": 127.92048797949512, "elephant_score": 0.0, "settlement_proximity_score": 0.38769693578830666, "road_proximity_score": 0.2142549778443662, "conflict_risk_score": 0.18058557408980186, "priority_zone": false, "nearest_settlement": "Taveta" }, "geometry": { "type": "Polygon", "coordinates": [ [ [ 37.88178017934289, -4.342465685096493 ], [ 37.88178017934289, -4.242465685096493 ], [ 37.781780179342888, -4.242465685096493 ], [ 37.781780179342888, -4.342465685096493 ], [ 37.88178017934289, -4.342465685096493 ] ] ] } },
{ "type": "Feature", "properties": { "cell_id": 565, "elephant_count": 0.0, "inside_protected_area": false, "dist_to_settlement_km": 89.494380767798447, "dist_to_road_km": 119.49073990773255, "elephant_score": 0.0, "settlement_proximity_score": 0.45564423171110569, "road_proximity_score": 0.26604291382411083, "conflict_risk_score": 0.21650614366056492, "priority_zone": false, "nearest_settlement": "Taveta" }, "geometry": { "type": "Polygon", "coordinates": [ [ [ 37.88178017934289, -4.242465685096493 ], [ 37.88178017934289, -4.142465685096494 ], [ 37.781780179342888, -4.142465685096494 ], [ 37.781780179342888, -4.242465685096493 ], [ 37.88178017934289, -4.242465685096493 ] ] ] } },
{ "type": "Feature", "properties": { "cell_id": 566, "elephant_count": 0.0, "inside_protected_area": false, "dist_to_settlement_km": 78.610815081621681, "dist_to_road_km": 111.52955932165523, "elephant_score": 0.0, "settlement_proximity_score": 0.52329695154135236, "road_proximity_score": 0.31495221775645854, "conflict_risk_score": 0.25147475078934323, "priority_zone": false, "nearest_settlement": "Taveta" }, "geometry": { "type": "Polygon", "coordinates": [ [ [ 37.88178017934289, -4.142465685096494 ], [ 37.88178017934289, -4.042465685096494 ], [ 37.781780179342888, -4.042465685096494 ], [ 37.781780179342888, -4.142465685096494 ], [ 37.88178017934289, -4.142465685096494 ] ] ] } },
{ "type": "Feature", "properties": { "cell_id": 567, "elephant_count": 0.0, "inside_protected_area": false, "dist_to_settlement_km": 67.79746534039576, "dist_to_road_km": 104.14445871609158, "elephant_score": 0.0, "settlement_proximity_score": 0.5905132059899082, "road_proximity_score": 0.36032238945186656, "conflict_risk_score": 0.2852506786325324, "priority_zone": false, "nearest_settlement": "Taveta" }, "geometry": { "type": "Polygon", "coordinates": [ [ [ 37.88178017934289, -4.042465685096494 ], [ 37.88178017934289, -3.942465685096494 ], [ 37.781780179342888, -3.942465685096494 ], [ 37.781780179342888, -4.042465685096494 ], [ 37.88178017934289, -4.042465685096494 ] ] ] } },
{ "type": "Feature", "properties": { "cell_id": 568, "elephant_count": 0.0, "inside_protected_area": false, "dist_to_settlement_km": 57.094241087585949, "dist_to_road_km": 97.466476083076529, "elephant_score": 0.0, "settlement_proximity_score": 0.6570449155908642, "road_proximity_score": 0.40134840044629938, "conflict_risk_score": 0.31751799481114906, "priority_zone": false, "nearest_settlement": "Taveta" }, "geometry": { "type": "Polygon", "coordinates": [ [ [ 37.88178017934289, -3.942465685096495 ], [ 37.88178017934289, -3.842465685096494 ], [ 37.781780179342888, -3.842465685096494 ], [ 37.781780179342888, -3.942465685096495 ], [ 37.88178017934289, -3.942465685096495 ] ] ] } },
{ "type": "Feature", "properties": { "cell_id": 569, "elephant_count": 0.0, "inside_protected_area": false, "dist_to_settlement_km": 46.577123399289249, "dist_to_road_km": 91.650311722536756, "elephant_score": 0.0, "settlement_proximity_score": 0.72241977865543516, "road_proximity_score": 0.43707985350837486, "conflict_risk_score": 0.34784988964914298, "priority_zone": false, "nearest_settlement": "Taveta" }, "geometry": { "type": "Polygon", "coordinates": [ [ [ 37.88178017934289, -3.842465685096495 ], [ 37.88178017934289, -3.742465685096495 ], [ 37.781780179342888, -3.742465685096495 ], [ 37.781780179342888, -3.842465685096495 ], [ 37.88178017934289, -3.842465685096495 ] ] ] } },
{ "type": "Feature", "properties": { "cell_id": 570, "elephant_count": 0.0, "inside_protected_area": true, "dist_to_settlement_km": 36.407753060822536, "dist_to_road_km": 86.328711300417737, "elephant_score": 0.0, "settlement_proximity_score": 0.78563302899967857, "road_proximity_score": 0.46977296599813612, "conflict_risk_score": 0.37662179849934441, "priority_zone": false, "nearest_settlement": "Taveta" }, "geometry": { "type": "Polygon", "coordinates": [ [ [ 37.88178017934289, -3.742465685096495 ], [ 37.88178017934289, -3.642465685096495 ], [ 37.781780179342888, -3.642465685096495 ], [ 37.781780179342888, -3.742465685096495 ], [ 37.88178017934289, -3.742465685096495 ] ] ] } },
{ "type": "Feature", "properties": { "cell_id": 571, "elephant_count": 0.0, "inside_protected_area": true, "dist_to_settlement_km": 26.982226404117402, "dist_to_road_km": 77.181611345739896, "elephant_score": 0.0, "settlement_proximity_score": 0.84422251451805885, "road_proximity_score": 0.52596793443853129, "conflict_risk_score": 0.41105713468697702, "priority_zone": false, "nearest_settlement": "Taveta" }, "geometry": { "type": "Polygon", "coordinates": [ [ [ 37.88178017934289, -3.642465685096496 ], [ 37.88178017934289, -3.542465685096496 ], [ 37.781780179342888, -3.542465685096496 ], [ 37.781780179342888, -3.642465685096496 ], [ 37.88178017934289, -3.642465685096496 ] ] ] } },
{ "type": "Feature", "properties": { "cell_id": 572, "elephant_count": 2.0, "inside_protected_area": true, "dist_to_settlement_km": 19.415885262028741, "dist_to_road_km": 67.548807011745666, "elephant_score": 0.0106951871657754, "settlement_proximity_score": 0.89125522164601212, "road_proximity_score": 0.5851468149824659, "conflict_risk_score": 0.44719868585485356, "priority_zone": false, "nearest_settlement": "Taveta" }, "geometry": { "type": "Polygon", "coordinates": [ [ [ 37.88178017934289, -3.542465685096496 ], [ 37.88178017934289, -3.442465685096496 ], [ 37.781780179342888, -3.442465685096496 ], [ 37.781780179342888, -3.542465685096496 ], [ 37.88178017934289, -3.542465685096496 ] ] ] } },
{ "type": "Feature", "properties": { "cell_id": 573, "elephant_count": 2.0, "inside_protected_area": true, "dist_to_settlement_km": 16.502504636977985, "dist_to_road_km": 58.438870005290859, "elephant_score": 0.0106951871657754, "settlement_proximity_score": 0.90936492290281279, "road_proximity_score": 0.64111347382606065, "conflict_risk_score": 0.46942159388497218, "priority_zone": false, "nearest_settlement": "Taveta" }, "geometry": { "type": "Polygon", "coordinates": [ [ [ 37.88178017934289, -3.442465685096496 ], [ 37.88178017934289, -3.342465685096496 ], [ 37.781780179342888, -3.342465685096496 ], [ 37.781780179342888, -3.442465685096496 ], [ 37.88178017934289, -3.442465685096496 ] ] ] } },
{ "type": "Feature", "properties": { "cell_id": 574, "elephant_count": 6.0, "inside_protected_area": true, "dist_to_settlement_km": 20.349661375037503, "dist_to_road_km": 50.137627848557976, "elephant_score": 0.032085561497326207, "settlement_proximity_score": 0.88545082852898482, "road_proximity_score": 0.69211193709037877, "conflict_risk_score": 0.48610305428473954, "priority_zone": false, "nearest_settlement": "Taveta" }, "geometry": { "type": "Polygon", "coordinates": [ [ [ 37.88178017934289, -3.342465685096497 ], [ 37.88178017934289, -3.242465685096497 ], [ 37.781780179342888, -3.242465685096497 ], [ 37.781780179342888, -3.342465685096497 ], [ 37.88178017934289, -3.342465685096497 ] ] ] } },
{ "type": "Feature", "properties": { "cell_id": 575, "elephant_count": 4.0, "inside_protected_area": true, "dist_to_settlement_km": 28.324985028485056, "dist_to_road_km": 43.114752986254189, "elephant_score": 0.021390374331550801, "settlement_proximity_score": 0.83587586824115256, "road_proximity_score": 0.73525678444127951, "conflict_risk_score": 0.47989594553734993, "priority_zone": false, "nearest_settlement": "Taveta" }, "geometry": { "type": "Polygon", "coordinates": [ [ [ 37.88178017934289, -3.242465685096497 ], [ 37.88178017934289, -3.142465685096497 ], [ 37.781780179342888, -3.142465685096497 ], [ 37.781780179342888, -3.242465685096497 ], [ 37.88178017934289, -3.242465685096497 ] ] ] } },
{ "type": "Feature", "properties": { "cell_id": 576, "elephant_count": 0.0, "inside_protected_area": false, "dist_to_settlement_km": 37.906738657514587, "dist_to_road_km": 38.084145308132186, "elephant_score": 0.0, "settlement_proximity_score": 0.77631526903693182, "road_proximity_score": 0.76616219064748425, "conflict_risk_score": 0.46274323790532479, "priority_zone": false, "nearest_settlement": "Taveta" }, "geometry": { "type": "Polygon", "coordinates": [ [ [ 37.88178017934289, -3.142465685096497 ], [ 37.88178017934289, -3.042465685096497 ], [ 37.781780179342888, -3.042465685096497 ], [ 37.781780179342888, -3.142465685096497 ], [ 37.88178017934289, -3.142465685096497 ] ] ] } },
{ "type": "Feature", "properties": { "cell_id": 577, "elephant_count": 5.0, "inside_protected_area": false, "dist_to_settlement_km": 35.893485796675392, "dist_to_road_km": 35.705032022837969, "elephant_score": 0.026737967914438502, "settlement_proximity_score": 0.78882973678299295, "road_proximity_score": 0.78077821065881725, "conflict_risk_score": 0.48157757139831842, "priority_zone": false, "nearest_settlement": "Loitokitok" }, "geometry": { "type": "Polygon", "coordinates": [ [ [ 37.88178017934289, -3.042465685096498 ], [ 37.88178017934289, -2.942465685096498 ], [ 37.781780179342888, -2.942465685096498 ], [ 37.781780179342888, -3.042465685096498 ], [ 37.88178017934289, -3.042465685096498 ] ] ] } },
{ "type": "Feature", "properties": { "cell_id": 578, "elephant_count": 5.0, "inside_protected_area": false, "dist_to_settlement_km": 34.206703827701801, "dist_to_road_km": 34.206703827701801, "elephant_score": 0.026737967914438502, "settlement_proximity_score": 0.79931484720104462, "road_proximity_score": 0.78998315059127877, "conflict_risk_score": 0.48748458650347237, "priority_zone": false, "nearest_settlement": "Kimana" }, "geometry": { "type": "Polygon", "coordinates": [ [ [ 37.88178017934289, -2.942465685096498 ], [ 37.88178017934289, -2.842465685096498 ], [ 37.781780179342888, -2.842465685096498 ], [ 37.781780179342888, -2.942465685096498 ], [ 37.88178017934289, -2.942465685096498 ] ] ] } },
{ "type": "Feature", "properties": { "cell_id": 579, "elephant_count": 2.0, "inside_protected_area": false, "dist_to_settlement_km": 35.428774259651128, "dist_to_road_km": 30.8419451185955, "elephant_score": 0.0106951871657754, "settlement_proximity_score": 0.79171840400132165, "road_proximity_score": 0.81065445738847597, "conflict_risk_score": 0.48498993328324941, "priority_zone": false, "nearest_settlement": "Kimana" }, "geometry": { "type": "Polygon", "coordinates": [ [ [ 37.88178017934289, -2.842465685096498 ], [ 37.88178017934289, -2.742465685096498 ], [ 37.781780179342888, -2.742465685096498 ], [ 37.781780179342888, -2.842465685096498 ], [ 37.88178017934289, -2.842465685096498 ] ] ] } },
{ "type": "Feature", "properties": { "cell_id": 580, "elephant_count": 1.0, "inside_protected_area": false, "dist_to_settlement_km": 37.190018858023642, "dist_to_road_km": 21.641580855784174, "elephant_score": 0.0053475935828877002, "settlement_proximity_score": 0.78077043062550344, "road_proximity_score": 0.8671766537075859, "conflict_risk_score": 0.49652316273308184, "priority_zone": false, "nearest_settlement": "Mtito Andei" }, "geometry": { "type": "Polygon", "coordinates": [ [ [ 37.88178017934289, -2.742465685096499 ], [ 37.88178017934289, -2.642465685096499 ], [ 37.781780179342888, -2.642465685096499 ], [ 37.781780179342888, -2.742465685096499 ], [ 37.88178017934289, -2.742465685096499 ] ] ] } },
{ "type": "Feature", "properties": { "cell_id": 581, "elephant_count": 3.0, "inside_protected_area": false, "dist_to_settlement_km": 38.519104629331167, "dist_to_road_km": 12.441216592972845, "elephant_score": 0.016042780748663103, "settlement_proximity_score": 0.77250877540061347, "road_proximity_score": 0.92369885002669594, "conflict_risk_score": 0.51527939992765803, "priority_zone": true, "nearest_settlement": "Mtito Andei" }, "geometry": { "type": "Polygon", "coordinates": [ [ [ 37.88178017934289, -2.642465685096499 ], [ 37.88178017934289, -2.542465685096499 ], [ 37.781780179342888, -2.542465685096499 ], [ 37.781780179342888, -2.642465685096499 ], [ 37.88178017934289, -2.642465685096499 ] ] ] } },
{ "type": "Feature", "properties": { "cell_id": 582, "elephant_count": 0.0, "inside_protected_area": true, "dist_to_settlement_km": 42.787443721617301, "dist_to_road_km": 3.240852330161514, "elephant_score": 0.0, "settlement_proximity_score": 0.74597659311060505, "road_proximity_score": 0.98022104634580598, "conflict_risk_score": 0.51785929183692325, "priority_zone": false, "nearest_settlement": "Mtito Andei" }, "geometry": { "type": "Polygon", "coordinates": [ [ [ 37.88178017934289, -2.5424656850965 ], [ 37.88178017934289, -2.442465685096499 ], [ 37.781780179342888, -2.442465685096499 ], [ 37.781780179342888, -2.5424656850965 ], [ 37.88178017934289, -2.5424656850965 ] ] ] } },
{ "type": "Feature", "properties": { "cell_id": 583, "elephant_count": 0.0, "inside_protected_area": false, "dist_to_settlement_km": 40.846160422695711, "dist_to_road_km": 5.959511932649816, "elephant_score": 0.0, "settlement_proximity_score": 0.75804369491529078, "road_proximity_score": 0.96351903244861681, "conflict_risk_score": 0.51646881820917234, "priority_zone": true, "nearest_settlement": "Emali" }, "geometry": { "type": "Polygon", "coordinates": [ [ [ 37.88178017934289, -2.4424656850965 ], [ 37.88178017934289, -2.3424656850965 ], [ 37.781780179342888, -2.3424656850965 ], [ 37.781780179342888, -2.4424656850965 ], [ 37.88178017934289, -2.4424656850965 ] ] ] } },
{ "type": "Feature", "properties": { "cell_id": 584, "elephant_count": 0.0, "inside_protected_area": false, "dist_to_settlement_km": 37.4085917946907, "dist_to_road_km": 15.159876195461107, "elephant_score": 0.0, "settlement_proximity_score": 0.77941177170128784, "road_proximity_score": 0.90699683612950699, "conflict_risk_score": 0.50592258234923848, "priority_zone": true, "nearest_settlement": "Emali" }, "geometry": { "type": "Polygon", "coordinates": [ [ [ 37.88178017934289, -2.3424656850965 ], [ 37.88178017934289, -2.2424656850965 ], [ 37.781780179342888, -2.2424656850965 ], [ 37.781780179342888, -2.3424656850965 ], [ 37.88178017934289, -2.3424656850965 ] ] ] } },
{ "type": "Feature", "properties": { "cell_id": 585, "elephant_count": 0.0, "inside_protected_area": false, "dist_to_settlement_km": 37.105480172704993, "dist_to_road_km": 24.36024045827244, "elephant_score": 0.0, "settlement_proximity_score": 0.78129592678711013, "road_proximity_score": 0.85047463981039695, "conflict_risk_score": 0.48953116997925206, "priority_zone": false, "nearest_settlement": "Emali" }, "geometry": { "type": "Polygon", "coordinates": [ [ [ 37.88178017934289, -2.242465685096501 ], [ 37.88178017934289, -2.1424656850965 ], [ 37.781780179342888, -2.1424656850965 ], [ 37.781780179342888, -2.242465685096501 ], [ 37.88178017934289, -2.242465685096501 ] ] ] } },
{ "type": "Feature", "properties": { "cell_id": 586, "elephant_count": 1.0, "inside_protected_area": false, "dist_to_settlement_km": 40.008131393907973, "dist_to_road_km": 33.56060472108377, "elephant_score": 0.0053475935828877002, "settlement_proximity_score": 0.7632529199734166, "road_proximity_score": 0.79395244349128702, "conflict_risk_score": 0.46930064647256614, "priority_zone": false, "nearest_settlement": "Emali" }, "geometry": { "type": "Polygon", "coordinates": [ [ [ 37.88178017934289, -2.142465685096501 ], [ 37.88178017934289, -2.042465685096501 ], [ 37.781780179342888, -2.042465685096501 ], [ 37.781780179342888, -2.142465685096501 ], [ 37.88178017934289, -2.142465685096501 ] ] ] } },
{ "type": "Feature", "properties": { "cell_id": 587, "elephant_count": 0.0, "inside_protected_area": false, "dist_to_settlement_km": 45.50719169996546, "dist_to_road_km": 42.760968983895125, "elephant_score": 0.0, "settlement_proximity_score": 0.72907052084590918, "road_proximity_score": 0.73743024717217676, "conflict_risk_score": 0.4399502304054258, "priority_zone": false, "nearest_settlement": "Emali" }, "geometry": { "type": "Polygon", "coordinates": [ [ [ 37.88178017934289, -2.042465685096501 ], [ 37.88178017934289, -1.942465685096501 ], [ 37.781780179342888, -1.942465685096501 ], [ 37.781780179342888, -2.042465685096501 ], [ 37.88178017934289, -2.042465685096501 ] ] ] } },
{ "type": "Feature", "properties": { "cell_id": 588, "elephant_count": 0.0, "inside_protected_area": false, "dist_to_settlement_km": 52.797522813126427, "dist_to_road_km": 51.961333246706474, "elephant_score": 0.0, "settlement_proximity_score": 0.68375350411720637, "road_proximity_score": 0.68090805085306672, "conflict_risk_score": 0.40939846649108191, "priority_zone": false, "nearest_settlement": "Emali" }, "geometry": { "type": "Polygon", "coordinates": [ [ [ 37.88178017934289, -1.942465685096502 ], [ 37.88178017934289, -1.842465685096502 ], [ 37.781780179342888, -1.842465685096502 ], [ 37.781780179342888, -1.942465685096502 ], [ 37.88178017934289, -1.942465685096502 ] ] ] } },
{ "type": "Feature", "properties": { "cell_id": 589, "elephant_count": 0.0, "inside_protected_area": false, "dist_to_settlement_km": 53.096988484687941, "dist_to_road_km": 84.406833141461163, "elephant_score": 0.0, "settlement_proximity_score": 0.68189201241851982, "road_proximity_score": 0.48157997401422514, "conflict_risk_score": 0.34904159592982348, "priority_zone": false, "nearest_settlement": "Meru" }, "geometry": { "type": "Polygon", "coordinates": [ [ [ 37.88178017934289, -0.442465685096507 ], [ 37.88178017934289, -0.342465685096507 ], [ 37.781780179342888, -0.342465685096507 ], [ 37.781780179342888, -0.442465685096507 ], [ 37.88178017934289, -0.442465685096507 ] ] ] } },
{ "type": "Feature", "properties": { "cell_id": 590, "elephant_count": 0.0, "inside_protected_area": false, "dist_to_settlement_km": 43.03691723309543, "dist_to_road_km": 75.15962919097953, "elephant_score": 0.0, "settlement_proximity_score": 0.7444258548632553, "road_proximity_score": 0.53838992872489455, "conflict_risk_score": 0.38484473507644495, "priority_zone": false, "nearest_settlement": "Meru" }, "geometry": { "type": "Polygon", "coordinates": [ [ [ 37.88178017934289, -0.342465685096507 ], [ 37.88178017934289, -0.242465685096507 ], [ 37.781780179342888, -0.242465685096507 ], [ 37.781780179342888, -0.342465685096507 ], [ 37.88178017934289, -0.342465685096507 ] ] ] } },
{ "type": "Feature", "properties": { "cell_id": 591, "elephant_count": 3.0, "inside_protected_area": false, "dist_to_settlement_km": 33.637513340220252, "dist_to_road_km": 65.912425240497441, "elephant_score": 0.016042780748663103, "settlement_proximity_score": 0.80285296014031227, "road_proximity_score": 0.59519988343556673, "conflict_risk_score": 0.42583296537222892, "priority_zone": false, "nearest_settlement": "Meru" }, "geometry": { "type": "Polygon", "coordinates": [ [ [ 37.88178017934289, -0.242465685096508 ], [ 37.88178017934289, -0.142465685096508 ], [ 37.781780179342888, -0.142465685096508 ], [ 37.781780179342888, -0.242465685096508 ], [ 37.88178017934289, -0.242465685096508 ] ] ] } },
{ "type": "Feature", "properties": { "cell_id": 592, "elephant_count": 6.0, "inside_protected_area": false, "dist_to_settlement_km": 25.636075411394046, "dist_to_road_km": 56.665221290015339, "elephant_score": 0.032085561497326207, "settlement_proximity_score": 0.85259024790488369, "road_proximity_score": 0.65200983814623892, "conflict_risk_score": 0.46421425041426723, "priority_zone": false, "nearest_settlement": "Meru" }, "geometry": { "type": "Polygon", "coordinates": [ [ [ 37.88178017934289, -0.142465685096508 ], [ 37.88178017934289, -0.042465685096508 ], [ 37.781780179342888, -0.042465685096508 ], [ 37.781780179342888, -0.142465685096508 ], [ 37.88178017934289, -0.142465685096508 ] ] ] } },
{ "type": "Feature", "properties": { "cell_id": 593, "elephant_count": 1.0, "inside_protected_area": false, "dist_to_settlement_km": 20.720869221243294, "dist_to_road_km": 47.451020715947827, "elephant_score": 0.0053475935828877002, "settlement_proximity_score": 0.88314338433814887, "road_proximity_score": 0.70861703748031823, "conflict_risk_score": 0.47966716397869519, "priority_zone": false, "nearest_settlement": "Meru" }, "geometry": { "type": "Polygon", "coordinates": [ [ [ 37.88178017934289, -0.042465685096508 ], [ 37.88178017934289, 0.057534314903492 ], [ 37.781780179342888, 0.057534314903492 ], [ 37.781780179342888, -0.042465685096508 ], [ 37.88178017934289, -0.042465685096508 ] ] ] } },
{ "type": "Feature", "properties": { "cell_id": 594, "elephant_count": 0.0, "inside_protected_area": false, "dist_to_settlement_km": 21.164131923352095, "dist_to_road_km": 38.981663712192898, "elephant_score": 0.0, "settlement_proximity_score": 0.88038804401479764, "road_proximity_score": 0.76064830989393761, "conflict_risk_score": 0.49231090617262058, "priority_zone": false, "nearest_settlement": "Meru" }, "geometry": { "type": "Polygon", "coordinates": [ [ [ 37.88178017934289, 0.057534314903491 ], [ 37.88178017934289, 0.157534314903491 ], [ 37.781780179342888, 0.157534314903491 ], [ 37.781780179342888, 0.057534314903491 ], [ 37.88178017934289, 0.057534314903491 ] ] ] } },
{ "type": "Feature", "properties": { "cell_id": 595, "elephant_count": 0.0, "inside_protected_area": false, "dist_to_settlement_km": 26.700309714574491, "dist_to_road_km": 32.155261537664977, "elephant_score": 0.0, "settlement_proximity_score": 0.84597492097776739, "road_proximity_score": 0.80258613244532062, "conflict_risk_score": 0.49456831602692636, "priority_zone": false, "nearest_settlement": "Meru" }, "geometry": { "type": "Polygon", "coordinates": [ [ [ 37.88178017934289, 0.157534314903491 ], [ 37.88178017934289, 0.257534314903491 ], [ 37.781780179342888, 0.257534314903491 ], [ 37.781780179342888, 0.157534314903491 ], [ 37.88178017934289, 0.157534314903491 ] ] ] } },
{ "type": "Feature", "properties": { "cell_id": 596, "elephant_count": 0.0, "inside_protected_area": false, "dist_to_settlement_km": 28.191693516722609, "dist_to_road_km": 27.98412369150887, "elephant_score": 0.0, "settlement_proximity_score": 0.83670441410204344, "road_proximity_score": 0.82821140830178586, "conflict_risk_score": 0.49947474672114878, "priority_zone": false, "nearest_settlement": "Isiolo" }, "geometry": { "type": "Polygon", "coordinates": [ [ [ 37.88178017934289, 0.257534314903491 ], [ 37.88178017934289, 0.357534314903491 ], [ 37.781780179342888, 0.357534314903491 ], [ 37.781780179342888, 0.257534314903491 ], [ 37.88178017934289, 0.257534314903491 ] ] ] } },
{ "type": "Feature", "properties": { "cell_id": 597, "elephant_count": 1.0, "inside_protected_area": false, "dist_to_settlement_km": 28.319645515542746, "dist_to_road_km": 24.621087046433711, "elephant_score": 0.0053475935828877002, "settlement_proximity_score": 0.83590905888689615, "road_proximity_score": 0.84887213564381558, "conflict_risk_score": 0.5075733957923686, "priority_zone": true, "nearest_settlement": "Isiolo" }, "geometry": { "type": "Polygon", "coordinates": [ [ [ 37.88178017934289, 0.35753431490349 ], [ 37.88178017934289, 0.45753431490349 ], [ 37.781780179342888, 0.45753431490349 ], [ 37.781780179342888, 0.35753431490349 ], [ 37.88178017934289, 0.35753431490349 ] ] ] } },
{ "type": "Feature", "properties": { "cell_id": 598, "elephant_count": 3.0, "inside_protected_area": false, "dist_to_settlement_km": 22.599028174004932, "dist_to_road_km": 21.258050401358549, "elephant_score": 0.016042780748663103, "settlement_proximity_score": 0.87146866622722363, "road_proximity_score": 0.86953286298584542, "conflict_risk_score": 0.52871757106338602, "priority_zone": true, "nearest_settlement": "Archer's Post" }, "geometry": { "type": "Polygon", "coordinates": [ [ [ 37.88178017934289, 0.45753431490349 ], [ 37.88178017934289, 0.55753431490349 ], [ 37.781780179342888, 0.55753431490349 ], [ 37.781780179342888, 0.45753431490349 ], [ 37.88178017934289, 0.45753431490349 ] ] ] } },
{ "type": "Feature", "properties": { "cell_id": 599, "elephant_count": 4.0, "inside_protected_area": true, "dist_to_settlement_km": 18.12998216200581, "dist_to_road_km": 18.12998216200581, "elephant_score": 0.021390374331550801, "settlement_proximity_score": 0.89924845149945887, "road_proximity_score": 0.88875006809574852, "conflict_risk_score": 0.54495570561118245, "priority_zone": false, "nearest_settlement": "Archer's Post" }, "geometry": { "type": "Polygon", "coordinates": [ [ [ 37.88178017934289, 0.557534314903489 ], [ 37.88178017934289, 0.657534314903489 ], [ 37.781780179342888, 0.657534314903489 ], [ 37.781780179342888, 0.557534314903489 ], [ 37.88178017934289, 0.557534314903489 ] ] ] } },
{ "type": "Feature", "properties": { "cell_id": 600, "elephant_count": 8.0, "inside_protected_area": false, "dist_to_settlement_km": 19.826659627376142, "dist_to_road_km": 19.826659627376142, "elephant_score": 0.042780748663101602, "settlement_proximity_score": 0.88870183024345084, "road_proximity_score": 0.87832657462870101, "conflict_risk_score": 0.54722082092688606, "priority_zone": true, "nearest_settlement": "Archer's Post" }, "geometry": { "type": "Polygon", "coordinates": [ [ [ 37.88178017934289, 0.657534314903489 ], [ 37.88178017934289, 0.757534314903489 ], [ 37.781780179342888, 0.757534314903489 ], [ 37.781780179342888, 0.657534314903489 ], [ 37.88178017934289, 0.657534314903489 ] ] ] } },
{ "type": "Feature", "properties": { "cell_id": 601, "elephant_count": 1.0, "inside_protected_area": false, "dist_to_settlement_km": 26.531426851283435, "dist_to_road_km": 26.531426851283435, "elephant_score": 0.0053475935828877002, "settlement_proximity_score": 0.84702470423481802, "road_proximity_score": 0.83713601320327513, "conflict_risk_score": 0.50738725266458307, "priority_zone": true, "nearest_settlement": "Archer's Post" }, "geometry": { "type": "Polygon", "coordinates": [ [ [ 37.88178017934289, 0.757534314903489 ], [ 37.88178017934289, 0.857534314903489 ], [ 37.781780179342888, 0.857534314903489 ], [ 37.781780179342888, 0.757534314903489 ], [ 37.88178017934289, 0.757534314903489 ] ] ] } },
{ "type": "Feature", "properties": { "cell_id": 602, "elephant_count": 17.0, "inside_protected_area": false, "dist_to_settlement_km": 35.512769387224331, "dist_to_road_km": 35.512769387224331, "elephant_score": 0.090909090909090912, "settlement_proximity_score": 0.79119628661840979, "road_proximity_score": 0.78195937111339942, "conflict_risk_score": 0.50831033368317913, "priority_zone": true, "nearest_settlement": "Archer's Post" }, "geometry": { "type": "Polygon", "coordinates": [ [ [ 37.88178017934289, 0.857534314903488 ], [ 37.88178017934289, 0.957534314903488 ], [ 37.781780179342888, 0.957534314903488 ], [ 37.781780179342888, 0.857534314903488 ], [ 37.88178017934289, 0.857534314903488 ] ] ] } },
{ "type": "Feature", "properties": { "cell_id": 603, "elephant_count": 1.0, "inside_protected_area": false, "dist_to_settlement_km": 45.440257133244209, "dist_to_road_km": 45.440257133244209, "elephant_score": 0.0053475935828877002, "settlement_proximity_score": 0.72948658903715491, "road_proximity_score": 0.7209701107637625, "conflict_risk_score": 0.43727604737343029, "priority_zone": false, "nearest_settlement": "Archer's Post" }, "geometry": { "type": "Polygon", "coordinates": [ [ [ 37.88178017934289, 0.957534314903488 ], [ 37.88178017934289, 1.057534314903488 ], [ 37.781780179342888, 1.057534314903488 ], [ 37.781780179342888, 0.957534314903488 ], [ 37.88178017934289, 0.957534314903488 ] ] ] } },
{ "type": "Feature", "properties": { "cell_id": 604, "elephant_count": 20.0, "inside_protected_area": false, "dist_to_settlement_km": 55.811263622323793, "dist_to_road_km": 55.811263622323793, "elephant_score": 0.10695187165775401, "settlement_proximity_score": 0.66501995957081117, "road_proximity_score": 0.65725610465946516, "conflict_risk_score": 0.4394635679321845, "priority_zone": false, "nearest_settlement": "Archer's Post" }, "geometry": { "type": "Polygon", "coordinates": [ [ [ 37.88178017934289, 1.057534314903488 ], [ 37.88178017934289, 1.157534314903488 ], [ 37.781780179342888, 1.157534314903488 ], [ 37.781780179342888, 1.057534314903488 ], [ 37.88178017934289, 1.057534314903488 ] ] ] } },
{ "type": "Feature", "properties": { "cell_id": 605, "elephant_count": 4.0, "inside_protected_area": false, "dist_to_settlement_km": 62.356774903189759, "dist_to_road_km": 66.418350821935448, "elephant_score": 0.021390374331550801, "settlement_proximity_score": 0.62433277546233712, "road_proximity_score": 0.59209174290764366, "conflict_risk_score": 0.37348350524361451, "priority_zone": false, "nearest_settlement": "Wamba" }, "geometry": { "type": "Polygon", "coordinates": [ [ [ 37.88178017934289, 1.157534314903487 ], [ 37.88178017934289, 1.257534314903487 ], [ 37.781780179342888, 1.257534314903487 ], [ 37.781780179342888, 1.157534314903487 ], [ 37.88178017934289, 1.157534314903487 ] ] ] } },
{ "type": "Feature", "properties": { "cell_id": 606, "elephant_count": 0.0, "inside_protected_area": false, "dist_to_settlement_km": 102.83162445553037, "dist_to_road_km": 121.25177253487367, "elephant_score": 0.0, "settlement_proximity_score": 0.3727393422170433, "road_proximity_score": 0.25522405611018661, "conflict_risk_score": 0.18838901949816897, "priority_zone": false, "nearest_settlement": "Taveta" }, "geometry": { "type": "Polygon", "coordinates": [ [ [ 37.981780179342891, -4.342465685096493 ], [ 37.981780179342891, -4.242465685096493 ], [ 37.88178017934289, -4.242465685096493 ], [ 37.88178017934289, -4.342465685096493 ], [ 37.981780179342891, -4.342465685096493 ] ] ] } },
{ "type": "Feature", "properties": { "cell_id": 607, "elephant_count": 0.0, "inside_protected_area": false, "dist_to_settlement_km": 92.186436350194484, "dist_to_road_km": 112.32265141828682, "elephant_score": 0.0, "settlement_proximity_score": 0.43891029658958503, "road_proximity_score": 0.31007987728118602, "conflict_risk_score": 0.22469705216123131, "priority_zone": false, "nearest_settlement": "Taveta" }, "geometry": { "type": "Polygon", "coordinates": [ [ [ 37.981780179342891, -4.242465685096493 ], [ 37.981780179342891, -4.142465685096494 ], [ 37.88178017934289, -4.142465685096494 ], [ 37.88178017934289, -4.242465685096493 ], [ 37.981780179342891, -4.242465685096493 ] ] ] } },
{ "type": "Feature", "properties": { "cell_id": 608, "elephant_count": 0.0, "inside_protected_area": false, "dist_to_settlement_km": 81.662446116520954, "dist_to_road_km": 103.81321544205825, "elephant_score": 0.0, "settlement_proximity_score": 0.50432787969649362, "road_proximity_score": 0.36235737381003763, "conflict_risk_score": 0.26000557605195934, "priority_zone": false, "nearest_settlement": "Taveta" }, "geometry": { "type": "Polygon", "coordinates": [ [ [ 37.981780179342891, -4.142465685096494 ], [ 37.981780179342891, -4.042465685096494 ], [ 37.88178017934289, -4.042465685096494 ], [ 37.88178017934289, -4.142465685096494 ], [ 37.981780179342891, -4.142465685096494 ] ] ] } },
{ "type": "Feature", "properties": { "cell_id": 609, "elephant_count": 0.0, "inside_protected_area": false, "dist_to_settlement_km": 71.313330903267655, "dist_to_road_km": 95.835324276616859, "elephant_score": 0.0, "settlement_proximity_score": 0.56865843203582722, "road_proximity_score": 0.41136933874801962, "conflict_risk_score": 0.29400833123515402, "priority_zone": false, "nearest_settlement": "Taveta" }, "geometry": { "type": "Polygon", "coordinates": [ [ [ 37.981780179342891, -4.042465685096494 ], [ 37.981780179342891, -3.942465685096494 ], [ 37.88178017934289, -3.942465685096494 ], [ 37.88178017934289, -4.042465685096494 ], [ 37.981780179342891, -4.042465685096494 ] ] ] } },
{ "type": "Feature", "properties": { "cell_id": 610, "elephant_count": 0.0, "inside_protected_area": false, "dist_to_settlement_km": 61.227830463802746, "dist_to_road_km": 88.532790862987781, "elephant_score": 0.0, "settlement_proximity_score": 0.6313503434234301, "road_proximity_score": 0.45623226106734516, "conflict_risk_score": 0.32627478134723259, "priority_zone": false, "nearest_settlement": "Taveta" }, "geometry": { "type": "Polygon", "coordinates": [ [ [ 37.981780179342891, -3.942465685096495 ], [ 37.981780179342891, -3.842465685096494 ], [ 37.88178017934289, -3.842465685096494 ], [ 37.88178017934289, -3.942465685096495 ], [ 37.981780179342891, -3.942465685096495 ] ] ] } },
{ "type": "Feature", "properties": { "cell_id": 611, "elephant_count": 0.0, "inside_protected_area": false, "dist_to_settlement_km": 51.560869679335333, "dist_to_road_km": 82.086056896252273, "elephant_score": 0.0, "settlement_proximity_score": 0.69144059402872549, "road_proximity_score": 0.49583760195126747, "conflict_risk_score": 0.35618345879399788, "priority_zone": false, "nearest_settlement": "Taveta" }, "geometry": { "type": "Polygon", "coordinates": [ [ [ 37.981780179342891, -3.842465685096495 ], [ 37.981780179342891, -3.742465685096495 ], [ 37.88178017934289, -3.742465685096495 ], [ 37.88178017934289, -3.842465685096495 ], [ 37.981780179342891, -3.842465685096495 ] ] ] } },
{ "type": "Feature", "properties": { "cell_id": 612, "elephant_count": 0.0, "inside_protected_area": true, "dist_to_settlement_km": 42.598349039306875, "dist_to_road_km": 76.587519479506113, "elephant_score": 0.0, "settlement_proximity_score": 0.74715201391777541, "road_proximity_score": 0.52961772222254155, "conflict_risk_score": 0.38303092084209506, "priority_zone": false, "nearest_settlement": "Taveta" }, "geometry": { "type": "Polygon", "coordinates": [ [ [ 37.981780179342891, -3.742465685096495 ], [ 37.981780179342891, -3.642465685096495 ], [ 37.88178017934289, -3.642465685096495 ], [ 37.88178017934289, -3.742465685096495 ], [ 37.981780179342891, -3.742465685096495 ] ] ] } },
{ "type": "Feature", "properties": { "cell_id": 613, "elephant_count": 0.0, "inside_protected_area": true, "dist_to_settlement_km": 34.887467659029575, "dist_to_road_km": 71.265942466230769, "elephant_score": 0.0, "settlement_proximity_score": 0.7950831894815642, "road_proximity_score": 0.56231069090068608, "conflict_risk_score": 0.40721816411467504, "priority_zone": false, "nearest_settlement": "Taveta" }, "geometry": { "type": "Polygon", "coordinates": [ [ [ 37.981780179342891, -3.642465685096496 ], [ 37.981780179342891, -3.542465685096496 ], [ 37.88178017934289, -3.542465685096496 ], [ 37.88178017934289, -3.642465685096496 ], [ 37.981780179342891, -3.642465685096496 ] ] ] } },
{ "type": "Feature", "properties": { "cell_id": 614, "elephant_count": 2.0, "inside_protected_area": true, "dist_to_settlement_km": 29.429092042484918, "dist_to_road_km": 65.944365452955395, "elephant_score": 0.0106951871657754, "settlement_proximity_score": 0.82901269080146345, "road_proximity_score": 0.59500365957883095, "conflict_risk_score": 0.43148297998039853, "priority_zone": false, "nearest_settlement": "Taveta" }, "geometry": { "type": "Polygon", "coordinates": [ [ [ 37.981780179342891, -3.542465685096496 ], [ 37.981780179342891, -3.442465685096496 ], [ 37.88178017934289, -3.442465685096496 ], [ 37.88178017934289, -3.542465685096496 ], [ 37.981780179342891, -3.542465685096496 ] ] ] } },
{ "type": "Feature", "properties": { "cell_id": 615, "elephant_count": 3.0, "inside_protected_area": true, "dist_to_settlement_km": 27.593976104038799, "dist_to_road_km": 60.622788439680079, "elephant_score": 0.016042780748663103, "settlement_proximity_score": 0.84041985165476718, "road_proximity_score": 0.62769662825697536, "conflict_risk_score": 0.44685205627298796, "priority_zone": false, "nearest_settlement": "Taveta" }, "geometry": { "type": "Polygon", "coordinates": [ [ [ 37.981780179342891, -3.442465685096496 ], [ 37.981780179342891, -3.342465685096496 ], [ 37.88178017934289, -3.342465685096496 ], [ 37.88178017934289, -3.442465685096496 ], [ 37.981780179342891, -3.442465685096496 ] ] ] } },
{ "type": "Feature", "properties": { "cell_id": 616, "elephant_count": 2.0, "inside_protected_area": true, "dist_to_settlement_km": 30.053345504543714, "dist_to_road_km": 55.301211426404713, "elephant_score": 0.0106951871657754, "settlement_proximity_score": 0.82513230400641113, "road_proximity_score": 0.66038959693512023, "conflict_risk_score": 0.44993464514876957, "priority_zone": false, "nearest_settlement": "Taveta" }, "geometry": { "type": "Polygon", "coordinates": [ [ [ 37.981780179342891, -3.342465685096497 ], [ 37.981780179342891, -3.242465685096497 ], [ 37.88178017934289, -3.242465685096497 ], [ 37.88178017934289, -3.342465685096497 ], [ 37.981780179342891, -3.342465685096497 ] ] ] } },
{ "type": "Feature", "properties": { "cell_id": 617, "elephant_count": 1.0, "inside_protected_area": true, "dist_to_settlement_km": 35.936049237509216, "dist_to_road_km": 49.979634413129389, "elephant_score": 0.0053475935828877002, "settlement_proximity_score": 0.78856516057508719, "road_proximity_score": 0.69308256561326465, "conflict_risk_score": 0.44663335528966064, "priority_zone": false, "nearest_settlement": "Taveta" }, "geometry": { "type": "Polygon", "coordinates": [ [ [ 37.981780179342891, -3.242465685096497 ], [ 37.981780179342891, -3.142465685096497 ], [ 37.88178017934289, -3.142465685096497 ], [ 37.88178017934289, -3.242465685096497 ], [ 37.981780179342891, -3.242465685096497 ] ] ] } },
{ "type": "Feature", "properties": { "cell_id": 618, "elephant_count": 1.0, "inside_protected_area": true, "dist_to_settlement_km": 43.886395313193539, "dist_to_road_km": 44.658057399854044, "elephant_score": 0.0053475935828877002, "settlement_proximity_score": 0.73914546200195197, "road_proximity_score": 0.7257755342914094, "conflict_risk_score": 0.44161533632116345, "priority_zone": false, "nearest_settlement": "Taveta" }, "geometry": { "type": "Polygon", "coordinates": [ [ [ 37.981780179342891, -3.142465685096497 ], [ 37.981780179342891, -3.042465685096497 ], [ 37.88178017934289, -3.042465685096497 ], [ 37.88178017934289, -3.142465685096497 ], [ 37.981780179342891, -3.142465685096497 ] ] ] } },
{ "type": "Feature", "properties": { "cell_id": 619, "elephant_count": 1.0, "inside_protected_area": true, "dist_to_settlement_km": 43.100421392849711, "dist_to_road_km": 39.3364803865787, "elephant_score": 0.0053475935828877002, "settlement_proximity_score": 0.74403111023159763, "road_proximity_score": 0.75846850296955404, "conflict_risk_score": 0.45288892139350057, "priority_zone": false, "nearest_settlement": "Mtito Andei" }, "geometry": { "type": "Polygon", "coordinates": [ [ [ 37.981780179342891, -3.042465685096498 ], [ 37.981780179342891, -2.942465685096498 ], [ 37.88178017934289, -2.942465685096498 ], [ 37.88178017934289, -3.042465685096498 ], [ 37.981780179342891, -3.042465685096498 ] ] ] } },
{ "type": "Feature", "properties": { "cell_id": 620, "elephant_count": 5.0, "inside_protected_area": true, "dist_to_settlement_km": 34.914327188511429, "dist_to_road_km": 33.832374000777698, "elephant_score": 0.026737967914438502, "settlement_proximity_score": 0.79491622947275786, "road_proximity_score": 0.79228283605601901, "conflict_risk_score": 0.48685490682440841, "priority_zone": false, "nearest_settlement": "Mtito Andei" }, "geometry": { "type": "Polygon", "coordinates": [ [ [ 37.981780179342891, -2.942465685096498 ], [ 37.981780179342891, -2.842465685096498 ], [ 37.88178017934289, -2.842465685096498 ], [ 37.88178017934289, -2.942465685096498 ], [ 37.981780179342891, -2.942465685096498 ] ] ] } },
{ "type": "Feature", "properties": { "cell_id": 621, "elephant_count": 3.0, "inside_protected_area": false, "dist_to_settlement_km": 28.754028618815088, "dist_to_road_km": 24.632009737966317, "elephant_score": 0.016042780748663103, "settlement_proximity_score": 0.83320891453787993, "road_proximity_score": 0.84880503237512928, "conflict_risk_score": 0.51102129637336802, "priority_zone": true, "nearest_settlement": "Mtito Andei" }, "geometry": { "type": "Polygon", "coordinates": [ [ [ 37.981780179342891, -2.842465685096498 ], [ 37.981780179342891, -2.742465685096498 ], [ 37.88178017934289, -2.742465685096498 ], [ 37.88178017934289, -2.842465685096498 ], [ 37.981780179342891, -2.842465685096498 ] ] ] } },
{ "type": "Feature", "properties": { "cell_id": 622, "elephant_count": 2.0, "inside_protected_area": true, "dist_to_settlement_km": 26.095939925529539, "dist_to_road_km": 15.431645475154994, "elephant_score": 0.0106951871657754, "settlement_proximity_score": 0.84973170999260783, "road_proximity_score": 0.90532722869423932, "conflict_risk_score": 0.53079575647236421, "priority_zone": false, "nearest_settlement": "Mtito Andei" }, "geometry": { "type": "Polygon", "coordinates": [ [ [ 37.981780179342891, -2.742465685096499 ], [ 37.981780179342891, -2.642465685096499 ], [ 37.88178017934289, -2.642465685096499 ], [ 37.88178017934289, -2.742465685096499 ], [ 37.981780179342891, -2.742465685096499 ] ] ] } },
{ "type": "Feature", "properties": { "cell_id": 623, "elephant_count": 1.0, "inside_protected_area": true, "dist_to_settlement_km": 27.957503454029194, "dist_to_road_km": 6.2312812123436654, "elephant_score": 0.0053475935828877002, "settlement_proximity_score": 0.83816014976398256, "road_proximity_score": 0.96184942501334936, "conflict_risk_score": 0.54214190986635469, "priority_zone": false, "nearest_settlement": "Mtito Andei" }, "geometry": { "type": "Polygon", "coordinates": [ [ [ 37.981780179342891, -2.642465685096499 ], [ 37.981780179342891, -2.542465685096499 ], [ 37.88178017934289, -2.542465685096499 ], [ 37.88178017934289, -2.642465685096499 ], [ 37.981780179342891, -2.642465685096499 ] ] ] } },
{ "type": "Feature", "properties": { "cell_id": 624, "elephant_count": 4.0, "inside_protected_area": true, "dist_to_settlement_km": 33.595623497224452, "dist_to_road_km": 2.9690830504676673, "elephant_score": 0.021390374331550801, "settlement_proximity_score": 0.80311334923462607, "road_proximity_score": 0.98189065378107343, "conflict_risk_score": 0.54405735063733018, "priority_zone": false, "nearest_settlement": "Mtito Andei" }, "geometry": { "type": "Polygon", "coordinates": [ [ [ 37.981780179342891, -2.5424656850965 ], [ 37.981780179342891, -2.442465685096499 ], [ 37.88178017934289, -2.442465685096499 ], [ 37.88178017934289, -2.5424656850965 ], [ 37.981780179342891, -2.5424656850965 ] ] ] } },
{ "type": "Feature", "properties": { "cell_id": 625, "elephant_count": 0.0, "inside_protected_area": false, "dist_to_settlement_km": 41.498552227185762, "dist_to_road_km": 12.169447313278996, "elephant_score": 0.0, "settlement_proximity_score": 0.75398839895426473, "road_proximity_score": 0.92536845746196339, "conflict_risk_score": 0.50380705692486849, "priority_zone": false, "nearest_settlement": "Mtito Andei" }, "geometry": { "type": "Polygon", "coordinates": [ [ [ 37.981780179342891, -2.4424656850965 ], [ 37.981780179342891, -2.3424656850965 ], [ 37.88178017934289, -2.3424656850965 ], [ 37.88178017934289, -2.4424656850965 ], [ 37.981780179342891, -2.4424656850965 ] ] ] } },
{ "type": "Feature", "properties": { "cell_id": 626, "elephant_count": 0.0, "inside_protected_area": false, "dist_to_settlement_km": 48.375463387947299, "dist_to_road_km": 21.369811576090289, "elephant_score": 0.0, "settlement_proximity_score": 0.71124121871282964, "road_proximity_score": 0.86884626114285357, "conflict_risk_score": 0.47402624395670501, "priority_zone": false, "nearest_settlement": "Emali" }, "geometry": { "type": "Polygon", "coordinates": [ [ [ 37.981780179342891, -2.3424656850965 ], [ 37.981780179342891, -2.2424656850965 ], [ 37.88178017934289, -2.2424656850965 ], [ 37.88178017934289, -2.3424656850965 ], [ 37.981780179342891, -2.3424656850965 ] ] ] } },
{ "type": "Feature", "properties": { "cell_id": 627, "elephant_count": 0.0, "inside_protected_area": false, "dist_to_settlement_km": 48.141451751934454, "dist_to_road_km": 30.570175838901616, "elephant_score": 0.0, "settlement_proximity_score": 0.71269584526672658, "road_proximity_score": 0.81232406482374364, "conflict_risk_score": 0.45750597302714102, "priority_zone": false, "nearest_settlement": "Emali" }, "geometry": { "type": "Polygon", "coordinates": [ [ [ 37.981780179342891, -2.242465685096501 ], [ 37.981780179342891, -2.1424656850965 ], [ 37.88178017934289, -2.1424656850965 ], [ 37.88178017934289, -2.242465685096501 ], [ 37.981780179342891, -2.242465685096501 ] ] ] } },
{ "type": "Feature", "properties": { "cell_id": 628, "elephant_count": 0.0, "inside_protected_area": false, "dist_to_settlement_km": 50.412630317897857, "dist_to_road_km": 39.770540101712946, "elephant_score": 0.0, "settlement_proximity_score": 0.69857810006831822, "road_proximity_score": 0.7558018685046336, "conflict_risk_score": 0.43631399057188558, "priority_zone": false, "nearest_settlement": "Emali" }, "geometry": { "type": "Polygon", "coordinates": [ [ [ 37.981780179342891, -2.142465685096501 ], [ 37.981780179342891, -2.042465685096501 ], [ 37.88178017934289, -2.042465685096501 ], [ 37.88178017934289, -2.142465685096501 ], [ 37.981780179342891, -2.142465685096501 ] ] ] } },
{ "type": "Feature", "properties": { "cell_id": 629, "elephant_count": 0.0, "inside_protected_area": false, "dist_to_settlement_km": 54.878841226416533, "dist_to_road_km": 48.970904364524301, "elephant_score": 0.0, "settlement_proximity_score": 0.67081593792318883, "road_proximity_score": 0.69927967218552345, "conflict_risk_score": 0.41102868303261364, "priority_zone": false, "nearest_settlement": "Emali" }, "geometry": { "type": "Polygon", "coordinates": [ [ [ 37.981780179342891, -2.042465685096501 ], [ 37.981780179342891, -1.942465685096501 ], [ 37.88178017934289, -1.942465685096501 ], [ 37.88178017934289, -2.042465685096501 ], [ 37.981780179342891, -2.042465685096501 ] ] ] } },
{ "type": "Feature", "properties": { "cell_id": 630, "elephant_count": 0.0, "inside_protected_area": false, "dist_to_settlement_km": 61.060307345602475, "dist_to_road_km": 58.17126862733565, "elephant_score": 0.0, "settlement_proximity_score": 0.63239167444558642, "road_proximity_score": 0.6427574758664133, "conflict_risk_score": 0.38254474509359992, "priority_zone": false, "nearest_settlement": "Emali" }, "geometry": { "type": "Polygon", "coordinates": [ [ [ 37.981780179342891, -1.942465685096502 ], [ 37.981780179342891, -1.842465685096502 ], [ 37.88178017934289, -1.842465685096502 ], [ 37.88178017934289, -1.942465685096502 ], [ 37.981780179342891, -1.942465685096502 ] ] ] } },
{ "type": "Feature", "properties": { "cell_id": 631, "elephant_count": 0.0, "inside_protected_area": false, "dist_to_settlement_km": 58.227509856422984, "dist_to_road_km": 90.546802123320035, "elephant_score": 0.0, "settlement_proximity_score": 0.65000046740897133, "road_proximity_score": 0.44385923576164787, "conflict_risk_score": 0.32815791095118574, "priority_zone": false, "nearest_settlement": "Meru" }, "geometry": { "type": "Polygon", "coordinates": [ [ [ 37.981780179342891, -0.442465685096507 ], [ 37.981780179342891, -0.342465685096507 ], [ 37.88178017934289, -0.342465685096507 ], [ 37.88178017934289, -0.442465685096507 ], [ 37.981780179342891, -0.442465685096507 ] ] ] } },
{ "type": "Feature", "properties": { "cell_id": 632, "elephant_count": 0.0, "inside_protected_area": false, "dist_to_settlement_km": 49.227319273600784, "dist_to_road_km": 81.299598172837946, "elephant_score": 0.0, "settlement_proximity_score": 0.70594604530830296, "road_proximity_score": 0.50066919047231995, "conflict_risk_score": 0.36198457073418688, "priority_zone": false, "nearest_settlement": "Meru" }, "geometry": { "type": "Polygon", "coordinates": [ [ [ 37.981780179342891, -0.342465685096507 ], [ 37.981780179342891, -0.242465685096507 ], [ 37.88178017934289, -0.242465685096507 ], [ 37.88178017934289, -0.342465685096507 ], [ 37.981780179342891, -0.342465685096507 ] ] ] } },
{ "type": "Feature", "properties": { "cell_id": 633, "elephant_count": 3.0, "inside_protected_area": false, "dist_to_settlement_km": 41.26299821450467, "dist_to_road_km": 72.052394222355872, "elephant_score": 0.016042780748663103, "settlement_proximity_score": 0.75545261298892108, "road_proximity_score": 0.55747914518299213, "conflict_risk_score": 0.40029663975103918, "priority_zone": false, "nearest_settlement": "Meru" }, "geometry": { "type": "Polygon", "coordinates": [ [ [ 37.981780179342891, -0.242465685096508 ], [ 37.981780179342891, -0.142465685096508 ], [ 37.88178017934289, -0.142465685096508 ], [ 37.88178017934289, -0.242465685096508 ], [ 37.981780179342891, -0.242465685096508 ] ] ] } },
{ "type": "Feature", "properties": { "cell_id": 634, "elephant_count": 7.0, "inside_protected_area": false, "dist_to_settlement_km": 35.047982544440451, "dist_to_road_km": 62.994238674158353, "elephant_score": 0.037433155080213901, "settlement_proximity_score": 0.79408542194063048, "road_proximity_score": 0.61312768599715861, "conflict_risk_score": 0.43713719441342225, "priority_zone": false, "nearest_settlement": "Meru" }, "geometry": { "type": "Polygon", "coordinates": [ [ [ 37.981780179342891, -0.142465685096508 ], [ 37.981780179342891, -0.042465685096508 ], [ 37.88178017934289, -0.042465685096508 ], [ 37.88178017934289, -0.142465685096508 ], [ 37.981780179342891, -0.142465685096508 ] ] ] } },
{ "type": "Feature", "properties": { "cell_id": 635, "elephant_count": 0.0, "inside_protected_area": false, "dist_to_settlement_km": 31.630794160447316, "dist_to_road_km": 54.67929082314452, "elephant_score": 0.0, "settlement_proximity_score": 0.81532681423939579, "road_proximity_score": 0.66421034983448757, "conflict_risk_score": 0.44386114922216502, "priority_zone": false, "nearest_settlement": "Meru" }, "geometry": { "type": "Polygon", "coordinates": [ [ [ 37.981780179342891, -0.042465685096508 ], [ 37.981780179342891, 0.057534314903492 ], [ 37.88178017934289, 0.057534314903492 ], [ 37.88178017934289, -0.042465685096508 ], [ 37.981780179342891, -0.042465685096508 ] ] ] } },
{ "type": "Feature", "properties": { "cell_id": 636, "elephant_count": 0.0, "inside_protected_area": false, "dist_to_settlement_km": 31.922925899825845, "dist_to_road_km": 47.516266516922421, "elephant_score": 0.0, "settlement_proximity_score": 0.81351091058359293, "road_proximity_score": 0.70821620161487431, "conflict_risk_score": 0.45651813365954014, "priority_zone": false, "nearest_settlement": "Meru" }, "geometry": { "type": "Polygon", "coordinates": [ [ [ 37.981780179342891, 0.057534314903491 ], [ 37.981780179342891, 0.157534314903491 ], [ 37.88178017934289, 0.157534314903491 ], [ 37.88178017934289, 0.057534314903491 ], [ 37.981780179342891, 0.057534314903491 ] ] ] } },
{ "type": "Feature", "properties": { "cell_id": 637, "elephant_count": 0.0, "inside_protected_area": false, "dist_to_settlement_km": 35.833772572685575, "dist_to_road_km": 42.097343413716587, "elephant_score": 0.0, "settlement_proximity_score": 0.78920091679230508, "road_proximity_score": 0.74150721344096127, "conflict_risk_score": 0.45921243906997988, "priority_zone": false, "nearest_settlement": "Meru" }, "geometry": { "type": "Polygon", "coordinates": [ [ [ 37.981780179342891, 0.157534314903491 ], [ 37.981780179342891, 0.257534314903491 ], [ 37.88178017934289, 0.257534314903491 ], [ 37.88178017934289, 0.157534314903491 ], [ 37.981780179342891, 0.157534314903491 ] ] ] } },
{ "type": "Feature", "properties": { "cell_id": 638, "elephant_count": 0.0, "inside_protected_area": false, "dist_to_settlement_km": 39.153506372706516, "dist_to_road_km": 38.562402593290798, "elephant_score": 0.0, "settlement_proximity_score": 0.76856530644549859, "road_proximity_score": 0.76322402957140101, "conflict_risk_score": 0.45953680080506987, "priority_zone": false, "nearest_settlement": "Isiolo" }, "geometry": { "type": "Polygon", "coordinates": [ [ [ 37.981780179342891, 0.257534314903491 ], [ 37.981780179342891, 0.357534314903491 ], [ 37.88178017934289, 0.357534314903491 ], [ 37.88178017934289, 0.257534314903491 ], [ 37.981780179342891, 0.257534314903491 ] ] ] } },
{ "type": "Feature", "properties": { "cell_id": 639, "elephant_count": 0.0, "inside_protected_area": false, "dist_to_settlement_km": 38.216904290654313, "dist_to_road_km": 35.199365948215636, "elephant_score": 0.0, "settlement_proximity_score": 0.77438726590957219, "road_proximity_score": 0.78388475691343085, "conflict_risk_score": 0.46748160684690088, "priority_zone": false, "nearest_settlement": "Archer's Post" }, "geometry": { "type": "Polygon", "coordinates": [ [ [ 37.981780179342891, 0.35753431490349 ], [ 37.981780179342891, 0.45753431490349 ], [ 37.88178017934289, 0.45753431490349 ], [ 37.88178017934289, 0.35753431490349 ], [ 37.981780179342891, 0.35753431490349 ] ] ] } },
{ "type": "Feature", "properties": { "cell_id": 640, "elephant_count": 0.0, "inside_protected_area": false, "dist_to_settlement_km": 32.126187952295453, "dist_to_road_km": 31.836329303140481, "elephant_score": 0.0, "settlement_proximity_score": 0.81224742478451217, "road_proximity_score": 0.80454548425546046, "conflict_risk_score": 0.48503787271199172, "priority_zone": false, "nearest_settlement": "Archer's Post" }, "geometry": { "type": "Polygon", "coordinates": [ [ [ 37.981780179342891, 0.45753431490349 ], [ 37.981780179342891, 0.55753431490349 ], [ 37.88178017934289, 0.55753431490349 ], [ 37.88178017934289, 0.45753431490349 ], [ 37.981780179342891, 0.45753431490349 ] ] ] } },
{ "type": "Feature", "properties": { "cell_id": 641, "elephant_count": 3.0, "inside_protected_area": false, "dist_to_settlement_km": 29.155996486681666, "dist_to_road_km": 29.155996486681666, "elephant_score": 0.016042780748663103, "settlement_proximity_score": 0.83071026470843301, "road_proximity_score": 0.82101203854883864, "conflict_risk_score": 0.50193380327664672, "priority_zone": false, "nearest_settlement": "Archer's Post" }, "geometry": { "type": "Polygon", "coordinates": [ [ [ 37.981780179342891, 0.557534314903489 ], [ 37.981780179342891, 0.657534314903489 ], [ 37.88178017934289, 0.657534314903489 ], [ 37.88178017934289, 0.557534314903489 ], [ 37.981780179342891, 0.557534314903489 ] ] ] } },
{ "type": "Feature", "properties": { "cell_id": 642, "elephant_count": 9.0, "inside_protected_area": false, "dist_to_settlement_km": 30.240243218541941, "dist_to_road_km": 30.240243218541941, "elephant_score": 0.048128342245989303, "settlement_proximity_score": 0.82397053965025946, "road_proximity_score": 0.81435099721547799, "conflict_risk_score": 0.51074779795811698, "priority_zone": true, "nearest_settlement": "Archer's Post" }, "geometry": { "type": "Polygon", "coordinates": [ [ [ 37.981780179342891, 0.657534314903489 ], [ 37.981780179342891, 0.757534314903489 ], [ 37.88178017934289, 0.757534314903489 ], [ 37.88178017934289, 0.657534314903489 ], [ 37.981780179342891, 0.657534314903489 ] ] ] } },
{ "type": "Feature", "properties": { "cell_id": 643, "elephant_count": 2.0, "inside_protected_area": false, "dist_to_settlement_km": 35.004178160638887, "dist_to_road_km": 35.004178160638887, "elephant_score": 0.0106951871657754, "settlement_proximity_score": 0.79435771190424309, "road_proximity_score": 0.78508388796230677, "conflict_risk_score": 0.47811055482627507, "priority_zone": false, "nearest_settlement": "Archer's Post" }, "geometry": { "type": "Polygon", "coordinates": [ [ [ 37.981780179342891, 0.757534314903489 ], [ 37.981780179342891, 0.857534314903489 ], [ 37.88178017934289, 0.857534314903489 ], [ 37.88178017934289, 0.757534314903489 ], [ 37.981780179342891, 0.757534314903489 ] ] ] } },
{ "type": "Feature", "properties": { "cell_id": 644, "elephant_count": 2.0, "inside_protected_area": false, "dist_to_settlement_km": 42.220050538659031, "dist_to_road_km": 42.220050538659031, "elephant_score": 0.0106951871657754, "settlement_proximity_score": 0.74950353392642799, "road_proximity_score": 0.74075336544020498, "conflict_risk_score": 0.4513551446763, "priority_zone": false, "nearest_settlement": "Archer's Post" }, "geometry": { "type": "Polygon", "coordinates": [ [ [ 37.981780179342891, 0.857534314903488 ], [ 37.981780179342891, 0.957534314903488 ], [ 37.88178017934289, 0.957534314903488 ], [ 37.88178017934289, 0.857534314903488 ], [ 37.981780179342891, 0.857534314903488 ] ] ] } },
{ "type": "Feature", "properties": { "cell_id": 645, "elephant_count": 0.0, "inside_protected_area": false, "dist_to_settlement_km": 50.854624630137053, "dist_to_road_km": 50.854624630137053, "elephant_score": 0.0, "settlement_proximity_score": 0.69583064411181494, "road_proximity_score": 0.68770708618546483, "conflict_risk_score": 0.41506131908918392, "priority_zone": false, "nearest_settlement": "Archer's Post" }, "geometry": { "type": "Polygon", "coordinates": [ [ [ 37.981780179342891, 0.957534314903488 ], [ 37.981780179342891, 1.057534314903488 ], [ 37.88178017934289, 1.057534314903488 ], [ 37.88178017934289, 0.957534314903488 ], [ 37.981780179342891, 0.957534314903488 ] ] ] } },
{ "type": "Feature", "properties": { "cell_id": 646, "elephant_count": 11.0, "inside_protected_area": false, "dist_to_settlement_km": 60.301517601610264, "dist_to_road_km": 60.301517601610264, "elephant_score": 0.058823529411764705, "settlement_proximity_score": 0.63710834464729893, "road_proximity_score": 0.62967034721660264, "conflict_risk_score": 0.40356301932387634, "priority_zone": false, "nearest_settlement": "Archer's Post" }, "geometry": { "type": "Polygon", "coordinates": [ [ [ 37.981780179342891, 1.057534314903488 ], [ 37.981780179342891, 1.157534314903488 ], [ 37.88178017934289, 1.157534314903488 ], [ 37.88178017934289, 1.057534314903488 ], [ 37.981780179342891, 1.057534314903488 ] ] ] } },
{ "type": "Feature", "properties": { "cell_id": 647, "elephant_count": 1.0, "inside_protected_area": false, "dist_to_settlement_km": 70.233704187110078, "dist_to_road_km": 70.233704187110078, "elephant_score": 0.0053475935828877002, "settlement_proximity_score": 0.57536943887453507, "road_proximity_score": 0.56865221966997548, "conflict_risk_score": 0.34534553499650822, "priority_zone": false, "nearest_settlement": "Archer's Post" }, "geometry": { "type": "Polygon", "coordinates": [ [ [ 37.981780179342891, 1.157534314903487 ], [ 37.981780179342891, 1.257534314903487 ], [ 37.88178017934289, 1.257534314903487 ], [ 37.88178017934289, 1.157534314903487 ], [ 37.981780179342891, 1.157534314903487 ] ] ] } },
{ "type": "Feature", "properties": { "cell_id": 648, "elephant_count": 0.0, "inside_protected_area": false, "dist_to_settlement_km": 116.75736288266685, "dist_to_road_km": 124.97514857762819, "elephant_score": 0.0, "settlement_proximity_score": 0.28617634371031819, "road_proximity_score": 0.23234959313820269, "conflict_risk_score": 0.15555778105455625, "priority_zone": false, "nearest_settlement": "Taveta" }, "geometry": { "type": "Polygon", "coordinates": [ [ [ 38.081780179342893, -4.442465685096493 ], [ 38.081780179342893, -4.342465685096493 ], [ 37.981780179342891, -4.342465685096493 ], [ 37.981780179342891, -4.442465685096493 ], [ 38.081780179342893, -4.442465685096493 ] ] ] } },
{ "type": "Feature", "properties": { "cell_id": 649, "elephant_count": 0.0, "inside_protected_area": false, "dist_to_settlement_km": 106.34781542702218, "dist_to_road_km": 115.26818052170975, "elephant_score": 0.0, "settlement_proximity_score": 0.3508825455087633, "road_proximity_score": 0.29198409656082036, "conflict_risk_score": 0.19285999262087511, "priority_zone": false, "nearest_settlement": "Taveta" }, "geometry": { "type": "Polygon", "coordinates": [ [ [ 38.081780179342893, -4.342465685096493 ], [ 38.081780179342893, -4.242465685096493 ], [ 37.981780179342891, -4.242465685096493 ], [ 37.981780179342891, -4.342465685096493 ], [ 38.081780179342893, -4.342465685096493 ] ] ] } },
{ "type": "Feature", "properties": { "cell_id": 650, "elephant_count": 0.0, "inside_protected_area": false, "dist_to_settlement_km": 96.092944095210271, "dist_to_road_km": 105.83543413985079, "elephant_score": 0.0, "settlement_proximity_score": 0.41462727376335162, "road_proximity_score": 0.34993392632776599, "conflict_risk_score": 0.22936836002733529, "priority_zone": false, "nearest_settlement": "Taveta" }, "geometry": { "type": "Polygon", "coordinates": [ [ [ 38.081780179342893, -4.242465685096493 ], [ 38.081780179342893, -4.142465685096494 ], [ 37.981780179342891, -4.142465685096494 ], [ 37.981780179342891, -4.242465685096493 ], [ 38.081780179342893, -4.242465685096493 ] ] ] } },
{ "type": "Feature", "properties": { "cell_id": 651, "elephant_count": 0.0, "inside_protected_area": false, "dist_to_settlement_km": 86.048067750940433, "dist_to_road_km": 96.757143397042896, "elephant_score": 0.0, "settlement_proximity_score": 0.47706666400027309, "road_proximity_score": 0.40570616718142893, "conflict_risk_score": 0.2648318493545106, "priority_zone": false, "nearest_settlement": "Taveta" }, "geometry": { "type": "Polygon", "coordinates": [ [ [ 38.081780179342893, -4.142465685096494 ], [ 38.081780179342893, -4.042465685096494 ], [ 37.981780179342891, -4.042465685096494 ], [ 37.981780179342891, -4.142465685096494 ], [ 38.081780179342893, -4.142465685096494 ] ] ] } },
{ "type": "Feature", "properties": { "cell_id": 652, "elephant_count": 0.0, "inside_protected_area": false, "dist_to_settlement_km": 76.296173052491397, "dist_to_road_km": 88.142898052770249, "elephant_score": 0.0, "settlement_proximity_score": 0.53768486752581257, "road_proximity_score": 0.4586275573113866, "conflict_risk_score": 0.29889372745115972, "priority_zone": false, "nearest_settlement": "Taveta" }, "geometry": { "type": "Polygon", "coordinates": [ [ [ 38.081780179342893, -4.042465685096494 ], [ 38.081780179342893, -3.942465685096494 ], [ 37.981780179342891, -3.942465685096494 ], [ 37.981780179342891, -4.042465685096494 ], [ 38.081780179342893, -4.042465685096494 ] ] ] } },
{ "type": "Feature", "properties": { "cell_id": 653, "elephant_count": 0.0, "inside_protected_area": false, "dist_to_settlement_km": 66.965379721472019, "dist_to_road_km": 80.142474106595145, "elephant_score": 0.0, "settlement_proximity_score": 0.59568548655263975, "road_proximity_score": 0.50777795179627194, "conflict_risk_score": 0.33103903150467351, "priority_zone": false, "nearest_settlement": "Taveta" }, "geometry": { "type": "Polygon", "coordinates": [ [ [ 38.081780179342893, -3.942465685096495 ], [ 38.081780179342893, -3.842465685096494 ], [ 37.981780179342891, -3.842465685096494 ], [ 37.981780179342891, -3.942465685096495 ], [ 38.081780179342893, -3.942465685096495 ] ] ] } },
{ "type": "Feature", "properties": { "cell_id": 654, "elephant_count": 0.0, "inside_protected_area": true, "dist_to_settlement_km": 58.25837399057896, "dist_to_road_km": 72.958082723653746, "elephant_score": 0.0, "settlement_proximity_score": 0.64980861460254147, "road_proximity_score": 0.55191507165155163, "conflict_risk_score": 0.36051710587622787, "priority_zone": false, "nearest_settlement": "Taveta" }, "geometry": { "type": "Polygon", "coordinates": [ [ [ 38.081780179342893, -3.842465685096495 ], [ 38.081780179342893, -3.742465685096495 ], [ 37.981780179342891, -3.742465685096495 ], [ 37.981780179342891, -3.842465685096495 ], [ 38.081780179342893, -3.842465685096495 ] ] ] } },
{ "type": "Feature", "properties": { "cell_id": 655, "elephant_count": 0.0, "inside_protected_area": true, "dist_to_settlement_km": 50.498853440562215, "dist_to_road_km": 66.853328365136164, "elephant_score": 0.0, "settlement_proximity_score": 0.69804213337057419, "road_proximity_score": 0.58941946979009185, "conflict_risk_score": 0.38623848094819979, "priority_zone": false, "nearest_settlement": "Taveta" }, "geometry": { "type": "Polygon", "coordinates": [ [ [ 38.081780179342893, -3.742465685096495 ], [ 38.081780179342893, -3.642465685096495 ], [ 37.981780179342891, -3.642465685096495 ], [ 37.981780179342891, -3.742465685096495 ], [ 38.081780179342893, -3.742465685096495 ] ] ] } },
{ "type": "Feature", "properties": { "cell_id": 656, "elephant_count": 2.0, "inside_protected_area": true, "dist_to_settlement_km": 44.188802400569756, "dist_to_road_km": 61.524750645319841, "elephant_score": 0.0106951871657754, "settlement_proximity_score": 0.73726568633404488, "road_proximity_score": 0.6221554471250873, "conflict_risk_score": 0.41210441490404981, "priority_zone": false, "nearest_settlement": "Taveta" }, "geometry": { "type": "Polygon", "coordinates": [ [ [ 38.081780179342893, -3.642465685096496 ], [ 38.081780179342893, -3.542465685096496 ], [ 37.981780179342891, -3.542465685096496 ], [ 37.981780179342891, -3.642465685096496 ], [ 38.081780179342893, -3.642465685096496 ] ] ] } },
{ "type": "Feature", "properties": { "cell_id": 657, "elephant_count": 2.0, "inside_protected_area": true, "dist_to_settlement_km": 40.01982404236449, "dist_to_road_km": 56.203173632044461, "elephant_score": 0.0106951871657754, "settlement_proximity_score": 0.76318023795973544, "road_proximity_score": 0.65484841580323216, "conflict_risk_score": 0.42968667099520041, "priority_zone": false, "nearest_settlement": "Taveta" }, "geometry": { "type": "Polygon", "coordinates": [ [ [ 38.081780179342893, -3.542465685096496 ], [ 38.081780179342893, -3.442465685096496 ], [ 37.981780179342891, -3.442465685096496 ], [ 37.981780179342891, -3.542465685096496 ], [ 38.081780179342893, -3.542465685096496 ] ] ] } },
{ "type": "Feature", "properties": { "cell_id": 658, "elephant_count": 4.0, "inside_protected_area": true, "dist_to_settlement_km": 38.690339558693836, "dist_to_road_km": 50.881596618769152, "elephant_score": 0.021390374331550801, "settlement_proximity_score": 0.7714443715980952, "road_proximity_score": 0.68754138448137658, "conflict_risk_score": 0.44625187655646181, "priority_zone": false, "nearest_settlement": "Taveta" }, "geometry": { "type": "Polygon", "coordinates": [ [ [ 38.081780179342893, -3.442465685096496 ], [ 38.081780179342893, -3.342465685096496 ], [ 37.981780179342891, -3.342465685096496 ], [ 37.981780179342891, -3.442465685096496 ], [ 38.081780179342893, -3.442465685096496 ] ] ] } },
{ "type": "Feature", "properties": { "cell_id": 659, "elephant_count": 0.0, "inside_protected_area": true, "dist_to_settlement_km": 40.481087361288147, "dist_to_road_km": 45.560019605493785, "elephant_score": 0.0, "settlement_proximity_score": 0.76031300501577981, "road_proximity_score": 0.72023435315952133, "conflict_risk_score": 0.44416420745259033, "priority_zone": false, "nearest_settlement": "Taveta" }, "geometry": { "type": "Polygon", "coordinates": [ [ [ 38.081780179342893, -3.342465685096497 ], [ 38.081780179342893, -3.242465685096497 ], [ 37.981780179342891, -3.242465685096497 ], [ 37.981780179342891, -3.342465685096497 ], [ 38.081780179342893, -3.342465685096497 ] ] ] } },
{ "type": "Feature", "properties": { "cell_id": 660, "elephant_count": 6.0, "inside_protected_area": true, "dist_to_settlement_km": 45.021267116080288, "dist_to_road_km": 40.238442592218455, "elephant_score": 0.032085561497326207, "settlement_proximity_score": 0.73209104929036628, "road_proximity_score": 0.75292732183766597, "conflict_risk_score": 0.45833973593734012, "priority_zone": false, "nearest_settlement": "Taveta" }, "geometry": { "type": "Polygon", "coordinates": [ [ [ 38.081780179342893, -3.242465685096497 ], [ 38.081780179342893, -3.142465685096497 ], [ 37.981780179342891, -3.142465685096497 ], [ 37.981780179342891, -3.242465685096497 ], [ 38.081780179342893, -3.242465685096497 ] ] ] } },
{ "type": "Feature", "properties": { "cell_id": 661, "elephant_count": 4.0, "inside_protected_area": true, "dist_to_settlement_km": 47.822829102770172, "dist_to_road_km": 34.916865578943117, "elephant_score": 0.021390374331550801, "settlement_proximity_score": 0.71467641757519895, "road_proximity_score": 0.7856202905158105, "conflict_risk_score": 0.45864516215992313, "priority_zone": false, "nearest_settlement": "Mtito Andei" }, "geometry": { "type": "Polygon", "coordinates": [ [ [ 38.081780179342893, -3.142465685096497 ], [ 38.081780179342893, -3.042465685096497 ], [ 37.981780179342891, -3.042465685096497 ], [ 37.981780179342891, -3.142465685096497 ], [ 38.081780179342893, -3.142465685096497 ] ] ] } },
{ "type": "Feature", "properties": { "cell_id": 662, "elephant_count": 5.0, "inside_protected_area": true, "dist_to_settlement_km": 37.44284847842075, "dist_to_road_km": 29.595288565667772, "elephant_score": 0.026737967914438502, "settlement_proximity_score": 0.77919883065847817, "road_proximity_score": 0.81831325919395514, "conflict_risk_score": 0.48994881412150537, "priority_zone": false, "nearest_settlement": "Mtito Andei" }, "geometry": { "type": "Polygon", "coordinates": [ [ [ 38.081780179342893, -3.042465685096498 ], [ 38.081780179342893, -2.942465685096498 ], [ 37.981780179342891, -2.942465685096498 ], [ 37.981780179342891, -3.042465685096498 ], [ 38.081780179342893, -3.042465685096498 ] ] ] } },
{ "type": "Feature", "properties": { "cell_id": 663, "elephant_count": 4.0, "inside_protected_area": true, "dist_to_settlement_km": 27.628442246409527, "dist_to_road_km": 24.27371155239242, "elephant_score": 0.021390374331550801, "settlement_proximity_score": 0.84020560860789539, "road_proximity_score": 0.85100622787209979, "conflict_risk_score": 0.51591970067661885, "priority_zone": false, "nearest_settlement": "Mtito Andei" }, "geometry": { "type": "Polygon", "coordinates": [ [ [ 38.081780179342893, -2.942465685096498 ], [ 38.081780179342893, -2.842465685096498 ], [ 37.981780179342891, -2.842465685096498 ], [ 37.981780179342891, -2.942465685096498 ], [ 38.081780179342893, -2.942465685096498 ] ] ] } },
{ "type": "Feature", "properties": { "cell_id": 664, "elephant_count": 4.0, "inside_protected_area": true, "dist_to_settlement_km": 19.264338549464796, "dist_to_road_km": 18.422074357337578, "elephant_score": 0.021390374331550801, "settlement_proximity_score": 0.89219724263269162, "road_proximity_score": 0.88695560736178003, "conflict_risk_score": 0.5423020047309618, "priority_zone": false, "nearest_settlement": "Mtito Andei" }, "geometry": { "type": "Polygon", "coordinates": [ [ [ 38.081780179342893, -2.842465685096498 ], [ 38.081780179342893, -2.742465685096498 ], [ 37.981780179342891, -2.742465685096498 ], [ 37.981780179342891, -2.842465685096498 ], [ 38.081780179342893, -2.842465685096498 ] ] ] } },
{ "type": "Feature", "properties": { "cell_id": 665, "elephant_count": 0.0, "inside_protected_area": false, "dist_to_settlement_km": 15.010618192919459, "dist_to_road_km": 9.2217100945262533, "elephant_score": 0.0, "settlement_proximity_score": 0.9186385542226132, "road_proximity_score": 0.94347780368088996, "conflict_risk_score": 0.55863490737105093, "priority_zone": true, "nearest_settlement": "Mtito Andei" }, "geometry": { "type": "Polygon", "coordinates": [ [ [ 38.081780179342893, -2.742465685096499 ], [ 38.081780179342893, -2.642465685096499 ], [ 37.981780179342891, -2.642465685096499 ], [ 37.981780179342891, -2.742465685096499 ], [ 38.081780179342893, -2.742465685096499 ] ] ] } },
{ "type": "Feature", "properties": { "cell_id": 666, "elephant_count": 0.0, "inside_protected_area": false, "dist_to_settlement_km": 18.053879841153599, "dist_to_road_km": 0.021345831714924449, "elephant_score": 0.0, "settlement_proximity_score": 0.89972150685094032, "road_proximity_score": 1.0, "conflict_risk_score": 0.56991645205528207, "priority_zone": true, "nearest_settlement": "Mtito Andei" }, "geometry": { "type": "Polygon", "coordinates": [ [ [ 38.081780179342893, -2.642465685096499 ], [ 38.081780179342893, -2.542465685096499 ], [ 37.981780179342891, -2.542465685096499 ], [ 37.981780179342891, -2.642465685096499 ], [ 38.081780179342893, -2.642465685096499 ] ] ] } },
{ "type": "Feature", "properties": { "cell_id": 667, "elephant_count": 0.0, "inside_protected_area": false, "dist_to_settlement_km": 25.941983272371797, "dist_to_road_km": 9.1790184310964076, "elephant_score": 0.0, "settlement_proximity_score": 0.85068871127531354, "road_proximity_score": 0.94374007879442268, "conflict_risk_score": 0.53832863702092082, "priority_zone": true, "nearest_settlement": "Mtito Andei" }, "geometry": { "type": "Polygon", "coordinates": [ [ [ 38.081780179342893, -2.5424656850965 ], [ 38.081780179342893, -2.442465685096499 ], [ 37.981780179342891, -2.442465685096499 ], [ 37.981780179342891, -2.5424656850965 ], [ 38.081780179342893, -2.5424656850965 ] ] ] } },
{ "type": "Feature", "properties": { "cell_id": 668, "elephant_count": 0.0, "inside_protected_area": false, "dist_to_settlement_km": 35.587222635227128, "dist_to_road_km": 18.379382693907733, "elephant_score": 0.0, "settlement_proximity_score": 0.79073348197581161, "road_proximity_score": 0.88721788247531275, "conflict_risk_score": 0.50338540933533737, "priority_zone": false, "nearest_settlement": "Mtito Andei" }, "geometry": { "type": "Polygon", "coordinates": [ [ [ 38.081780179342893, -2.4424656850965 ], [ 38.081780179342893, -2.3424656850965 ], [ 37.981780179342891, -2.3424656850965 ], [ 37.981780179342891, -2.4424656850965 ], [ 38.081780179342893, -2.4424656850965 ] ] ] } },
{ "type": "Feature", "properties": { "cell_id": 669, "elephant_count": 0.0, "inside_protected_area": false, "dist_to_settlement_km": 45.894818157112475, "dist_to_road_km": 27.579746956719028, "elephant_score": 0.0, "settlement_proximity_score": 0.72666101785210047, "road_proximity_score": 0.83069568615620293, "conflict_risk_score": 0.46720701120249097, "priority_zone": false, "nearest_settlement": "Mtito Andei" }, "geometry": { "type": "Polygon", "coordinates": [ [ [ 38.081780179342893, -2.3424656850965 ], [ 38.081780179342893, -2.2424656850965 ], [ 37.981780179342891, -2.2424656850965 ], [ 37.981780179342891, -2.3424656850965 ], [ 38.081780179342893, -2.3424656850965 ] ] ] } },
{ "type": "Feature", "properties": { "cell_id": 670, "elephant_count": 0.0, "inside_protected_area": false, "dist_to_settlement_km": 56.503435758010497, "dist_to_road_km": 36.780111219530362, "elephant_score": 0.0, "settlement_proximity_score": 0.66071738733298369, "road_proximity_score": 0.77417348983709289, "conflict_risk_score": 0.43046726315102296, "priority_zone": false, "nearest_settlement": "Mtito Andei" }, "geometry": { "type": "Polygon", "coordinates": [ [ [ 38.081780179342893, -2.242465685096501 ], [ 38.081780179342893, -2.1424656850965 ], [ 37.981780179342891, -2.1424656850965 ], [ 37.981780179342891, -2.242465685096501 ], [ 38.081780179342893, -2.242465685096501 ] ] ] } },
{ "type": "Feature", "properties": { "cell_id": 671, "elephant_count": 0.0, "inside_protected_area": false, "dist_to_settlement_km": 61.062558196539818, "dist_to_road_km": 45.980475482341689, "elephant_score": 0.0, "settlement_proximity_score": 0.63237768305781572, "road_proximity_score": 0.71765129351798285, "conflict_risk_score": 0.40500869297273956, "priority_zone": false, "nearest_settlement": "Emali" }, "geometry": { "type": "Polygon", "coordinates": [ [ [ 38.081780179342893, -2.142465685096501 ], [ 38.081780179342893, -2.042465685096501 ], [ 37.981780179342891, -2.042465685096501 ], [ 37.981780179342891, -2.142465685096501 ], [ 38.081780179342893, -2.142465685096501 ] ] ] } },
{ "type": "Feature", "properties": { "cell_id": 672, "elephant_count": 0.0, "inside_protected_area": false, "dist_to_settlement_km": 64.798842059800833, "dist_to_road_km": 55.180839745153044, "elephant_score": 0.0, "settlement_proximity_score": 0.60915277931799516, "road_proximity_score": 0.66112909719887281, "conflict_risk_score": 0.38108456295506038, "priority_zone": false, "nearest_settlement": "Emali" }, "geometry": { "type": "Polygon", "coordinates": [ [ [ 38.081780179342893, -2.042465685096501 ], [ 38.081780179342893, -1.942465685096501 ], [ 37.981780179342891, -1.942465685096501 ], [ 37.981780179342891, -2.042465685096501 ], [ 38.081780179342893, -2.042465685096501 ] ] ] } },
{ "type": "Feature", "properties": { "cell_id": 673, "elephant_count": 0.0, "inside_protected_area": false, "dist_to_settlement_km": 70.111082227250023, "dist_to_road_km": 64.381204007964385, "elephant_score": 0.0, "settlement_proximity_score": 0.57613166233462632, "road_proximity_score": 0.60460690087976265, "conflict_risk_score": 0.35422156896431667, "priority_zone": false, "nearest_settlement": "Emali" }, "geometry": { "type": "Polygon", "coordinates": [ [ [ 38.081780179342893, -1.942465685096502 ], [ 38.081780179342893, -1.842465685096502 ], [ 37.981780179342891, -1.842465685096502 ], [ 37.981780179342891, -1.942465685096502 ], [ 38.081780179342893, -1.942465685096502 ] ] ] } },
{ "type": "Feature", "properties": { "cell_id": 674, "elephant_count": 0.0, "inside_protected_area": false, "dist_to_settlement_km": 76.672405530682326, "dist_to_road_km": 73.581568270775691, "elephant_score": 0.0, "settlement_proximity_score": 0.53534619000302075, "road_proximity_score": 0.54808470456065272, "conflict_risk_score": 0.32502926836910201, "priority_zone": false, "nearest_settlement": "Emali" }, "geometry": { "type": "Polygon", "coordinates": [ [ [ 38.081780179342893, -1.842465685096502 ], [ 38.081780179342893, -1.742465685096502 ], [ 37.981780179342891, -1.742465685096502 ], [ 37.981780179342891, -1.842465685096502 ], [ 38.081780179342893, -1.842465685096502 ] ] ] } },
{ "type": "Feature", "properties": { "cell_id": 675, "elephant_count": 0.0, "inside_protected_area": false, "dist_to_settlement_km": 64.869219372647464, "dist_to_road_km": 96.686771105179346, "elephant_score": 0.0, "settlement_proximity_score": 0.60871531086641362, "road_proximity_score": 0.40613849750906772, "conflict_risk_score": 0.30445614251264441, "priority_zone": false, "nearest_settlement": "Meru" }, "geometry": { "type": "Polygon", "coordinates": [ [ [ 38.081780179342893, -0.442465685096507 ], [ 38.081780179342893, -0.342465685096507 ], [ 37.981780179342891, -0.342465685096507 ], [ 37.981780179342891, -0.442465685096507 ], [ 38.081780179342893, -0.442465685096507 ] ] ] } },
{ "type": "Feature", "properties": { "cell_id": 676, "elephant_count": 0.0, "inside_protected_area": false, "dist_to_settlement_km": 56.928917790537575, "dist_to_road_km": 87.459008149550854, "elephant_score": 0.0, "settlement_proximity_score": 0.65807257242862582, "road_proximity_score": 0.46282901697822498, "conflict_risk_score": 0.33627047682205524, "priority_zone": false, "nearest_settlement": "Meru" }, "geometry": { "type": "Polygon", "coordinates": [ [ [ 38.081780179342893, -0.342465685096507 ], [ 38.081780179342893, -0.242465685096507 ], [ 37.981780179342891, -0.242465685096507 ], [ 37.981780179342891, -0.342465685096507 ], [ 38.081780179342893, -0.342465685096507 ] ] ] } },
{ "type": "Feature", "properties": { "cell_id": 677, "elephant_count": 0.0, "inside_protected_area": false, "dist_to_settlement_km": 50.201670685216989, "dist_to_road_km": 78.598911222029002, "elephant_score": 0.0, "settlement_proximity_score": 0.69988943436231499, "road_proximity_score": 0.51726078985573798, "conflict_risk_score": 0.36514506726541585, "priority_zone": false, "nearest_settlement": "Meru" }, "geometry": { "type": "Polygon", "coordinates": [ [ [ 38.081780179342893, -0.242465685096508 ], [ 38.081780179342893, -0.142465685096508 ], [ 37.981780179342891, -0.142465685096508 ], [ 37.981780179342891, -0.242465685096508 ], [ 38.081780179342893, -0.242465685096508 ] ] ] } },
{ "type": "Feature", "properties": { "cell_id": 678, "elephant_count": 2.0, "inside_protected_area": false, "dist_to_settlement_km": 45.231999716706774, "dist_to_road_km": 70.376981919329182, "elephant_score": 0.0106951871657754, "settlement_proximity_score": 0.73078112623753899, "road_proximity_score": 0.56777199668343803, "conflict_risk_score": 0.39384401174260325, "priority_zone": false, "nearest_settlement": "Meru" }, "geometry": { "type": "Polygon", "coordinates": [ [ [ 38.081780179342893, -0.142465685096508 ], [ 38.081780179342893, -0.042465685096508 ], [ 37.981780179342891, -0.042465685096508 ], [ 37.981780179342891, -0.142465685096508 ], [ 38.081780179342893, -0.142465685096508 ] ] ] } },
{ "type": "Feature", "properties": { "cell_id": 679, "elephant_count": 2.0, "inside_protected_area": false, "dist_to_settlement_km": 42.638947655369584, "dist_to_road_km": 63.043400311680323, "elephant_score": 0.0106951871657754, "settlement_proximity_score": 0.74689965114649404, "road_proximity_score": 0.61282566276764183, "conflict_risk_score": 0.41219566904055088, "priority_zone": false, "nearest_settlement": "Meru" }, "geometry": { "type": "Polygon", "coordinates": [ [ [ 38.081780179342893, -0.042465685096508 ], [ 38.081780179342893, 0.057534314903492 ], [ 37.981780179342891, 0.057534314903492 ], [ 37.981780179342891, -0.042465685096508 ], [ 38.081780179342893, -0.042465685096508 ] ] ] } },
{ "type": "Feature", "properties": { "cell_id": 680, "elephant_count": 1.0, "inside_protected_area": true, "dist_to_settlement_km": 42.856107102051752, "dist_to_road_km": 56.942436386617324, "elephant_score": 0.0053475935828877002, "settlement_proximity_score": 0.7455497785377827, "road_proximity_score": 0.65030677447776086, "conflict_risk_score": 0.42089600333781813, "priority_zone": false, "nearest_settlement": "Meru" }, "geometry": { "type": "Polygon", "coordinates": [ [ [ 38.081780179342893, 0.057534314903491 ], [ 38.081780179342893, 0.157534314903491 ], [ 37.981780179342891, 0.157534314903491 ], [ 37.981780179342891, 0.057534314903491 ], [ 38.081780179342893, 0.057534314903491 ] ] ] } },
{ "type": "Feature", "properties": { "cell_id": 681, "elephant_count": 2.0, "inside_protected_area": false, "dist_to_settlement_km": 45.843559795545751, "dist_to_road_km": 52.505540664097765, "elephant_score": 0.0106951871657754, "settlement_proximity_score": 0.72697964206718058, "road_proximity_score": 0.67756472687094571, "conflict_risk_score": 0.425641385547748, "priority_zone": false, "nearest_settlement": "Meru" }, "geometry": { "type": "Polygon", "coordinates": [ [ [ 38.081780179342893, 0.157534314903491 ], [ 38.081780179342893, 0.257534314903491 ], [ 37.981780179342891, 0.257534314903491 ], [ 37.981780179342891, 0.157534314903491 ], [ 38.081780179342893, 0.157534314903491 ] ] ] } },
{ "type": "Feature", "properties": { "cell_id": 682, "elephant_count": 2.0, "inside_protected_area": false, "dist_to_settlement_km": 50.176115226414311, "dist_to_road_km": 49.14068149507348, "elephant_score": 0.0106951871657754, "settlement_proximity_score": 0.70004828821080212, "road_proximity_score": 0.69823665084101161, "conflict_risk_score": 0.42376355658185427, "priority_zone": false, "nearest_settlement": "Isiolo" }, "geometry": { "type": "Polygon", "coordinates": [ [ [ 38.081780179342893, 0.257534314903491 ], [ 38.081780179342893, 0.357534314903491 ], [ 37.981780179342891, 0.357534314903491 ], [ 37.981780179342891, 0.257534314903491 ], [ 38.081780179342893, 0.257534314903491 ] ] ] } },
{ "type": "Feature", "properties": { "cell_id": 683, "elephant_count": 1.0, "inside_protected_area": false, "dist_to_settlement_km": 47.20516551711102, "dist_to_road_km": 45.777644849998318, "elephant_score": 0.0053475935828877002, "settlement_proximity_score": 0.71851584141062608, "road_proximity_score": 0.71889737818304145, "conflict_risk_score": 0.43336300331125532, "priority_zone": false, "nearest_settlement": "Archer's Post" }, "geometry": { "type": "Polygon", "coordinates": [ [ [ 38.081780179342893, 0.35753431490349 ], [ 38.081780179342893, 0.45753431490349 ], [ 37.981780179342891, 0.45753431490349 ], [ 37.981780179342891, 0.35753431490349 ], [ 38.081780179342893, 0.35753431490349 ] ] ] } },
{ "type": "Feature", "properties": { "cell_id": 684, "elephant_count": 0.0, "inside_protected_area": false, "dist_to_settlement_km": 42.425084917805748, "dist_to_road_km": 42.414608204923162, "elephant_score": 0.0, "settlement_proximity_score": 0.7482290312672859, "road_proximity_score": 0.73955810552507106, "conflict_risk_score": 0.44633614103770708, "priority_zone": false, "nearest_settlement": "Archer's Post" }, "geometry": { "type": "Polygon", "coordinates": [ [ [ 38.081780179342893, 0.45753431490349 ], [ 38.081780179342893, 0.55753431490349 ], [ 37.981780179342891, 0.55753431490349 ], [ 37.981780179342891, 0.45753431490349 ], [ 38.081780179342893, 0.45753431490349 ] ] ] } },
{ "type": "Feature", "properties": { "cell_id": 685, "elephant_count": 0.0, "inside_protected_area": false, "dist_to_settlement_km": 40.22273000516261, "dist_to_road_km": 40.22273000516261, "elephant_score": 0.0, "settlement_proximity_score": 0.76191896562961092, "road_proximity_score": 0.75302385170375408, "conflict_risk_score": 0.45448284520000948, "priority_zone": false, "nearest_settlement": "Archer's Post" }, "geometry": { "type": "Polygon", "coordinates": [ [ [ 38.081780179342893, 0.557534314903489 ], [ 38.081780179342893, 0.657534314903489 ], [ 37.981780179342891, 0.657534314903489 ], [ 37.981780179342891, 0.557534314903489 ], [ 38.081780179342893, 0.557534314903489 ] ] ] } },
{ "type": "Feature", "properties": { "cell_id": 686, "elephant_count": 0.0, "inside_protected_area": false, "dist_to_settlement_km": 41.015462789701481, "dist_to_road_km": 41.015462789701481, "elephant_score": 0.0, "settlement_proximity_score": 0.75699130400482051, "road_proximity_score": 0.7481537186528906, "conflict_risk_score": 0.45154350679731331, "priority_zone": false, "nearest_settlement": "Archer's Post" }, "geometry": { "type": "Polygon", "coordinates": [ [ [ 38.081780179342893, 0.657534314903489 ], [ 38.081780179342893, 0.757534314903489 ], [ 37.981780179342891, 0.757534314903489 ], [ 37.981780179342891, 0.657534314903489 ], [ 38.081780179342893, 0.657534314903489 ] ] ] } },
{ "type": "Feature", "properties": { "cell_id": 687, "elephant_count": 0.0, "inside_protected_area": false, "dist_to_settlement_km": 44.644018262680653, "dist_to_road_km": 44.644018262680653, "elephant_score": 0.0, "settlement_proximity_score": 0.73443604464586287, "road_proximity_score": 0.72586178336207641, "conflict_risk_score": 0.43808934840238178, "priority_zone": false, "nearest_settlement": "Archer's Post" }, "geometry": { "type": "Polygon", "coordinates": [ [ [ 38.081780179342893, 0.757534314903489 ], [ 38.081780179342893, 0.857534314903489 ], [ 37.981780179342891, 0.857534314903489 ], [ 37.981780179342891, 0.757534314903489 ], [ 38.081780179342893, 0.757534314903489 ] ] ] } },
{ "type": "Feature", "properties": { "cell_id": 688, "elephant_count": 0.0, "inside_protected_area": false, "dist_to_settlement_km": 50.5007776714749, "dist_to_road_km": 50.5007776714749, "elephant_score": 0.0, "settlement_proximity_score": 0.69803017226714736, "road_proximity_score": 0.68988093568675735, "conflict_risk_score": 0.41637333238617141, "priority_zone": false, "nearest_settlement": "Archer's Post" }, "geometry": { "type": "Polygon", "coordinates": [ [ [ 38.081780179342893, 0.857534314903488 ], [ 38.081780179342893, 0.957534314903488 ], [ 37.981780179342891, 0.957534314903488 ], [ 37.981780179342891, 0.857534314903488 ], [ 38.081780179342893, 0.857534314903488 ] ] ] } },
{ "type": "Feature", "properties": { "cell_id": 689, "elephant_count": 0.0, "inside_protected_area": false, "dist_to_settlement_km": 57.913631592302266, "dist_to_road_km": 57.913631592302266, "elephant_score": 0.0, "settlement_proximity_score": 0.65195154841272118, "road_proximity_score": 0.6443402622276112, "conflict_risk_score": 0.38888754319209973, "priority_zone": false, "nearest_settlement": "Archer's Post" }, "geometry": { "type": "Polygon", "coordinates": [ [ [ 38.081780179342893, 0.957534314903488 ], [ 38.081780179342893, 1.057534314903488 ], [ 37.981780179342891, 1.057534314903488 ], [ 37.981780179342891, 0.957534314903488 ], [ 38.081780179342893, 0.957534314903488 ] ] ] } },
{ "type": "Feature", "properties": { "cell_id": 690, "elephant_count": 2.0, "inside_protected_area": false, "dist_to_settlement_km": 66.363159230058386, "dist_to_road_km": 66.363159230058386, "elephant_score": 0.0106951871657754, "settlement_proximity_score": 0.59942891543949683, "road_proximity_score": 0.59243081100344164, "conflict_risk_score": 0.36183599279919165, "priority_zone": false, "nearest_settlement": "Archer's Post" }, "geometry": { "type": "Polygon", "coordinates": [ [ [ 38.081780179342893, 1.057534314903488 ], [ 38.081780179342893, 1.157534314903488 ], [ 37.981780179342891, 1.157534314903488 ], [ 37.981780179342891, 1.057534314903488 ], [ 38.081780179342893, 1.057534314903488 ] ] ] } },
{ "type": "Feature", "properties": { "cell_id": 691, "elephant_count": 1.0, "inside_protected_area": false, "dist_to_settlement_km": 75.502113094795249, "dist_to_road_km": 75.502113094795249, "elephant_score": 0.0053475935828877002, "settlement_proximity_score": 0.5426207789169355, "road_proximity_score": 0.53628588785274633, "conflict_risk_score": 0.32581103746405959, "priority_zone": false, "nearest_settlement": "Archer's Post" }, "geometry": { "type": "Polygon", "coordinates": [ [ [ 38.081780179342893, 1.157534314903487 ], [ 38.081780179342893, 1.257534314903487 ], [ 37.981780179342891, 1.257534314903487 ], [ 37.981780179342891, 1.157534314903487 ], [ 38.081780179342893, 1.157534314903487 ] ] ] } },
{ "type": "Feature", "properties": { "cell_id": 692, "elephant_count": 0.0, "inside_protected_area": false, "dist_to_settlement_km": 130.493000506355, "dist_to_road_km": 130.493000506355, "elephant_score": 0.0, "settlement_proximity_score": 0.20079502010371586, "road_proximity_score": 0.19845081466962311, "conflict_risk_score": 0.11977375043200168, "priority_zone": false, "nearest_settlement": "Voi" }, "geometry": { "type": "Polygon", "coordinates": [ [ [ 38.181780179342894, -4.542465685096492 ], [ 38.181780179342894, -4.442465685096493 ], [ 38.081780179342893, -4.442465685096493 ], [ 38.081780179342893, -4.542465685096492 ], [ 38.181780179342894, -4.542465685096492 ] ] ] } },
{ "type": "Feature", "properties": { "cell_id": 693, "elephant_count": 0.0, "inside_protected_area": false, "dist_to_settlement_km": 120.208023276056, "dist_to_road_km": 120.208023276056, "elephant_score": 0.0, "settlement_proximity_score": 0.26472688793868759, "road_proximity_score": 0.26163630228105628, "conflict_risk_score": 0.15790895706592314, "priority_zone": false, "nearest_settlement": "Voi" }, "geometry": { "type": "Polygon", "coordinates": [ [ [ 38.181780179342894, -4.442465685096493 ], [ 38.181780179342894, -4.342465685096493 ], [ 38.081780179342893, -4.342465685096493 ], [ 38.081780179342893, -4.442465685096493 ], [ 38.181780179342894, -4.442465685096493 ] ] ] } },
{ "type": "Feature", "properties": { "cell_id": 694, "elephant_count": 0.0, "inside_protected_area": false, "dist_to_settlement_km": 110.08149044558785, "dist_to_road_km": 110.08149044558785, "elephant_score": 0.0, "settlement_proximity_score": 0.32767385846155472, "road_proximity_score": 0.32384839088163686, "conflict_risk_score": 0.19545667480295748, "priority_zone": false, "nearest_settlement": "Voi" }, "geometry": { "type": "Polygon", "coordinates": [ [ [ 38.181780179342894, -4.342465685096493 ], [ 38.181780179342894, -4.242465685096493 ], [ 38.081780179342893, -4.242465685096493 ], [ 38.081780179342893, -4.342465685096493 ], [ 38.181780179342894, -4.342465685096493 ] ] ] } },
{ "type": "Feature", "properties": { "cell_id": 695, "elephant_count": 0.0, "inside_protected_area": false, "dist_to_settlement_km": 100.16147072356354, "dist_to_road_km": 100.16147072356354, "elephant_score": 0.0, "settlement_proximity_score": 0.38933713447936003, "road_proximity_score": 0.3847917716219087, "conflict_risk_score": 0.23223867183038061, "priority_zone": false, "nearest_settlement": "Voi" }, "geometry": { "type": "Polygon", "coordinates": [ [ [ 38.181780179342894, -4.242465685096493 ], [ 38.181780179342894, -4.142465685096494 ], [ 38.081780179342893, -4.142465685096494 ], [ 38.081780179342893, -4.242465685096493 ], [ 38.181780179342894, -4.242465685096493 ] ] ] } },
{ "type": "Feature", "properties": { "cell_id": 696, "elephant_count": 0.0, "inside_protected_area": false, "dist_to_settlement_km": 90.515887535241575, "dist_to_road_km": 90.515887535241575, "elephant_score": 0.0, "settlement_proximity_score": 0.44929450101298496, "road_proximity_score": 0.44404915872193296, "conflict_risk_score": 0.26800309792047539, "priority_zone": false, "nearest_settlement": "Voi" }, "geometry": { "type": "Polygon", "coordinates": [ [ [ 38.181780179342894, -4.142465685096494 ], [ 38.181780179342894, -4.042465685096494 ], [ 38.081780179342893, -4.042465685096494 ], [ 38.081780179342893, -4.142465685096494 ], [ 38.181780179342894, -4.142465685096494 ] ] ] } },
{ "type": "Feature", "properties": { "cell_id": 697, "elephant_count": 0.0, "inside_protected_area": false, "dist_to_settlement_km": 81.24254781257045, "dist_to_road_km": 81.24254781257045, "elephant_score": 0.0, "settlement_proximity_score": 0.50693798590005523, "road_proximity_score": 0.50101967786292789, "conflict_risk_score": 0.30238729912889495, "priority_zone": false, "nearest_settlement": "Voi" }, "geometry": { "type": "Polygon", "coordinates": [ [ [ 38.181780179342894, -4.042465685096494 ], [ 38.181780179342894, -3.942465685096494 ], [ 38.081780179342893, -3.942465685096494 ], [ 38.081780179342893, -4.042465685096494 ], [ 38.181780179342894, -4.042465685096494 ] ] ] } },
{ "type": "Feature", "properties": { "cell_id": 698, "elephant_count": 0.0, "inside_protected_area": true, "dist_to_settlement_km": 72.48446215474749, "dist_to_road_km": 72.48446215474749, "elephant_score": 0.0, "settlement_proximity_score": 0.56137862900753821, "road_proximity_score": 0.55482474718306229, "conflict_risk_score": 0.33486101285718012, "priority_zone": false, "nearest_settlement": "Voi" }, "geometry": { "type": "Polygon", "coordinates": [ [ [ 38.181780179342894, -3.942465685096495 ], [ 38.181780179342894, -3.842465685096494 ], [ 38.081780179342893, -3.842465685096494 ], [ 38.081780179342893, -3.942465685096495 ], [ 38.181780179342894, -3.942465685096495 ] ] ] } },
{ "type": "Feature", "properties": { "cell_id": 699, "elephant_count": 0.0, "inside_protected_area": true, "dist_to_settlement_km": 64.452020392290663, "dist_to_road_km": 64.452020392290663, "elephant_score": 0.0, "settlement_proximity_score": 0.61130863795657775, "road_proximity_score": 0.60417184228173748, "conflict_risk_score": 0.36464414407149454, "priority_zone": false, "nearest_settlement": "Voi" }, "geometry": { "type": "Polygon", "coordinates": [ [ [ 38.181780179342894, -3.842465685096495 ], [ 38.181780179342894, -3.742465685096495 ], [ 38.081780179342893, -3.742465685096495 ], [ 38.081780179342893, -3.842465685096495 ], [ 38.181780179342894, -3.842465685096495 ] ] ] } },
{ "type": "Feature", "properties": { "cell_id": 700, "elephant_count": 0.0, "inside_protected_area": true, "dist_to_settlement_km": 57.450401316557105, "dist_to_road_km": 57.450401316557105, "elephant_score": 0.0, "settlement_proximity_score": 0.65483100804621963, "road_proximity_score": 0.64718610526585441, "conflict_risk_score": 0.39060513399362218, "priority_zone": false, "nearest_settlement": "Voi" }, "geometry": { "type": "Polygon", "coordinates": [ [ [ 38.181780179342894, -3.742465685096495 ], [ 38.181780179342894, -3.642465685096495 ], [ 38.081780179342893, -3.642465685096495 ], [ 38.081780179342893, -3.742465685096495 ], [ 38.181780179342894, -3.742465685096495 ] ] ] } },
{ "type": "Feature", "properties": { "cell_id": 701, "elephant_count": 3.0, "inside_protected_area": true, "dist_to_settlement_km": 51.898499884088025, "dist_to_road_km": 51.783558824408914, "elephant_score": 0.016042780748663103, "settlement_proximity_score": 0.68934186992423707, "road_proximity_score": 0.68200020334948852, "conflict_risk_score": 0.41781973428158292, "priority_zone": false, "nearest_settlement": "Voi" }, "geometry": { "type": "Polygon", "coordinates": [ [ [ 38.181780179342894, -3.642465685096496 ], [ 38.181780179342894, -3.542465685096496 ], [ 38.081780179342893, -3.542465685096496 ], [ 38.081780179342893, -3.642465685096496 ], [ 38.181780179342894, -3.642465685096496 ] ] ] } },
{ "type": "Feature", "properties": { "cell_id": 702, "elephant_count": 11.0, "inside_protected_area": true, "dist_to_settlement_km": 48.29886094934227, "dist_to_road_km": 46.461981811133541, "elephant_score": 0.058823529411764705, "settlement_proximity_score": 0.71171738281811381, "road_proximity_score": 0.71469317202763327, "conflict_risk_score": 0.45145257821842999, "priority_zone": false, "nearest_settlement": "Voi" }, "geometry": { "type": "Polygon", "coordinates": [ [ [ 38.181780179342894, -3.542465685096496 ], [ 38.181780179342894, -3.442465685096496 ], [ 38.081780179342893, -3.442465685096496 ], [ 38.081780179342893, -3.542465685096496 ], [ 38.181780179342894, -3.542465685096496 ] ] ] } },
{ "type": "Feature", "properties": { "cell_id": 703, "elephant_count": 3.0, "inside_protected_area": false, "dist_to_settlement_km": 47.101227667536598, "dist_to_road_km": 41.140404797858231, "elephant_score": 0.016042780748663103, "settlement_proximity_score": 0.71916192362483533, "road_proximity_score": 0.74738614070577769, "conflict_risk_score": 0.44638153159864913, "priority_zone": false, "nearest_settlement": "Voi" }, "geometry": { "type": "Polygon", "coordinates": [ [ [ 38.181780179342894, -3.442465685096496 ], [ 38.181780179342894, -3.342465685096496 ], [ 38.081780179342893, -3.342465685096496 ], [ 38.081780179342893, -3.442465685096496 ], [ 38.181780179342894, -3.442465685096496 ] ] ] } },
{ "type": "Feature", "properties": { "cell_id": 704, "elephant_count": 0.0, "inside_protected_area": true, "dist_to_settlement_km": 48.48392853899454, "dist_to_road_km": 35.818827784582858, "elephant_score": 0.0, "settlement_proximity_score": 0.71056699459485828, "road_proximity_score": 0.78007910938392255, "conflict_risk_score": 0.44719383119363421, "priority_zone": false, "nearest_settlement": "Voi" }, "geometry": { "type": "Polygon", "coordinates": [ [ [ 38.181780179342894, -3.342465685096497 ], [ 38.181780179342894, -3.242465685096497 ], [ 38.081780179342893, -3.242465685096497 ], [ 38.081780179342893, -3.342465685096497 ], [ 38.181780179342894, -3.342465685096497 ] ] ] } },
{ "type": "Feature", "properties": { "cell_id": 705, "elephant_count": 0.0, "inside_protected_area": true, "dist_to_settlement_km": 52.242482764121569, "dist_to_road_km": 30.497250771307531, "elephant_score": 0.0, "settlement_proximity_score": 0.68720365731264166, "road_proximity_score": 0.81277207806206708, "conflict_risk_score": 0.44999272061241258, "priority_zone": false, "nearest_settlement": "Voi" }, "geometry": { "type": "Polygon", "coordinates": [ [ [ 38.181780179342894, -3.242465685096497 ], [ 38.181780179342894, -3.142465685096497 ], [ 38.081780179342893, -3.142465685096497 ], [ 38.081780179342893, -3.242465685096497 ], [ 38.181780179342894, -3.242465685096497 ] ] ] } },
{ "type": "Feature", "properties": { "cell_id": 706, "elephant_count": 1.0, "inside_protected_area": true, "dist_to_settlement_km": 45.582491828875774, "dist_to_road_km": 25.17567375803219, "elephant_score": 0.0053475935828877002, "settlement_proximity_score": 0.72860245195458795, "road_proximity_score": 0.84546504674021161, "conflict_risk_score": 0.47435928704159491, "priority_zone": false, "nearest_settlement": "Mtito Andei" }, "geometry": { "type": "Polygon", "coordinates": [ [ [ 38.181780179342894, -3.142465685096497 ], [ 38.181780179342894, -3.042465685096497 ], [ 38.081780179342893, -3.042465685096497 ], [ 38.081780179342893, -3.142465685096497 ], [ 38.181780179342894, -3.142465685096497 ] ] ] } },
{ "type": "Feature", "properties": { "cell_id": 707, "elephant_count": 11.0, "inside_protected_area": true, "dist_to_settlement_km": 34.535597289097808, "dist_to_road_km": 19.854096744756841, "elephant_score": 0.058823529411764705, "settlement_proximity_score": 0.7972704310749873, "road_proximity_score": 0.87815801541835636, "conflict_risk_score": 0.52615794571270902, "priority_zone": false, "nearest_settlement": "Mtito Andei" }, "geometry": { "type": "Polygon", "coordinates": [ [ [ 38.181780179342894, -3.042465685096498 ], [ 38.181780179342894, -2.942465685096498 ], [ 38.081780179342893, -2.942465685096498 ], [ 38.081780179342893, -3.042465685096498 ], [ 38.181780179342894, -3.042465685096498 ] ] ] } },
{ "type": "Feature", "properties": { "cell_id": 708, "elephant_count": 7.0, "inside_protected_area": true, "dist_to_settlement_km": 23.538721267306595, "dist_to_road_km": 14.532519731481496, "elephant_score": 0.037433155080213901, "settlement_proximity_score": 0.86562749290217089, "road_proximity_score": 0.910850984096501, "conflict_risk_score": 0.54791680513168717, "priority_zone": false, "nearest_settlement": "Mtito Andei" }, "geometry": { "type": "Polygon", "coordinates": [ [ [ 38.181780179342894, -2.942465685096498 ], [ 38.181780179342894, -2.842465685096498 ], [ 38.081780179342893, -2.842465685096498 ], [ 38.081780179342893, -2.942465685096498 ], [ 38.181780179342894, -2.942465685096498 ] ] ] } },
{ "type": "Feature", "properties": { "cell_id": 709, "elephant_count": 8.0, "inside_protected_area": true, "dist_to_settlement_km": 12.722237133663267, "dist_to_road_km": 9.2109427182061285, "elephant_score": 0.042780748663101602, "settlement_proximity_score": 0.93286323087094125, "road_proximity_score": 0.94354395277464576, "conflict_risk_score": 0.58003445455891667, "priority_zone": false, "nearest_settlement": "Mtito Andei" }, "geometry": { "type": "Polygon", "coordinates": [ [ [ 38.181780179342894, -2.842465685096498 ], [ 38.181780179342894, -2.742465685096498 ], [ 38.081780179342893, -2.742465685096498 ], [ 38.081780179342893, -2.842465685096498 ], [ 38.181780179342894, -2.842465685096498 ] ] ] } },
{ "type": "Feature", "properties": { "cell_id": 710, "elephant_count": 5.0, "inside_protected_area": false, "dist_to_settlement_km": 4.0073977180172502, "dist_to_road_km": 3.0117747138975082, "elephant_score": 0.026737967914438502, "settlement_proximity_score": 0.98703505344753673, "road_proximity_score": 0.98162837866754071, "conflict_risk_score": 0.6012942168002986, "priority_zone": true, "nearest_settlement": "Mtito Andei" }, "geometry": { "type": "Polygon", "coordinates": [ [ [ 38.181780179342894, -2.742465685096499 ], [ 38.181780179342894, -2.642465685096499 ], [ 38.081780179342893, -2.642465685096499 ], [ 38.081780179342893, -2.742465685096499 ], [ 38.181780179342894, -2.742465685096499 ] ] ] } },
{ "type": "Feature", "properties": { "cell_id": 711, "elephant_count": 1.0, "inside_protected_area": false, "dist_to_settlement_km": 10.801997743731363, "dist_to_road_km": 6.1885895489138205, "elephant_score": 0.0053475935828877002, "settlement_proximity_score": 0.94479952281789614, "road_proximity_score": 0.96211170012688196, "conflict_risk_score": 0.57421240431658849, "priority_zone": true, "nearest_settlement": "Mtito Andei" }, "geometry": { "type": "Polygon", "coordinates": [ [ [ 38.181780179342894, -2.642465685096499 ], [ 38.181780179342894, -2.542465685096499 ], [ 38.081780179342893, -2.542465685096499 ], [ 38.081780179342893, -2.642465685096499 ], [ 38.181780179342894, -2.642465685096499 ] ] ] } },
{ "type": "Feature", "properties": { "cell_id": 712, "elephant_count": 0.0, "inside_protected_area": false, "dist_to_settlement_km": 21.534323161891653, "dist_to_road_km": 15.388953811725152, "elephant_score": 0.0, "settlement_proximity_score": 0.87808691910163272, "road_proximity_score": 0.90558950380777203, "conflict_risk_score": 0.53510292687282135, "priority_zone": true, "nearest_settlement": "Mtito Andei" }, "geometry": { "type": "Polygon", "coordinates": [ [ [ 38.181780179342894, -2.5424656850965 ], [ 38.181780179342894, -2.442465685096499 ], [ 38.081780179342893, -2.442465685096499 ], [ 38.081780179342893, -2.5424656850965 ], [ 38.181780179342894, -2.5424656850965 ] ] ] } },
{ "type": "Feature", "properties": { "cell_id": 713, "elephant_count": 0.0, "inside_protected_area": false, "dist_to_settlement_km": 32.514473589864366, "dist_to_road_km": 24.589318074536482, "elephant_score": 0.0, "settlement_proximity_score": 0.80983382429639994, "road_proximity_score": 0.84906730748866199, "conflict_risk_score": 0.49767033953551854, "priority_zone": false, "nearest_settlement": "Mtito Andei" }, "geometry": { "type": "Polygon", "coordinates": [ [ [ 38.181780179342894, -2.4424656850965 ], [ 38.181780179342894, -2.3424656850965 ], [ 38.081780179342893, -2.3424656850965 ], [ 38.081780179342893, -2.4424656850965 ], [ 38.181780179342894, -2.4424656850965 ] ] ] } },
{ "type": "Feature", "properties": { "cell_id": 714, "elephant_count": 0.0, "inside_protected_area": false, "dist_to_settlement_km": 43.555423446583383, "dist_to_road_km": 33.789682337347777, "elephant_score": 0.0, "settlement_proximity_score": 0.74120279758563024, "road_proximity_score": 0.79254511116955217, "conflict_risk_score": 0.4601243726265547, "priority_zone": false, "nearest_settlement": "Mtito Andei" }, "geometry": { "type": "Polygon", "coordinates": [ [ [ 38.181780179342894, -2.3424656850965 ], [ 38.181780179342894, -2.2424656850965 ], [ 38.081780179342893, -2.2424656850965 ], [ 38.081780179342893, -2.3424656850965 ], [ 38.181780179342894, -2.3424656850965 ] ] ] } },
{ "type": "Feature", "properties": { "cell_id": 715, "elephant_count": 0.0, "inside_protected_area": false, "dist_to_settlement_km": 54.620315180309831, "dist_to_road_km": 42.990046600159104, "elephant_score": 0.0, "settlement_proximity_score": 0.67242294712131345, "road_proximity_score": 0.73602291485044224, "conflict_risk_score": 0.4225337585915267, "priority_zone": false, "nearest_settlement": "Mtito Andei" }, "geometry": { "type": "Polygon", "coordinates": [ [ [ 38.181780179342894, -2.242465685096501 ], [ 38.181780179342894, -2.1424656850965 ], [ 38.081780179342893, -2.1424656850965 ], [ 38.081780179342893, -2.242465685096501 ], [ 38.181780179342894, -2.242465685096501 ] ] ] } },
{ "type": "Feature", "properties": { "cell_id": 716, "elephant_count": 0.0, "inside_protected_area": false, "dist_to_settlement_km": 65.69705281960205, "dist_to_road_km": 52.190410862970424, "elephant_score": 0.0, "settlement_proximity_score": 0.60356946199042816, "road_proximity_score": 0.6795007185313322, "conflict_risk_score": 0.38492105415652811, "priority_zone": false, "nearest_settlement": "Mtito Andei" }, "geometry": { "type": "Polygon", "coordinates": [ [ [ 38.181780179342894, -2.142465685096501 ], [ 38.181780179342894, -2.042465685096501 ], [ 38.081780179342893, -2.042465685096501 ], [ 38.081780179342893, -2.142465685096501 ], [ 38.181780179342894, -2.142465685096501 ] ] ] } },
{ "type": "Feature", "properties": { "cell_id": 717, "elephant_count": 0.0, "inside_protected_area": false, "dist_to_settlement_km": 75.050067623072792, "dist_to_road_km": 61.390775125781786, "elephant_score": 0.0, "settlement_proximity_score": 0.54543071331994231, "road_proximity_score": 0.62297852221222194, "conflict_risk_score": 0.35052277065964926, "priority_zone": false, "nearest_settlement": "Emali" }, "geometry": { "type": "Polygon", "coordinates": [ [ [ 38.181780179342894, -2.042465685096501 ], [ 38.181780179342894, -1.942465685096501 ], [ 38.081780179342893, -1.942465685096501 ], [ 38.081780179342893, -2.042465685096501 ], [ 38.181780179342894, -2.042465685096501 ] ] ] } },
{ "type": "Feature", "properties": { "cell_id": 718, "elephant_count": 0.0, "inside_protected_area": false, "dist_to_settlement_km": 79.681783169134704, "dist_to_road_km": 70.591139388593135, "elephant_score": 0.0, "settlement_proximity_score": 0.51663976711661208, "road_proximity_score": 0.5664563258931119, "conflict_risk_score": 0.32492882790291716, "priority_zone": false, "nearest_settlement": "Emali" }, "geometry": { "type": "Polygon", "coordinates": [ [ [ 38.181780179342894, -1.942465685096502 ], [ 38.181780179342894, -1.842465685096502 ], [ 38.081780179342893, -1.842465685096502 ], [ 38.081780179342893, -1.942465685096502 ], [ 38.181780179342894, -1.942465685096502 ] ] ] } },
{ "type": "Feature", "properties": { "cell_id": 719, "elephant_count": 0.0, "inside_protected_area": false, "dist_to_settlement_km": 85.511873373223381, "dist_to_road_km": 79.79150365140444, "elephant_score": 0.0, "settlement_proximity_score": 0.48039967167957787, "road_proximity_score": 0.50993412957400208, "conflict_risk_score": 0.29710014037607396, "priority_zone": false, "nearest_settlement": "Emali" }, "geometry": { "type": "Polygon", "coordinates": [ [ [ 38.181780179342894, -1.842465685096502 ], [ 38.181780179342894, -1.742465685096502 ], [ 38.081780179342893, -1.742465685096502 ], [ 38.081780179342893, -1.842465685096502 ], [ 38.181780179342894, -1.842465685096502 ] ] ] } },
{ "type": "Feature", "properties": { "cell_id": 720, "elephant_count": 0.0, "inside_protected_area": false, "dist_to_settlement_km": 92.313565669317484, "dist_to_road_km": 88.991867914215788, "elephant_score": 0.0, "settlement_proximity_score": 0.43812005518737973, "road_proximity_score": 0.45341193325489193, "conflict_risk_score": 0.26745959653268148, "priority_zone": false, "nearest_settlement": "Emali" }, "geometry": { "type": "Polygon", "coordinates": [ [ [ 38.181780179342894, -1.742465685096502 ], [ 38.181780179342894, -1.642465685096502 ], [ 38.081780179342893, -1.642465685096502 ], [ 38.081780179342893, -1.742465685096502 ], [ 38.181780179342894, -1.742465685096502 ] ] ] } },
{ "type": "Feature", "properties": { "cell_id": 721, "elephant_count": 0.0, "inside_protected_area": false, "dist_to_settlement_km": 80.532864603018879, "dist_to_road_km": 112.07394403751985, "elephant_score": 0.0, "settlement_proximity_score": 0.51134940773812088, "road_proximity_score": 0.31160780454582104, "conflict_risk_score": 0.24688716368518257, "priority_zone": false, "nearest_settlement": "Meru" }, "geometry": { "type": "Polygon", "coordinates": [ [ [ 38.181780179342894, -0.542465685096507 ], [ 38.181780179342894, -0.442465685096507 ], [ 38.081780179342893, -0.442465685096507 ], [ 38.081780179342893, -0.542465685096507 ], [ 38.181780179342894, -0.542465685096507 ] ] ] } },
{ "type": "Feature", "properties": { "cell_id": 722, "elephant_count": 0.0, "inside_protected_area": false, "dist_to_settlement_km": 72.608596873602792, "dist_to_road_km": 102.94587337846416, "elephant_score": 0.0, "settlement_proximity_score": 0.56060700217143711, "road_proximity_score": 0.36768586700812178, "conflict_risk_score": 0.27848786075386767, "priority_zone": false, "nearest_settlement": "Meru" }, "geometry": { "type": "Polygon", "coordinates": [ [ [ 38.181780179342894, -0.442465685096507 ], [ 38.181780179342894, -0.342465685096507 ], [ 38.081780179342893, -0.342465685096507 ], [ 38.081780179342893, -0.442465685096507 ], [ 38.181780179342894, -0.442465685096507 ] ] ] } },
{ "type": "Feature", "properties": { "cell_id": 723, "elephant_count": 0.0, "inside_protected_area": false, "dist_to_settlement_km": 65.611694070026275, "dist_to_road_km": 94.234513764544673, "elephant_score": 0.0, "settlement_proximity_score": 0.60410005570728731, "road_proximity_score": 0.42120387610419496, "conflict_risk_score": 0.30759117954344467, "priority_zone": false, "nearest_settlement": "Meru" }, "geometry": { "type": "Polygon", "coordinates": [ [ [ 38.181780179342894, -0.342465685096507 ], [ 38.181780179342894, -0.242465685096507 ], [ 38.081780179342893, -0.242465685096507 ], [ 38.081780179342893, -0.342465685096507 ], [ 38.181780179342894, -0.342465685096507 ] ] ] } },
{ "type": "Feature", "properties": { "cell_id": 724, "elephant_count": 0.0, "inside_protected_area": false, "dist_to_settlement_km": 59.868192368935858, "dist_to_road_km": 86.074701993241618, "elephant_score": 0.0, "settlement_proximity_score": 0.63980191322645785, "road_proximity_score": 0.47133346550847854, "conflict_risk_score": 0.3333406136204809, "priority_zone": false, "nearest_settlement": "Meru" }, "geometry": { "type": "Polygon", "coordinates": [ [ [ 38.181780179342894, -0.242465685096508 ], [ 38.181780179342894, -0.142465685096508 ], [ 38.081780179342893, -0.142465685096508 ], [ 38.081780179342893, -0.242465685096508 ], [ 38.181780179342894, -0.242465685096508 ] ] ] } },
{ "type": "Feature", "properties": { "cell_id": 725, "elephant_count": 2.0, "inside_protected_area": false, "dist_to_settlement_km": 55.766715129269507, "dist_to_road_km": 78.638318026332058, "elephant_score": 0.0106951871657754, "settlement_proximity_score": 0.6652968749500503, "road_proximity_score": 0.51701869518801602, "conflict_risk_score": 0.35897274590773004, "priority_zone": false, "nearest_settlement": "Meru" }, "geometry": { "type": "Polygon", "coordinates": [ [ [ 38.181780179342894, -0.142465685096508 ], [ 38.181780179342894, -0.042465685096508 ], [ 38.081780179342893, -0.042465685096508 ], [ 38.081780179342893, -0.142465685096508 ], [ 38.181780179342894, -0.142465685096508 ] ] ] } },
{ "type": "Feature", "properties": { "cell_id": 726, "elephant_count": 2.0, "inside_protected_area": false, "dist_to_settlement_km": 53.684938065478676, "dist_to_road_km": 72.149399171411886, "elephant_score": 0.0106951871657754, "settlement_proximity_score": 0.67823729213561967, "road_proximity_score": 0.55688319782505624, "conflict_risk_score": 0.37481422185451291, "priority_zone": false, "nearest_settlement": "Meru" }, "geometry": { "type": "Polygon", "coordinates": [ [ [ 38.181780179342894, -0.042465685096508 ], [ 38.181780179342894, 0.057534314903492 ], [ 38.081780179342893, 0.057534314903492 ], [ 38.081780179342893, -0.042465685096508 ], [ 38.181780179342894, -0.042465685096508 ] ] ] } },
{ "type": "Feature", "properties": { "cell_id": 727, "elephant_count": 6.0, "inside_protected_area": true, "dist_to_settlement_km": 53.85757731164172, "dist_to_road_km": 66.884277222535019, "elephant_score": 0.032085561497326207, "settlement_proximity_score": 0.67716415903851268, "road_proximity_score": 0.58922933629713647, "conflict_risk_score": 0.39275227319962525, "priority_zone": false, "nearest_settlement": "Meru" }, "geometry": { "type": "Polygon", "coordinates": [ [ [ 38.181780179342894, 0.057534314903491 ], [ 38.181780179342894, 0.157534314903491 ], [ 38.081780179342893, 0.157534314903491 ], [ 38.081780179342893, 0.057534314903491 ], [ 38.181780179342894, 0.057534314903491 ] ] ] } },
{ "type": "Feature", "properties": { "cell_id": 728, "elephant_count": 7.0, "inside_protected_area": true, "dist_to_settlement_km": 56.263884443437405, "dist_to_road_km": 63.081997041929817, "elephant_score": 0.037433155080213901, "settlement_proximity_score": 0.66220644877085089, "road_proximity_score": 0.61258854476860169, "conflict_risk_score": 0.39741176009392132, "priority_zone": false, "nearest_settlement": "Meru" }, "geometry": { "type": "Polygon", "coordinates": [ [ [ 38.181780179342894, 0.157534314903491 ], [ 38.181780179342894, 0.257534314903491 ], [ 38.081780179342893, 0.257534314903491 ], [ 38.081780179342893, 0.157534314903491 ], [ 38.181780179342894, 0.157534314903491 ] ] ] } },
{ "type": "Feature", "properties": { "cell_id": 729, "elephant_count": 3.0, "inside_protected_area": false, "dist_to_settlement_km": 60.63852530734615, "dist_to_road_km": 59.718960396854655, "elephant_score": 0.016042780748663103, "settlement_proximity_score": 0.63501349002389706, "road_proximity_score": 0.63324927211063142, "conflict_risk_score": 0.38689594093982377, "priority_zone": false, "nearest_settlement": "Meru" }, "geometry": { "type": "Polygon", "coordinates": [ [ [ 38.181780179342894, 0.257534314903491 ], [ 38.181780179342894, 0.357534314903491 ], [ 38.081780179342893, 0.357534314903491 ], [ 38.081780179342893, 0.257534314903491 ], [ 38.181780179342894, 0.257534314903491 ] ] ] } },
{ "type": "Feature", "properties": { "cell_id": 730, "elephant_count": 0.0, "inside_protected_area": false, "dist_to_settlement_km": 56.943336128422821, "dist_to_road_km": 56.3559237517795, "elephant_score": 0.0, "settlement_proximity_score": 0.65798294741036478, "road_proximity_score": 0.65390999945266115, "conflict_risk_score": 0.39356788405890775, "priority_zone": false, "nearest_settlement": "Archer's Post" }, "geometry": { "type": "Polygon", "coordinates": [ [ [ 38.181780179342894, 0.35753431490349 ], [ 38.181780179342894, 0.45753431490349 ], [ 38.081780179342893, 0.45753431490349 ], [ 38.081780179342893, 0.35753431490349 ], [ 38.181780179342894, 0.35753431490349 ] ] ] } },
{ "type": "Feature", "properties": { "cell_id": 731, "elephant_count": 0.0, "inside_protected_area": false, "dist_to_settlement_km": 53.048126340331045, "dist_to_road_km": 53.048126340331045, "elephant_score": 0.0, "settlement_proximity_score": 0.682195741642728, "road_proximity_score": 0.67423136601305456, "conflict_risk_score": 0.40692813229673475, "priority_zone": false, "nearest_settlement": "Archer's Post" }, "geometry": { "type": "Polygon", "coordinates": [ [ [ 38.181780179342894, 0.45753431490349 ], [ 38.181780179342894, 0.55753431490349 ], [ 38.081780179342893, 0.55753431490349 ], [ 38.081780179342893, 0.45753431490349 ], [ 38.181780179342894, 0.45753431490349 ] ] ] } },
{ "type": "Feature", "properties": { "cell_id": 732, "elephant_count": 0.0, "inside_protected_area": false, "dist_to_settlement_km": 51.303838910990905, "dist_to_road_km": 51.303838910990905, "elephant_score": 0.0, "settlement_proximity_score": 0.69303830851494808, "road_proximity_score": 0.68494735004388607, "conflict_risk_score": 0.41339569756765021, "priority_zone": false, "nearest_settlement": "Archer's Post" }, "geometry": { "type": "Polygon", "coordinates": [ [ [ 38.181780179342894, 0.557534314903489 ], [ 38.181780179342894, 0.657534314903489 ], [ 38.081780179342893, 0.657534314903489 ], [ 38.081780179342893, 0.557534314903489 ], [ 38.181780179342894, 0.557534314903489 ] ] ] } },
{ "type": "Feature", "properties": { "cell_id": 733, "elephant_count": 0.0, "inside_protected_area": false, "dist_to_settlement_km": 51.927681113160475, "dist_to_road_km": 51.927681113160475, "elephant_score": 0.0, "settlement_proximity_score": 0.6891604781293359, "road_proximity_score": 0.68111479185206525, "conflict_risk_score": 0.4110825809944203, "priority_zone": false, "nearest_settlement": "Archer's Post" }, "geometry": { "type": "Polygon", "coordinates": [ [ [ 38.181780179342894, 0.657534314903489 ], [ 38.181780179342894, 0.757534314903489 ], [ 38.081780179342893, 0.757534314903489 ], [ 38.081780179342893, 0.657534314903489 ], [ 38.181780179342894, 0.657534314903489 ] ] ] } },
{ "type": "Feature", "properties": { "cell_id": 734, "elephant_count": 0.0, "inside_protected_area": false, "dist_to_settlement_km": 54.838893538940582, "dist_to_road_km": 54.838893538940582, "elephant_score": 0.0, "settlement_proximity_score": 0.67106425449393459, "road_proximity_score": 0.66322983473991104, "conflict_risk_score": 0.40028822677015363, "priority_zone": false, "nearest_settlement": "Archer's Post" }, "geometry": { "type": "Polygon", "coordinates": [ [ [ 38.181780179342894, 0.757534314903489 ], [ 38.181780179342894, 0.857534314903489 ], [ 38.081780179342893, 0.857534314903489 ], [ 38.081780179342893, 0.757534314903489 ], [ 38.181780179342894, 0.757534314903489 ] ] ] } },
{ "type": "Feature", "properties": { "cell_id": 735, "elephant_count": 1.0, "inside_protected_area": false, "dist_to_settlement_km": 59.703805769485356, "dist_to_road_km": 59.703805769485356, "elephant_score": 0.0053475935828877002, "settlement_proximity_score": 0.64082374751102478, "road_proximity_score": 0.6333423741660329, "conflict_risk_score": 0.38438887393627236, "priority_zone": false, "nearest_settlement": "Archer's Post" }, "geometry": { "type": "Polygon", "coordinates": [ [ [ 38.181780179342894, 0.857534314903488 ], [ 38.181780179342894, 0.957534314903488 ], [ 38.081780179342893, 0.957534314903488 ], [ 38.081780179342893, 0.857534314903488 ], [ 38.181780179342894, 0.857534314903488 ] ] ] } },
{ "type": "Feature", "properties": { "cell_id": 736, "elephant_count": 0.0, "inside_protected_area": false, "dist_to_settlement_km": 66.092394434955139, "dist_to_road_km": 66.092394434955139, "elephant_score": 0.0, "settlement_proximity_score": 0.60111200123611952, "road_proximity_score": 0.59409424741399663, "conflict_risk_score": 0.35856187459503486, "priority_zone": false, "nearest_settlement": "Archer's Post" }, "geometry": { "type": "Polygon", "coordinates": [ [ [ 38.181780179342894, 0.957534314903488 ], [ 38.181780179342894, 1.057534314903488 ], [ 38.081780179342893, 1.057534314903488 ], [ 38.081780179342893, 0.957534314903488 ], [ 38.181780179342894, 0.957534314903488 ] ] ] } },
{ "type": "Feature", "properties": { "cell_id": 737, "elephant_count": 0.0, "inside_protected_area": false, "dist_to_settlement_km": 73.608999320265596, "dist_to_road_km": 73.608999320265596, "elephant_score": 0.0, "settlement_proximity_score": 0.55438845685337723, "road_proximity_score": 0.54791618262823594, "conflict_risk_score": 0.33069139184448393, "priority_zone": false, "nearest_settlement": "Archer's Post" }, "geometry": { "type": "Polygon", "coordinates": [ [ [ 38.181780179342894, 1.057534314903488 ], [ 38.181780179342894, 1.157534314903488 ], [ 38.081780179342893, 1.157534314903488 ], [ 38.081780179342893, 1.057534314903488 ], [ 38.181780179342894, 1.057534314903488 ] ] ] } },
{ "type": "Feature", "properties": { "cell_id": 738, "elephant_count": 0.0, "inside_protected_area": false, "dist_to_settlement_km": 126.90951216945263, "dist_to_road_km": 126.90951216945263, "elephant_score": 0.0, "settlement_proximity_score": 0.223070140175746, "road_proximity_score": 0.22046588119305954, "conflict_risk_score": 0.13306080641064166, "priority_zone": false, "nearest_settlement": "Voi" }, "geometry": { "type": "Polygon", "coordinates": [ [ [ 38.281780179342896, -4.542465685096492 ], [ 38.281780179342896, -4.442465685096493 ], [ 38.181780179342894, -4.442465685096493 ], [ 38.181780179342894, -4.542465685096492 ], [ 38.281780179342896, -4.542465685096492 ] ] ] } },
{ "type": "Feature", "properties": { "cell_id": 739, "elephant_count": 0.0, "inside_protected_area": false, "dist_to_settlement_km": 116.30808208320566, "dist_to_road_km": 116.30808208320566, "elephant_score": 0.0, "settlement_proximity_score": 0.28896909278975469, "road_proximity_score": 0.28559548861743655, "conflict_risk_score": 0.17236937442215736, "priority_zone": false, "nearest_settlement": "Voi" }, "geometry": { "type": "Polygon", "coordinates": [ [ [ 38.281780179342896, -4.442465685096493 ], [ 38.281780179342896, -4.342465685096493 ], [ 38.181780179342894, -4.342465685096493 ], [ 38.181780179342894, -4.442465685096493 ], [ 38.281780179342896, -4.442465685096493 ] ] ] } },
{ "type": "Feature", "properties": { "cell_id": 740, "elephant_count": 0.0, "inside_protected_area": false, "dist_to_settlement_km": 105.80895820609393, "dist_to_road_km": 105.80895820609393, "elephant_score": 0.0, "settlement_proximity_score": 0.35423210553781381, "road_proximity_score": 0.35009658053175075, "conflict_risk_score": 0.21129860582086935, "priority_zone": false, "nearest_settlement": "Voi" }, "geometry": { "type": "Polygon", "coordinates": [ [ [ 38.281780179342896, -4.342465685096493 ], [ 38.281780179342896, -4.242465685096493 ], [ 38.181780179342894, -4.242465685096493 ], [ 38.181780179342894, -4.342465685096493 ], [ 38.281780179342896, -4.342465685096493 ] ] ] } },
{ "type": "Feature", "properties": { "cell_id": 741, "elephant_count": 0.0, "inside_protected_area": false, "dist_to_settlement_km": 95.445907798313485, "dist_to_road_km": 95.445907798313485, "elephant_score": 0.0, "settlement_proximity_score": 0.41864927965518495, "road_proximity_score": 0.41376170865945117, "conflict_risk_score": 0.24972329649439085, "priority_zone": false, "nearest_settlement": "Voi" }, "geometry": { "type": "Polygon", "coordinates": [ [ [ 38.281780179342896, -4.242465685096493 ], [ 38.281780179342896, -4.142465685096494 ], [ 38.181780179342894, -4.142465685096494 ], [ 38.181780179342894, -4.242465685096493 ], [ 38.281780179342896, -4.242465685096493 ] ] ] } },
{ "type": "Feature", "properties": { "cell_id": 742, "elephant_count": 0.0, "inside_protected_area": false, "dist_to_settlement_km": 85.268558063505381, "dist_to_road_km": 85.268558063505381, "elephant_score": 0.0, "settlement_proximity_score": 0.48191213027572244, "road_proximity_score": 0.47628598957779056, "conflict_risk_score": 0.28745943595605389, "priority_zone": false, "nearest_settlement": "Voi" }, "geometry": { "type": "Polygon", "coordinates": [ [ [ 38.281780179342896, -4.142465685096494 ], [ 38.281780179342896, -4.042465685096494 ], [ 38.181780179342894, -4.042465685096494 ], [ 38.181780179342894, -4.142465685096494 ], [ 38.281780179342896, -4.142465685096494 ] ] ] } },
{ "type": "Feature", "properties": { "cell_id": 743, "elephant_count": 0.0, "inside_protected_area": false, "dist_to_settlement_km": 75.352190897242991, "dist_to_road_km": 75.352190897242991, "elephant_score": 0.0, "settlement_proximity_score": 0.54355270184732407, "road_proximity_score": 0.53720693093762639, "conflict_risk_score": 0.32422788983548512, "priority_zone": false, "nearest_settlement": "Voi" }, "geometry": { "type": "Polygon", "coordinates": [ [ [ 38.281780179342896, -4.042465685096494 ], [ 38.281780179342896, -3.942465685096494 ], [ 38.181780179342894, -3.942465685096494 ], [ 38.181780179342894, -4.042465685096494 ], [ 38.281780179342896, -4.042465685096494 ] ] ] } },
{ "type": "Feature", "properties": { "cell_id": 744, "elephant_count": 0.0, "inside_protected_area": true, "dist_to_settlement_km": 65.814879410356539, "dist_to_road_km": 65.814879410356539, "elephant_score": 0.0, "settlement_proximity_score": 0.60283704675421645, "road_proximity_score": 0.59579915368224823, "conflict_risk_score": 0.35959086013093944, "priority_zone": false, "nearest_settlement": "Voi" }, "geometry": { "type": "Polygon", "coordinates": [ [ [ 38.281780179342896, -3.942465685096495 ], [ 38.281780179342896, -3.842465685096494 ], [ 38.181780179342894, -3.842465685096494 ], [ 38.181780179342894, -3.942465685096495 ], [ 38.281780179342896, -3.942465685096495 ] ] ] } },
{ "type": "Feature", "properties": { "cell_id": 745, "elephant_count": 1.0, "inside_protected_area": true, "dist_to_settlement_km": 56.847726696720287, "dist_to_road_km": 56.847726696720287, "elephant_score": 0.0053475935828877002, "settlement_proximity_score": 0.65857725981519699, "road_proximity_score": 0.65088862097130895, "conflict_risk_score": 0.39497880166910682, "priority_zone": false, "nearest_settlement": "Voi" }, "geometry": { "type": "Polygon", "coordinates": [ [ [ 38.281780179342896, -3.842465685096495 ], [ 38.281780179342896, -3.742465685096495 ], [ 38.181780179342894, -3.742465685096495 ], [ 38.181780179342894, -3.842465685096495 ], [ 38.281780179342896, -3.842465685096495 ] ] ] } },
{ "type": "Feature", "properties": { "cell_id": 746, "elephant_count": 0.0, "inside_protected_area": false, "dist_to_settlement_km": 48.766276353338895, "dist_to_road_km": 48.766276353338895, "elephant_score": 0.0, "settlement_proximity_score": 0.70881190824454743, "road_proximity_score": 0.70053679900031285, "conflict_risk_score": 0.42280461217345805, "priority_zone": false, "nearest_settlement": "Voi" }, "geometry": { "type": "Polygon", "coordinates": [ [ [ 38.281780179342896, -3.742465685096495 ], [ 38.281780179342896, -3.642465685096495 ], [ 38.181780179342894, -3.642465685096495 ], [ 38.181780179342894, -3.742465685096495 ], [ 38.281780179342896, -3.742465685096495 ] ] ] } },
{ "type": "Feature", "properties": { "cell_id": 747, "elephant_count": 3.0, "inside_protected_area": false, "dist_to_settlement_km": 42.083908898240885, "dist_to_road_km": 42.083908898240885, "elephant_score": 0.016042780748663103, "settlement_proximity_score": 0.75034979631157062, "road_proximity_score": 0.74158974803410116, "conflict_risk_score": 0.45399897560316671, "priority_zone": false, "nearest_settlement": "Voi" }, "geometry": { "type": "Polygon", "coordinates": [ [ [ 38.281780179342896, -3.642465685096496 ], [ 38.281780179342896, -3.542465685096496 ], [ 38.181780179342894, -3.542465685096496 ], [ 38.181780179342894, -3.642465685096496 ], [ 38.281780179342896, -3.642465685096496 ] ] ] } },
{ "type": "Feature", "properties": { "cell_id": 748, "elephant_count": 11.0, "inside_protected_area": false, "dist_to_settlement_km": 37.555040499787154, "dist_to_road_km": 36.72078999022262, "elephant_score": 0.058823529411764705, "settlement_proximity_score": 0.77850144015176859, "road_proximity_score": 0.77453792825203438, "conflict_risk_score": 0.48944122228584674, "priority_zone": false, "nearest_settlement": "Voi" }, "geometry": { "type": "Polygon", "coordinates": [ [ [ 38.281780179342896, -3.542465685096496 ], [ 38.281780179342896, -3.442465685096496 ], [ 38.181780179342894, -3.442465685096496 ], [ 38.181780179342894, -3.542465685096496 ], [ 38.281780179342896, -3.542465685096496 ] ] ] } },
{ "type": "Feature", "properties": { "cell_id": 749, "elephant_count": 4.0, "inside_protected_area": false, "dist_to_settlement_km": 36.00176031426615, "dist_to_road_km": 31.3992129769473, "elephant_score": 0.021390374331550801, "settlement_proximity_score": 0.78815669765091634, "road_proximity_score": 0.80723089693017891, "conflict_risk_score": 0.48717242810694888, "priority_zone": false, "nearest_settlement": "Voi" }, "geometry": { "type": "Polygon", "coordinates": [ [ [ 38.281780179342896, -3.442465685096496 ], [ 38.281780179342896, -3.342465685096496 ], [ 38.181780179342894, -3.342465685096496 ], [ 38.181780179342894, -3.442465685096496 ], [ 38.281780179342896, -3.442465685096496 ] ] ] } },
{ "type": "Feature", "properties": { "cell_id": 750, "elephant_count": 1.0, "inside_protected_area": false, "dist_to_settlement_km": 37.792756243903185, "dist_to_road_km": 26.077635963671927, "elephant_score": 0.0053475935828877002, "settlement_proximity_score": 0.77702378870006217, "road_proximity_score": 0.83992386560832366, "conflict_risk_score": 0.48722333372567078, "priority_zone": false, "nearest_settlement": "Voi" }, "geometry": { "type": "Polygon", "coordinates": [ [ [ 38.281780179342896, -3.342465685096497 ], [ 38.281780179342896, -3.242465685096497 ], [ 38.181780179342894, -3.242465685096497 ], [ 38.181780179342894, -3.342465685096497 ], [ 38.281780179342896, -3.342465685096497 ] ] ] } },
{ "type": "Feature", "properties": { "cell_id": 751, "elephant_count": 2.0, "inside_protected_area": false, "dist_to_settlement_km": 42.507388808256536, "dist_to_road_km": 20.756058950396607, "elephant_score": 0.0106951871657754, "settlement_proximity_score": 0.7477174266882205, "road_proximity_score": 0.87261683428646819, "conflict_risk_score": 0.49037835315871675, "priority_zone": false, "nearest_settlement": "Voi" }, "geometry": { "type": "Polygon", "coordinates": [ [ [ 38.281780179342896, -3.242465685096497 ], [ 38.281780179342896, -3.142465685096497 ], [ 38.181780179342894, -3.142465685096497 ], [ 38.181780179342894, -3.242465685096497 ], [ 38.281780179342896, -3.242465685096497 ] ] ] } },
{ "type": "Feature", "properties": { "cell_id": 752, "elephant_count": 2.0, "inside_protected_area": true, "dist_to_settlement_km": 45.988304374767921, "dist_to_road_km": 15.434481937121257, "elephant_score": 0.0106951871657754, "settlement_proximity_score": 0.72607990343855244, "road_proximity_score": 0.90530980296461283, "conflict_risk_score": 0.49369498678725976, "priority_zone": false, "nearest_settlement": "Mtito Andei" }, "geometry": { "type": "Polygon", "coordinates": [ [ [ 38.281780179342896, -3.142465685096497 ], [ 38.281780179342896, -3.042465685096497 ], [ 38.181780179342894, -3.042465685096497 ], [ 38.181780179342894, -3.142465685096497 ], [ 38.281780179342896, -3.142465685096497 ] ] ] } },
{ "type": "Feature", "properties": { "cell_id": 753, "elephant_count": 4.0, "inside_protected_area": true, "dist_to_settlement_km": 35.069474733042583, "dist_to_road_km": 10.112904923845917, "elephant_score": 0.021390374331550801, "settlement_proximity_score": 0.79395182555724253, "road_proximity_score": 0.93800277164275747, "conflict_risk_score": 0.52814252889262026, "priority_zone": false, "nearest_settlement": "Mtito Andei" }, "geometry": { "type": "Polygon", "coordinates": [ [ [ 38.281780179342896, -3.042465685096498 ], [ 38.281780179342896, -2.942465685096498 ], [ 38.181780179342894, -2.942465685096498 ], [ 38.181780179342894, -3.042465685096498 ], [ 38.281780179342896, -3.042465685096498 ] ] ] } },
{ "type": "Feature", "properties": { "cell_id": 754, "elephant_count": 10.0, "inside_protected_area": true, "dist_to_settlement_km": 24.315262220192565, "dist_to_road_km": 4.7913279105705708, "elephant_score": 0.053475935828877004, "settlement_proximity_score": 0.8608004804103887, "road_proximity_score": 0.97069574032090211, "conflict_risk_score": 0.57083924055093793, "priority_zone": false, "nearest_settlement": "Mtito Andei" }, "geometry": { "type": "Polygon", "coordinates": [ [ [ 38.281780179342896, -2.942465685096498 ], [ 38.281780179342896, -2.842465685096498 ], [ 38.181780179342894, -2.842465685096498 ], [ 38.181780179342894, -2.942465685096498 ], [ 38.281780179342896, -2.942465685096498 ] ] ] } },
{ "type": "Feature", "properties": { "cell_id": 755, "elephant_count": 2.0, "inside_protected_area": true, "dist_to_settlement_km": 14.107299373796982, "dist_to_road_km": 0.53024910270479941, "elephant_score": 0.0106951871657754, "settlement_proximity_score": 0.92425362347010265, "road_proximity_score": 0.99687356611448585, "conflict_risk_score": 0.58061623174168675, "priority_zone": false, "nearest_settlement": "Mtito Andei" }, "geometry": { "type": "Polygon", "coordinates": [ [ [ 38.281780179342896, -2.842465685096498 ], [ 38.281780179342896, -2.742465685096498 ], [ 38.181780179342894, -2.742465685096498 ], [ 38.181780179342894, -2.842465685096498 ], [ 38.281780179342896, -2.842465685096498 ] ] ] } },
{ "type": "Feature", "properties": { "cell_id": 756, "elephant_count": 0.0, "inside_protected_area": true, "dist_to_settlement_km": 7.2951911837279493, "dist_to_road_km": 5.8518261159801446, "elephant_score": 0.0, "settlement_proximity_score": 0.9665979856143404, "road_proximity_score": 0.96418059743634121, "conflict_risk_score": 0.57923357491520444, "priority_zone": false, "nearest_settlement": "Mtito Andei" }, "geometry": { "type": "Polygon", "coordinates": [ [ [ 38.281780179342896, -2.742465685096499 ], [ 38.281780179342896, -2.642465685096499 ], [ 38.181780179342894, -2.642465685096499 ], [ 38.181780179342894, -2.742465685096499 ], [ 38.281780179342896, -2.742465685096499 ] ] ] } },
{ "type": "Feature", "properties": { "cell_id": 757, "elephant_count": 1.0, "inside_protected_area": false, "dist_to_settlement_km": 12.40337587886256, "dist_to_road_km": 12.40337587886256, "elephant_score": 0.0053475935828877002, "settlement_proximity_score": 0.93484528636247477, "road_proximity_score": 0.92393132346043183, "conflict_risk_score": 0.55977202038002705, "priority_zone": true, "nearest_settlement": "Mtito Andei" }, "geometry": { "type": "Polygon", "coordinates": [ [ [ 38.281780179342896, -2.642465685096499 ], [ 38.281780179342896, -2.542465685096499 ], [ 38.181780179342894, -2.542465685096499 ], [ 38.181780179342894, -2.642465685096499 ], [ 38.281780179342896, -2.642465685096499 ] ] ] } },
{ "type": "Feature", "properties": { "cell_id": 758, "elephant_count": 0.0, "inside_protected_area": false, "dist_to_settlement_km": 22.380519475149708, "dist_to_road_km": 21.598889192353891, "elephant_score": 0.0, "settlement_proximity_score": 0.87282692584639421, "road_proximity_score": 0.86743892882112128, "conflict_risk_score": 0.52207975640025461, "priority_zone": true, "nearest_settlement": "Mtito Andei" }, "geometry": { "type": "Polygon", "coordinates": [ [ [ 38.281780179342896, -2.5424656850965 ], [ 38.281780179342896, -2.442465685096499 ], [ 38.181780179342894, -2.442465685096499 ], [ 38.181780179342894, -2.5424656850965 ], [ 38.281780179342896, -2.5424656850965 ] ] ] } },
{ "type": "Feature", "properties": { "cell_id": 759, "elephant_count": 0.0, "inside_protected_area": true, "dist_to_settlement_km": 33.080985033138894, "dist_to_road_km": 30.799253455165225, "elephant_score": 0.0, "settlement_proximity_score": 0.80631236441297605, "road_proximity_score": 0.81091673250201124, "conflict_risk_score": 0.48516872907449615, "priority_zone": false, "nearest_settlement": "Mtito Andei" }, "geometry": { "type": "Polygon", "coordinates": [ [ [ 38.281780179342896, -2.4424656850965 ], [ 38.281780179342896, -2.3424656850965 ], [ 38.181780179342894, -2.3424656850965 ], [ 38.181780179342894, -2.4424656850965 ], [ 38.281780179342896, -2.4424656850965 ] ] ] } },
{ "type": "Feature", "properties": { "cell_id": 760, "elephant_count": 5.0, "inside_protected_area": true, "dist_to_settlement_km": 43.979944173997737, "dist_to_road_km": 39.999617717976513, "elephant_score": 0.026737967914438502, "settlement_proximity_score": 0.73856395819585441, "road_proximity_score": 0.75439453618290153, "conflict_risk_score": 0.45858273547940215, "priority_zone": false, "nearest_settlement": "Mtito Andei" }, "geometry": { "type": "Polygon", "coordinates": [ [ [ 38.281780179342896, -2.3424656850965 ], [ 38.281780179342896, -2.2424656850965 ], [ 38.181780179342894, -2.2424656850965 ], [ 38.181780179342894, -2.3424656850965 ], [ 38.281780179342896, -2.3424656850965 ] ] ] } },
{ "type": "Feature", "properties": { "cell_id": 761, "elephant_count": 0.0, "inside_protected_area": false, "dist_to_settlement_km": 54.959434206814365, "dist_to_road_km": 49.199981980787832, "elephant_score": 0.0, "settlement_proximity_score": 0.67031496843576588, "road_proximity_score": 0.6978723398637916, "conflict_risk_score": 0.4104561924898672, "priority_zone": false, "nearest_settlement": "Mtito Andei" }, "geometry": { "type": "Polygon", "coordinates": [ [ [ 38.281780179342896, -2.242465685096501 ], [ 38.281780179342896, -2.1424656850965 ], [ 38.181780179342894, -2.1424656850965 ], [ 38.181780179342894, -2.242465685096501 ], [ 38.281780179342896, -2.242465685096501 ] ] ] } },
{ "type": "Feature", "properties": { "cell_id": 762, "elephant_count": 0.0, "inside_protected_area": false, "dist_to_settlement_km": 65.979264372364398, "dist_to_road_km": 58.400346243599181, "elephant_score": 0.0, "settlement_proximity_score": 0.60181522264806464, "road_proximity_score": 0.64135014354468145, "conflict_risk_score": 0.37294960985782377, "priority_zone": false, "nearest_settlement": "Mtito Andei" }, "geometry": { "type": "Polygon", "coordinates": [ [ [ 38.281780179342896, -2.142465685096501 ], [ 38.281780179342896, -2.042465685096501 ], [ 38.181780179342894, -2.042465685096501 ], [ 38.181780179342894, -2.142465685096501 ], [ 38.281780179342896, -2.142465685096501 ] ] ] } },
{ "type": "Feature", "properties": { "cell_id": 763, "elephant_count": 0.0, "inside_protected_area": false, "dist_to_settlement_km": 77.022121795647479, "dist_to_road_km": 67.600710506410522, "elephant_score": 0.0, "settlement_proximity_score": 0.53317233842018719, "road_proximity_score": 0.5848279472255713, "conflict_risk_score": 0.33540008569372753, "priority_zone": false, "nearest_settlement": "Mtito Andei" }, "geometry": { "type": "Polygon", "coordinates": [ [ [ 38.281780179342896, -2.042465685096501 ], [ 38.281780179342896, -1.942465685096501 ], [ 38.181780179342894, -1.942465685096501 ], [ 38.181780179342894, -2.042465685096501 ], [ 38.281780179342896, -2.042465685096501 ] ] ] } },
{ "type": "Feature", "properties": { "cell_id": 764, "elephant_count": 0.0, "inside_protected_area": false, "dist_to_settlement_km": 88.079345846167314, "dist_to_road_km": 76.801074769221884, "elephant_score": 0.0, "settlement_proximity_score": 0.46444015060969923, "road_proximity_score": 0.52830575090646115, "conflict_risk_score": 0.29782377045484809, "priority_zone": false, "nearest_settlement": "Mtito Andei" }, "geometry": { "type": "Polygon", "coordinates": [ [ [ 38.281780179342896, -1.942465685096502 ], [ 38.281780179342896, -1.842465685096502 ], [ 38.181780179342894, -1.842465685096502 ], [ 38.181780179342894, -1.942465685096502 ], [ 38.281780179342896, -1.942465685096502 ] ] ] } },
{ "type": "Feature", "properties": { "cell_id": 765, "elephant_count": 0.0, "inside_protected_area": false, "dist_to_settlement_km": 94.82786091510755, "dist_to_road_km": 86.001439032033176, "elephant_score": 0.0, "settlement_proximity_score": 0.42249108608490993, "road_proximity_score": 0.47178355458735133, "conflict_risk_score": 0.26828239220167838, "priority_zone": false, "nearest_settlement": "Emali" }, "geometry": { "type": "Polygon", "coordinates": [ [ [ 38.281780179342896, -1.842465685096502 ], [ 38.281780179342896, -1.742465685096502 ], [ 38.181780179342894, -1.742465685096502 ], [ 38.181780179342894, -1.842465685096502 ], [ 38.281780179342896, -1.842465685096502 ] ] ] } },
{ "type": "Feature", "properties": { "cell_id": 766, "elephant_count": 0.0, "inside_protected_area": false, "dist_to_settlement_km": 101.00414409577552, "dist_to_road_km": 95.201803294844524, "elephant_score": 0.0, "settlement_proximity_score": 0.38409903997958839, "road_proximity_score": 0.41526135826824129, "conflict_risk_score": 0.23980811947434888, "priority_zone": false, "nearest_settlement": "Emali" }, "geometry": { "type": "Polygon", "coordinates": [ [ [ 38.281780179342896, -1.742465685096502 ], [ 38.281780179342896, -1.642465685096502 ], [ 38.181780179342894, -1.642465685096502 ], [ 38.181780179342894, -1.742465685096502 ], [ 38.281780179342896, -1.742465685096502 ] ] ] } },
{ "type": "Feature", "properties": { "cell_id": 767, "elephant_count": 0.0, "inside_protected_area": false, "dist_to_settlement_km": 88.294705385459238, "dist_to_road_km": 118.48825926988069, "elephant_score": 0.0, "settlement_proximity_score": 0.46310146630396731, "road_proximity_score": 0.2722016273054676, "conflict_risk_score": 0.22059092808283048, "priority_zone": false, "nearest_settlement": "Meru" }, "geometry": { "type": "Polygon", "coordinates": [ [ [ 38.281780179342896, -0.542465685096507 ], [ 38.281780179342896, -0.442465685096507 ], [ 38.181780179342894, -0.442465685096507 ], [ 38.181780179342894, -0.542465685096507 ], [ 38.281780179342896, -0.542465685096507 ] ] ] } },
{ "type": "Feature", "properties": { "cell_id": 768, "elephant_count": 0.0, "inside_protected_area": false, "dist_to_settlement_km": 81.132120999578433, "dist_to_road_km": 109.8878442940422, "elephant_score": 0.0, "settlement_proximity_score": 0.50762440379438412, "road_proximity_score": 0.32503805093002702, "conflict_risk_score": 0.24979873641732331, "priority_zone": false, "nearest_settlement": "Meru" }, "geometry": { "type": "Polygon", "coordinates": [ [ [ 38.281780179342896, -0.442465685096507 ], [ 38.281780179342896, -0.342465685096507 ], [ 38.181780179342894, -0.342465685096507 ], [ 38.181780179342894, -0.442465685096507 ], [ 38.281780179342896, -0.442465685096507 ] ] ] } },
{ "type": "Feature", "properties": { "cell_id": 769, "elephant_count": 0.0, "inside_protected_area": false, "dist_to_settlement_km": 74.935352916199207, "dist_to_road_km": 101.77243763601588, "elephant_score": 0.0, "settlement_proximity_score": 0.54614378494998572, "road_proximity_score": 0.37489483868662532, "conflict_risk_score": 0.2763115870909833, "priority_zone": false, "nearest_settlement": "Meru" }, "geometry": { "type": "Polygon", "coordinates": [ [ [ 38.281780179342896, -0.342465685096507 ], [ 38.281780179342896, -0.242465685096507 ], [ 38.181780179342894, -0.242465685096507 ], [ 38.181780179342894, -0.342465685096507 ], [ 38.281780179342896, -0.342465685096507 ] ] ] } },
{ "type": "Feature", "properties": { "cell_id": 770, "elephant_count": 0.0, "inside_protected_area": false, "dist_to_settlement_km": 69.96151210101533, "dist_to_road_km": 94.267384609746827, "elephant_score": 0.0, "settlement_proximity_score": 0.57706139677432211, "road_proximity_score": 0.42100193492962645, "conflict_risk_score": 0.29941899951118456, "priority_zone": false, "nearest_settlement": "Meru" }, "geometry": { "type": "Polygon", "coordinates": [ [ [ 38.281780179342896, -0.242465685096508 ], [ 38.281780179342896, -0.142465685096508 ], [ 38.181780179342894, -0.142465685096508 ], [ 38.181780179342894, -0.242465685096508 ], [ 38.281780179342896, -0.242465685096508 ] ] ] } },
{ "type": "Feature", "properties": { "cell_id": 771, "elephant_count": 2.0, "inside_protected_area": false, "dist_to_settlement_km": 66.485631787971315, "dist_to_road_km": 87.529826573272288, "elephant_score": 0.0106951871657754, "settlement_proximity_score": 0.5986676206684366, "road_proximity_score": 0.46239394585122928, "conflict_risk_score": 0.3225965448222099, "priority_zone": false, "nearest_settlement": "Meru" }, "geometry": { "type": "Polygon", "coordinates": [ [ [ 38.281780179342896, -0.142465685096508 ], [ 38.281780179342896, -0.042465685096508 ], [ 38.181780179342894, -0.042465685096508 ], [ 38.181780179342894, -0.142465685096508 ], [ 38.281780179342896, -0.142465685096508 ] ] ] } },
{ "type": "Feature", "properties": { "cell_id": 772, "elephant_count": 0.0, "inside_protected_area": true, "dist_to_settlement_km": 64.749403804443531, "dist_to_road_km": 81.749747881766027, "elephant_score": 0.0, "settlement_proximity_score": 0.60946008967335341, "road_proximity_score": 0.49790370755292435, "conflict_risk_score": 0.3322091391678833, "priority_zone": false, "nearest_settlement": "Meru" }, "geometry": { "type": "Polygon", "coordinates": [ [ [ 38.281780179342896, -0.042465685096508 ], [ 38.281780179342896, 0.057534314903492 ], [ 38.181780179342894, 0.057534314903492 ], [ 38.181780179342894, -0.042465685096508 ], [ 38.281780179342896, -0.042465685096508 ] ] ] } },
{ "type": "Feature", "properties": { "cell_id": 773, "elephant_count": 10.0, "inside_protected_area": true, "dist_to_settlement_km": 64.892614000485992, "dist_to_road_km": 77.142673129192858, "elephant_score": 0.053475935828877004, "settlement_proximity_score": 0.60856988883761076, "road_proximity_score": 0.52620715034967569, "conflict_risk_score": 0.36182348608773673, "priority_zone": false, "nearest_settlement": "Meru" }, "geometry": { "type": "Polygon", "coordinates": [ [ [ 38.281780179342896, 0.057534314903491 ], [ 38.281780179342896, 0.157534314903491 ], [ 38.181780179342894, 0.157534314903491 ], [ 38.181780179342894, 0.057534314903491 ], [ 38.281780179342896, 0.057534314903491 ] ] ] } },
{ "type": "Feature", "properties": { "cell_id": 774, "elephant_count": 2.0, "inside_protected_area": true, "dist_to_settlement_km": 66.903194322852428, "dist_to_road_km": 73.660275943712492, "elephant_score": 0.0106951871657754, "settlement_proximity_score": 0.59607203370746498, "road_proximity_score": 0.54760116603821229, "conflict_risk_score": 0.34738003479001334, "priority_zone": false, "nearest_settlement": "Meru" }, "geometry": { "type": "Polygon", "coordinates": [ [ [ 38.281780179342896, 0.157534314903491 ], [ 38.281780179342896, 0.257534314903491 ], [ 38.181780179342894, 0.257534314903491 ], [ 38.181780179342894, 0.157534314903491 ], [ 38.281780179342896, 0.157534314903491 ] ] ] } },
{ "type": "Feature", "properties": { "cell_id": 775, "elephant_count": 0.0, "inside_protected_area": false, "dist_to_settlement_km": 70.621834225588714, "dist_to_road_km": 70.297239298637336, "elephant_score": 0.0, "settlement_proximity_score": 0.57295680559716633, "road_proximity_score": 0.56826189338024191, "conflict_risk_score": 0.34236560969322249, "priority_zone": false, "nearest_settlement": "Meru" }, "geometry": { "type": "Polygon", "coordinates": [ [ [ 38.281780179342896, 0.257534314903491 ], [ 38.281780179342896, 0.357534314903491 ], [ 38.181780179342894, 0.357534314903491 ], [ 38.181780179342894, 0.257534314903491 ], [ 38.281780179342896, 0.257534314903491 ] ] ] } },
{ "type": "Feature", "properties": { "cell_id": 776, "elephant_count": 1.0, "inside_protected_area": false, "dist_to_settlement_km": 67.105733043991165, "dist_to_road_km": 66.934202653562181, "elephant_score": 0.0053475935828877002, "settlement_proximity_score": 0.59481304416754055, "road_proximity_score": 0.58892262072227175, "conflict_risk_score": 0.35725973690009871, "priority_zone": false, "nearest_settlement": "Archer's Post" }, "geometry": { "type": "Polygon", "coordinates": [ [ [ 38.281780179342896, 0.35753431490349 ], [ 38.281780179342896, 0.45753431490349 ], [ 38.181780179342894, 0.45753431490349 ], [ 38.181780179342894, 0.35753431490349 ], [ 38.281780179342896, 0.35753431490349 ] ] ] } },
{ "type": "Feature", "properties": { "cell_id": 777, "elephant_count": 0.0, "inside_protected_area": false, "dist_to_settlement_km": 63.833686922788573, "dist_to_road_km": 63.833686922788573, "elephant_score": 0.0, "settlement_proximity_score": 0.61515222581924112, "road_proximity_score": 0.60797055771903197, "conflict_risk_score": 0.36693683506148189, "priority_zone": false, "nearest_settlement": "Archer's Post" }, "geometry": { "type": "Polygon", "coordinates": [ [ [ 38.281780179342896, 0.45753431490349 ], [ 38.281780179342896, 0.55753431490349 ], [ 38.181780179342894, 0.55753431490349 ], [ 38.181780179342894, 0.45753431490349 ], [ 38.281780179342896, 0.45753431490349 ] ] ] } },
{ "type": "Feature", "properties": { "cell_id": 778, "elephant_count": 0.0, "inside_protected_area": false, "dist_to_settlement_km": 62.39166422641545, "dist_to_road_km": 62.39166422641545, "elephant_score": 0.0, "settlement_proximity_score": 0.62411590190478128, "road_proximity_score": 0.6168295862979839, "conflict_risk_score": 0.37228364646082956, "priority_zone": false, "nearest_settlement": "Archer's Post" }, "geometry": { "type": "Polygon", "coordinates": [ [ [ 38.281780179342896, 0.557534314903489 ], [ 38.281780179342896, 0.657534314903489 ], [ 38.181780179342894, 0.657534314903489 ], [ 38.181780179342894, 0.557534314903489 ], [ 38.281780179342896, 0.557534314903489 ] ] ] } },
{ "type": "Feature", "properties": { "cell_id": 779, "elephant_count": 0.0, "inside_protected_area": false, "dist_to_settlement_km": 62.905643178708118, "dist_to_road_km": 62.905643178708118, "elephant_score": 0.0, "settlement_proximity_score": 0.62092098628055126, "road_proximity_score": 0.61367197009763363, "conflict_risk_score": 0.37037788691345541, "priority_zone": false, "nearest_settlement": "Archer's Post" }, "geometry": { "type": "Polygon", "coordinates": [ [ [ 38.281780179342896, 0.657534314903489 ], [ 38.281780179342896, 0.757534314903489 ], [ 38.181780179342894, 0.757534314903489 ], [ 38.181780179342894, 0.657534314903489 ], [ 38.281780179342896, 0.657534314903489 ] ] ] } },
{ "type": "Feature", "properties": { "cell_id": 780, "elephant_count": 0.0, "inside_protected_area": false, "dist_to_settlement_km": 65.329473612697385, "dist_to_road_km": 65.329473612697385, "elephant_score": 0.0, "settlement_proximity_score": 0.60585435040082569, "road_proximity_score": 0.59878123145721462, "conflict_risk_score": 0.36139067455741208, "priority_zone": false, "nearest_settlement": "Archer's Post" }, "geometry": { "type": "Polygon", "coordinates": [ [ [ 38.281780179342896, 0.757534314903489 ], [ 38.281780179342896, 0.857534314903489 ], [ 38.181780179342894, 0.857534314903489 ], [ 38.181780179342894, 0.757534314903489 ], [ 38.281780179342896, 0.757534314903489 ] ] ] } },
{ "type": "Feature", "properties": { "cell_id": 781, "elephant_count": 0.0, "inside_protected_area": false, "dist_to_settlement_km": 69.463517772261568, "dist_to_road_km": 69.463517772261568, "elephant_score": 0.0, "settlement_proximity_score": 0.58015695128023381, "road_proximity_score": 0.5733838396905373, "conflict_risk_score": 0.34606223729123131, "priority_zone": false, "nearest_settlement": "Archer's Post" }, "geometry": { "type": "Polygon", "coordinates": [ [ [ 38.281780179342896, 0.857534314903488 ], [ 38.281780179342896, 0.957534314903488 ], [ 38.181780179342894, 0.957534314903488 ], [ 38.181780179342894, 0.857534314903488 ], [ 38.281780179342896, 0.857534314903488 ] ] ] } },
{ "type": "Feature", "properties": { "cell_id": 782, "elephant_count": 0.0, "inside_protected_area": false, "dist_to_settlement_km": 75.025598831881851, "dist_to_road_km": 75.025598831881851, "elephant_score": 0.0, "settlement_proximity_score": 0.54558281239507611, "road_proximity_score": 0.53921334071742422, "conflict_risk_score": 0.32543884593375011, "priority_zone": false, "nearest_settlement": "Archer's Post" }, "geometry": { "type": "Polygon", "coordinates": [ [ [ 38.281780179342896, 0.957534314903488 ], [ 38.281780179342896, 1.057534314903488 ], [ 38.181780179342894, 1.057534314903488 ], [ 38.181780179342894, 0.957534314903488 ], [ 38.281780179342896, 0.957534314903488 ] ] ] } },
{ "type": "Feature", "properties": { "cell_id": 783, "elephant_count": 0.0, "inside_protected_area": false, "dist_to_settlement_km": 81.724663712172244, "dist_to_road_km": 81.724663712172244, "elephant_score": 0.0, "settlement_proximity_score": 0.50394113240351279, "road_proximity_score": 0.49805781149030992, "conflict_risk_score": 0.30059968316814678, "priority_zone": false, "nearest_settlement": "Archer's Post" }, "geometry": { "type": "Polygon", "coordinates": [ [ [ 38.281780179342896, 1.057534314903488 ], [ 38.281780179342896, 1.157534314903488 ], [ 38.181780179342894, 1.157534314903488 ], [ 38.181780179342894, 1.057534314903488 ], [ 38.281780179342896, 1.057534314903488 ] ] ] } },
{ "type": "Feature", "properties": { "cell_id": 784, "elephant_count": 0.0, "inside_protected_area": false, "dist_to_settlement_km": 135.11076825419937, "dist_to_road_km": 135.11076825419937, "elephant_score": 0.0, "settlement_proximity_score": 0.17209077402351358, "road_proximity_score": 0.17008167973713739, "conflict_risk_score": 0.10265173612819528, "priority_zone": false, "nearest_settlement": "Voi" }, "geometry": { "type": "Polygon", "coordinates": [ [ [ 38.381780179342897, -4.642465685096492 ], [ 38.381780179342897, -4.542465685096492 ], [ 38.281780179342896, -4.542465685096492 ], [ 38.281780179342896, -4.642465685096492 ], [ 38.381780179342897, -4.642465685096492 ] ] ] } },
{ "type": "Feature", "properties": { "cell_id": 785, "elephant_count": 0.0, "inside_protected_area": false, "dist_to_settlement_km": 124.21773374613284, "dist_to_road_km": 124.21773374613284, "elephant_score": 0.0, "settlement_proximity_score": 0.23980235246433912, "road_proximity_score": 0.23700275127171599, "conflict_risk_score": 0.14304153112081652, "priority_zone": false, "nearest_settlement": "Voi" }, "geometry": { "type": "Polygon", "coordinates": [ [ [ 38.381780179342897, -4.542465685096492 ], [ 38.381780179342897, -4.442465685096493 ], [ 38.281780179342896, -4.442465685096493 ], [ 38.281780179342896, -4.542465685096492 ], [ 38.381780179342897, -4.542465685096492 ] ] ] } },
{ "type": "Feature", "properties": { "cell_id": 786, "elephant_count": 0.0, "inside_protected_area": false, "dist_to_settlement_km": 113.3648581166598, "dist_to_road_km": 113.3648581166598, "elephant_score": 0.0, "settlement_proximity_score": 0.30726430156120477, "road_proximity_score": 0.30367710778991286, "conflict_risk_score": 0.1832824228053353, "priority_zone": false, "nearest_settlement": "Voi" }, "geometry": { "type": "Polygon", "coordinates": [ [ [ 38.381780179342897, -4.442465685096493 ], [ 38.381780179342897, -4.342465685096493 ], [ 38.281780179342896, -4.342465685096493 ], [ 38.281780179342896, -4.442465685096493 ], [ 38.381780179342897, -4.442465685096493 ] ] ] } },
{ "type": "Feature", "properties": { "cell_id": 787, "elephant_count": 0.0, "inside_protected_area": false, "dist_to_settlement_km": 102.56489036017948, "dist_to_road_km": 102.56489036017948, "elephant_score": 0.0, "settlement_proximity_score": 0.37439737300789599, "road_proximity_score": 0.37002642617932513, "conflict_risk_score": 0.22332713975616633, "priority_zone": false, "nearest_settlement": "Voi" }, "geometry": { "type": "Polygon", "coordinates": [ [ [ 38.381780179342897, -4.342465685096493 ], [ 38.381780179342897, -4.242465685096493 ], [ 38.281780179342896, -4.242465685096493 ], [ 38.281780179342896, -4.342465685096493 ], [ 38.381780179342897, -4.342465685096493 ] ] ] } },
{ "type": "Feature", "properties": { "cell_id": 788, "elephant_count": 0.0, "inside_protected_area": false, "dist_to_settlement_km": 91.836498263930253, "dist_to_road_km": 91.836498263930253, "elephant_score": 0.0, "settlement_proximity_score": 0.4410855270233055, "road_proximity_score": 0.43593602137912357, "conflict_risk_score": 0.26310646452072872, "priority_zone": false, "nearest_settlement": "Voi" }, "geometry": { "type": "Polygon", "coordinates": [ [ [ 38.381780179342897, -4.242465685096493 ], [ 38.381780179342897, -4.142465685096494 ], [ 38.281780179342896, -4.142465685096494 ], [ 38.281780179342896, -4.242465685096493 ], [ 38.381780179342897, -4.242465685096493 ] ] ] } },
{ "type": "Feature", "properties": { "cell_id": 789, "elephant_count": 0.0, "inside_protected_area": false, "dist_to_settlement_km": 81.208054355255257, "dist_to_road_km": 81.208054355255257, "elephant_score": 0.0, "settlement_proximity_score": 0.50715239873781526, "road_proximity_score": 0.50123158751241592, "conflict_risk_score": 0.30251519587506936, "priority_zone": false, "nearest_settlement": "Voi" }, "geometry": { "type": "Polygon", "coordinates": [ [ [ 38.381780179342897, -4.142465685096494 ], [ 38.381780179342897, -4.042465685096494 ], [ 38.281780179342896, -4.042465685096494 ], [ 38.281780179342896, -4.142465685096494 ], [ 38.381780179342897, -4.142465685096494 ] ] ] } },
{ "type": "Feature", "properties": { "cell_id": 790, "elephant_count": 0.0, "inside_protected_area": true, "dist_to_settlement_km": 70.724633409805307, "dist_to_road_km": 70.724633409805307, "elephant_score": 0.0, "settlement_proximity_score": 0.57231780137657196, "road_proximity_score": 0.56563620887830179, "conflict_risk_score": 0.34138620307646211, "priority_zone": false, "nearest_settlement": "Voi" }, "geometry": { "type": "Polygon", "coordinates": [ [ [ 38.381780179342897, -4.042465685096494 ], [ 38.381780179342897, -3.942465685096494 ], [ 38.281780179342896, -3.942465685096494 ], [ 38.281780179342896, -4.042465685096494 ], [ 38.381780179342897, -4.042465685096494 ] ] ] } },
{ "type": "Feature", "properties": { "cell_id": 791, "elephant_count": 0.0, "inside_protected_area": true, "dist_to_settlement_km": 60.461718878448806, "dist_to_road_km": 60.461718878448806, "elephant_score": 0.0, "settlement_proximity_score": 0.63611252651095307, "road_proximity_score": 0.62868615487797519, "conflict_risk_score": 0.37943960441667846, "priority_zone": false, "nearest_settlement": "Voi" }, "geometry": { "type": "Polygon", "coordinates": [ [ [ 38.381780179342897, -3.942465685096495 ], [ 38.381780179342897, -3.842465685096494 ], [ 38.281780179342896, -3.842465685096494 ], [ 38.281780179342896, -3.942465685096495 ], [ 38.381780179342897, -3.942465685096495 ] ] ] } },
{ "type": "Feature", "properties": { "cell_id": 792, "elephant_count": 0.0, "inside_protected_area": true, "dist_to_settlement_km": 50.553784512356785, "dist_to_road_km": 50.553784512356785, "elephant_score": 0.0, "settlement_proximity_score": 0.69770067942824965, "road_proximity_score": 0.68955528955134371, "conflict_risk_score": 0.41617679069387803, "priority_zone": false, "nearest_settlement": "Voi" }, "geometry": { "type": "Polygon", "coordinates": [ [ [ 38.381780179342897, -3.842465685096495 ], [ 38.381780179342897, -3.742465685096495 ], [ 38.281780179342896, -3.742465685096495 ], [ 38.281780179342896, -3.842465685096495 ], [ 38.381780179342897, -3.842465685096495 ] ] ] } },
{ "type": "Feature", "properties": { "cell_id": 793, "elephant_count": 0.0, "inside_protected_area": false, "dist_to_settlement_km": 41.257372763022857, "dist_to_road_km": 41.257372763022857, "elephant_score": 0.0, "settlement_proximity_score": 0.75548758104111935, "road_proximity_score": 0.74666755108245098, "conflict_risk_score": 0.45064653963707113, "priority_zone": false, "nearest_settlement": "Voi" }, "geometry": { "type": "Polygon", "coordinates": [ [ [ 38.381780179342897, -3.742465685096495 ], [ 38.381780179342897, -3.642465685096495 ], [ 38.281780179342896, -3.642465685096495 ], [ 38.281780179342896, -3.742465685096495 ], [ 38.381780179342897, -3.742465685096495 ] ] ] } },
{ "type": "Feature", "properties": { "cell_id": 794, "elephant_count": 3.0, "inside_protected_area": false, "dist_to_settlement_km": 33.091939896177713, "dist_to_road_km": 33.091939896177713, "elephant_score": 0.016042780748663103, "settlement_proximity_score": 0.80624426850568665, "road_proximity_score": 0.79683167353963147, "conflict_risk_score": 0.48733989491306062, "priority_zone": false, "nearest_settlement": "Voi" }, "geometry": { "type": "Polygon", "coordinates": [ [ [ 38.381780179342897, -3.642465685096496 ], [ 38.381780179342897, -3.542465685096496 ], [ 38.281780179342896, -3.542465685096496 ], [ 38.281780179342896, -3.642465685096496 ], [ 38.381780179342897, -3.642465685096496 ] ] ] } },
{ "type": "Feature", "properties": { "cell_id": 795, "elephant_count": 9.0, "inside_protected_area": false, "dist_to_settlement_km": 27.09985544015786, "dist_to_road_km": 26.979598169312379, "elephant_score": 0.048128342245989303, "settlement_proximity_score": 0.84349132729058118, "road_proximity_score": 0.83438268447643127, "conflict_risk_score": 0.5226135404284995, "priority_zone": true, "nearest_settlement": "Voi" }, "geometry": { "type": "Polygon", "coordinates": [ [ [ 38.381780179342897, -3.542465685096496 ], [ 38.381780179342897, -3.442465685096496 ], [ 38.281780179342896, -3.442465685096496 ], [ 38.281780179342896, -3.542465685096496 ], [ 38.381780179342897, -3.542465685096496 ] ] ] } },
{ "type": "Feature", "properties": { "cell_id": 796, "elephant_count": 3.0, "inside_protected_area": false, "dist_to_settlement_km": 24.902767791204834, "dist_to_road_km": 21.658021156037066, "elephant_score": 0.016042780748663103, "settlement_proximity_score": 0.8571485201116712, "road_proximity_score": 0.8670756531545758, "conflict_risk_score": 0.52368436427933929, "priority_zone": true, "nearest_settlement": "Voi" }, "geometry": { "type": "Polygon", "coordinates": [ [ [ 38.381780179342897, -3.442465685096496 ], [ 38.381780179342897, -3.342465685096496 ], [ 38.281780179342896, -3.342465685096496 ], [ 38.281780179342896, -3.442465685096496 ], [ 38.381780179342897, -3.442465685096496 ] ] ] } },
{ "type": "Feature", "properties": { "cell_id": 797, "elephant_count": 0.0, "inside_protected_area": false, "dist_to_settlement_km": 27.428334299550215, "dist_to_road_km": 16.336444142761692, "elephant_score": 0.0, "settlement_proximity_score": 0.84144948834869338, "road_proximity_score": 0.89976862183272055, "conflict_risk_score": 0.52236543305442418, "priority_zone": true, "nearest_settlement": "Voi" }, "geometry": { "type": "Polygon", "coordinates": [ [ [ 38.381780179342897, -3.342465685096497 ], [ 38.381780179342897, -3.242465685096497 ], [ 38.281780179342896, -3.242465685096497 ], [ 38.281780179342896, -3.342465685096497 ], [ 38.381780179342897, -3.342465685096497 ] ] ] } },
{ "type": "Feature", "properties": { "cell_id": 798, "elephant_count": 1.0, "inside_protected_area": false, "dist_to_settlement_km": 33.628844779936955, "dist_to_road_km": 11.014867129486369, "elephant_score": 0.0053475935828877002, "settlement_proximity_score": 0.80290684428978021, "road_proximity_score": 0.93246159051086508, "conflict_risk_score": 0.5227495678733487, "priority_zone": true, "nearest_settlement": "Voi" }, "geometry": { "type": "Polygon", "coordinates": [ [ [ 38.381780179342897, -3.242465685096497 ], [ 38.381780179342897, -3.142465685096497 ], [ 38.281780179342896, -3.142465685096497 ], [ 38.281780179342896, -3.242465685096497 ], [ 38.381780179342897, -3.242465685096497 ] ] ] } },
{ "type": "Feature", "properties": { "cell_id": 799, "elephant_count": 3.0, "inside_protected_area": true, "dist_to_settlement_km": 41.903518706885492, "dist_to_road_km": 5.6932901162110232, "elephant_score": 0.016042780748663103, "settlement_proximity_score": 0.75147110962264763, "road_proximity_score": 0.96515455918900972, "conflict_risk_score": 0.52140481294296237, "priority_zone": false, "nearest_settlement": "Voi" }, "geometry": { "type": "Polygon", "coordinates": [ [ [ 38.381780179342897, -3.142465685096497 ], [ 38.381780179342897, -3.042465685096497 ], [ 38.281780179342896, -3.042465685096497 ], [ 38.281780179342896, -3.142465685096497 ], [ 38.381780179342897, -3.142465685096497 ] ] ] } },
{ "type": "Feature", "properties": { "cell_id": 800, "elephant_count": 1.0, "inside_protected_area": true, "dist_to_settlement_km": 38.903067179700145, "dist_to_road_km": 0.37171310293568027, "elephant_score": 0.0053475935828877002, "settlement_proximity_score": 0.77012204741142043, "road_proximity_score": 0.99784752786715436, "conflict_risk_score": 0.53252991001672745, "priority_zone": false, "nearest_settlement": "Mtito Andei" }, "geometry": { "type": "Polygon", "coordinates": [ [ [ 38.381780179342897, -3.042465685096498 ], [ 38.381780179342897, -2.942465685096498 ], [ 38.281780179342896, -2.942465685096498 ], [ 38.281780179342896, -3.042465685096498 ], [ 38.381780179342897, -3.042465685096498 ] ] ] } },
{ "type": "Feature", "properties": { "cell_id": 801, "elephant_count": 3.0, "inside_protected_area": true, "dist_to_settlement_km": 29.577230343179092, "dist_to_road_km": 4.9498639103396656, "elephant_score": 0.016042780748663103, "settlement_proximity_score": 0.82809185665188689, "road_proximity_score": 0.96972177856823372, "conflict_risk_score": 0.54576120286550145, "priority_zone": false, "nearest_settlement": "Mtito Andei" }, "geometry": { "type": "Polygon", "coordinates": [ [ [ 38.381780179342897, -2.942465685096498 ], [ 38.381780179342897, -2.842465685096498 ], [ 38.281780179342896, -2.842465685096498 ], [ 38.281780179342896, -2.942465685096498 ], [ 38.381780179342897, -2.942465685096498 ] ] ] } },
{ "type": "Feature", "properties": { "cell_id": 802, "elephant_count": 3.0, "inside_protected_area": true, "dist_to_settlement_km": 21.968078513121778, "dist_to_road_km": 10.271440923615035, "elephant_score": 0.016042780748663103, "settlement_proximity_score": 0.87539067688673866, "road_proximity_score": 0.93702880989008897, "conflict_risk_score": 0.55014295833251348, "priority_zone": false, "nearest_settlement": "Mtito Andei" }, "geometry": { "type": "Polygon", "coordinates": [ [ [ 38.381780179342897, -2.842465685096498 ], [ 38.381780179342897, -2.742465685096498 ], [ 38.281780179342896, -2.742465685096498 ], [ 38.281780179342896, -2.842465685096498 ], [ 38.381780179342897, -2.842465685096498 ] ] ] } },
{ "type": "Feature", "properties": { "cell_id": 803, "elephant_count": 3.0, "inside_protected_area": true, "dist_to_settlement_km": 18.352122284463238, "dist_to_road_km": 15.593017936890382, "elephant_score": 0.016042780748663103, "settlement_proximity_score": 0.89786761879251276, "road_proximity_score": 0.90433584121194432, "conflict_risk_score": 0.54707815030080242, "priority_zone": false, "nearest_settlement": "Mtito Andei" }, "geometry": { "type": "Polygon", "coordinates": [ [ [ 38.381780179342897, -2.742465685096499 ], [ 38.381780179342897, -2.642465685096499 ], [ 38.281780179342896, -2.642465685096499 ], [ 38.281780179342896, -2.742465685096499 ], [ 38.381780179342897, -2.742465685096499 ] ] ] } },
{ "type": "Feature", "properties": { "cell_id": 804, "elephant_count": 1.0, "inside_protected_area": false, "dist_to_settlement_km": 20.914691275012878, "dist_to_road_km": 20.914691275012878, "elephant_score": 0.0053475935828877002, "settlement_proximity_score": 0.88193857798344011, "road_proximity_score": 0.87164228076462991, "conflict_risk_score": 0.52821329505757608, "priority_zone": true, "nearest_settlement": "Mtito Andei" }, "geometry": { "type": "Polygon", "coordinates": [ [ [ 38.381780179342897, -2.642465685096499 ], [ 38.381780179342897, -2.542465685096499 ], [ 38.281780179342896, -2.542465685096499 ], [ 38.281780179342896, -2.642465685096499 ], [ 38.381780179342897, -2.642465685096499 ] ] ] } },
{ "type": "Feature", "properties": { "cell_id": 805, "elephant_count": 1.0, "inside_protected_area": true, "dist_to_settlement_km": 28.008360000441041, "dist_to_road_km": 28.008360000441041, "elephant_score": 0.0053475935828877002, "settlement_proximity_score": 0.83784402324946128, "road_proximity_score": 0.82806251317411661, "conflict_risk_score": 0.50191099836022846, "priority_zone": false, "nearest_settlement": "Mtito Andei" }, "geometry": { "type": "Polygon", "coordinates": [ [ [ 38.381780179342897, -2.5424656850965 ], [ 38.381780179342897, -2.442465685096499 ], [ 38.281780179342896, -2.442465685096499 ], [ 38.281780179342896, -2.5424656850965 ], [ 38.381780179342897, -2.5424656850965 ] ] ] } },
{ "type": "Feature", "properties": { "cell_id": 806, "elephant_count": 1.0, "inside_protected_area": true, "dist_to_settlement_km": 37.120508464991552, "dist_to_road_km": 37.009188835793516, "elephant_score": 0.0053475935828877002, "settlement_proximity_score": 0.78120251026564047, "road_proximity_score": 0.77276615751536337, "conflict_risk_score": 0.46832963776745618, "priority_zone": false, "nearest_settlement": "Mtito Andei" }, "geometry": { "type": "Polygon", "coordinates": [ [ [ 38.381780179342897, -2.4424656850965 ], [ 38.381780179342897, -2.3424656850965 ], [ 38.281780179342896, -2.3424656850965 ], [ 38.281780179342896, -2.4424656850965 ], [ 38.381780179342897, -2.4424656850965 ] ] ] } },
{ "type": "Feature", "properties": { "cell_id": 807, "elephant_count": 0.0, "inside_protected_area": true, "dist_to_settlement_km": 47.093694561848807, "dist_to_road_km": 46.209553098604808, "elephant_score": 0.0, "settlement_proximity_score": 0.71920874973892723, "road_proximity_score": 0.71624396119625355, "conflict_risk_score": 0.43063581328055422, "priority_zone": false, "nearest_settlement": "Mtito Andei" }, "geometry": { "type": "Polygon", "coordinates": [ [ [ 38.381780179342897, -2.3424656850965 ], [ 38.381780179342897, -2.2424656850965 ], [ 38.281780179342896, -2.2424656850965 ], [ 38.281780179342896, -2.3424656850965 ], [ 38.381780179342897, -2.3424656850965 ] ] ] } },
{ "type": "Feature", "properties": { "cell_id": 808, "elephant_count": 1.0, "inside_protected_area": true, "dist_to_settlement_km": 57.481475157392289, "dist_to_road_km": 55.409917361416134, "elephant_score": 0.0053475935828877002, "settlement_proximity_score": 0.65463785169390931, "road_proximity_score": 0.65972176487714362, "conflict_risk_score": 0.39644692240447099, "priority_zone": false, "nearest_settlement": "Mtito Andei" }, "geometry": { "type": "Polygon", "coordinates": [ [ [ 38.381780179342897, -2.242465685096501 ], [ 38.381780179342897, -2.1424656850965 ], [ 38.281780179342896, -2.1424656850965 ], [ 38.281780179342896, -2.242465685096501 ], [ 38.381780179342897, -2.242465685096501 ] ] ] } },
{ "type": "Feature", "properties": { "cell_id": 809, "elephant_count": 0.0, "inside_protected_area": false, "dist_to_settlement_km": 68.094374988357913, "dist_to_road_km": 64.610281624227454, "elephant_score": 0.0, "settlement_proximity_score": 0.58866760264559304, "road_proximity_score": 0.60319956855803358, "conflict_risk_score": 0.35756015136108799, "priority_zone": false, "nearest_settlement": "Mtito Andei" }, "geometry": { "type": "Polygon", "coordinates": [ [ [ 38.381780179342897, -2.142465685096501 ], [ 38.381780179342897, -2.042465685096501 ], [ 38.281780179342896, -2.042465685096501 ], [ 38.281780179342896, -2.142465685096501 ], [ 38.381780179342897, -2.142465685096501 ] ] ] } },
{ "type": "Feature", "properties": { "cell_id": 810, "elephant_count": 0.0, "inside_protected_area": false, "dist_to_settlement_km": 78.841536158552273, "dist_to_road_km": 73.810645887038817, "elephant_score": 0.0, "settlement_proximity_score": 0.52186277924648183, "road_proximity_score": 0.54667737223892343, "conflict_risk_score": 0.32056204544562161, "priority_zone": false, "nearest_settlement": "Mtito Andei" }, "geometry": { "type": "Polygon", "coordinates": [ [ [ 38.381780179342897, -2.042465685096501 ], [ 38.381780179342897, -1.942465685096501 ], [ 38.281780179342896, -1.942465685096501 ], [ 38.281780179342896, -2.042465685096501 ], [ 38.381780179342897, -2.042465685096501 ] ] ] } },
{ "type": "Feature", "properties": { "cell_id": 811, "elephant_count": 0.0, "inside_protected_area": false, "dist_to_settlement_km": 89.674699568080541, "dist_to_road_km": 83.011010149850179, "elephant_score": 0.0, "settlement_proximity_score": 0.45452336217005962, "road_proximity_score": 0.49015517591981317, "conflict_risk_score": 0.28340356142696183, "priority_zone": false, "nearest_settlement": "Mtito Andei" }, "geometry": { "type": "Polygon", "coordinates": [ [ [ 38.381780179342897, -1.942465685096502 ], [ 38.381780179342897, -1.842465685096502 ], [ 38.281780179342896, -1.842465685096502 ], [ 38.281780179342896, -1.942465685096502 ], [ 38.381780179342897, -1.942465685096502 ] ] ] } },
{ "type": "Feature", "properties": { "cell_id": 812, "elephant_count": 0.0, "inside_protected_area": false, "dist_to_settlement_km": 100.56607609631932, "dist_to_road_km": 92.211374412661471, "elephant_score": 0.0, "settlement_proximity_score": 0.3868220898042839, "road_proximity_score": 0.43363297960070346, "conflict_risk_score": 0.24613652082149617, "priority_zone": false, "nearest_settlement": "Mtito Andei" }, "geometry": { "type": "Polygon", "coordinates": [ [ [ 38.381780179342897, -1.842465685096502 ], [ 38.381780179342897, -1.742465685096502 ], [ 38.281780179342896, -1.742465685096502 ], [ 38.281780179342896, -1.842465685096502 ], [ 38.381780179342897, -1.842465685096502 ] ] ] } },
{ "type": "Feature", "properties": { "cell_id": 813, "elephant_count": 0.0, "inside_protected_area": false, "dist_to_settlement_km": 110.12856052113293, "dist_to_road_km": 101.41173867547282, "elephant_score": 0.0, "settlement_proximity_score": 0.32738126881537977, "road_proximity_score": 0.37711078328159331, "conflict_risk_score": 0.21134761562909191, "priority_zone": false, "nearest_settlement": "Emali" }, "geometry": { "type": "Polygon", "coordinates": [ [ [ 38.381780179342897, -1.742465685096502 ], [ 38.381780179342897, -1.642465685096502 ], [ 38.281780179342896, -1.642465685096502 ], [ 38.281780179342896, -1.742465685096502 ], [ 38.381780179342897, -1.742465685096502 ] ] ] } },
{ "type": "Feature", "properties": { "cell_id": 814, "elephant_count": 0.0, "inside_protected_area": false, "dist_to_settlement_km": 116.55142110348562, "dist_to_road_km": 110.61210293828418, "elephant_score": 0.0, "settlement_proximity_score": 0.28745648680772107, "road_proximity_score": 0.32058858696248305, "conflict_risk_score": 0.18241352213106121, "priority_zone": false, "nearest_settlement": "Emali" }, "geometry": { "type": "Polygon", "coordinates": [ [ [ 38.381780179342897, -1.642465685096503 ], [ 38.381780179342897, -1.542465685096503 ], [ 38.281780179342896, -1.542465685096503 ], [ 38.281780179342896, -1.642465685096503 ], [ 38.381780179342897, -1.642465685096503 ] ] ] } },
{ "type": "Feature", "properties": { "cell_id": 815, "elephant_count": 0.0, "inside_protected_area": false, "dist_to_settlement_km": 96.709811896424668, "dist_to_road_km": 125.5522722324979, "elephant_score": 0.0, "settlement_proximity_score": 0.41079279655880241, "road_proximity_score": 0.22880404911525543, "conflict_risk_score": 0.19187905370221736, "priority_zone": false, "nearest_settlement": "Meru" }, "geometry": { "type": "Polygon", "coordinates": [ [ [ 38.381780179342897, -0.542465685096507 ], [ 38.381780179342897, -0.442465685096507 ], [ 38.281780179342896, -0.442465685096507 ], [ 38.281780179342896, -0.542465685096507 ], [ 38.381780179342897, -0.542465685096507 ] ] ] } },
{ "type": "Feature", "properties": { "cell_id": 816, "elephant_count": 0.0, "inside_protected_area": false, "dist_to_settlement_km": 90.217812963001009, "dist_to_road_km": 117.47018260617652, "elephant_score": 0.0, "settlement_proximity_score": 0.45114734557751246, "road_proximity_score": 0.27845615456221862, "conflict_risk_score": 0.21888105004191932, "priority_zone": false, "nearest_settlement": "Meru" }, "geometry": { "type": "Polygon", "coordinates": [ [ [ 38.381780179342897, -0.442465685096507 ], [ 38.381780179342897, -0.342465685096507 ], [ 38.281780179342896, -0.342465685096507 ], [ 38.281780179342896, -0.442465685096507 ], [ 38.381780179342897, -0.442465685096507 ] ] ] } },
{ "type": "Feature", "properties": { "cell_id": 817, "elephant_count": 0.0, "inside_protected_area": false, "dist_to_settlement_km": 84.688487025168342, "dist_to_road_km": 109.91603404560009, "elephant_score": 0.0, "settlement_proximity_score": 0.48551787719450101, "road_proximity_score": 0.32486486793137315, "conflict_risk_score": 0.24311482353776223, "priority_zone": false, "nearest_settlement": "Meru" }, "geometry": { "type": "Polygon", "coordinates": [ [ [ 38.381780179342897, -0.342465685096507 ], [ 38.381780179342897, -0.242465685096507 ], [ 38.281780179342896, -0.242465685096507 ], [ 38.281780179342896, -0.342465685096507 ], [ 38.381780179342897, -0.342465685096507 ] ] ] } },
{ "type": "Feature", "properties": { "cell_id": 818, "elephant_count": 0.0, "inside_protected_area": false, "dist_to_settlement_km": 80.320893255723291, "dist_to_road_km": 103.00604486678783, "elephant_score": 0.0, "settlement_proximity_score": 0.5126670308943666, "road_proximity_score": 0.36731620504923712, "conflict_risk_score": 0.2639949707830811, "priority_zone": false, "nearest_settlement": "Meru" }, "geometry": { "type": "Polygon", "coordinates": [ [ [ 38.381780179342897, -0.242465685096508 ], [ 38.381780179342897, -0.142465685096508 ], [ 38.281780179342896, -0.142465685096508 ], [ 38.281780179342896, -0.242465685096508 ], [ 38.381780179342897, -0.242465685096508 ] ] ] } },
{ "type": "Feature", "properties": { "cell_id": 819, "elephant_count": 0.0, "inside_protected_area": false, "dist_to_settlement_km": 77.312172082942297, "dist_to_road_km": 96.878150363659913, "elephant_score": 0.0, "settlement_proximity_score": 0.5313693731614797, "road_proximity_score": 0.40496276405871212, "conflict_risk_score": 0.28089964116605753, "priority_zone": false, "nearest_settlement": "Meru" }, "geometry": { "type": "Polygon", "coordinates": [ [ [ 38.381780179342897, -0.142465685096508 ], [ 38.381780179342897, -0.042465685096508 ], [ 38.281780179342896, -0.042465685096508 ], [ 38.281780179342896, -0.142465685096508 ], [ 38.381780179342897, -0.142465685096508 ] ] ] } },
{ "type": "Feature", "properties": { "cell_id": 820, "elephant_count": 1.0, "inside_protected_area": true, "dist_to_settlement_km": 75.82425740465689, "dist_to_road_km": 91.689294667747802, "elephant_score": 0.0053475935828877002, "settlement_proximity_score": 0.54061831581169995, "road_proximity_score": 0.43684036280785743, "conflict_risk_score": 0.29537664101902228, "priority_zone": false, "nearest_settlement": "Meru" }, "geometry": { "type": "Polygon", "coordinates": [ [ [ 38.381780179342897, -0.042465685096508 ], [ 38.381780179342897, 0.057534314903492 ], [ 38.281780179342896, 0.057534314903492 ], [ 38.281780179342896, -0.042465685096508 ], [ 38.381780179342897, -0.042465685096508 ] ] ] } },
{ "type": "Feature", "properties": { "cell_id": 821, "elephant_count": 2.0, "inside_protected_area": false, "dist_to_settlement_km": 75.946586952626447, "dist_to_road_km": 87.606492313379789, "elephant_score": 0.0106951871657754, "settlement_proximity_score": 0.53985790999669603, "road_proximity_score": 0.46192295188952037, "conflict_risk_score": 0.30481233343217506, "priority_zone": false, "nearest_settlement": "Meru" }, "geometry": { "type": "Polygon", "coordinates": [ [ [ 38.381780179342897, 0.057534314903491 ], [ 38.381780179342897, 0.157534314903491 ], [ 38.281780179342896, 0.157534314903491 ], [ 38.281780179342896, 0.057534314903491 ], [ 38.381780179342897, 0.057534314903491 ] ] ] } },
{ "type": "Feature", "properties": { "cell_id": 822, "elephant_count": 0.0, "inside_protected_area": false, "dist_to_settlement_km": 77.671552891249391, "dist_to_road_km": 84.238554845494434, "elephant_score": 0.0, "settlement_proximity_score": 0.52913544635496912, "road_proximity_score": 0.48261378730782734, "conflict_risk_score": 0.30352477009883894, "priority_zone": false, "nearest_settlement": "Meru" }, "geometry": { "type": "Polygon", "coordinates": [ [ [ 38.381780179342897, 0.157534314903491 ], [ 38.381780179342897, 0.257534314903491 ], [ 38.281780179342896, 0.257534314903491 ], [ 38.281780179342896, 0.157534314903491 ], [ 38.381780179342897, 0.157534314903491 ] ] ] } },
{ "type": "Feature", "properties": { "cell_id": 823, "elephant_count": 0.0, "inside_protected_area": false, "dist_to_settlement_km": 80.896700719642041, "dist_to_road_km": 80.875518200419279, "elephant_score": 0.0, "settlement_proximity_score": 0.50908778654045639, "road_proximity_score": 0.50327451464985706, "conflict_risk_score": 0.30370869035709402, "priority_zone": false, "nearest_settlement": "Meru" }, "geometry": { "type": "Polygon", "coordinates": [ [ [ 38.381780179342897, 0.257534314903491 ], [ 38.381780179342897, 0.357534314903491 ], [ 38.281780179342896, 0.357534314903491 ], [ 38.281780179342896, 0.257534314903491 ], [ 38.381780179342897, 0.257534314903491 ] ] ] } },
{ "type": "Feature", "properties": { "cell_id": 824, "elephant_count": 0.0, "inside_protected_area": false, "dist_to_settlement_km": 77.525707254485582, "dist_to_road_km": 77.512481555344124, "elephant_score": 0.0, "settlement_proximity_score": 0.53004202920538357, "road_proximity_score": 0.52393524199188679, "conflict_risk_score": 0.31619318135918112, "priority_zone": false, "nearest_settlement": "Archer's Post" }, "geometry": { "type": "Polygon", "coordinates": [ [ [ 38.381780179342897, 0.35753431490349 ], [ 38.381780179342897, 0.45753431490349 ], [ 38.281780179342896, 0.45753431490349 ], [ 38.281780179342896, 0.35753431490349 ], [ 38.381780179342897, 0.35753431490349 ] ] ] } },
{ "type": "Feature", "properties": { "cell_id": 825, "elephant_count": 0.0, "inside_protected_area": false, "dist_to_settlement_km": 74.711414550210336, "dist_to_road_km": 74.711414550210336, "elephant_score": 0.0, "settlement_proximity_score": 0.54753579561729215, "road_proximity_score": 0.54114352360385587, "conflict_risk_score": 0.32660379576634441, "priority_zone": false, "nearest_settlement": "Archer's Post" }, "geometry": { "type": "Polygon", "coordinates": [ [ [ 38.381780179342897, 0.45753431490349 ], [ 38.381780179342897, 0.55753431490349 ], [ 38.281780179342896, 0.55753431490349 ], [ 38.281780179342896, 0.45753431490349 ], [ 38.381780179342897, 0.45753431490349 ] ] ] } },
{ "type": "Feature", "properties": { "cell_id": 826, "elephant_count": 0.0, "inside_protected_area": false, "dist_to_settlement_km": 73.483165710784121, "dist_to_road_km": 73.483165710784121, "elephant_score": 0.0, "settlement_proximity_score": 0.55517064406783856, "road_proximity_score": 0.54868923810468084, "conflict_risk_score": 0.33115796465175584, "priority_zone": false, "nearest_settlement": "Archer's Post" }, "geometry": { "type": "Polygon", "coordinates": [ [ [ 38.381780179342897, 0.557534314903489 ], [ 38.381780179342897, 0.657534314903489 ], [ 38.281780179342896, 0.657534314903489 ], [ 38.281780179342896, 0.557534314903489 ], [ 38.381780179342897, 0.557534314903489 ] ] ] } },
{ "type": "Feature", "properties": { "cell_id": 827, "elephant_count": 0.0, "inside_protected_area": false, "dist_to_settlement_km": 73.920063728758635, "dist_to_road_km": 73.920063728758635, "elephant_score": 0.0, "settlement_proximity_score": 0.55245486689915202, "road_proximity_score": 0.54600516660077281, "conflict_risk_score": 0.3295380100499774, "priority_zone": false, "nearest_settlement": "Archer's Post" }, "geometry": { "type": "Polygon", "coordinates": [ [ [ 38.381780179342897, 0.657534314903489 ], [ 38.381780179342897, 0.757534314903489 ], [ 38.281780179342896, 0.757534314903489 ], [ 38.281780179342896, 0.657534314903489 ], [ 38.381780179342897, 0.657534314903489 ] ] ] } },
{ "type": "Feature", "properties": { "cell_id": 828, "elephant_count": 0.0, "inside_protected_area": false, "dist_to_settlement_km": 75.993394452734591, "dist_to_road_km": 75.993394452734591, "elephant_score": 0.0, "settlement_proximity_score": 0.53956695253090958, "road_proximity_score": 0.53326771372744464, "conflict_risk_score": 0.32185039987750624, "priority_zone": false, "nearest_settlement": "Archer's Post" }, "geometry": { "type": "Polygon", "coordinates": [ [ [ 38.381780179342897, 0.757534314903489 ], [ 38.381780179342897, 0.857534314903489 ], [ 38.281780179342896, 0.857534314903489 ], [ 38.281780179342896, 0.757534314903489 ], [ 38.381780179342897, 0.757534314903489 ] ] ] } },
{ "type": "Feature", "properties": { "cell_id": 829, "elephant_count": 0.0, "inside_protected_area": false, "dist_to_settlement_km": 79.57534906762325, "dist_to_road_km": 79.57534906762325, "elephant_score": 0.0, "settlement_proximity_score": 0.51730136614192834, "road_proximity_score": 0.51126206958493614, "conflict_risk_score": 0.30856903071805936, "priority_zone": false, "nearest_settlement": "Archer's Post" }, "geometry": { "type": "Polygon", "coordinates": [ [ [ 38.381780179342897, 0.857534314903488 ], [ 38.381780179342897, 0.957534314903488 ], [ 38.281780179342896, 0.957534314903488 ], [ 38.281780179342896, 0.857534314903488 ], [ 38.381780179342897, 0.857534314903488 ] ] ] } },
{ "type": "Feature", "properties": { "cell_id": 830, "elephant_count": 0.0, "inside_protected_area": false, "dist_to_settlement_km": 133.51165041365016, "dist_to_road_km": 133.51165041365016, "elephant_score": 0.0, "settlement_proximity_score": 0.18203096038905642, "road_proximity_score": 0.17990581821024776, "conflict_risk_score": 0.10858103357979125, "priority_zone": false, "nearest_settlement": "Voi" }, "geometry": { "type": "Polygon", "coordinates": [ [ [ 38.481780179342898, -4.642465685096492 ], [ 38.481780179342898, -4.542465685096492 ], [ 38.381780179342897, -4.542465685096492 ], [ 38.381780179342897, -4.642465685096492 ], [ 38.481780179342898, -4.642465685096492 ] ] ] } },
{ "type": "Feature", "properties": { "cell_id": 831, "elephant_count": 0.0, "inside_protected_area": false, "dist_to_settlement_km": 122.4764731487722, "dist_to_road_km": 122.4764731487722, "elephant_score": 0.0, "settlement_proximity_score": 0.25062610441672606, "road_proximity_score": 0.24770014003974239, "conflict_risk_score": 0.14949787333694053, "priority_zone": false, "nearest_settlement": "Voi" }, "geometry": { "type": "Polygon", "coordinates": [ [ [ 38.481780179342898, -4.542465685096492 ], [ 38.481780179342898, -4.442465685096493 ], [ 38.381780179342897, -4.442465685096493 ], [ 38.381780179342897, -4.542465685096492 ], [ 38.481780179342898, -4.542465685096492 ] ] ] } },
{ "type": "Feature", "properties": { "cell_id": 832, "elephant_count": 0.0, "inside_protected_area": false, "dist_to_settlement_km": 111.45417064312655, "dist_to_road_km": 111.45417064312655, "elephant_score": 0.0, "settlement_proximity_score": 0.31914121837848319, "road_proximity_score": 0.31541536612388354, "conflict_risk_score": 0.19036697535071001, "priority_zone": false, "nearest_settlement": "Voi" }, "geometry": { "type": "Polygon", "coordinates": [ [ [ 38.481780179342898, -4.442465685096493 ], [ 38.481780179342898, -4.342465685096493 ], [ 38.381780179342897, -4.342465685096493 ], [ 38.381780179342897, -4.442465685096493 ], [ 38.481780179342898, -4.442465685096493 ] ] ] } },
{ "type": "Feature", "properties": { "cell_id": 833, "elephant_count": 0.0, "inside_protected_area": false, "dist_to_settlement_km": 100.44898124188421, "dist_to_road_km": 100.44898124188421, "elephant_score": 0.0, "settlement_proximity_score": 0.38754995653556334, "road_proximity_score": 0.38302545830037893, "conflict_risk_score": 0.23117262445078268, "priority_zone": false, "nearest_settlement": "Voi" }, "geometry": { "type": "Polygon", "coordinates": [ [ [ 38.481780179342898, -4.342465685096493 ], [ 38.481780179342898, -4.242465685096493 ], [ 38.381780179342897, -4.242465685096493 ], [ 38.381780179342897, -4.342465685096493 ], [ 38.481780179342898, -4.342465685096493 ] ] ] } },
{ "type": "Feature", "properties": { "cell_id": 834, "elephant_count": 0.0, "inside_protected_area": false, "dist_to_settlement_km": 89.467220317374526, "dist_to_road_km": 89.467220317374526, "elephant_score": 0.0, "settlement_proximity_score": 0.45581306225763574, "road_proximity_score": 0.45049161824511541, "conflict_risk_score": 0.27189140415082536, "priority_zone": false, "nearest_settlement": "Voi" }, "geometry": { "type": "Polygon", "coordinates": [ [ [ 38.481780179342898, -4.242465685096493 ], [ 38.481780179342898, -4.142465685096494 ], [ 38.381780179342897, -4.142465685096494 ], [ 38.381780179342897, -4.242465685096493 ], [ 38.481780179342898, -4.242465685096493 ] ] ] } },
{ "type": "Feature", "properties": { "cell_id": 835, "elephant_count": 0.0, "inside_protected_area": true, "dist_to_settlement_km": 78.518718724281655, "dist_to_road_km": 78.518718724281655, "elephant_score": 0.0, "settlement_proximity_score": 0.52386942652245394, "road_proximity_score": 0.5177534503604222, "conflict_risk_score": 0.31248686306486284, "priority_zone": false, "nearest_settlement": "Voi" }, "geometry": { "type": "Polygon", "coordinates": [ [ [ 38.481780179342898, -4.142465685096494 ], [ 38.481780179342898, -4.042465685096494 ], [ 38.381780179342897, -4.042465685096494 ], [ 38.381780179342897, -4.142465685096494 ], [ 38.481780179342898, -4.142465685096494 ] ] ] } },
{ "type": "Feature", "properties": { "cell_id": 836, "elephant_count": 0.0, "inside_protected_area": true, "dist_to_settlement_km": 67.619633752987014, "dist_to_road_km": 67.619633752987014, "elephant_score": 0.0, "settlement_proximity_score": 0.59161861490706225, "road_proximity_score": 0.58471169275700485, "conflict_risk_score": 0.35289909229922012, "priority_zone": false, "nearest_settlement": "Voi" }, "geometry": { "type": "Polygon", "coordinates": [ [ [ 38.481780179342898, -4.042465685096494 ], [ 38.481780179342898, -3.942465685096494 ], [ 38.381780179342897, -3.942465685096494 ], [ 38.381780179342897, -4.042465685096494 ], [ 38.481780179342898, -4.042465685096494 ] ] ] } },
{ "type": "Feature", "properties": { "cell_id": 837, "elephant_count": 0.0, "inside_protected_area": true, "dist_to_settlement_km": 56.798420292058516, "dist_to_road_km": 56.798420292058516, "elephant_score": 0.0, "settlement_proximity_score": 0.6588837505808709, "road_proximity_score": 0.65119153357394877, "conflict_risk_score": 0.3930225852464459, "priority_zone": false, "nearest_settlement": "Voi" }, "geometry": { "type": "Polygon", "coordinates": [ [ [ 38.481780179342898, -3.942465685096495 ], [ 38.481780179342898, -3.842465685096494 ], [ 38.381780179342897, -3.842465685096494 ], [ 38.381780179342897, -3.942465685096495 ], [ 38.481780179342898, -3.942465685096495 ] ] ] } },
{ "type": "Feature", "properties": { "cell_id": 838, "elephant_count": 0.0, "inside_protected_area": false, "dist_to_settlement_km": 46.109936309417677, "dist_to_road_km": 46.109936309417677, "elephant_score": 0.0, "settlement_proximity_score": 0.7253238340184246, "road_proximity_score": 0.71685595432546845, "conflict_risk_score": 0.43265393650316786, "priority_zone": false, "nearest_settlement": "Voi" }, "geometry": { "type": "Polygon", "coordinates": [ [ [ 38.481780179342898, -3.842465685096495 ], [ 38.481780179342898, -3.742465685096495 ], [ 38.381780179342897, -3.742465685096495 ], [ 38.381780179342897, -3.842465685096495 ], [ 38.481780179342898, -3.842465685096495 ] ] ] } },
{ "type": "Feature", "properties": { "cell_id": 839, "elephant_count": 0.0, "inside_protected_area": false, "dist_to_settlement_km": 35.673686454356947, "dist_to_road_km": 35.673686454356947, "elephant_score": 0.0, "settlement_proximity_score": 0.79019601909832171, "road_proximity_score": 0.78097078133589137, "conflict_risk_score": 0.47135004013026394, "priority_zone": false, "nearest_settlement": "Voi" }, "geometry": { "type": "Polygon", "coordinates": [ [ [ 38.481780179342898, -3.742465685096495 ], [ 38.481780179342898, -3.642465685096495 ], [ 38.381780179342897, -3.642465685096495 ], [ 38.381780179342897, -3.742465685096495 ], [ 38.481780179342898, -3.742465685096495 ] ] ] } },
{ "type": "Feature", "properties": { "cell_id": 840, "elephant_count": 0.0, "inside_protected_area": false, "dist_to_settlement_km": 25.797627488375525, "dist_to_road_km": 25.797627488375525, "elephant_score": 0.0, "settlement_proximity_score": 0.85158603313583014, "road_proximity_score": 0.84164409032547871, "conflict_risk_score": 0.50796903703839269, "priority_zone": true, "nearest_settlement": "Voi" }, "geometry": { "type": "Polygon", "coordinates": [ [ [ 38.481780179342898, -3.642465685096496 ], [ 38.481780179342898, -3.542465685096496 ], [ 38.381780179342897, -3.542465685096496 ], [ 38.381780179342897, -3.642465685096496 ], [ 38.481780179342898, -3.642465685096496 ] ] ] } },
{ "type": "Feature", "properties": { "cell_id": 841, "elephant_count": 1.0, "inside_protected_area": false, "dist_to_settlement_km": 17.45976124734252, "dist_to_road_km": 17.45976124734252, "elephant_score": 0.0053475935828877002, "settlement_proximity_score": 0.9034145739883116, "road_proximity_score": 0.8928675526902331, "conflict_risk_score": 0.54102367543671837, "priority_zone": true, "nearest_settlement": "Voi" }, "geometry": { "type": "Polygon", "coordinates": [ [ [ 38.481780179342898, -3.542465685096496 ], [ 38.481780179342898, -3.442465685096496 ], [ 38.381780179342897, -3.442465685096496 ], [ 38.381780179342897, -3.542465685096496 ], [ 38.481780179342898, -3.542465685096496 ] ] ] } },
{ "type": "Feature", "properties": { "cell_id": 842, "elephant_count": 7.0, "inside_protected_area": false, "dist_to_settlement_km": 13.805395380046861, "dist_to_road_km": 11.916829335126138, "elephant_score": 0.037433155080213901, "settlement_proximity_score": 0.92613027188604879, "road_proximity_score": 0.92692040937897691, "conflict_risk_score": 0.57088846641159319, "priority_zone": true, "nearest_settlement": "Voi" }, "geometry": { "type": "Polygon", "coordinates": [ [ [ 38.481780179342898, -3.442465685096496 ], [ 38.481780179342898, -3.342465685096496 ], [ 38.381780179342897, -3.342465685096496 ], [ 38.381780179342897, -3.442465685096496 ], [ 38.481780179342898, -3.442465685096496 ] ] ] } },
{ "type": "Feature", "properties": { "cell_id": 843, "elephant_count": 14.0, "inside_protected_area": false, "dist_to_settlement_km": 17.965372815074922, "dist_to_road_km": 6.5952523218507668, "elephant_score": 0.074866310160427801, "settlement_proximity_score": 0.90027167039209621, "road_proximity_score": 0.95961337805712166, "conflict_risk_score": 0.58791203859893648, "priority_zone": true, "nearest_settlement": "Voi" }, "geometry": { "type": "Polygon", "coordinates": [ [ [ 38.481780179342898, -3.342465685096497 ], [ 38.481780179342898, -3.242465685096497 ], [ 38.381780179342897, -3.242465685096497 ], [ 38.381780179342897, -3.342465685096497 ], [ 38.481780179342898, -3.342465685096497 ] ] ] } },
{ "type": "Feature", "properties": { "cell_id": 844, "elephant_count": 5.0, "inside_protected_area": false, "dist_to_settlement_km": 26.482830271136862, "dist_to_road_km": 1.273675308575444, "elephant_score": 0.026737967914438502, "settlement_proximity_score": 0.84732678270029183, "road_proximity_score": 0.99230634673526619, "conflict_risk_score": 0.56258512599644273, "priority_zone": true, "nearest_settlement": "Voi" }, "geometry": { "type": "Polygon", "coordinates": [ [ [ 38.481780179342898, -3.242465685096497 ], [ 38.481780179342898, -3.142465685096497 ], [ 38.381780179342897, -3.142465685096497 ], [ 38.381780179342897, -3.242465685096497 ], [ 38.481780179342898, -3.242465685096497 ] ] ] } },
{ "type": "Feature", "properties": { "cell_id": 845, "elephant_count": 1.0, "inside_protected_area": true, "dist_to_settlement_km": 36.419033182596323, "dist_to_road_km": 4.0479017046999006, "elephant_score": 0.0053475935828877002, "settlement_proximity_score": 0.78556291126988143, "road_proximity_score": 0.97526295970012189, "conflict_risk_score": 0.53038679872415606, "priority_zone": false, "nearest_settlement": "Voi" }, "geometry": { "type": "Polygon", "coordinates": [ [ [ 38.481780179342898, -3.142465685096497 ], [ 38.481780179342898, -3.042465685096497 ], [ 38.381780179342897, -3.042465685096497 ], [ 38.381780179342897, -3.142465685096497 ], [ 38.481780179342898, -3.142465685096497 ] ] ] } },
{ "type": "Feature", "properties": { "cell_id": 846, "elephant_count": 2.0, "inside_protected_area": true, "dist_to_settlement_km": 45.204526476062455, "dist_to_road_km": 9.3694787179752446, "elephant_score": 0.0106951871657754, "settlement_proximity_score": 0.73095190110174535, "road_proximity_score": 0.94256999102197725, "conflict_risk_score": 0.50633464250342697, "priority_zone": false, "nearest_settlement": "Mtito Andei" }, "geometry": { "type": "Polygon", "coordinates": [ [ [ 38.481780179342898, -3.042465685096498 ], [ 38.481780179342898, -2.942465685096498 ], [ 38.381780179342897, -2.942465685096498 ], [ 38.381780179342897, -3.042465685096498 ], [ 38.481780179342898, -3.042465685096498 ] ] ] } },
{ "type": "Feature", "properties": { "cell_id": 847, "elephant_count": 1.0, "inside_protected_area": true, "dist_to_settlement_km": 37.480836873130819, "dist_to_road_km": 14.691055731250589, "elephant_score": 0.0053475935828877002, "settlement_proximity_score": 0.7789626931371707, "road_proximity_score": 0.90987702234383261, "conflict_risk_score": 0.50879095207745606, "priority_zone": false, "nearest_settlement": "Mtito Andei" }, "geometry": { "type": "Polygon", "coordinates": [ [ [ 38.481780179342898, -2.942465685096498 ], [ 38.481780179342898, -2.842465685096498 ], [ 38.381780179342897, -2.842465685096498 ], [ 38.381780179342897, -2.942465685096498 ], [ 38.481780179342898, -2.942465685096498 ] ] ] } },
{ "type": "Feature", "properties": { "cell_id": 848, "elephant_count": 2.0, "inside_protected_area": true, "dist_to_settlement_km": 31.821330133975412, "dist_to_road_km": 20.012632744525959, "elephant_score": 0.0106951871657754, "settlement_proximity_score": 0.81414243430304356, "road_proximity_score": 0.87718405366568786, "conflict_risk_score": 0.51167602125692957, "priority_zone": false, "nearest_settlement": "Mtito Andei" }, "geometry": { "type": "Polygon", "coordinates": [ [ [ 38.481780179342898, -2.842465685096498 ], [ 38.481780179342898, -2.742465685096498 ], [ 38.381780179342897, -2.742465685096498 ], [ 38.381780179342897, -2.842465685096498 ], [ 38.481780179342898, -2.842465685096498 ] ] ] } },
{ "type": "Feature", "properties": { "cell_id": 849, "elephant_count": 0.0, "inside_protected_area": true, "dist_to_settlement_km": 29.441483832861771, "dist_to_road_km": 25.334209757801307, "elephant_score": 0.0, "settlement_proximity_score": 0.82893566289105869, "road_proximity_score": 0.84449108498754311, "conflict_risk_score": 0.50202802436358052, "priority_zone": false, "nearest_settlement": "Mtito Andei" }, "geometry": { "type": "Polygon", "coordinates": [ [ [ 38.481780179342898, -2.742465685096499 ], [ 38.481780179342898, -2.642465685096499 ], [ 38.381780179342897, -2.642465685096499 ], [ 38.381780179342897, -2.742465685096499 ], [ 38.481780179342898, -2.742465685096499 ] ] ] } },
{ "type": "Feature", "properties": { "cell_id": 850, "elephant_count": 0.0, "inside_protected_area": true, "dist_to_settlement_km": 31.103454616261974, "dist_to_road_km": 30.655786771076649, "elephant_score": 0.0, "settlement_proximity_score": 0.81860477988658187, "road_proximity_score": 0.81179811630939858, "conflict_risk_score": 0.48912086885879413, "priority_zone": false, "nearest_settlement": "Mtito Andei" }, "geometry": { "type": "Polygon", "coordinates": [ [ [ 38.481780179342898, -2.642465685096499 ], [ 38.481780179342898, -2.542465685096499 ], [ 38.381780179342897, -2.542465685096499 ], [ 38.381780179342897, -2.642465685096499 ], [ 38.481780179342898, -2.642465685096499 ] ] ] } },
{ "type": "Feature", "properties": { "cell_id": 851, "elephant_count": 0.0, "inside_protected_area": true, "dist_to_settlement_km": 36.255603813080739, "dist_to_road_km": 36.255603813080739, "elephant_score": 0.0, "settlement_proximity_score": 0.78657879537134967, "road_proximity_score": 0.7773957873191617, "conflict_risk_score": 0.46919237480715337, "priority_zone": false, "nearest_settlement": "Mtito Andei" }, "geometry": { "type": "Polygon", "coordinates": [ [ [ 38.481780179342898, -2.5424656850965 ], [ 38.481780179342898, -2.442465685096499 ], [ 38.381780179342897, -2.442465685096499 ], [ 38.381780179342897, -2.5424656850965 ], [ 38.481780179342898, -2.5424656850965 ] ] ] } },
{ "type": "Feature", "properties": { "cell_id": 852, "elephant_count": 0.0, "inside_protected_area": true, "dist_to_settlement_km": 43.679889269963574, "dist_to_road_km": 43.679889269963574, "elephant_score": 0.0, "settlement_proximity_score": 0.74042911258933564, "road_proximity_score": 0.73178488451836132, "conflict_risk_score": 0.44166419913230903, "priority_zone": false, "nearest_settlement": "Mtito Andei" }, "geometry": { "type": "Polygon", "coordinates": [ [ [ 38.481780179342898, -2.4424656850965 ], [ 38.481780179342898, -2.3424656850965 ], [ 38.381780179342897, -2.3424656850965 ], [ 38.381780179342897, -2.4424656850965 ], [ 38.481780179342898, -2.4424656850965 ] ] ] } },
{ "type": "Feature", "properties": { "cell_id": 853, "elephant_count": 0.0, "inside_protected_area": true, "dist_to_settlement_km": 52.419620805777264, "dist_to_road_km": 52.419620805777264, "elephant_score": 0.0, "settlement_proximity_score": 0.68610255950619092, "road_proximity_score": 0.67809257326495542, "conflict_risk_score": 0.40925853983134386, "priority_zone": false, "nearest_settlement": "Mtito Andei" }, "geometry": { "type": "Polygon", "coordinates": [ [ [ 38.481780179342898, -2.3424656850965 ], [ 38.481780179342898, -2.2424656850965 ], [ 38.381780179342897, -2.2424656850965 ], [ 38.381780179342897, -2.3424656850965 ], [ 38.481780179342898, -2.3424656850965 ] ] ] } },
{ "type": "Feature", "properties": { "cell_id": 854, "elephant_count": 1.0, "inside_protected_area": true, "dist_to_settlement_km": 61.920275873147361, "dist_to_road_km": 61.619852742044884, "elephant_score": 0.0053475935828877002, "settlement_proximity_score": 0.6270460725046052, "road_proximity_score": 0.62157118989049276, "conflict_risk_score": 0.37672421615168444, "priority_zone": false, "nearest_settlement": "Mtito Andei" }, "geometry": { "type": "Polygon", "coordinates": [ [ [ 38.481780179342898, -2.242465685096501 ], [ 38.481780179342898, -2.1424656850965 ], [ 38.381780179342897, -2.1424656850965 ], [ 38.381780179342897, -2.242465685096501 ], [ 38.481780179342898, -2.242465685096501 ] ] ] } },
{ "type": "Feature", "properties": { "cell_id": 855, "elephant_count": 2.0, "inside_protected_area": true, "dist_to_settlement_km": 71.880765737378411, "dist_to_road_km": 70.820217004856218, "elephant_score": 0.0106951871657754, "settlement_proximity_score": 0.56513123231462048, "road_proximity_score": 0.56504899357138272, "conflict_risk_score": 0.34333214263211109, "priority_zone": false, "nearest_settlement": "Mtito Andei" }, "geometry": { "type": "Polygon", "coordinates": [ [ [ 38.481780179342898, -2.142465685096501 ], [ 38.481780179342898, -2.042465685096501 ], [ 38.381780179342897, -2.042465685096501 ], [ 38.381780179342897, -2.142465685096501 ], [ 38.481780179342898, -2.142465685096501 ] ] ] } },
{ "type": "Feature", "properties": { "cell_id": 856, "elephant_count": 0.0, "inside_protected_area": false, "dist_to_settlement_km": 82.133966188033767, "dist_to_road_km": 80.020581267667566, "elephant_score": 0.0, "settlement_proximity_score": 0.50139689033030554, "road_proximity_score": 0.50852679725227268, "conflict_risk_score": 0.30297710627477348, "priority_zone": false, "nearest_settlement": "Mtito Andei" }, "geometry": { "type": "Polygon", "coordinates": [ [ [ 38.481780179342898, -2.042465685096501 ], [ 38.481780179342898, -1.942465685096501 ], [ 38.381780179342897, -1.942465685096501 ], [ 38.381780179342897, -2.042465685096501 ], [ 38.481780179342898, -2.042465685096501 ] ] ] } },
{ "type": "Feature", "properties": { "cell_id": 857, "elephant_count": 0.0, "inside_protected_area": false, "dist_to_settlement_km": 92.582678296548934, "dist_to_road_km": 89.220945530478915, "elephant_score": 0.0, "settlement_proximity_score": 0.43644723933843466, "road_proximity_score": 0.45200460093316253, "conflict_risk_score": 0.26653555208147917, "priority_zone": false, "nearest_settlement": "Mtito Andei" }, "geometry": { "type": "Polygon", "coordinates": [ [ [ 38.481780179342898, -1.942465685096502 ], [ 38.481780179342898, -1.842465685096502 ], [ 38.381780179342897, -1.842465685096502 ], [ 38.381780179342897, -1.942465685096502 ], [ 38.481780179342898, -1.942465685096502 ] ] ] } },
{ "type": "Feature", "properties": { "cell_id": 858, "elephant_count": 0.0, "inside_protected_area": false, "dist_to_settlement_km": 103.16751542684091, "dist_to_road_km": 98.421309793290192, "elephant_score": 0.0, "settlement_proximity_score": 0.37065142926362193, "road_proximity_score": 0.39548240461405282, "conflict_risk_score": 0.22984015016330239, "priority_zone": false, "nearest_settlement": "Mtito Andei" }, "geometry": { "type": "Polygon", "coordinates": [ [ [ 38.481780179342898, -1.842465685096502 ], [ 38.481780179342898, -1.742465685096502 ], [ 38.381780179342897, -1.742465685096502 ], [ 38.381780179342897, -1.842465685096502 ], [ 38.481780179342898, -1.842465685096502 ] ] ] } },
{ "type": "Feature", "properties": { "cell_id": 859, "elephant_count": 0.0, "inside_protected_area": false, "dist_to_settlement_km": 113.85051672316933, "dist_to_road_km": 107.6216740561016, "elephant_score": 0.0, "settlement_proximity_score": 0.30424542644373587, "road_proximity_score": 0.33896020829494233, "conflict_risk_score": 0.19296169042160344, "priority_zone": false, "nearest_settlement": "Mtito Andei" }, "geometry": { "type": "Polygon", "coordinates": [ [ [ 38.481780179342898, -1.742465685096502 ], [ 38.481780179342898, -1.642465685096502 ], [ 38.381780179342897, -1.642465685096502 ], [ 38.381780179342897, -1.742465685096502 ], [ 38.481780179342898, -1.742465685096502 ] ] ] } },
{ "type": "Feature", "properties": { "cell_id": 860, "elephant_count": 0.0, "inside_protected_area": false, "dist_to_settlement_km": 124.60643673951137, "dist_to_road_km": 116.82203831891292, "elephant_score": 0.0, "settlement_proximity_score": 0.23738615767427906, "road_proximity_score": 0.2824380119758324, "conflict_risk_score": 0.15594725089503342, "priority_zone": false, "nearest_settlement": "Mtito Andei" }, "geometry": { "type": "Polygon", "coordinates": [ [ [ 38.481780179342898, -1.642465685096503 ], [ 38.481780179342898, -1.542465685096503 ], [ 38.381780179342897, -1.542465685096503 ], [ 38.381780179342897, -1.642465685096503 ], [ 38.481780179342898, -1.642465685096503 ] ] ] } },
{ "type": "Feature", "properties": { "cell_id": 861, "elephant_count": 0.0, "inside_protected_area": false, "dist_to_settlement_km": 105.62215882559231, "dist_to_road_km": 133.16793360520418, "elephant_score": 0.0, "settlement_proximity_score": 0.35539325864865423, "road_proximity_score": 0.18201743339962562, "conflict_risk_score": 0.16122320761448394, "priority_zone": false, "nearest_settlement": "Meru" }, "geometry": { "type": "Polygon", "coordinates": [ [ [ 38.481780179342898, -0.542465685096507 ], [ 38.481780179342898, -0.442465685096507 ], [ 38.381780179342897, -0.442465685096507 ], [ 38.381780179342897, -0.542465685096507 ], [ 38.481780179342898, -0.542465685096507 ] ] ] } },
{ "type": "Feature", "properties": { "cell_id": 862, "elephant_count": 0.0, "inside_protected_area": false, "dist_to_settlement_km": 99.71211808884533, "dist_to_road_km": 125.57694565271628, "elephant_score": 0.0, "settlement_proximity_score": 0.39213033008989273, "road_proximity_score": 0.22865246860587451, "conflict_risk_score": 0.18623483960873016, "priority_zone": false, "nearest_settlement": "Meru" }, "geometry": { "type": "Polygon", "coordinates": [ [ [ 38.481780179342898, -0.442465685096507 ], [ 38.481780179342898, -0.342465685096507 ], [ 38.381780179342897, -0.342465685096507 ], [ 38.381780179342897, -0.442465685096507 ], [ 38.481780179342898, -0.442465685096507 ] ] ] } },
{ "type": "Feature", "properties": { "cell_id": 863, "elephant_count": 0.0, "inside_protected_area": false, "dist_to_settlement_km": 94.738548397940377, "dist_to_road_km": 118.54054166507889, "elephant_score": 0.0, "settlement_proximity_score": 0.42304625659386541, "road_proximity_score": 0.2718804317830934, "conflict_risk_score": 0.20847800651308762, "priority_zone": false, "nearest_settlement": "Meru" }, "geometry": { "type": "Polygon", "coordinates": [ [ [ 38.481780179342898, -0.342465685096507 ], [ 38.481780179342898, -0.242465685096507 ], [ 38.381780179342897, -0.242465685096507 ], [ 38.381780179342897, -0.342465685096507 ], [ 38.481780179342898, -0.342465685096507 ] ] ] } },
{ "type": "Feature", "properties": { "cell_id": 864, "elephant_count": 0.0, "inside_protected_area": false, "dist_to_settlement_km": 90.85537194538405, "dist_to_road_km": 112.16314348766932, "elephant_score": 0.0, "settlement_proximity_score": 0.44718425108677962, "road_proximity_score": 0.31105981006550643, "conflict_risk_score": 0.22747321834568579, "priority_zone": false, "nearest_settlement": "Meru" }, "geometry": { "type": "Polygon", "coordinates": [ [ [ 38.481780179342898, -0.242465685096508 ], [ 38.481780179342898, -0.142465685096508 ], [ 38.381780179342897, -0.142465685096508 ], [ 38.381780179342897, -0.242465685096508 ], [ 38.481780179342898, -0.242465685096508 ] ] ] } },
{ "type": "Feature", "properties": { "cell_id": 865, "elephant_count": 2.0, "inside_protected_area": false, "dist_to_settlement_km": 88.206715561340715, "dist_to_road_km": 106.56313384947293, "elephant_score": 0.0106951871657754, "settlement_proximity_score": 0.46364841489514119, "road_proximity_score": 0.34546332226539445, "conflict_risk_score": 0.24701159601447081, "priority_zone": false, "nearest_settlement": "Meru" }, "geometry": { "type": "Polygon", "coordinates": [ [ [ 38.481780179342898, -0.142465685096508 ], [ 38.481780179342898, -0.042465685096508 ], [ 38.381780179342897, -0.042465685096508 ], [ 38.381780179342897, -0.142465685096508 ], [ 38.481780179342898, -0.142465685096508 ] ] ] } },
{ "type": "Feature", "properties": { "cell_id": 866, "elephant_count": 0.0, "inside_protected_area": false, "dist_to_settlement_km": 86.905527608457973, "dist_to_road_km": 101.86879912223307, "elephant_score": 0.0, "settlement_proximity_score": 0.47173665606179072, "road_proximity_score": 0.37430284442574746, "conflict_risk_score": 0.25381185014626145, "priority_zone": false, "nearest_settlement": "Meru" }, "geometry": { "type": "Polygon", "coordinates": [ [ [ 38.481780179342898, -0.042465685096508 ], [ 38.481780179342898, 0.057534314903492 ], [ 38.381780179342897, 0.057534314903492 ], [ 38.381780179342897, -0.042465685096508 ], [ 38.481780179342898, -0.042465685096508 ] ] ] } },
{ "type": "Feature", "properties": { "cell_id": 867, "elephant_count": 0.0, "inside_protected_area": false, "dist_to_settlement_km": 87.012279522430845, "dist_to_road_km": 98.179870392350765, "elephant_score": 0.0, "settlement_proximity_score": 0.47107308150032856, "road_proximity_score": 0.39696568123541753, "conflict_risk_score": 0.26041162882072383, "priority_zone": false, "nearest_settlement": "Meru" }, "geometry": { "type": "Polygon", "coordinates": [ [ [ 38.481780179342898, 0.057534314903491 ], [ 38.481780179342898, 0.157534314903491 ], [ 38.381780179342897, 0.157534314903491 ], [ 38.381780179342897, 0.057534314903491 ], [ 38.481780179342898, 0.057534314903491 ] ] ] } },
{ "type": "Feature", "properties": { "cell_id": 868, "elephant_count": 0.0, "inside_protected_area": false, "dist_to_settlement_km": 88.521877784392686, "dist_to_road_km": 94.816833747276362, "elephant_score": 0.0, "settlement_proximity_score": 0.46168935274657597, "road_proximity_score": 0.4176264085774426, "conflict_risk_score": 0.26379472839720552, "priority_zone": false, "nearest_settlement": "Meru" }, "geometry": { "type": "Polygon", "coordinates": [ [ [ 38.481780179342898, 0.157534314903491 ], [ 38.481780179342898, 0.257534314903491 ], [ 38.381780179342897, 0.257534314903491 ], [ 38.381780179342897, 0.157534314903491 ], [ 38.481780179342898, 0.157534314903491 ] ] ] } },
{ "type": "Feature", "properties": { "cell_id": 869, "elephant_count": 0.0, "inside_protected_area": false, "dist_to_settlement_km": 91.364812183138284, "dist_to_road_km": 91.453797102201207, "elephant_score": 0.0, "settlement_proximity_score": 0.44401754831042606, "road_proximity_score": 0.43828713591947221, "conflict_risk_score": 0.2646914052689695, "priority_zone": false, "nearest_settlement": "Meru" }, "geometry": { "type": "Polygon", "coordinates": [ [ [ 38.481780179342898, 0.257534314903491 ], [ 38.481780179342898, 0.357534314903491 ], [ 38.381780179342897, 0.357534314903491 ], [ 38.381780179342897, 0.257534314903491 ], [ 38.481780179342898, 0.257534314903491 ] ] ] } },
{ "type": "Feature", "properties": { "cell_id": 870, "elephant_count": 0.0, "inside_protected_area": false, "dist_to_settlement_km": 88.111924069588881, "dist_to_road_km": 88.111924069588881, "elephant_score": 0.0, "settlement_proximity_score": 0.46423764294950243, "road_proximity_score": 0.45881784516392721, "conflict_risk_score": 0.27691664643402886, "priority_zone": false, "nearest_settlement": "Archer's Post" }, "geometry": { "type": "Polygon", "coordinates": [ [ [ 38.481780179342898, 0.35753431490349 ], [ 38.481780179342898, 0.45753431490349 ], [ 38.381780179342897, 0.45753431490349 ], [ 38.381780179342897, 0.35753431490349 ], [ 38.481780179342898, 0.35753431490349 ] ] ] } },
{ "type": "Feature", "properties": { "cell_id": 871, "elephant_count": 0.0, "inside_protected_area": false, "dist_to_settlement_km": 85.646198643198275, "dist_to_road_km": 85.646198643198275, "elephant_score": 0.0, "settlement_proximity_score": 0.47956469993247153, "road_proximity_score": 0.47396596459032969, "conflict_risk_score": 0.28605919935684032, "priority_zone": false, "nearest_settlement": "Archer's Post" }, "geometry": { "type": "Polygon", "coordinates": [ [ [ 38.481780179342898, 0.45753431490349 ], [ 38.481780179342898, 0.55753431490349 ], [ 38.381780179342897, 0.55753431490349 ], [ 38.381780179342897, 0.45753431490349 ], [ 38.481780179342898, 0.45753431490349 ] ] ] } },
{ "type": "Feature", "properties": { "cell_id": 872, "elephant_count": 0.0, "inside_protected_area": false, "dist_to_settlement_km": 84.57689708670658, "dist_to_road_km": 84.57689708670658, "elephant_score": 0.0, "settlement_proximity_score": 0.48621152512756916, "road_proximity_score": 0.48053519063115657, "conflict_risk_score": 0.29002401472761774, "priority_zone": false, "nearest_settlement": "Archer's Post" }, "geometry": { "type": "Polygon", "coordinates": [ [ [ 38.481780179342898, 0.557534314903489 ], [ 38.481780179342898, 0.657534314903489 ], [ 38.381780179342897, 0.657534314903489 ], [ 38.381780179342897, 0.557534314903489 ], [ 38.481780179342898, 0.557534314903489 ] ] ] } },
{ "type": "Feature", "properties": { "cell_id": 873, "elephant_count": 0.0, "inside_protected_area": false, "dist_to_settlement_km": 84.956763707197169, "dist_to_road_km": 84.956763707197169, "elephant_score": 0.0, "settlement_proximity_score": 0.48385025761745959, "road_proximity_score": 0.47820149002049339, "conflict_risk_score": 0.28861552429138593, "priority_zone": false, "nearest_settlement": "Archer's Post" }, "geometry": { "type": "Polygon", "coordinates": [ [ [ 38.481780179342898, 0.657534314903489 ], [ 38.481780179342898, 0.757534314903489 ], [ 38.381780179342897, 0.757534314903489 ], [ 38.381780179342897, 0.657534314903489 ], [ 38.481780179342898, 0.657534314903489 ] ] ] } },
{ "type": "Feature", "properties": { "cell_id": 874, "elephant_count": 0.0, "inside_protected_area": false, "dist_to_settlement_km": 132.82402604240511, "dist_to_road_km": 132.82402604240511, "elephant_score": 0.0, "settlement_proximity_score": 0.18630526352441357, "road_proximity_score": 0.18413022048336392, "conflict_risk_score": 0.11113064520233323, "priority_zone": false, "nearest_settlement": "Voi" }, "geometry": { "type": "Polygon", "coordinates": [ [ [ 38.5817801793429, -4.642465685096492 ], [ 38.5817801793429, -4.542465685096492 ], [ 38.481780179342898, -4.542465685096492 ], [ 38.481780179342898, -4.642465685096492 ], [ 38.5817801793429, -4.642465685096492 ] ] ] } },
{ "type": "Feature", "properties": { "cell_id": 875, "elephant_count": 0.0, "inside_protected_area": false, "dist_to_settlement_km": 121.72652781090363, "dist_to_road_km": 121.72652781090363, "elephant_score": 0.0, "settlement_proximity_score": 0.2552877974035439, "road_proximity_score": 0.25230740953524988, "conflict_risk_score": 0.15227856208163815, "priority_zone": false, "nearest_settlement": "Voi" }, "geometry": { "type": "Polygon", "coordinates": [ [ [ 38.5817801793429, -4.542465685096492 ], [ 38.5817801793429, -4.442465685096493 ], [ 38.481780179342898, -4.442465685096493 ], [ 38.481780179342898, -4.542465685096492 ], [ 38.5817801793429, -4.542465685096492 ] ] ] } },
{ "type": "Feature", "properties": { "cell_id": 876, "elephant_count": 0.0, "inside_protected_area": false, "dist_to_settlement_km": 110.6295315532157, "dist_to_road_km": 110.6295315532157, "elephant_score": 0.0, "settlement_proximity_score": 0.3242672109915169, "road_proximity_score": 0.32048151472419018, "conflict_risk_score": 0.19342461771471212, "priority_zone": false, "nearest_settlement": "Voi" }, "geometry": { "type": "Polygon", "coordinates": [ [ [ 38.5817801793429, -4.442465685096493 ], [ 38.5817801793429, -4.342465685096493 ], [ 38.481780179342898, -4.342465685096493 ], [ 38.481780179342898, -4.442465685096493 ], [ 38.5817801793429, -4.442465685096493 ] ] ] } },
{ "type": "Feature", "properties": { "cell_id": 877, "elephant_count": 0.0, "inside_protected_area": false, "dist_to_settlement_km": 99.533205165257186, "dist_to_road_km": 99.533205165257186, "elephant_score": 0.0, "settlement_proximity_score": 0.3932424606399838, "road_proximity_score": 0.38865150458603326, "conflict_risk_score": 0.23456818956780512, "priority_zone": false, "nearest_settlement": "Voi" }, "geometry": { "type": "Polygon", "coordinates": [ [ [ 38.5817801793429, -4.342465685096493 ], [ 38.5817801793429, -4.242465685096493 ], [ 38.481780179342898, -4.242465685096493 ], [ 38.481780179342898, -4.342465685096493 ], [ 38.5817801793429, -4.342465685096493 ] ] ] } },
{ "type": "Feature", "properties": { "cell_id": 878, "elephant_count": 0.0, "inside_protected_area": false, "dist_to_settlement_km": 88.43780079385968, "dist_to_road_km": 88.43780079385968, "elephant_score": 0.0, "settlement_proximity_score": 0.46221197899322264, "road_proximity_score": 0.45681583006333881, "conflict_risk_score": 0.27570834271696842, "priority_zone": false, "nearest_settlement": "Voi" }, "geometry": { "type": "Polygon", "coordinates": [ [ [ 38.5817801793429, -4.242465685096493 ], [ 38.5817801793429, -4.142465685096494 ], [ 38.481780179342898, -4.142465685096494 ], [ 38.481780179342898, -4.242465685096493 ], [ 38.5817801793429, -4.242465685096493 ] ] ] } },
{ "type": "Feature", "properties": { "cell_id": 879, "elephant_count": 0.0, "inside_protected_area": false, "dist_to_settlement_km": 77.343715245904974, "dist_to_road_km": 77.343715245904974, "elephant_score": 0.0, "settlement_proximity_score": 0.53117329948231906, "road_proximity_score": 0.52497205338344544, "conflict_risk_score": 0.31684360585972932, "priority_zone": false, "nearest_settlement": "Voi" }, "geometry": { "type": "Polygon", "coordinates": [ [ [ 38.5817801793429, -4.142465685096494 ], [ 38.5817801793429, -4.042465685096494 ], [ 38.481780179342898, -4.042465685096494 ], [ 38.481780179342898, -4.142465685096494 ], [ 38.5817801793429, -4.142465685096494 ] ] ] } },
{ "type": "Feature", "properties": { "cell_id": 880, "elephant_count": 0.0, "inside_protected_area": false, "dist_to_settlement_km": 66.251611050787645, "dist_to_road_km": 66.251611050787645, "elephant_score": 0.0, "settlement_proximity_score": 0.60012230379560916, "road_proximity_score": 0.59311610431441042, "conflict_risk_score": 0.35797152243300584, "priority_zone": false, "nearest_settlement": "Voi" }, "geometry": { "type": "Polygon", "coordinates": [ [ [ 38.5817801793429, -4.042465685096494 ], [ 38.5817801793429, -3.942465685096494 ], [ 38.481780179342898, -3.942465685096494 ], [ 38.481780179342898, -4.042465685096494 ], [ 38.5817801793429, -4.042465685096494 ] ] ] } },
{ "type": "Feature", "properties": { "cell_id": 881, "elephant_count": 0.0, "inside_protected_area": true, "dist_to_settlement_km": 55.162683451859664, "dist_to_road_km": 55.162683451859664, "elephant_score": 0.0, "settlement_proximity_score": 0.66905156224819406, "road_proximity_score": 0.66124063991007864, "conflict_risk_score": 0.3990876606474818, "priority_zone": false, "nearest_settlement": "Voi" }, "geometry": { "type": "Polygon", "coordinates": [ [ [ 38.5817801793429, -3.942465685096495 ], [ 38.5817801793429, -3.842465685096494 ], [ 38.481780179342898, -3.842465685096494 ], [ 38.481780179342898, -3.942465685096495 ], [ 38.5817801793429, -3.942465685096495 ] ] ] } },
{ "type": "Feature", "properties": { "cell_id": 882, "elephant_count": 0.0, "inside_protected_area": false, "dist_to_settlement_km": 44.079329899572016, "dist_to_road_km": 44.079329899572016, "elephant_score": 0.0, "settlement_proximity_score": 0.73794617218332159, "road_proximity_score": 0.72933093149654282, "conflict_risk_score": 0.44018313110395935, "priority_zone": false, "nearest_settlement": "Voi" }, "geometry": { "type": "Polygon", "coordinates": [ [ [ 38.5817801793429, -3.842465685096495 ], [ 38.5817801793429, -3.742465685096495 ], [ 38.481780179342898, -3.742465685096495 ], [ 38.481780179342898, -3.842465685096495 ], [ 38.5817801793429, -3.842465685096495 ] ] ] } },
{ "type": "Feature", "properties": { "cell_id": 883, "elephant_count": 0.0, "inside_protected_area": false, "dist_to_settlement_km": 33.007165936816193, "dist_to_road_km": 33.007165936816193, "elephant_score": 0.0, "settlement_proximity_score": 0.80677122714102345, "road_proximity_score": 0.79735248013346904, "conflict_risk_score": 0.48123711218234771, "priority_zone": false, "nearest_settlement": "Voi" }, "geometry": { "type": "Polygon", "coordinates": [ [ [ 38.5817801793429, -3.742465685096495 ], [ 38.5817801793429, -3.642465685096495 ], [ 38.481780179342898, -3.642465685096495 ], [ 38.481780179342898, -3.742465685096495 ], [ 38.5817801793429, -3.742465685096495 ] ] ] } },
{ "type": "Feature", "properties": { "cell_id": 884, "elephant_count": 0.0, "inside_protected_area": false, "dist_to_settlement_km": 21.9631209523086, "dist_to_road_km": 21.9631209523086, "elephant_score": 0.0, "settlement_proximity_score": 0.87542149330135921, "road_proximity_score": 0.86520128056571144, "conflict_risk_score": 0.52218683216012118, "priority_zone": true, "nearest_settlement": "Voi" }, "geometry": { "type": "Polygon", "coordinates": [ [ [ 38.5817801793429, -3.642465685096496 ], [ 38.5817801793429, -3.542465685096496 ], [ 38.481780179342898, -3.542465685096496 ], [ 38.481780179342898, -3.642465685096496 ], [ 38.5817801793429, -3.642465685096496 ] ] ] } },
{ "type": "Feature", "properties": { "cell_id": 885, "elephant_count": 0.0, "inside_protected_area": false, "dist_to_settlement_km": 11.031969939723018, "dist_to_road_km": 11.031969939723018, "elephant_score": 0.0, "settlement_proximity_score": 0.94337000559966222, "road_proximity_score": 0.93235651984516199, "conflict_risk_score": 0.56271795763344734, "priority_zone": true, "nearest_settlement": "Voi" }, "geometry": { "type": "Polygon", "coordinates": [ [ [ 38.5817801793429, -3.542465685096496 ], [ 38.5817801793429, -3.442465685096496 ], [ 38.481780179342898, -3.442465685096496 ], [ 38.481780179342898, -3.542465685096496 ], [ 38.5817801793429, -3.542465685096496 ] ] ] } },
{ "type": "Feature", "properties": { "cell_id": 886, "elephant_count": 7.0, "inside_protected_area": false, "dist_to_settlement_km": 2.7294760552472046, "dist_to_road_km": 2.1756375142138289, "elephant_score": 0.037433155080213901, "settlement_proximity_score": 0.99497867033829446, "road_proximity_score": 0.98676516560338656, "conflict_risk_score": 0.60949641281458988, "priority_zone": true, "nearest_settlement": "Voi" }, "geometry": { "type": "Polygon", "coordinates": [ [ [ 38.5817801793429, -3.442465685096496 ], [ 38.5817801793429, -3.342465685096496 ], [ 38.481780179342898, -3.342465685096496 ], [ 38.481780179342898, -3.442465685096496 ], [ 38.5817801793429, -3.442465685096496 ] ] ] } },
{ "type": "Feature", "properties": { "cell_id": 887, "elephant_count": 16.0, "inside_protected_area": true, "dist_to_settlement_km": 11.815909542704773, "dist_to_road_km": 3.145939499061543, "elephant_score": 0.085561497326203204, "settlement_proximity_score": 0.93849700277562265, "road_proximity_score": 0.9808041408320014, "conflict_risk_score": 0.61001494201276851, "priority_zone": false, "nearest_settlement": "Voi" }, "geometry": { "type": "Polygon", "coordinates": [ [ [ 38.5817801793429, -3.342465685096497 ], [ 38.5817801793429, -3.242465685096497 ], [ 38.481780179342898, -3.242465685096497 ], [ 38.481780179342898, -3.342465685096497 ], [ 38.5817801793429, -3.342465685096497 ] ] ] } },
{ "type": "Feature", "properties": { "cell_id": 888, "elephant_count": 12.0, "inside_protected_area": true, "dist_to_settlement_km": 22.764037363934182, "dist_to_road_km": 8.4675165123368661, "elephant_score": 0.064171122994652413, "settlement_proximity_score": 0.8704429618930386, "road_proximity_score": 0.94811117215385687, "conflict_risk_score": 0.57123468941192956, "priority_zone": false, "nearest_settlement": "Voi" }, "geometry": { "type": "Polygon", "coordinates": [ [ [ 38.5817801793429, -3.242465685096497 ], [ 38.5817801793429, -3.142465685096497 ], [ 38.481780179342898, -3.142465685096497 ], [ 38.481780179342898, -3.242465685096497 ], [ 38.5817801793429, -3.242465685096497 ] ] ] } },
{ "type": "Feature", "properties": { "cell_id": 889, "elephant_count": 2.0, "inside_protected_area": true, "dist_to_settlement_km": 33.81134537240127, "dist_to_road_km": 13.789093525612211, "elephant_score": 0.0106951871657754, "settlement_proximity_score": 0.80177241263320242, "road_proximity_score": 0.91541820347571223, "conflict_risk_score": 0.51943525969898452, "priority_zone": false, "nearest_settlement": "Voi" }, "geometry": { "type": "Polygon", "coordinates": [ [ [ 38.5817801793429, -3.142465685096497 ], [ 38.5817801793429, -3.042465685096497 ], [ 38.481780179342898, -3.042465685096497 ], [ 38.481780179342898, -3.142465685096497 ], [ 38.5817801793429, -3.142465685096497 ] ] ] } },
{ "type": "Feature", "properties": { "cell_id": 890, "elephant_count": 2.0, "inside_protected_area": true, "dist_to_settlement_km": 44.884660572148789, "dist_to_road_km": 19.11067053888755, "elephant_score": 0.0106951871657754, "settlement_proximity_score": 0.73294020153606032, "road_proximity_score": 0.88272523479756759, "conflict_risk_score": 0.48897770576639854, "priority_zone": false, "nearest_settlement": "Voi" }, "geometry": { "type": "Polygon", "coordinates": [ [ [ 38.5817801793429, -3.042465685096498 ], [ 38.5817801793429, -2.942465685096498 ], [ 38.481780179342898, -2.942465685096498 ], [ 38.481780179342898, -3.042465685096498 ], [ 38.5817801793429, -3.042465685096498 ] ] ] } },
{ "type": "Feature", "properties": { "cell_id": 891, "elephant_count": 1.0, "inside_protected_area": true, "dist_to_settlement_km": 46.703679840534477, "dist_to_road_km": 24.432247552162899, "elephant_score": 0.0053475935828877002, "settlement_proximity_score": 0.72163309828714817, "road_proximity_score": 0.85003226611942295, "conflict_risk_score": 0.47363864675512646, "priority_zone": false, "nearest_settlement": "Mtito Andei" }, "geometry": { "type": "Polygon", "coordinates": [ [ [ 38.5817801793429, -2.942465685096498 ], [ 38.5817801793429, -2.842465685096498 ], [ 38.481780179342898, -2.842465685096498 ], [ 38.481780179342898, -2.942465685096498 ], [ 38.5817801793429, -2.942465685096498 ] ] ] } },
{ "type": "Feature", "properties": { "cell_id": 892, "elephant_count": 0.0, "inside_protected_area": true, "dist_to_settlement_km": 42.296780367214183, "dist_to_road_km": 29.753824565438272, "elephant_score": 0.0, "settlement_proximity_score": 0.749026577959648, "road_proximity_score": 0.81733929744127809, "conflict_risk_score": 0.46990976262027784, "priority_zone": false, "nearest_settlement": "Mtito Andei" }, "geometry": { "type": "Polygon", "coordinates": [ [ [ 38.5817801793429, -2.842465685096498 ], [ 38.5817801793429, -2.742465685096498 ], [ 38.481780179342898, -2.742465685096498 ], [ 38.481780179342898, -2.842465685096498 ], [ 38.5817801793429, -2.842465685096498 ] ] ] } },
{ "type": "Feature", "properties": { "cell_id": 893, "elephant_count": 0.0, "inside_protected_area": true, "dist_to_settlement_km": 40.536669180108582, "dist_to_road_km": 35.075401578713617, "elephant_score": 0.0, "settlement_proximity_score": 0.75996750600150997, "road_proximity_score": 0.78464632876313356, "conflict_risk_score": 0.46338415042939307, "priority_zone": false, "nearest_settlement": "Mtito Andei" }, "geometry": { "type": "Polygon", "coordinates": [ [ [ 38.5817801793429, -2.742465685096499 ], [ 38.5817801793429, -2.642465685096499 ], [ 38.481780179342898, -2.642465685096499 ], [ 38.481780179342898, -2.742465685096499 ], [ 38.5817801793429, -2.742465685096499 ] ] ] } },
{ "type": "Feature", "properties": { "cell_id": 894, "elephant_count": 0.0, "inside_protected_area": true, "dist_to_settlement_km": 41.759375797571167, "dist_to_road_km": 40.396978591988969, "elephant_score": 0.0, "settlement_proximity_score": 0.75236710824484032, "road_proximity_score": 0.75195336008498881, "conflict_risk_score": 0.45129614049894873, "priority_zone": false, "nearest_settlement": "Mtito Andei" }, "geometry": { "type": "Polygon", "coordinates": [ [ [ 38.5817801793429, -2.642465685096499 ], [ 38.5817801793429, -2.542465685096499 ], [ 38.481780179342898, -2.542465685096499 ], [ 38.481780179342898, -2.642465685096499 ], [ 38.5817801793429, -2.642465685096499 ] ] ] } },
{ "type": "Feature", "properties": { "cell_id": 895, "elephant_count": 0.0, "inside_protected_area": true, "dist_to_settlement_km": 45.72624395014288, "dist_to_road_km": 45.718555605264299, "elephant_score": 0.0, "settlement_proximity_score": 0.72770888248797105, "road_proximity_score": 0.71926039140684428, "conflict_risk_score": 0.43409078216844454, "priority_zone": false, "nearest_settlement": "Mtito Andei" }, "geometry": { "type": "Polygon", "coordinates": [ [ [ 38.5817801793429, -2.5424656850965 ], [ 38.5817801793429, -2.442465685096499 ], [ 38.481780179342898, -2.442465685096499 ], [ 38.481780179342898, -2.5424656850965 ], [ 38.5817801793429, -2.5424656850965 ] ] ] } },
{ "type": "Feature", "properties": { "cell_id": 896, "elephant_count": 0.0, "inside_protected_area": true, "dist_to_settlement_km": 51.810745068693826, "dist_to_road_km": 51.810745068693826, "elephant_score": 0.0, "settlement_proximity_score": 0.68988735769091258, "road_proximity_score": 0.6818331853714219, "conflict_risk_score": 0.4115161629187003, "priority_zone": false, "nearest_settlement": "Mtito Andei" }, "geometry": { "type": "Polygon", "coordinates": [ [ [ 38.5817801793429, -2.4424656850965 ], [ 38.5817801793429, -2.3424656850965 ], [ 38.481780179342898, -2.3424656850965 ], [ 38.481780179342898, -2.4424656850965 ], [ 38.5817801793429, -2.4424656850965 ] ] ] } },
{ "type": "Feature", "properties": { "cell_id": 897, "elephant_count": 0.0, "inside_protected_area": true, "dist_to_settlement_km": 59.365286349502099, "dist_to_road_km": 59.365286349502099, "elephant_score": 0.0, "settlement_proximity_score": 0.64292799901623798, "road_proximity_score": 0.63542205933583285, "conflict_risk_score": 0.38350501750562127, "priority_zone": false, "nearest_settlement": "Mtito Andei" }, "geometry": { "type": "Polygon", "coordinates": [ [ [ 38.5817801793429, -2.3424656850965 ], [ 38.5817801793429, -2.2424656850965 ], [ 38.481780179342898, -2.2424656850965 ], [ 38.481780179342898, -2.3424656850965 ], [ 38.5817801793429, -2.3424656850965 ] ] ] } },
{ "type": "Feature", "properties": { "cell_id": 898, "elephant_count": 0.0, "inside_protected_area": true, "dist_to_settlement_km": 67.900965693748276, "dist_to_road_km": 67.900965693748276, "elephant_score": 0.0, "settlement_proximity_score": 0.58986984327132941, "road_proximity_score": 0.58298333736451036, "conflict_risk_score": 0.35185595419075194, "priority_zone": false, "nearest_settlement": "Mtito Andei" }, "geometry": { "type": "Polygon", "coordinates": [ [ [ 38.5817801793429, -2.242465685096501 ], [ 38.5817801793429, -2.1424656850965 ], [ 38.481780179342898, -2.1424656850965 ], [ 38.481780179342898, -2.242465685096501 ], [ 38.5817801793429, -2.242465685096501 ] ] ] } },
{ "type": "Feature", "properties": { "cell_id": 899, "elephant_count": 6.0, "inside_protected_area": true, "dist_to_settlement_km": 77.092574616034042, "dist_to_road_km": 77.030152385485835, "elephant_score": 0.032085561497326207, "settlement_proximity_score": 0.53273440061043831, "road_proximity_score": 0.52689841858472675, "conflict_risk_score": 0.33072407035747997, "priority_zone": false, "nearest_settlement": "Mtito Andei" }, "geometry": { "type": "Polygon", "coordinates": [ [ [ 38.5817801793429, -2.142465685096501 ], [ 38.5817801793429, -2.042465685096501 ], [ 38.481780179342898, -2.042465685096501 ], [ 38.481780179342898, -2.142465685096501 ], [ 38.5817801793429, -2.142465685096501 ] ] ] } },
{ "type": "Feature", "properties": { "cell_id": 900, "elephant_count": 2.0, "inside_protected_area": false, "dist_to_settlement_km": 86.731822186057968, "dist_to_road_km": 86.230516648297183, "elephant_score": 0.0106951871657754, "settlement_proximity_score": 0.47281641655696993, "road_proximity_score": 0.47037622226561659, "conflict_risk_score": 0.28723586651308608, "priority_zone": false, "nearest_settlement": "Mtito Andei" }, "geometry": { "type": "Polygon", "coordinates": [ [ [ 38.5817801793429, -2.042465685096501 ], [ 38.5817801793429, -1.942465685096501 ], [ 38.481780179342898, -1.942465685096501 ], [ 38.481780179342898, -2.042465685096501 ], [ 38.5817801793429, -2.042465685096501 ] ] ] } },
{ "type": "Feature", "properties": { "cell_id": 901, "elephant_count": 0.0, "inside_protected_area": false, "dist_to_settlement_km": 96.684915568557926, "dist_to_road_km": 95.430880911108531, "elephant_score": 0.0, "settlement_proximity_score": 0.41094755322059295, "road_proximity_score": 0.41385402594650644, "conflict_risk_score": 0.24744047375012979, "priority_zone": false, "nearest_settlement": "Mtito Andei" }, "geometry": { "type": "Polygon", "coordinates": [ [ [ 38.5817801793429, -1.942465685096502 ], [ 38.5817801793429, -1.842465685096502 ], [ 38.481780179342898, -1.842465685096502 ], [ 38.481780179342898, -1.942465685096502 ], [ 38.5817801793429, -1.942465685096502 ] ] ] } },
{ "type": "Feature", "properties": { "cell_id": 902, "elephant_count": 0.0, "inside_protected_area": false, "dist_to_settlement_km": 106.8641980145098, "dist_to_road_km": 104.63124517391982, "elephant_score": 0.0, "settlement_proximity_score": 0.34767268878314184, "road_proximity_score": 0.35733182962739674, "conflict_risk_score": 0.21150135552316157, "priority_zone": false, "nearest_settlement": "Mtito Andei" }, "geometry": { "type": "Polygon", "coordinates": [ [ [ 38.5817801793429, -1.842465685096502 ], [ 38.5817801793429, -1.742465685096502 ], [ 38.481780179342898, -1.742465685096502 ], [ 38.481780179342898, -1.842465685096502 ], [ 38.5817801793429, -1.842465685096502 ] ] ] } },
{ "type": "Feature", "properties": { "cell_id": 903, "elephant_count": 0.0, "inside_protected_area": false, "dist_to_settlement_km": 117.21075350013564, "dist_to_road_km": 113.83160943673121, "elephant_score": 0.0, "settlement_proximity_score": 0.28335804782258023, "road_proximity_score": 0.30080963330828636, "conflict_risk_score": 0.17525030433925998, "priority_zone": false, "nearest_settlement": "Mtito Andei" }, "geometry": { "type": "Polygon", "coordinates": [ [ [ 38.5817801793429, -1.742465685096502 ], [ 38.5817801793429, -1.642465685096502 ], [ 38.481780179342898, -1.642465685096502 ], [ 38.481780179342898, -1.742465685096502 ], [ 38.5817801793429, -1.742465685096502 ] ] ] } },
{ "type": "Feature", "properties": { "cell_id": 904, "elephant_count": 0.0, "inside_protected_area": false, "dist_to_settlement_km": 127.68392480987868, "dist_to_road_km": 123.03197369954252, "elephant_score": 0.0, "settlement_proximity_score": 0.21825635736720495, "road_proximity_score": 0.24428743698917643, "conflict_risk_score": 0.13876313830691442, "priority_zone": false, "nearest_settlement": "Mtito Andei" }, "geometry": { "type": "Polygon", "coordinates": [ [ [ 38.5817801793429, -1.642465685096503 ], [ 38.5817801793429, -1.542465685096503 ], [ 38.481780179342898, -1.542465685096503 ], [ 38.481780179342898, -1.642465685096503 ], [ 38.5817801793429, -1.642465685096503 ] ] ] } },
{ "type": "Feature", "properties": { "cell_id": 905, "elephant_count": 0.0, "inside_protected_area": false, "dist_to_settlement_km": 114.91611354773298, "dist_to_road_km": 141.2460407183751, "elephant_score": 0.0, "settlement_proximity_score": 0.2976216300241703, "road_proximity_score": 0.13238979441765275, "conflict_risk_score": 0.12900342733254691, "priority_zone": false, "nearest_settlement": "Meru" }, "geometry": { "type": "Polygon", "coordinates": [ [ [ 38.5817801793429, -0.542465685096507 ], [ 38.5817801793429, -0.442465685096507 ], [ 38.481780179342898, -0.442465685096507 ], [ 38.481780179342898, -0.542465685096507 ], [ 38.5817801793429, -0.542465685096507 ] ] ] } },
{ "type": "Feature", "properties": { "cell_id": 906, "elephant_count": 0.0, "inside_protected_area": false, "dist_to_settlement_km": 109.5088088315303, "dist_to_road_km": 134.1130670643322, "elephant_score": 0.0, "settlement_proximity_score": 0.33123367239615309, "road_proximity_score": 0.17621103080527112, "conflict_risk_score": 0.15223341096042725, "priority_zone": false, "nearest_settlement": "Meru" }, "geometry": { "type": "Polygon", "coordinates": [ [ [ 38.5817801793429, -0.442465685096507 ], [ 38.5817801793429, -0.342465685096507 ], [ 38.481780179342898, -0.342465685096507 ], [ 38.481780179342898, -0.442465685096507 ], [ 38.5817801793429, -0.442465685096507 ] ] ] } },
{ "type": "Feature", "properties": { "cell_id": 907, "elephant_count": 0.0, "inside_protected_area": false, "dist_to_settlement_km": 105.00031081137732, "dist_to_road_km": 127.54844372310961, "elephant_score": 0.0, "settlement_proximity_score": 0.35925869307481062, "road_proximity_score": 0.2165406219665037, "conflict_risk_score": 0.1727397945123943, "priority_zone": false, "nearest_settlement": "Meru" }, "geometry": { "type": "Polygon", "coordinates": [ [ [ 38.5817801793429, -0.342465685096507 ], [ 38.5817801793429, -0.242465685096507 ], [ 38.481780179342898, -0.242465685096507 ], [ 38.481780179342898, -0.342465685096507 ], [ 38.5817801793429, -0.342465685096507 ] ] ] } },
{ "type": "Feature", "properties": { "cell_id": 908, "elephant_count": 0.0, "inside_protected_area": false, "dist_to_settlement_km": 101.51044936000939, "dist_to_road_km": 121.64421989955976, "elephant_score": 0.0, "settlement_proximity_score": 0.3809518243356107, "road_proximity_score": 0.25281306602783016, "conflict_risk_score": 0.19012946710903225, "priority_zone": false, "nearest_settlement": "Meru" }, "geometry": { "type": "Polygon", "coordinates": [ [ [ 38.5817801793429, -0.242465685096508 ], [ 38.5817801793429, -0.142465685096508 ], [ 38.481780179342898, -0.142465685096508 ], [ 38.481780179342898, -0.242465685096508 ], [ 38.5817801793429, -0.242465685096508 ] ] ] } },
{ "type": "Feature", "properties": { "cell_id": 909, "elephant_count": 0.0, "inside_protected_area": false, "dist_to_settlement_km": 99.146847595151584, "dist_to_road_km": 116.50084537786688, "elephant_score": 0.0, "settlement_proximity_score": 0.39564407617650299, "road_proximity_score": 0.28441125237713905, "conflict_risk_score": 0.20401659856609261, "priority_zone": false, "nearest_settlement": "Meru" }, "geometry": { "type": "Polygon", "coordinates": [ [ [ 38.5817801793429, -0.142465685096508 ], [ 38.5817801793429, -0.042465685096508 ], [ 38.481780179342898, -0.042465685096508 ], [ 38.481780179342898, -0.142465685096508 ], [ 38.5817801793429, -0.142465685096508 ] ] ] } },
{ "type": "Feature", "properties": { "cell_id": 910, "elephant_count": 0.0, "inside_protected_area": false, "dist_to_settlement_km": 97.991037584267886, "dist_to_road_km": 112.22298210501638, "elephant_score": 0.0, "settlement_proximity_score": 0.40282864170383037, "road_proximity_score": 0.31069219309072782, "conflict_risk_score": 0.21405625043836746, "priority_zone": false, "nearest_settlement": "Meru" }, "geometry": { "type": "Polygon", "coordinates": [ [ [ 38.5817801793429, -0.042465685096508 ], [ 38.5817801793429, 0.057534314903492 ], [ 38.481780179342898, 0.057534314903492 ], [ 38.481780179342898, -0.042465685096508 ], [ 38.5817801793429, -0.042465685096508 ] ] ] } },
{ "type": "Feature", "properties": { "cell_id": 911, "elephant_count": 0.0, "inside_protected_area": false, "dist_to_settlement_km": 98.085725289802411, "dist_to_road_km": 108.75814929413343, "elephant_score": 0.0, "settlement_proximity_score": 0.40224005878913061, "road_proximity_score": 0.33197830250502813, "conflict_risk_score": 0.2202655083882476, "priority_zone": false, "nearest_settlement": "Meru" }, "geometry": { "type": "Polygon", "coordinates": [ [ [ 38.5817801793429, 0.057534314903491 ], [ 38.5817801793429, 0.157534314903491 ], [ 38.481780179342898, 0.157534314903491 ], [ 38.481780179342898, 0.057534314903491 ], [ 38.5817801793429, 0.057534314903491 ] ] ] } },
{ "type": "Feature", "properties": { "cell_id": 912, "elephant_count": 0.0, "inside_protected_area": false, "dist_to_settlement_km": 99.427338113879756, "dist_to_road_km": 105.39511264905829, "elephant_score": 0.0, "settlement_proximity_score": 0.39390053485689125, "road_proximity_score": 0.35263902984705775, "conflict_risk_score": 0.22396186941118468, "priority_zone": false, "nearest_settlement": "Meru" }, "geometry": { "type": "Polygon", "coordinates": [ [ [ 38.5817801793429, 0.157534314903491 ], [ 38.5817801793429, 0.257534314903491 ], [ 38.481780179342898, 0.257534314903491 ], [ 38.481780179342898, 0.157534314903491 ], [ 38.5817801793429, 0.157534314903491 ] ] ] } },
{ "type": "Feature", "properties": { "cell_id": 913, "elephant_count": 0.0, "inside_protected_area": false, "dist_to_settlement_km": 101.96666917771192, "dist_to_road_km": 102.03207600398314, "elephant_score": 0.0, "settlement_proximity_score": 0.37811594201560628, "road_proximity_score": 0.37329975718908748, "conflict_risk_score": 0.2254247097614081, "priority_zone": false, "nearest_settlement": "Meru" }, "geometry": { "type": "Polygon", "coordinates": [ [ [ 38.5817801793429, 0.257534314903491 ], [ 38.5817801793429, 0.357534314903491 ], [ 38.481780179342898, 0.357534314903491 ], [ 38.481780179342898, 0.257534314903491 ], [ 38.5817801793429, 0.257534314903491 ] ] ] } },
{ "type": "Feature", "properties": { "cell_id": 914, "elephant_count": 0.0, "inside_protected_area": false, "dist_to_settlement_km": 98.810966199009499, "dist_to_road_km": 98.810966199009499, "elephant_score": 0.0, "settlement_proximity_score": 0.39773192961025894, "road_proximity_score": 0.39308856071484011, "conflict_risk_score": 0.2372461470975297, "priority_zone": false, "nearest_settlement": "Archer's Post" }, "geometry": { "type": "Polygon", "coordinates": [ [ [ 38.5817801793429, 0.35753431490349 ], [ 38.5817801793429, 0.45753431490349 ], [ 38.481780179342898, 0.45753431490349 ], [ 38.481780179342898, 0.35753431490349 ], [ 38.5817801793429, 0.35753431490349 ] ] ] } },
{ "type": "Feature", "properties": { "cell_id": 915, "elephant_count": 0.0, "inside_protected_area": false, "dist_to_settlement_km": 96.618669106787948, "dist_to_road_km": 96.618669106787948, "elephant_score": 0.0, "settlement_proximity_score": 0.41135934412139696, "road_proximity_score": 0.40655688034836046, "conflict_risk_score": 0.24537486734092723, "priority_zone": false, "nearest_settlement": "Archer's Post" }, "geometry": { "type": "Polygon", "coordinates": [ [ [ 38.5817801793429, 0.45753431490349 ], [ 38.5817801793429, 0.55753431490349 ], [ 38.481780179342898, 0.55753431490349 ], [ 38.481780179342898, 0.45753431490349 ], [ 38.5817801793429, 0.45753431490349 ] ] ] } },
{ "type": "Feature", "properties": { "cell_id": 916, "elephant_count": 0.0, "inside_protected_area": false, "dist_to_settlement_km": 95.672082650855685, "dist_to_road_km": 95.672082650855685, "elephant_score": 0.0, "settlement_proximity_score": 0.41724336688974639, "road_proximity_score": 0.41237220939043751, "conflict_risk_score": 0.24888467288405516, "priority_zone": false, "nearest_settlement": "Archer's Post" }, "geometry": { "type": "Polygon", "coordinates": [ [ [ 38.5817801793429, 0.557534314903489 ], [ 38.5817801793429, 0.657534314903489 ], [ 38.481780179342898, 0.657534314903489 ], [ 38.481780179342898, 0.557534314903489 ], [ 38.5817801793429, 0.557534314903489 ] ] ] } },
{ "type": "Feature", "properties": { "cell_id": 917, "elephant_count": 0.0, "inside_protected_area": false, "dist_to_settlement_km": 133.06202685984567, "dist_to_road_km": 133.06202685984567, "elephant_score": 0.0, "settlement_proximity_score": 0.18482584004446656, "road_proximity_score": 0.18266806870945429, "conflict_risk_score": 0.11024817262617626, "priority_zone": false, "nearest_settlement": "Voi" }, "geometry": { "type": "Polygon", "coordinates": [ [ [ 38.681780179342901, -4.642465685096492 ], [ 38.681780179342901, -4.542465685096492 ], [ 38.5817801793429, -4.542465685096492 ], [ 38.5817801793429, -4.642465685096492 ], [ 38.681780179342901, -4.642465685096492 ] ] ] } },
{ "type": "Feature", "properties": { "cell_id": 918, "elephant_count": 0.0, "inside_protected_area": false, "dist_to_settlement_km": 121.98618229469875, "dist_to_road_km": 121.98618229469875, "elephant_score": 0.0, "settlement_proximity_score": 0.25367377378744449, "road_proximity_score": 0.25071222903054668, "conflict_risk_score": 0.15131580084539736, "priority_zone": false, "nearest_settlement": "Voi" }, "geometry": { "type": "Polygon", "coordinates": [ [ [ 38.681780179342901, -4.542465685096492 ], [ 38.681780179342901, -4.442465685096493 ], [ 38.5817801793429, -4.442465685096493 ], [ 38.5817801793429, -4.542465685096492 ], [ 38.681780179342901, -4.542465685096492 ] ] ] } },
{ "type": "Feature", "properties": { "cell_id": 919, "elephant_count": 0.0, "inside_protected_area": false, "dist_to_settlement_km": 110.91516735605067, "dist_to_road_km": 110.91516735605067, "elephant_score": 0.0, "settlement_proximity_score": 0.32249168636108938, "road_proximity_score": 0.31872671866803148, "conflict_risk_score": 0.19236552150873626, "priority_zone": false, "nearest_settlement": "Voi" }, "geometry": { "type": "Polygon", "coordinates": [ [ [ 38.681780179342901, -4.442465685096493 ], [ 38.681780179342901, -4.342465685096493 ], [ 38.5817801793429, -4.342465685096493 ], [ 38.5817801793429, -4.442465685096493 ], [ 38.681780179342901, -4.442465685096493 ] ] ] } },
{ "type": "Feature", "properties": { "cell_id": 920, "elephant_count": 0.0, "inside_protected_area": false, "dist_to_settlement_km": 99.850588523082635, "dist_to_road_km": 99.850588523082635, "elephant_score": 0.0, "settlement_proximity_score": 0.39126959182062071, "road_proximity_score": 0.38670166825923258, "conflict_risk_score": 0.23339137802395599, "priority_zone": false, "nearest_settlement": "Voi" }, "geometry": { "type": "Polygon", "coordinates": [ [ [ 38.681780179342901, -4.342465685096493 ], [ 38.681780179342901, -4.242465685096493 ], [ 38.5817801793429, -4.242465685096493 ], [ 38.5817801793429, -4.342465685096493 ], [ 38.681780179342901, -4.342465685096493 ] ] ] } },
{ "type": "Feature", "properties": { "cell_id": 921, "elephant_count": 0.0, "inside_protected_area": false, "dist_to_settlement_km": 88.794851805671641, "dist_to_road_km": 88.794851805671641, "elephant_score": 0.0, "settlement_proximity_score": 0.4599925343035195, "road_proximity_score": 0.45462229654563369, "conflict_risk_score": 0.27438444925474592, "priority_zone": false, "nearest_settlement": "Voi" }, "geometry": { "type": "Polygon", "coordinates": [ [ [ 38.681780179342901, -4.242465685096493 ], [ 38.681780179342901, -4.142465685096494 ], [ 38.5817801793429, -4.142465685096494 ], [ 38.5817801793429, -4.242465685096493 ], [ 38.681780179342901, -4.242465685096493 ] ] ] } },
{ "type": "Feature", "properties": { "cell_id": 922, "elephant_count": 0.0, "inside_protected_area": false, "dist_to_settlement_km": 77.751729151038276, "dist_to_road_km": 77.751729151038276, "elephant_score": 0.0, "settlement_proximity_score": 0.52863706722105874, "road_proximity_score": 0.52246543066850681, "conflict_risk_score": 0.31533074936686967, "priority_zone": false, "nearest_settlement": "Voi" }, "geometry": { "type": "Polygon", "coordinates": [ [ [ 38.681780179342901, -4.142465685096494 ], [ 38.681780179342901, -4.042465685096494 ], [ 38.5817801793429, -4.042465685096494 ], [ 38.5817801793429, -4.142465685096494 ], [ 38.681780179342901, -4.142465685096494 ] ] ] } },
{ "type": "Feature", "properties": { "cell_id": 923, "elephant_count": 0.0, "inside_protected_area": false, "dist_to_settlement_km": 66.727483578819459, "dist_to_road_km": 66.727483578819459, "elephant_score": 0.0, "settlement_proximity_score": 0.59716425936953121, "road_proximity_score": 0.59019259393113055, "conflict_risk_score": 0.35620705599019853, "priority_zone": false, "nearest_settlement": "Voi" }, "geometry": { "type": "Polygon", "coordinates": [ [ [ 38.681780179342901, -4.042465685096494 ], [ 38.681780179342901, -3.942465685096494 ], [ 38.5817801793429, -3.942465685096494 ], [ 38.5817801793429, -4.042465685096494 ], [ 38.681780179342901, -4.042465685096494 ] ] ] } },
{ "type": "Feature", "properties": { "cell_id": 924, "elephant_count": 1.0, "inside_protected_area": false, "dist_to_settlement_km": 55.733318074082455, "dist_to_road_km": 55.733318074082455, "elephant_score": 0.0053475935828877002, "settlement_proximity_score": 0.6655044725042778, "road_proximity_score": 0.65773496108884655, "conflict_risk_score": 0.39911086751109237, "priority_zone": false, "nearest_settlement": "Voi" }, "geometry": { "type": "Polygon", "coordinates": [ [ [ 38.681780179342901, -3.942465685096495 ], [ 38.681780179342901, -3.842465685096494 ], [ 38.5817801793429, -3.842465685096494 ], [ 38.5817801793429, -3.942465685096495 ], [ 38.681780179342901, -3.942465685096495 ] ] ] } },
{ "type": "Feature", "properties": { "cell_id": 925, "elephant_count": 2.0, "inside_protected_area": false, "dist_to_settlement_km": 44.791387814311761, "dist_to_road_km": 44.791387814311761, "elephant_score": 0.0106951871657754, "settlement_proximity_score": 0.73351998907405047, "road_proximity_score": 0.72495642239040037, "conflict_risk_score": 0.44182099830564536, "priority_zone": false, "nearest_settlement": "Voi" }, "geometry": { "type": "Polygon", "coordinates": [ [ [ 38.681780179342901, -3.842465685096495 ], [ 38.681780179342901, -3.742465685096495 ], [ 38.5817801793429, -3.742465685096495 ], [ 38.5817801793429, -3.842465685096495 ], [ 38.681780179342901, -3.842465685096495 ] ] ] } },
{ "type": "Feature", "properties": { "cell_id": 926, "elephant_count": 4.0, "inside_protected_area": false, "dist_to_settlement_km": 33.952232638182892, "dist_to_road_km": 33.952232638182892, "elephant_score": 0.021390374331550801, "settlement_proximity_score": 0.80089665123345455, "road_proximity_score": 0.79154648766366886, "conflict_risk_score": 0.4862890914017573, "priority_zone": false, "nearest_settlement": "Voi" }, "geometry": { "type": "Polygon", "coordinates": [ [ [ 38.681780179342901, -3.742465685096495 ], [ 38.681780179342901, -3.642465685096495 ], [ 38.5817801793429, -3.642465685096495 ], [ 38.5817801793429, -3.742465685096495 ], [ 38.681780179342901, -3.742465685096495 ] ] ] } },
{ "type": "Feature", "properties": { "cell_id": 927, "elephant_count": 3.0, "inside_protected_area": false, "dist_to_settlement_km": 23.359361718645264, "dist_to_road_km": 23.359361718645264, "elephant_score": 0.016042780748663103, "settlement_proximity_score": 0.86674239969323075, "road_proximity_score": 0.85662351207206378, "conflict_risk_score": 0.52342688582905361, "priority_zone": true, "nearest_settlement": "Voi" }, "geometry": { "type": "Polygon", "coordinates": [ [ [ 38.681780179342901, -3.642465685096496 ], [ 38.681780179342901, -3.542465685096496 ], [ 38.5817801793429, -3.542465685096496 ], [ 38.5817801793429, -3.642465685096496 ], [ 38.681780179342901, -3.642465685096496 ] ] ] } },
{ "type": "Feature", "properties": { "cell_id": 928, "elephant_count": 4.0, "inside_protected_area": false, "dist_to_settlement_km": 13.60093594896046, "dist_to_road_km": 13.60093594896046, "elephant_score": 0.021390374331550801, "settlement_proximity_score": 0.92740120064292741, "road_proximity_score": 0.91657414460832876, "conflict_risk_score": 0.56174875330799712, "priority_zone": true, "nearest_settlement": "Voi" }, "geometry": { "type": "Polygon", "coordinates": [ [ [ 38.681780179342901, -3.542465685096496 ], [ 38.681780179342901, -3.442465685096496 ], [ 38.5817801793429, -3.442465685096496 ], [ 38.5817801793429, -3.542465685096496 ], [ 38.681780179342901, -3.542465685096496 ] ] ] } },
{ "type": "Feature", "properties": { "cell_id": 929, "elephant_count": 19.0, "inside_protected_area": false, "dist_to_settlement_km": 8.4101805850374305, "dist_to_road_km": 8.4101805850374305, "elephant_score": 0.10160427807486631, "settlement_proximity_score": 0.95966716277966124, "road_proximity_score": 0.9484634139180288, "conflict_risk_score": 0.61308088423925344, "priority_zone": true, "nearest_settlement": "Voi" }, "geometry": { "type": "Polygon", "coordinates": [ [ [ 38.681780179342901, -3.442465685096496 ], [ 38.681780179342901, -3.342465685096496 ], [ 38.5817801793429, -3.342465685096496 ], [ 38.5817801793429, -3.442465685096496 ], [ 38.681780179342901, -3.442465685096496 ] ] ] } },
{ "type": "Feature", "properties": { "cell_id": 930, "elephant_count": 17.0, "inside_protected_area": true, "dist_to_settlement_km": 14.244185349052234, "dist_to_road_km": 12.887131319971088, "elephant_score": 0.090909090909090912, "settlement_proximity_score": 0.92340273426709119, "road_proximity_score": 0.92095938460760873, "conflict_risk_score": 0.58967227202604633, "priority_zone": false, "nearest_settlement": "Voi" }, "geometry": { "type": "Polygon", "coordinates": [ [ [ 38.681780179342901, -3.342465685096497 ], [ 38.681780179342901, -3.242465685096497 ], [ 38.5817801793429, -3.242465685096497 ], [ 38.5817801793429, -3.342465685096497 ], [ 38.681780179342901, -3.342465685096497 ] ] ] } },
{ "type": "Feature", "properties": { "cell_id": 931, "elephant_count": 8.0, "inside_protected_area": true, "dist_to_settlement_km": 24.113948143001476, "dist_to_road_km": 18.20870833324641, "elephant_score": 0.042780748663101602, "settlement_proximity_score": 0.86205185751002722, "road_proximity_score": 0.8882664159294642, "conflict_risk_score": 0.54220778149708804, "priority_zone": false, "nearest_settlement": "Voi" }, "geometry": { "type": "Polygon", "coordinates": [ [ [ 38.681780179342901, -3.242465685096497 ], [ 38.681780179342901, -3.142465685096497 ], [ 38.5817801793429, -3.142465685096497 ], [ 38.5817801793429, -3.242465685096497 ], [ 38.681780179342901, -3.242465685096497 ] ] ] } },
{ "type": "Feature", "properties": { "cell_id": 932, "elephant_count": 9.0, "inside_protected_area": true, "dist_to_settlement_km": 34.734538629850455, "dist_to_road_km": 23.530285346521758, "elephant_score": 0.048128342245989303, "settlement_proximity_score": 0.79603380300871973, "road_proximity_score": 0.85557344725131956, "conflict_risk_score": 0.51473351197640749, "priority_zone": false, "nearest_settlement": "Voi" }, "geometry": { "type": "Polygon", "coordinates": [ [ [ 38.681780179342901, -3.142465685096497 ], [ 38.681780179342901, -3.042465685096497 ], [ 38.5817801793429, -3.042465685096497 ], [ 38.5817801793429, -3.142465685096497 ], [ 38.681780179342901, -3.142465685096497 ] ] ] } },
{ "type": "Feature", "properties": { "cell_id": 933, "elephant_count": 5.0, "inside_protected_area": true, "dist_to_settlement_km": 45.584140362781667, "dist_to_road_km": 28.851862359797096, "elephant_score": 0.026737967914438502, "settlement_proximity_score": 0.7285922045958011, "road_proximity_score": 0.82288047857317492, "conflict_risk_score": 0.47613699211646821, "priority_zone": false, "nearest_settlement": "Voi" }, "geometry": { "type": "Polygon", "coordinates": [ [ [ 38.681780179342901, -3.042465685096498 ], [ 38.681780179342901, -2.942465685096498 ], [ 38.5817801793429, -2.942465685096498 ], [ 38.5817801793429, -3.042465685096498 ], [ 38.681780179342901, -3.042465685096498 ] ] ] } },
{ "type": "Feature", "properties": { "cell_id": 934, "elephant_count": 0.0, "inside_protected_area": true, "dist_to_settlement_km": 56.531049268512483, "dist_to_road_km": 34.173439373072448, "elephant_score": 0.0, "settlement_proximity_score": 0.66054574054521331, "road_proximity_score": 0.79018750989503028, "conflict_risk_score": 0.43521997513207306, "priority_zone": false, "nearest_settlement": "Voi" }, "geometry": { "type": "Polygon", "coordinates": [ [ [ 38.681780179342901, -2.942465685096498 ], [ 38.681780179342901, -2.842465685096498 ], [ 38.5817801793429, -2.842465685096498 ], [ 38.5817801793429, -2.942465685096498 ], [ 38.681780179342901, -2.942465685096498 ] ] ] } },
{ "type": "Feature", "properties": { "cell_id": 935, "elephant_count": 2.0, "inside_protected_area": true, "dist_to_settlement_km": 53.026957364806535, "dist_to_road_km": 39.495016386347814, "elephant_score": 0.0106951871657754, "settlement_proximity_score": 0.68232732891950376, "road_proximity_score": 0.75749454121688553, "conflict_risk_score": 0.43622463590722693, "priority_zone": false, "nearest_settlement": "Mtito Andei" }, "geometry": { "type": "Polygon", "coordinates": [ [ [ 38.681780179342901, -2.842465685096498 ], [ 38.681780179342901, -2.742465685096498 ], [ 38.5817801793429, -2.742465685096498 ], [ 38.5817801793429, -2.842465685096498 ], [ 38.681780179342901, -2.842465685096498 ] ] ] } },
{ "type": "Feature", "properties": { "cell_id": 936, "elephant_count": 1.0, "inside_protected_area": true, "dist_to_settlement_km": 51.633924179305012, "dist_to_road_km": 44.816593399623159, "elephant_score": 0.0053475935828877002, "settlement_proximity_score": 0.69098648406501528, "road_proximity_score": 0.72480157253874089, "conflict_risk_score": 0.42687545441428193, "priority_zone": false, "nearest_settlement": "Mtito Andei" }, "geometry": { "type": "Polygon", "coordinates": [ [ [ 38.681780179342901, -2.742465685096499 ], [ 38.681780179342901, -2.642465685096499 ], [ 38.5817801793429, -2.642465685096499 ], [ 38.5817801793429, -2.742465685096499 ], [ 38.681780179342901, -2.742465685096499 ] ] ] } },
{ "type": "Feature", "properties": { "cell_id": 937, "elephant_count": 0.0, "inside_protected_area": true, "dist_to_settlement_km": 52.599297000429829, "dist_to_road_km": 50.138170412898511, "elephant_score": 0.0, "settlement_proximity_score": 0.68498568442981456, "road_proximity_score": 0.69210860386059614, "conflict_risk_score": 0.41312828648712319, "priority_zone": false, "nearest_settlement": "Mtito Andei" }, "geometry": { "type": "Polygon", "coordinates": [ [ [ 38.681780179342901, -2.642465685096499 ], [ 38.681780179342901, -2.542465685096499 ], [ 38.5817801793429, -2.542465685096499 ], [ 38.5817801793429, -2.642465685096499 ], [ 38.681780179342901, -2.642465685096499 ] ] ] } },
{ "type": "Feature", "properties": { "cell_id": 938, "elephant_count": 0.0, "inside_protected_area": true, "dist_to_settlement_km": 55.800806120741946, "dist_to_road_km": 55.459747426173848, "elephant_score": 0.0, "settlement_proximity_score": 0.66508496385755334, "road_proximity_score": 0.65941563518245161, "conflict_risk_score": 0.39735017971200148, "priority_zone": false, "nearest_settlement": "Mtito Andei" }, "geometry": { "type": "Polygon", "coordinates": [ [ [ 38.681780179342901, -2.5424656850965 ], [ 38.681780179342901, -2.442465685096499 ], [ 38.5817801793429, -2.442465685096499 ], [ 38.5817801793429, -2.5424656850965 ], [ 38.681780179342901, -2.5424656850965 ] ] ] } },
{ "type": "Feature", "properties": { "cell_id": 939, "elephant_count": 0.0, "inside_protected_area": true, "dist_to_settlement_km": 60.886729937728106, "dist_to_road_km": 60.886729937728106, "elephant_score": 0.0, "settlement_proximity_score": 0.63347063919688118, "road_proximity_score": 0.62607511059275289, "conflict_risk_score": 0.37786372493689019, "priority_zone": false, "nearest_settlement": "Mtito Andei" }, "geometry": { "type": "Polygon", "coordinates": [ [ [ 38.681780179342901, -2.4424656850965 ], [ 38.681780179342901, -2.3424656850965 ], [ 38.5817801793429, -2.3424656850965 ], [ 38.5817801793429, -2.4424656850965 ], [ 38.681780179342901, -2.4424656850965 ] ] ] } },
{ "type": "Feature", "properties": { "cell_id": 940, "elephant_count": 0.0, "inside_protected_area": true, "dist_to_settlement_km": 67.432023559248435, "dist_to_road_km": 67.432023559248435, "elephant_score": 0.0, "settlement_proximity_score": 0.59278480806840972, "road_proximity_score": 0.58586427105706429, "conflict_risk_score": 0.35359472373764222, "priority_zone": false, "nearest_settlement": "Mtito Andei" }, "geometry": { "type": "Polygon", "coordinates": [ [ [ 38.681780179342901, -2.3424656850965 ], [ 38.681780179342901, -2.2424656850965 ], [ 38.5817801793429, -2.2424656850965 ], [ 38.5817801793429, -2.3424656850965 ], [ 38.681780179342901, -2.3424656850965 ] ] ] } },
{ "type": "Feature", "properties": { "cell_id": 941, "elephant_count": 0.0, "inside_protected_area": true, "dist_to_settlement_km": 75.055857333590126, "dist_to_road_km": 75.055857333590126, "elephant_score": 0.0, "settlement_proximity_score": 0.54539472422640234, "road_proximity_score": 0.5390274484065305, "conflict_risk_score": 0.32532665178987985, "priority_zone": false, "nearest_settlement": "Mtito Andei" }, "geometry": { "type": "Polygon", "coordinates": [ [ [ 38.681780179342901, -2.242465685096501 ], [ 38.681780179342901, -2.1424656850965 ], [ 38.5817801793429, -2.1424656850965 ], [ 38.5817801793429, -2.242465685096501 ], [ 38.681780179342901, -2.242465685096501 ] ] ] } },
{ "type": "Feature", "properties": { "cell_id": 942, "elephant_count": 0.0, "inside_protected_area": true, "dist_to_settlement_km": 83.463199308829701, "dist_to_road_km": 83.463199308829701, "elephant_score": 0.0, "settlement_proximity_score": 0.49313431917455763, "road_proximity_score": 0.48737716369256645, "conflict_risk_score": 0.29415344486013717, "priority_zone": false, "nearest_settlement": "Mtito Andei" }, "geometry": { "type": "Polygon", "coordinates": [ [ [ 38.681780179342901, -2.142465685096501 ], [ 38.681780179342901, -2.042465685096501 ], [ 38.5817801793429, -2.042465685096501 ], [ 38.5817801793429, -2.142465685096501 ], [ 38.681780179342901, -2.142465685096501 ] ] ] } },
{ "type": "Feature", "properties": { "cell_id": 943, "elephant_count": 1.0, "inside_protected_area": false, "dist_to_settlement_km": 92.440519025212268, "dist_to_road_km": 92.440452028925037, "elephant_score": 0.0053475935828877002, "settlement_proximity_score": 0.43733090758028914, "road_proximity_score": 0.43222564727897139, "conflict_risk_score": 0.2630060038909332, "priority_zone": false, "nearest_settlement": "Mtito Andei" }, "geometry": { "type": "Polygon", "coordinates": [ [ [ 38.681780179342901, -2.042465685096501 ], [ 38.681780179342901, -1.942465685096501 ], [ 38.5817801793429, -1.942465685096501 ], [ 38.5817801793429, -2.042465685096501 ], [ 38.681780179342901, -2.042465685096501 ] ] ] } },
{ "type": "Feature", "properties": { "cell_id": 944, "elephant_count": 0.0, "inside_protected_area": false, "dist_to_settlement_km": 101.83719102781572, "dist_to_road_km": 101.6408162917364, "elephant_score": 0.0, "settlement_proximity_score": 0.37892078385252304, "road_proximity_score": 0.37570345095986113, "conflict_risk_score": 0.22638727044371526, "priority_zone": false, "nearest_settlement": "Mtito Andei" }, "geometry": { "type": "Polygon", "coordinates": [ [ [ 38.681780179342901, -1.942465685096502 ], [ 38.681780179342901, -1.842465685096502 ], [ 38.5817801793429, -1.842465685096502 ], [ 38.5817801793429, -1.942465685096502 ], [ 38.681780179342901, -1.942465685096502 ] ] ] } },
{ "type": "Feature", "properties": { "cell_id": 945, "elephant_count": 0.0, "inside_protected_area": false, "dist_to_settlement_km": 111.5472877089399, "dist_to_road_km": 110.84118055454768, "elephant_score": 0.0, "settlement_proximity_score": 0.31856239862891467, "road_proximity_score": 0.31918125464075142, "conflict_risk_score": 0.1913230959808998, "priority_zone": false, "nearest_settlement": "Mtito Andei" }, "geometry": { "type": "Polygon", "coordinates": [ [ [ 38.681780179342901, -1.842465685096502 ], [ 38.681780179342901, -1.742465685096502 ], [ 38.5817801793429, -1.742465685096502 ], [ 38.5817801793429, -1.842465685096502 ], [ 38.681780179342901, -1.842465685096502 ] ] ] } },
{ "type": "Feature", "properties": { "cell_id": 946, "elephant_count": 0.0, "inside_protected_area": false, "dist_to_settlement_km": 121.49568434313301, "dist_to_road_km": 120.04154481735905, "elephant_score": 0.0, "settlement_proximity_score": 0.25672273048522354, "road_proximity_score": 0.26265905832164116, "conflict_risk_score": 0.15581453664205941, "priority_zone": false, "nearest_settlement": "Mtito Andei" }, "geometry": { "type": "Polygon", "coordinates": [ [ [ 38.681780179342901, -1.742465685096502 ], [ 38.681780179342901, -1.642465685096502 ], [ 38.5817801793429, -1.642465685096502 ], [ 38.5817801793429, -1.742465685096502 ], [ 38.681780179342901, -1.742465685096502 ] ] ] } },
{ "type": "Feature", "properties": { "cell_id": 947, "elephant_count": 0.0, "inside_protected_area": false, "dist_to_settlement_km": 131.62836029059773, "dist_to_road_km": 129.24190908017039, "elephant_score": 0.0, "settlement_proximity_score": 0.19373757407870051, "road_proximity_score": 0.20613686200253101, "conflict_risk_score": 0.11996233082436945, "priority_zone": false, "nearest_settlement": "Mtito Andei" }, "geometry": { "type": "Polygon", "coordinates": [ [ [ 38.681780179342901, -1.642465685096503 ], [ 38.681780179342901, -1.542465685096503 ], [ 38.5817801793429, -1.542465685096503 ], [ 38.5817801793429, -1.642465685096503 ], [ 38.681780179342901, -1.642465685096503 ] ] ] } },
{ "type": "Feature", "properties": { "cell_id": 948, "elephant_count": 0.0, "inside_protected_area": false, "dist_to_settlement_km": 124.50624832052517, "dist_to_road_km": 149.7117547040101, "elephant_score": 0.0, "settlement_proximity_score": 0.23800893326413175, "road_proximity_score": 0.080380902790215925, "conflict_risk_score": 0.095516950816304291, "priority_zone": false, "nearest_settlement": "Meru" }, "geometry": { "type": "Polygon", "coordinates": [ [ [ 38.681780179342901, -0.542465685096507 ], [ 38.681780179342901, -0.442465685096507 ], [ 38.5817801793429, -0.442465685096507 ], [ 38.5817801793429, -0.542465685096507 ], [ 38.681780179342901, -0.542465685096507 ] ] ] } },
{ "type": "Feature", "properties": { "cell_id": 949, "elephant_count": 0.0, "inside_protected_area": false, "dist_to_settlement_km": 119.53355984675379, "dist_to_road_km": 143.00167913468317, "elephant_score": 0.0, "settlement_proximity_score": 0.26891938208389987, "road_proximity_score": 0.12160407589637168, "conflict_risk_score": 0.11715703739408145, "priority_zone": false, "nearest_settlement": "Meru" }, "geometry": { "type": "Polygon", "coordinates": [ [ [ 38.681780179342901, -0.442465685096507 ], [ 38.681780179342901, -0.342465685096507 ], [ 38.5817801793429, -0.342465685096507 ], [ 38.5817801793429, -0.442465685096507 ], [ 38.681780179342901, -0.442465685096507 ] ] ] } },
{ "type": "Feature", "properties": { "cell_id": 950, "elephant_count": 0.0, "inside_protected_area": false, "dist_to_settlement_km": 115.41732100695496, "dist_to_road_km": 136.86406019888457, "elephant_score": 0.0, "settlement_proximity_score": 0.29450610255887999, "road_proximity_score": 0.15931037670267156, "conflict_risk_score": 0.13614494377846548, "priority_zone": false, "nearest_settlement": "Meru" }, "geometry": { "type": "Polygon", "coordinates": [ [ [ 38.681780179342901, -0.342465685096507 ], [ 38.681780179342901, -0.242465685096507 ], [ 38.5817801793429, -0.242465685096507 ], [ 38.5817801793429, -0.342465685096507 ], [ 38.681780179342901, -0.342465685096507 ] ] ] } },
{ "type": "Feature", "properties": { "cell_id": 951, "elephant_count": 2.0, "inside_protected_area": false, "dist_to_settlement_km": 112.25178861473735, "dist_to_road_km": 131.37915250491261, "elephant_score": 0.0106951871657754, "settlement_proximity_score": 0.31418319021740992, "road_proximity_score": 0.19300676312989207, "conflict_risk_score": 0.15643506087050074, "priority_zone": false, "nearest_settlement": "Meru" }, "geometry": { "type": "Polygon", "coordinates": [ [ [ 38.681780179342901, -0.242465685096508 ], [ 38.681780179342901, -0.142465685096508 ], [ 38.5817801793429, -0.142465685096508 ], [ 38.5817801793429, -0.242465685096508 ], [ 38.681780179342901, -0.242465685096508 ] ] ] } },
{ "type": "Feature", "properties": { "cell_id": 952, "elephant_count": 0.0, "inside_protected_area": false, "dist_to_settlement_km": 110.11898158806621, "dist_to_road_km": 126.631798738288, "elephant_score": 0.0, "settlement_proximity_score": 0.32744081188184548, "road_proximity_score": 0.22217200636684087, "conflict_risk_score": 0.16488384547460588, "priority_zone": false, "nearest_settlement": "Meru" }, "geometry": { "type": "Polygon", "coordinates": [ [ [ 38.681780179342901, -0.142465685096508 ], [ 38.681780179342901, -0.042465685096508 ], [ 38.5817801793429, -0.042465685096508 ], [ 38.5817801793429, -0.142465685096508 ], [ 38.681780179342901, -0.142465685096508 ] ] ] } },
{ "type": "Feature", "properties": { "cell_id": 953, "elephant_count": 0.0, "inside_protected_area": false, "dist_to_settlement_km": 109.07949470353284, "dist_to_road_km": 122.70763297562002, "elephant_score": 0.0, "settlement_proximity_score": 0.33390230777338681, "road_proximity_score": 0.24628001571194846, "conflict_risk_score": 0.17405469704560059, "priority_zone": false, "nearest_settlement": "Meru" }, "geometry": { "type": "Polygon", "coordinates": [ [ [ 38.681780179342901, -0.042465685096508 ], [ 38.681780179342901, 0.057534314903492 ], [ 38.5817801793429, 0.057534314903492 ], [ 38.5817801793429, -0.042465685096508 ], [ 38.681780179342901, -0.042465685096508 ] ] ] } },
{ "type": "Feature", "properties": { "cell_id": 954, "elephant_count": 0.0, "inside_protected_area": false, "dist_to_settlement_km": 109.16456487140519, "dist_to_road_km": 119.33642819591462, "elephant_score": 0.0, "settlement_proximity_score": 0.33337350789300479, "road_proximity_score": 0.26699092377464784, "conflict_risk_score": 0.18010932950029579, "priority_zone": false, "nearest_settlement": "Meru" }, "geometry": { "type": "Polygon", "coordinates": [ [ [ 38.681780179342901, 0.057534314903491 ], [ 38.681780179342901, 0.157534314903491 ], [ 38.5817801793429, 0.157534314903491 ], [ 38.5817801793429, 0.057534314903491 ], [ 38.681780179342901, 0.057534314903491 ] ] ] } },
{ "type": "Feature", "properties": { "cell_id": 955, "elephant_count": 0.0, "inside_protected_area": false, "dist_to_settlement_km": 110.37159182664979, "dist_to_road_km": 115.97339155084025, "elephant_score": 0.0, "settlement_proximity_score": 0.32587057560175825, "road_proximity_score": 0.28765165111667279, "conflict_risk_score": 0.18405666801552931, "priority_zone": false, "nearest_settlement": "Meru" }, "geometry": { "type": "Polygon", "coordinates": [ [ [ 38.681780179342901, 0.157534314903491 ], [ 38.681780179342901, 0.257534314903491 ], [ 38.5817801793429, 0.257534314903491 ], [ 38.5817801793429, 0.157534314903491 ], [ 38.681780179342901, 0.157534314903491 ] ] ] } },
{ "type": "Feature", "properties": { "cell_id": 956, "elephant_count": 0.0, "inside_protected_area": false, "dist_to_settlement_km": 112.62674078713913, "dist_to_road_km": 112.61035490576508, "elephant_score": 0.0, "settlement_proximity_score": 0.31185247113134262, "road_proximity_score": 0.30831237845870252, "conflict_risk_score": 0.18604945487701352, "priority_zone": false, "nearest_settlement": "Archer's Post" }, "geometry": { "type": "Polygon", "coordinates": [ [ [ 38.681780179342901, 0.257534314903491 ], [ 38.681780179342901, 0.357534314903491 ], [ 38.5817801793429, 0.357534314903491 ], [ 38.5817801793429, 0.257534314903491 ], [ 38.681780179342901, 0.257534314903491 ] ] ] } },
{ "type": "Feature", "properties": { "cell_id": 957, "elephant_count": 0.0, "inside_protected_area": false, "dist_to_settlement_km": 109.58979386383848, "dist_to_road_km": 109.58979386383848, "elephant_score": 0.0, "settlement_proximity_score": 0.33073026589692578, "road_proximity_score": 0.32686911592351475, "conflict_risk_score": 0.19727981454613214, "priority_zone": false, "nearest_settlement": "Archer's Post" }, "geometry": { "type": "Polygon", "coordinates": [ [ [ 38.681780179342901, 0.35753431490349 ], [ 38.681780179342901, 0.45753431490349 ], [ 38.5817801793429, 0.45753431490349 ], [ 38.5817801793429, 0.35753431490349 ], [ 38.681780179342901, 0.35753431490349 ] ] ] } },
{ "type": "Feature", "properties": { "cell_id": 958, "elephant_count": 0.0, "inside_protected_area": false, "dist_to_settlement_km": 107.61729925018464, "dist_to_road_km": 107.61729925018464, "elephant_score": 0.0, "settlement_proximity_score": 0.34299137859767259, "road_proximity_score": 0.33898708480024509, "conflict_risk_score": 0.2045935390193753, "priority_zone": false, "nearest_settlement": "Archer's Post" }, "geometry": { "type": "Polygon", "coordinates": [ [ [ 38.681780179342901, 0.45753431490349 ], [ 38.681780179342901, 0.55753431490349 ], [ 38.5817801793429, 0.55753431490349 ], [ 38.5817801793429, 0.45753431490349 ], [ 38.681780179342901, 0.45753431490349 ] ] ] } },
{ "type": "Feature", "properties": { "cell_id": 959, "elephant_count": 0.0, "inside_protected_area": false, "dist_to_settlement_km": 123.24905585347187, "dist_to_road_km": 123.24905585347187, "elephant_score": 0.0, "settlement_proximity_score": 0.24582369656861369, "road_proximity_score": 0.24295379847538778, "conflict_risk_score": 0.14663324851320042, "priority_zone": false, "nearest_settlement": "Voi" }, "geometry": { "type": "Polygon", "coordinates": [ [ [ 38.781780179342903, -4.542465685096492 ], [ 38.781780179342903, -4.442465685096493 ], [ 38.681780179342901, -4.442465685096493 ], [ 38.681780179342901, -4.542465685096492 ], [ 38.781780179342903, -4.542465685096492 ] ] ] } },
{ "type": "Feature", "properties": { "cell_id": 960, "elephant_count": 0.0, "inside_protected_area": false, "dist_to_settlement_km": 112.3026065928903, "dist_to_road_km": 112.3026065928903, "elephant_score": 0.0, "settlement_proximity_score": 0.31386730344487113, "road_proximity_score": 0.31020302213978956, "conflict_risk_score": 0.18722109767539818, "priority_zone": false, "nearest_settlement": "Voi" }, "geometry": { "type": "Polygon", "coordinates": [ [ [ 38.781780179342903, -4.442465685096493 ], [ 38.781780179342903, -4.342465685096493 ], [ 38.681780179342901, -4.342465685096493 ], [ 38.681780179342901, -4.442465685096493 ], [ 38.781780179342903, -4.442465685096493 ] ] ] } },
{ "type": "Feature", "properties": { "cell_id": 961, "elephant_count": 0.0, "inside_protected_area": false, "dist_to_settlement_km": 101.38955136670997, "dist_to_road_km": 101.38955136670997, "elephant_score": 0.0, "settlement_proximity_score": 0.38170333154423752, "road_proximity_score": 0.37724709043051297, "conflict_risk_score": 0.22768512659242512, "priority_zone": false, "nearest_settlement": "Voi" }, "geometry": { "type": "Polygon", "coordinates": [ [ [ 38.781780179342903, -4.342465685096493 ], [ 38.781780179342903, -4.242465685096493 ], [ 38.681780179342901, -4.242465685096493 ], [ 38.681780179342901, -4.342465685096493 ], [ 38.781780179342903, -4.342465685096493 ] ] ] } },
{ "type": "Feature", "properties": { "cell_id": 962, "elephant_count": 0.0, "inside_protected_area": false, "dist_to_settlement_km": 90.521968632636046, "dist_to_road_km": 90.521968632636046, "elephant_score": 0.0, "settlement_proximity_score": 0.44925670064588541, "road_proximity_score": 0.44401179965973203, "conflict_risk_score": 0.2679805500916852, "priority_zone": false, "nearest_settlement": "Voi" }, "geometry": { "type": "Polygon", "coordinates": [ [ [ 38.781780179342903, -4.242465685096493 ], [ 38.781780179342903, -4.142465685096494 ], [ 38.681780179342901, -4.142465685096494 ], [ 38.681780179342901, -4.242465685096493 ], [ 38.781780179342903, -4.242465685096493 ] ] ] } },
{ "type": "Feature", "properties": { "cell_id": 963, "elephant_count": 0.0, "inside_protected_area": false, "dist_to_settlement_km": 79.718457611228104, "dist_to_road_km": 79.718457611228104, "elephant_score": 0.0, "settlement_proximity_score": 0.51641179718217911, "road_proximity_score": 0.51038288600420878, "conflict_risk_score": 0.30803840495591639, "priority_zone": false, "nearest_settlement": "Voi" }, "geometry": { "type": "Polygon", "coordinates": [ [ [ 38.781780179342903, -4.142465685096494 ], [ 38.781780179342903, -4.042465685096494 ], [ 38.681780179342901, -4.042465685096494 ], [ 38.681780179342901, -4.142465685096494 ], [ 38.781780179342903, -4.142465685096494 ] ] ] } },
{ "type": "Feature", "properties": { "cell_id": 964, "elephant_count": 0.0, "inside_protected_area": false, "dist_to_settlement_km": 69.009116518749835, "dist_to_road_km": 69.009116518749835, "elephant_score": 0.0, "settlement_proximity_score": 0.58298152932577141, "road_proximity_score": 0.57617544186247038, "conflict_risk_score": 0.34774709135647253, "priority_zone": false, "nearest_settlement": "Voi" }, "geometry": { "type": "Polygon", "coordinates": [ [ [ 38.781780179342903, -4.042465685096494 ], [ 38.781780179342903, -3.942465685096494 ], [ 38.681780179342901, -3.942465685096494 ], [ 38.681780179342901, -4.042465685096494 ], [ 38.781780179342903, -4.042465685096494 ] ] ] } },
{ "type": "Feature", "properties": { "cell_id": 965, "elephant_count": 0.0, "inside_protected_area": false, "dist_to_settlement_km": 58.445734159847937, "dist_to_road_km": 58.445734159847937, "elephant_score": 0.0, "settlement_proximity_score": 0.64864397560422116, "road_proximity_score": 0.64107130407273827, "conflict_risk_score": 0.38691458390308786, "priority_zone": false, "nearest_settlement": "Voi" }, "geometry": { "type": "Polygon", "coordinates": [ [ [ 38.781780179342903, -3.942465685096495 ], [ 38.781780179342903, -3.842465685096494 ], [ 38.681780179342901, -3.842465685096494 ], [ 38.681780179342901, -3.942465685096495 ], [ 38.781780179342903, -3.942465685096495 ] ] ] } },
{ "type": "Feature", "properties": { "cell_id": 966, "elephant_count": 1.0, "inside_protected_area": false, "dist_to_settlement_km": 48.124520987422279, "dist_to_road_km": 48.124520987422279, "elephant_score": 0.0053475935828877002, "settlement_proximity_score": 0.71280108763867356, "road_proximity_score": 0.70447940624335448, "conflict_risk_score": 0.4273231855977635, "priority_zone": false, "nearest_settlement": "Voi" }, "geometry": { "type": "Polygon", "coordinates": [ [ [ 38.781780179342903, -3.842465685096495 ], [ 38.781780179342903, -3.742465685096495 ], [ 38.681780179342901, -3.742465685096495 ], [ 38.681780179342901, -3.842465685096495 ], [ 38.781780179342903, -3.842465685096495 ] ] ] } },
{ "type": "Feature", "properties": { "cell_id": 967, "elephant_count": 5.0, "inside_protected_area": false, "dist_to_settlement_km": 38.242060601568838, "dist_to_road_km": 38.242060601568838, "elephant_score": 0.026737967914438502, "settlement_proximity_score": 0.77423089318179739, "road_proximity_score": 0.7651920421878744, "conflict_risk_score": 0.47252206777667694, "priority_zone": false, "nearest_settlement": "Voi" }, "geometry": { "type": "Polygon", "coordinates": [ [ [ 38.781780179342903, -3.742465685096495 ], [ 38.781780179342903, -3.642465685096495 ], [ 38.681780179342901, -3.642465685096495 ], [ 38.681780179342901, -3.742465685096495 ], [ 38.781780179342903, -3.742465685096495 ] ] ] } },
{ "type": "Feature", "properties": { "cell_id": 968, "elephant_count": 7.0, "inside_protected_area": false, "dist_to_settlement_km": 29.246553264261433, "dist_to_road_km": 29.246553264261433, "elephant_score": 0.037433155080213901, "settlement_proximity_score": 0.83014735982238863, "road_proximity_score": 0.82045570536308865, "conflict_risk_score": 0.51015418158772874, "priority_zone": true, "nearest_settlement": "Voi" }, "geometry": { "type": "Polygon", "coordinates": [ [ [ 38.781780179342903, -3.642465685096496 ], [ 38.781780179342903, -3.542465685096496 ], [ 38.681780179342901, -3.542465685096496 ], [ 38.681780179342901, -3.642465685096496 ], [ 38.781780179342903, -3.642465685096496 ] ] ] } },
{ "type": "Feature", "properties": { "cell_id": 969, "elephant_count": 2.0, "inside_protected_area": true, "dist_to_settlement_km": 22.241550229795045, "dist_to_road_km": 22.241550229795045, "elephant_score": 0.0106951871657754, "settlement_proximity_score": 0.87369076474736584, "road_proximity_score": 0.86349075760884453, "conflict_risk_score": 0.52543253157317316, "priority_zone": false, "nearest_settlement": "Voi" }, "geometry": { "type": "Polygon", "coordinates": [ [ [ 38.781780179342903, -3.542465685096496 ], [ 38.781780179342903, -3.442465685096496 ], [ 38.681780179342901, -3.442465685096496 ], [ 38.681780179342901, -3.542465685096496 ], [ 38.781780179342903, -3.542465685096496 ] ] ] } },
{ "type": "Feature", "properties": { "cell_id": 970, "elephant_count": 18.0, "inside_protected_area": true, "dist_to_settlement_km": 19.504672143097192, "dist_to_road_km": 19.504672143097192, "elephant_score": 0.096256684491978606, "settlement_proximity_score": 0.89070331851401241, "road_proximity_score": 0.88030469628550045, "conflict_risk_score": 0.56980507823664528, "priority_zone": false, "nearest_settlement": "Voi" }, "geometry": { "type": "Polygon", "coordinates": [ [ [ 38.781780179342903, -3.442465685096496 ], [ 38.781780179342903, -3.342465685096496 ], [ 38.681780179342901, -3.342465685096496 ], [ 38.681780179342901, -3.442465685096496 ], [ 38.781780179342903, -3.442465685096496 ] ] ] } },
{ "type": "Feature", "properties": { "cell_id": 971, "elephant_count": 22.0, "inside_protected_area": true, "dist_to_settlement_km": 22.640625304856876, "dist_to_road_km": 22.62832314088201, "elephant_score": 0.11764705882352941, "settlement_proximity_score": 0.87121009664438531, "road_proximity_score": 0.86111462838320763, "conflict_risk_score": 0.56675624103768962, "priority_zone": false, "nearest_settlement": "Voi" }, "geometry": { "type": "Polygon", "coordinates": [ [ [ 38.781780179342903, -3.342465685096497 ], [ 38.781780179342903, -3.242465685096497 ], [ 38.681780179342901, -3.242465685096497 ], [ 38.681780179342901, -3.342465685096497 ], [ 38.781780179342903, -3.342465685096497 ] ] ] } },
{ "type": "Feature", "properties": { "cell_id": 972, "elephant_count": 8.0, "inside_protected_area": true, "dist_to_settlement_km": 29.852698252924064, "dist_to_road_km": 27.949900154157334, "elephant_score": 0.042780748663101602, "settlement_proximity_score": 0.82637953608916259, "road_proximity_score": 0.8284216597050631, "conflict_risk_score": 0.51355265820350837, "priority_zone": false, "nearest_settlement": "Voi" }, "geometry": { "type": "Polygon", "coordinates": [ [ [ 38.781780179342903, -3.242465685096497 ], [ 38.781780179342903, -3.142465685096497 ], [ 38.681780179342901, -3.142465685096497 ], [ 38.681780179342901, -3.242465685096497 ], [ 38.781780179342903, -3.242465685096497 ] ] ] } },
{ "type": "Feature", "properties": { "cell_id": 973, "elephant_count": 2.0, "inside_protected_area": true, "dist_to_settlement_km": 38.93827515138986, "dist_to_road_km": 33.271477167432685, "elephant_score": 0.0106951871657754, "settlement_proximity_score": 0.76990319312108979, "road_proximity_score": 0.79572869102691846, "conflict_risk_score": 0.47396764011071263, "priority_zone": false, "nearest_settlement": "Voi" }, "geometry": { "type": "Polygon", "coordinates": [ [ [ 38.781780179342903, -3.142465685096497 ], [ 38.781780179342903, -3.042465685096497 ], [ 38.681780179342901, -3.042465685096497 ], [ 38.681780179342901, -3.142465685096497 ], [ 38.781780179342903, -3.142465685096497 ] ] ] } },
{ "type": "Feature", "properties": { "cell_id": 974, "elephant_count": 5.0, "inside_protected_area": true, "dist_to_settlement_km": 48.863226976434461, "dist_to_road_km": 38.593054180708023, "elephant_score": 0.026737967914438502, "settlement_proximity_score": 0.70820925893541675, "road_proximity_score": 0.76303572234877381, "conflict_risk_score": 0.45206868155103258, "priority_zone": false, "nearest_settlement": "Voi" }, "geometry": { "type": "Polygon", "coordinates": [ [ [ 38.781780179342903, -3.042465685096498 ], [ 38.781780179342903, -2.942465685096498 ], [ 38.681780179342901, -2.942465685096498 ], [ 38.681780179342901, -3.042465685096498 ], [ 38.781780179342903, -3.042465685096498 ] ] ] } },
{ "type": "Feature", "properties": { "cell_id": 975, "elephant_count": 2.0, "inside_protected_area": true, "dist_to_settlement_km": 59.206930585327243, "dist_to_road_km": 43.914631193983368, "elephant_score": 0.0106951871657754, "settlement_proximity_score": 0.64391234536523223, "road_proximity_score": 0.73034275367062917, "conflict_risk_score": 0.41655460457706861, "priority_zone": false, "nearest_settlement": "Voi" }, "geometry": { "type": "Polygon", "coordinates": [ [ [ 38.781780179342903, -2.942465685096498 ], [ 38.781780179342903, -2.842465685096498 ], [ 38.681780179342901, -2.842465685096498 ], [ 38.681780179342901, -2.942465685096498 ], [ 38.781780179342903, -2.942465685096498 ] ] ] } },
{ "type": "Feature", "properties": { "cell_id": 976, "elephant_count": 1.0, "inside_protected_area": true, "dist_to_settlement_km": 63.88363472209295, "dist_to_road_km": 49.236208207258741, "elephant_score": 0.0053475935828877002, "settlement_proximity_score": 0.61484174811644488, "road_proximity_score": 0.69764978499248431, "conflict_risk_score": 0.39588649736583381, "priority_zone": false, "nearest_settlement": "Mtito Andei" }, "geometry": { "type": "Polygon", "coordinates": [ [ [ 38.781780179342903, -2.842465685096498 ], [ 38.781780179342903, -2.742465685096498 ], [ 38.681780179342901, -2.742465685096498 ], [ 38.681780179342901, -2.842465685096498 ], [ 38.781780179342903, -2.842465685096498 ] ] ] } },
{ "type": "Feature", "properties": { "cell_id": 977, "elephant_count": 0.0, "inside_protected_area": true, "dist_to_settlement_km": 62.732150481957888, "dist_to_road_km": 54.557785220534093, "elephant_score": 0.0, "settlement_proximity_score": 0.62199942446379719, "road_proximity_score": 0.66495681631433967, "conflict_risk_score": 0.38608687223344107, "priority_zone": false, "nearest_settlement": "Mtito Andei" }, "geometry": { "type": "Polygon", "coordinates": [ [ [ 38.781780179342903, -2.742465685096499 ], [ 38.781780179342903, -2.642465685096499 ], [ 38.681780179342901, -2.642465685096499 ], [ 38.681780179342901, -2.742465685096499 ], [ 38.781780179342903, -2.742465685096499 ] ] ] } },
{ "type": "Feature", "properties": { "cell_id": 978, "elephant_count": 0.0, "inside_protected_area": true, "dist_to_settlement_km": 63.529100598672223, "dist_to_road_km": 59.879362233809438, "elephant_score": 0.0, "settlement_proximity_score": 0.61704554771794018, "road_proximity_score": 0.63226384763619503, "conflict_risk_score": 0.37479281860624053, "priority_zone": false, "nearest_settlement": "Mtito Andei" }, "geometry": { "type": "Polygon", "coordinates": [ [ [ 38.781780179342903, -2.642465685096499 ], [ 38.781780179342903, -2.542465685096499 ], [ 38.681780179342901, -2.542465685096499 ], [ 38.681780179342901, -2.642465685096499 ], [ 38.781780179342903, -2.642465685096499 ] ] ] } },
{ "type": "Feature", "properties": { "cell_id": 979, "elephant_count": 0.0, "inside_protected_area": true, "dist_to_settlement_km": 66.204158039064453, "dist_to_road_km": 65.200939247084776, "elephant_score": 0.0, "settlement_proximity_score": 0.60041727378979837, "road_proximity_score": 0.5995708789580505, "conflict_risk_score": 0.35999644582435464, "priority_zone": false, "nearest_settlement": "Mtito Andei" }, "geometry": { "type": "Polygon", "coordinates": [ [ [ 38.781780179342903, -2.5424656850965 ], [ 38.781780179342903, -2.442465685096499 ], [ 38.681780179342901, -2.442465685096499 ], [ 38.681780179342901, -2.5424656850965 ], [ 38.781780179342903, -2.5424656850965 ] ] ] } },
{ "type": "Feature", "properties": { "cell_id": 980, "elephant_count": 0.0, "inside_protected_area": true, "dist_to_settlement_km": 70.543989541608909, "dist_to_road_km": 70.522516260360121, "elephant_score": 0.0, "settlement_proximity_score": 0.57344069155397626, "road_proximity_score": 0.56687791027990575, "conflict_risk_score": 0.34209558055016459, "priority_zone": false, "nearest_settlement": "Mtito Andei" }, "geometry": { "type": "Polygon", "coordinates": [ [ [ 38.781780179342903, -2.4424656850965 ], [ 38.781780179342903, -2.3424656850965 ], [ 38.681780179342901, -2.3424656850965 ], [ 38.681780179342901, -2.4424656850965 ], [ 38.781780179342903, -2.4424656850965 ] ] ] } },
{ "type": "Feature", "properties": { "cell_id": 981, "elephant_count": 1.0, "inside_protected_area": true, "dist_to_settlement_km": 76.264922338069852, "dist_to_road_km": 76.264922338069852, "elephant_score": 0.0053475935828877002, "settlement_proximity_score": 0.53787912333206378, "road_proximity_score": 0.53159958929208218, "conflict_risk_score": 0.32298265122039882, "priority_zone": false, "nearest_settlement": "Mtito Andei" }, "geometry": { "type": "Polygon", "coordinates": [ [ [ 38.781780179342903, -2.3424656850965 ], [ 38.781780179342903, -2.2424656850965 ], [ 38.681780179342901, -2.2424656850965 ], [ 38.681780179342901, -2.3424656850965 ], [ 38.781780179342903, -2.3424656850965 ] ] ] } },
{ "type": "Feature", "properties": { "cell_id": 982, "elephant_count": 0.0, "inside_protected_area": true, "dist_to_settlement_km": 83.082141871866924, "dist_to_road_km": 83.082141871866924, "elephant_score": 0.0, "settlement_proximity_score": 0.49550298885188748, "road_proximity_score": 0.48971818005296497, "conflict_risk_score": 0.29556635067145576, "priority_zone": false, "nearest_settlement": "Mtito Andei" }, "geometry": { "type": "Polygon", "coordinates": [ [ [ 38.781780179342903, -2.242465685096501 ], [ 38.781780179342903, -2.1424656850965 ], [ 38.681780179342901, -2.1424656850965 ], [ 38.681780179342901, -2.242465685096501 ], [ 38.781780179342903, -2.242465685096501 ] ] ] } },
{ "type": "Feature", "properties": { "cell_id": 983, "elephant_count": 0.0, "inside_protected_area": true, "dist_to_settlement_km": 90.748918543430705, "dist_to_road_km": 90.748918543430705, "elephant_score": 0.0, "settlement_proximity_score": 0.44784597008448579, "road_proximity_score": 0.44261753884069133, "conflict_risk_score": 0.26713905267755311, "priority_zone": false, "nearest_settlement": "Mtito Andei" }, "geometry": { "type": "Polygon", "coordinates": [ [ [ 38.781780179342903, -2.142465685096501 ], [ 38.781780179342903, -2.042465685096501 ], [ 38.681780179342901, -2.042465685096501 ], [ 38.681780179342901, -2.142465685096501 ], [ 38.781780179342903, -2.142465685096501 ] ] ] } },
{ "type": "Feature", "properties": { "cell_id": 984, "elephant_count": 0.0, "inside_protected_area": false, "dist_to_settlement_km": 99.068209510354137, "dist_to_road_km": 99.068209510354137, "elephant_score": 0.0, "settlement_proximity_score": 0.39613289394746065, "road_proximity_score": 0.39150819318478802, "conflict_risk_score": 0.2362923261396746, "priority_zone": false, "nearest_settlement": "Mtito Andei" }, "geometry": { "type": "Polygon", "coordinates": [ [ [ 38.781780179342903, -2.042465685096501 ], [ 38.781780179342903, -1.942465685096501 ], [ 38.681780179342901, -1.942465685096501 ], [ 38.681780179342901, -2.042465685096501 ], [ 38.781780179342903, -2.042465685096501 ] ] ] } },
{ "type": "Feature", "properties": { "cell_id": 985, "elephant_count": 0.0, "inside_protected_area": false, "dist_to_settlement_km": 107.889174871127, "dist_to_road_km": 107.889174871127, "elephant_score": 0.0, "settlement_proximity_score": 0.3413013878590998, "road_proximity_score": 0.33731682406030905, "conflict_risk_score": 0.20358546357582263, "priority_zone": false, "nearest_settlement": "Mtito Andei" }, "geometry": { "type": "Polygon", "coordinates": [ [ [ 38.781780179342903, -1.942465685096502 ], [ 38.781780179342903, -1.842465685096502 ], [ 38.681780179342901, -1.842465685096502 ], [ 38.681780179342901, -1.942465685096502 ], [ 38.781780179342903, -1.942465685096502 ] ] ] } },
{ "type": "Feature", "properties": { "cell_id": 986, "elephant_count": 0.0, "inside_protected_area": false, "dist_to_settlement_km": 117.09849688684226, "dist_to_road_km": 117.05111593517644, "elephant_score": 0.0, "settlement_proximity_score": 0.28405583983553007, "road_proximity_score": 0.28103067965410067, "conflict_risk_score": 0.16952595584688923, "priority_zone": false, "nearest_settlement": "Mtito Andei" }, "geometry": { "type": "Polygon", "coordinates": [ [ [ 38.781780179342903, -1.842465685096502 ], [ 38.781780179342903, -1.742465685096502 ], [ 38.681780179342901, -1.742465685096502 ], [ 38.681780179342901, -1.842465685096502 ], [ 38.781780179342903, -1.842465685096502 ] ] ] } },
{ "type": "Feature", "properties": { "cell_id": 987, "elephant_count": 0.0, "inside_protected_area": false, "dist_to_settlement_km": 126.61146034993438, "dist_to_road_km": 126.25148019798779, "elephant_score": 0.0, "settlement_proximity_score": 0.22492284330835755, "road_proximity_score": 0.22450848333499052, "conflict_risk_score": 0.13482939799300442, "priority_zone": false, "nearest_settlement": "Mtito Andei" }, "geometry": { "type": "Polygon", "coordinates": [ [ [ 38.781780179342903, -1.742465685096502 ], [ 38.781780179342903, -1.642465685096502 ], [ 38.681780179342901, -1.642465685096502 ], [ 38.681780179342901, -1.742465685096502 ], [ 38.781780179342903, -1.742465685096502 ] ] ] } },
{ "type": "Feature", "properties": { "cell_id": 988, "elephant_count": 0.0, "inside_protected_area": false, "dist_to_settlement_km": 136.36453281820826, "dist_to_road_km": 135.45184446079915, "elephant_score": 0.0, "settlement_proximity_score": 0.16429731871412767, "road_proximity_score": 0.16798628701588025, "conflict_risk_score": 0.099685081719002366, "priority_zone": false, "nearest_settlement": "Mtito Andei" }, "geometry": { "type": "Polygon", "coordinates": [ [ [ 38.781780179342903, -1.642465685096503 ], [ 38.781780179342903, -1.542465685096503 ], [ 38.681780179342901, -1.542465685096503 ], [ 38.681780179342901, -1.642465685096503 ], [ 38.781780179342903, -1.642465685096503 ] ] ] } },
{ "type": "Feature", "properties": { "cell_id": 989, "elephant_count": 0.0, "inside_protected_area": false, "dist_to_settlement_km": 129.7335139721965, "dist_to_road_km": 152.18102941324685, "elephant_score": 0.0, "settlement_proximity_score": 0.2055160215835462, "road_proximity_score": 0.065210978437824529, "conflict_risk_score": 0.08121810000641122, "priority_zone": false, "nearest_settlement": "Meru" }, "geometry": { "type": "Polygon", "coordinates": [ [ [ 38.781780179342903, -0.442465685096507 ], [ 38.781780179342903, -0.342465685096507 ], [ 38.681780179342901, -0.342465685096507 ], [ 38.681780179342901, -0.442465685096507 ], [ 38.781780179342903, -0.442465685096507 ] ] ] } },
{ "type": "Feature", "properties": { "cell_id": 990, "elephant_count": 0.0, "inside_protected_area": false, "dist_to_settlement_km": 125.95106472896249, "dist_to_road_km": 146.42867359933538, "elephant_score": 0.0, "settlement_proximity_score": 0.22902789134233759, "road_proximity_score": 0.10055042536880154, "conflict_risk_score": 0.098873495013341722, "priority_zone": false, "nearest_settlement": "Meru" }, "geometry": { "type": "Polygon", "coordinates": [ [ [ 38.781780179342903, -0.342465685096507 ], [ 38.781780179342903, -0.242465685096507 ], [ 38.681780179342901, -0.242465685096507 ], [ 38.681780179342901, -0.342465685096507 ], [ 38.781780179342903, -0.342465685096507 ] ] ] } },
{ "type": "Feature", "properties": { "cell_id": 991, "elephant_count": 0.0, "inside_protected_area": false, "dist_to_settlement_km": 123.05680300229032, "dist_to_road_km": 141.31548814919719, "elephant_score": 0.0, "settlement_proximity_score": 0.24701874869147367, "road_proximity_score": 0.1319631459495425, "conflict_risk_score": 0.11369456839230485, "priority_zone": false, "nearest_settlement": "Meru" }, "geometry": { "type": "Polygon", "coordinates": [ [ [ 38.781780179342903, -0.242465685096508 ], [ 38.781780179342903, -0.142465685096508 ], [ 38.681780179342901, -0.142465685096508 ], [ 38.681780179342901, -0.242465685096508 ], [ 38.781780179342903, -0.242465685096508 ] ] ] } },
{ "type": "Feature", "properties": { "cell_id": 992, "elephant_count": 0.0, "inside_protected_area": false, "dist_to_settlement_km": 121.11442037977835, "dist_to_road_km": 136.91310357168553, "elephant_score": 0.0, "settlement_proximity_score": 0.25909268393962892, "road_proximity_score": 0.15900908002936354, "conflict_risk_score": 0.12543052919069772, "priority_zone": false, "nearest_settlement": "Meru" }, "geometry": { "type": "Polygon", "coordinates": [ [ [ 38.781780179342903, -0.142465685096508 ], [ 38.781780179342903, -0.042465685096508 ], [ 38.681780179342901, -0.042465685096508 ], [ 38.681780179342901, -0.142465685096508 ], [ 38.781780179342903, -0.142465685096508 ] ] ] } },
{ "type": "Feature", "properties": { "cell_id": 993, "elephant_count": 0.0, "inside_protected_area": false, "dist_to_settlement_km": 120.17008314349648, "dist_to_road_km": 133.27774374277175, "elephant_score": 0.0, "settlement_proximity_score": 0.26496272546035859, "road_proximity_score": 0.18134281770223293, "conflict_risk_score": 0.13389166294877744, "priority_zone": false, "nearest_settlement": "Meru" }, "geometry": { "type": "Polygon", "coordinates": [ [ [ 38.781780179342903, -0.042465685096508 ], [ 38.781780179342903, 0.057534314903492 ], [ 38.681780179342901, 0.057534314903492 ], [ 38.681780179342901, -0.042465685096508 ], [ 38.781780179342903, -0.042465685096508 ] ] ] } },
{ "type": "Feature", "properties": { "cell_id": 994, "elephant_count": 0.0, "inside_protected_area": false, "dist_to_settlement_km": 120.24730741891911, "dist_to_road_km": 129.91470709769655, "elephant_score": 0.0, "settlement_proximity_score": 0.26448269599024699, "road_proximity_score": 0.20200354504426299, "conflict_risk_score": 0.13994587231035299, "priority_zone": false, "nearest_settlement": "Meru" }, "geometry": { "type": "Polygon", "coordinates": [ [ [ 38.781780179342903, 0.057534314903491 ], [ 38.781780179342903, 0.157534314903491 ], [ 38.681780179342901, 0.157534314903491 ], [ 38.681780179342901, 0.057534314903491 ], [ 38.781780179342903, 0.057534314903491 ] ] ] } },
{ "type": "Feature", "properties": { "cell_id": 995, "elephant_count": 0.0, "inside_protected_area": false, "dist_to_settlement_km": 121.34414283468826, "dist_to_road_km": 126.55167045262142, "elephant_score": 0.0, "settlement_proximity_score": 0.25766471912287081, "road_proximity_score": 0.22266427238629261, "conflict_risk_score": 0.144098697452749, "priority_zone": false, "nearest_settlement": "Meru" }, "geometry": { "type": "Polygon", "coordinates": [ [ [ 38.781780179342903, 0.157534314903491 ], [ 38.781780179342903, 0.257534314903491 ], [ 38.681780179342901, 0.257534314903491 ], [ 38.681780179342901, 0.157534314903491 ], [ 38.781780179342903, 0.157534314903491 ] ] ] } },
{ "type": "Feature", "properties": { "cell_id": 996, "elephant_count": 0.0, "inside_protected_area": false, "dist_to_settlement_km": 123.19707227962058, "dist_to_road_km": 123.19707227962058, "elephant_score": 0.0, "settlement_proximity_score": 0.24614682873494065, "road_proximity_score": 0.24327315819666184, "conflict_risk_score": 0.14682599607948074, "priority_zone": false, "nearest_settlement": "Archer's Post" }, "geometry": { "type": "Polygon", "coordinates": [ [ [ 38.781780179342903, 0.257534314903491 ], [ 38.781780179342903, 0.357534314903491 ], [ 38.681780179342901, 0.357534314903491 ], [ 38.681780179342901, 0.257534314903491 ], [ 38.781780179342903, 0.257534314903491 ] ] ] } },
{ "type": "Feature", "properties": { "cell_id": 997, "elephant_count": 0.0, "inside_protected_area": false, "dist_to_settlement_km": 114.7518912501847, "dist_to_road_km": 114.7518912501847, "elephant_score": 0.0, "settlement_proximity_score": 0.29864244300093434, "road_proximity_score": 0.29515590614672393, "conflict_risk_score": 0.17813950474429746, "priority_zone": false, "nearest_settlement": "Voi" }, "geometry": { "type": "Polygon", "coordinates": [ [ [ 38.881780179342904, -4.442465685096493 ], [ 38.881780179342904, -4.342465685096493 ], [ 38.781780179342903, -4.342465685096493 ], [ 38.781780179342903, -4.442465685096493 ], [ 38.881780179342904, -4.442465685096493 ] ] ] } },
{ "type": "Feature", "properties": { "cell_id": 998, "elephant_count": 0.0, "inside_protected_area": false, "dist_to_settlement_km": 104.09592799086546, "dist_to_road_km": 104.09592799086546, "elephant_score": 0.0, "settlement_proximity_score": 0.36488037620142477, "road_proximity_score": 0.36062053668825667, "conflict_risk_score": 0.21765027386690444, "priority_zone": false, "nearest_settlement": "Voi" }, "geometry": { "type": "Polygon", "coordinates": [ [ [ 38.881780179342904, -4.342465685096493 ], [ 38.881780179342904, -4.242465685096493 ], [ 38.781780179342903, -4.242465685096493 ], [ 38.781780179342903, -4.342465685096493 ], [ 38.881780179342904, -4.342465685096493 ] ] ] } },
{ "type": "Feature", "properties": { "cell_id": 999, "elephant_count": 0.0, "inside_protected_area": false, "dist_to_settlement_km": 93.543294270966712, "dist_to_road_km": 93.543294270966712, "elephant_score": 0.0, "settlement_proximity_score": 0.43047600847020118, "road_proximity_score": 0.42545036491698374, "conflict_risk_score": 0.25677791201615546, "priority_zone": false, "nearest_settlement": "Voi" }, "geometry": { "type": "Polygon", "coordinates": [ [ [ 38.881780179342904, -4.242465685096493 ], [ 38.881780179342904, -4.142465685096494 ], [ 38.781780179342903, -4.142465685096494 ], [ 38.781780179342903, -4.242465685096493 ], [ 38.881780179342904, -4.242465685096493 ] ] ] } },
{ "type": "Feature", "properties": { "cell_id": 1000, "elephant_count": 0.0, "inside_protected_area": false, "dist_to_settlement_km": 83.133348193428986, "dist_to_road_km": 83.133348193428986, "elephant_score": 0.0, "settlement_proximity_score": 0.49518468811975014, "road_proximity_score": 0.4894035953607252, "conflict_risk_score": 0.2953764850441426, "priority_zone": false, "nearest_settlement": "Voi" }, "geometry": { "type": "Polygon", "coordinates": [ [ [ 38.881780179342904, -4.142465685096494 ], [ 38.881780179342904, -4.042465685096494 ], [ 38.781780179342903, -4.042465685096494 ], [ 38.781780179342903, -4.142465685096494 ], [ 38.881780179342904, -4.142465685096494 ] ] ] } },
{ "type": "Feature", "properties": { "cell_id": 1001, "elephant_count": 0.0, "inside_protected_area": false, "dist_to_settlement_km": 72.927218928430079, "dist_to_road_km": 72.927218928430079, "elephant_score": 0.0, "settlement_proximity_score": 0.55862643355738939, "road_proximity_score": 0.55210468256726686, "conflict_risk_score": 0.33321933483739685, "priority_zone": false, "nearest_settlement": "Voi" }, "geometry": { "type": "Polygon", "coordinates": [ [ [ 38.881780179342904, -4.042465685096494 ], [ 38.881780179342904, -3.942465685096494 ], [ 38.781780179342903, -3.942465685096494 ], [ 38.781780179342903, -4.042465685096494 ], [ 38.881780179342904, -4.042465685096494 ] ] ] } },
{ "type": "Feature", "properties": { "cell_id": 1002, "elephant_count": 0.0, "inside_protected_area": false, "dist_to_settlement_km": 63.024002883190413, "dist_to_road_km": 63.024002883190413, "elephant_score": 0.0, "settlement_proximity_score": 0.62018525718611472, "road_proximity_score": 0.61294483036034508, "conflict_risk_score": 0.36993902626393793, "priority_zone": false, "nearest_settlement": "Voi" }, "geometry": { "type": "Polygon", "coordinates": [ [ [ 38.881780179342904, -3.942465685096495 ], [ 38.881780179342904, -3.842465685096494 ], [ 38.781780179342903, -3.842465685096494 ], [ 38.781780179342903, -3.942465685096495 ], [ 38.881780179342904, -3.942465685096495 ] ] ] } },
{ "type": "Feature", "properties": { "cell_id": 1003, "elephant_count": 1.0, "inside_protected_area": false, "dist_to_settlement_km": 53.591889481577581, "dist_to_road_km": 53.591889481577581, "elephant_score": 0.0053475935828877002, "settlement_proximity_score": 0.67881568619862942, "road_proximity_score": 0.67089077142976561, "conflict_risk_score": 0.40705097472167362, "priority_zone": false, "nearest_settlement": "Voi" }, "geometry": { "type": "Polygon", "coordinates": [ [ [ 38.881780179342904, -3.842465685096495 ], [ 38.881780179342904, -3.742465685096495 ], [ 38.781780179342903, -3.742465685096495 ], [ 38.781780179342903, -3.842465685096495 ], [ 38.881780179342904, -3.842465685096495 ] ] ] } },
{ "type": "Feature", "properties": { "cell_id": 1004, "elephant_count": 2.0, "inside_protected_area": false, "dist_to_settlement_km": 44.928568828651116, "dist_to_road_km": 44.928568828651116, "elephant_score": 0.0106951871657754, "settlement_proximity_score": 0.73266726589520137, "road_proximity_score": 0.724113654430105, "conflict_risk_score": 0.44131235096390203, "priority_zone": false, "nearest_settlement": "Voi" }, "geometry": { "type": "Polygon", "coordinates": [ [ [ 38.881780179342904, -3.742465685096495 ], [ 38.881780179342904, -3.642465685096495 ], [ 38.781780179342903, -3.642465685096495 ], [ 38.781780179342903, -3.742465685096495 ], [ 38.881780179342904, -3.742465685096495 ] ] ] } },
{ "type": "Feature", "properties": { "cell_id": 1005, "elephant_count": 6.0, "inside_protected_area": true, "dist_to_settlement_km": 37.569694911937454, "dist_to_road_km": 37.569694911937454, "elephant_score": 0.032085561497326207, "settlement_proximity_score": 0.77841034768556139, "road_proximity_score": 0.76932270315107054, "conflict_risk_score": 0.47715413984992006, "priority_zone": false, "nearest_settlement": "Voi" }, "geometry": { "type": "Polygon", "coordinates": [ [ [ 38.881780179342904, -3.642465685096496 ], [ 38.881780179342904, -3.542465685096496 ], [ 38.781780179342903, -3.542465685096496 ], [ 38.781780179342903, -3.642465685096496 ], [ 38.881780179342904, -3.642465685096496 ] ] ] } },
{ "type": "Feature", "properties": { "cell_id": 1006, "elephant_count": 7.0, "inside_protected_area": true, "dist_to_settlement_km": 32.416163476902604, "dist_to_road_km": 32.416163476902604, "elephant_score": 0.037433155080213901, "settlement_proximity_score": 0.81044492425393766, "road_proximity_score": 0.80098328823085474, "conflict_risk_score": 0.49840172577752323, "priority_zone": false, "nearest_settlement": "Voi" }, "geometry": { "type": "Polygon", "coordinates": [ [ [ 38.881780179342904, -3.542465685096496 ], [ 38.881780179342904, -3.442465685096496 ], [ 38.781780179342903, -3.442465685096496 ], [ 38.781780179342903, -3.542465685096496 ], [ 38.881780179342904, -3.542465685096496 ] ] ] } },
{ "type": "Feature", "properties": { "cell_id": 1007, "elephant_count": 12.0, "inside_protected_area": true, "dist_to_settlement_km": 30.6031588785617, "dist_to_road_km": 30.6031588785617, "elephant_score": 0.064171122994652413, "settlement_proximity_score": 0.82171464005105832, "road_proximity_score": 0.81212143438546802, "conflict_risk_score": 0.5158192715288189, "priority_zone": false, "nearest_settlement": "Voi" }, "geometry": { "type": "Polygon", "coordinates": [ [ [ 38.881780179342904, -3.442465685096496 ], [ 38.881780179342904, -3.342465685096496 ], [ 38.781780179342903, -3.342465685096496 ], [ 38.781780179342903, -3.442465685096496 ], [ 38.881780179342904, -3.442465685096496 ] ] ] } },
{ "type": "Feature", "properties": { "cell_id": 1008, "elephant_count": 19.0, "inside_protected_area": true, "dist_to_settlement_km": 32.691268132816496, "dist_to_road_km": 32.691268132816496, "elephant_score": 0.10160427807486631, "settlement_proximity_score": 0.80873486169289877, "road_proximity_score": 0.79929318999934029, "conflict_risk_score": 0.52305012673761819, "priority_zone": false, "nearest_settlement": "Voi" }, "geometry": { "type": "Polygon", "coordinates": [ [ [ 38.881780179342904, -3.342465685096497 ], [ 38.881780179342904, -3.242465685096497 ], [ 38.781780179342903, -3.242465685096497 ], [ 38.781780179342903, -3.342465685096497 ], [ 38.881780179342904, -3.342465685096497 ] ] ] } },
{ "type": "Feature", "properties": { "cell_id": 1009, "elephant_count": 6.0, "inside_protected_area": true, "dist_to_settlement_km": 38.043457925337357, "dist_to_road_km": 37.691091975068268, "elephant_score": 0.032085561497326207, "settlement_proximity_score": 0.7754654160946044, "road_proximity_score": 0.76857690348066199, "conflict_risk_score": 0.47604692047151037, "priority_zone": false, "nearest_settlement": "Voi" }, "geometry": { "type": "Polygon", "coordinates": [ [ [ 38.881780179342904, -3.242465685096497 ], [ 38.881780179342904, -3.142465685096497 ], [ 38.781780179342903, -3.142465685096497 ], [ 38.781780179342903, -3.242465685096497 ], [ 38.881780179342904, -3.242465685096497 ] ] ] } },
{ "type": "Feature", "properties": { "cell_id": 1010, "elephant_count": 1.0, "inside_protected_area": true, "dist_to_settlement_km": 45.522635794757342, "dist_to_road_km": 43.012668988343613, "elephant_score": 0.0053475935828877002, "settlement_proximity_score": 0.72897451967789917, "road_proximity_score": 0.73588393480251724, "conflict_risk_score": 0.44159657377728001, "priority_zone": false, "nearest_settlement": "Voi" }, "geometry": { "type": "Polygon", "coordinates": [ [ [ 38.881780179342904, -3.142465685096497 ], [ 38.881780179342904, -3.042465685096497 ], [ 38.781780179342903, -3.042465685096497 ], [ 38.781780179342903, -3.142465685096497 ], [ 38.881780179342904, -3.142465685096497 ] ] ] } },
{ "type": "Feature", "properties": { "cell_id": 1011, "elephant_count": 18.0, "inside_protected_area": true, "dist_to_settlement_km": 54.256207465020353, "dist_to_road_km": 48.334246001618965, "elephant_score": 0.096256684491978606, "settlement_proximity_score": 0.6746862565881544, "road_proximity_score": 0.7031909661243726, "conflict_risk_score": 0.45186584061054957, "priority_zone": false, "nearest_settlement": "Voi" }, "geometry": { "type": "Polygon", "coordinates": [ [ [ 38.881780179342904, -3.042465685096498 ], [ 38.881780179342904, -2.942465685096498 ], [ 38.781780179342903, -2.942465685096498 ], [ 38.781780179342903, -3.042465685096498 ], [ 38.881780179342904, -3.042465685096498 ] ] ] } },
{ "type": "Feature", "properties": { "cell_id": 1012, "elephant_count": 1.0, "inside_protected_area": true, "dist_to_settlement_km": 63.730539988866688, "dist_to_road_km": 53.655823014894303, "elephant_score": 0.0053475935828877002, "settlement_proximity_score": 0.61579339166719749, "road_proximity_score": 0.67049799744622796, "conflict_risk_score": 0.38802645416718273, "priority_zone": false, "nearest_settlement": "Voi" }, "geometry": { "type": "Polygon", "coordinates": [ [ [ 38.881780179342904, -2.942465685096498 ], [ 38.881780179342904, -2.842465685096498 ], [ 38.781780179342903, -2.842465685096498 ], [ 38.781780179342903, -2.942465685096498 ], [ 38.881780179342904, -2.942465685096498 ] ] ] } },
{ "type": "Feature", "properties": { "cell_id": 1013, "elephant_count": 4.0, "inside_protected_area": true, "dist_to_settlement_km": 73.660351655811056, "dist_to_road_km": 58.977400028169676, "elephant_score": 0.021390374331550801, "settlement_proximity_score": 0.55406924849193939, "road_proximity_score": 0.6378050287680832, "conflict_risk_score": 0.36611843291062707, "priority_zone": false, "nearest_settlement": "Voi" }, "geometry": { "type": "Polygon", "coordinates": [ [ [ 38.881780179342904, -2.842465685096498 ], [ 38.881780179342904, -2.742465685096498 ], [ 38.781780179342903, -2.742465685096498 ], [ 38.781780179342903, -2.842465685096498 ], [ 38.881780179342904, -2.842465685096498 ] ] ] } },
{ "type": "Feature", "properties": { "cell_id": 1014, "elephant_count": 10.0, "inside_protected_area": true, "dist_to_settlement_km": 73.830910071783649, "dist_to_road_km": 64.298977041445013, "elephant_score": 0.053475935828877004, "settlement_proximity_score": 0.55300904992621192, "road_proximity_score": 0.60511206008993867, "conflict_risk_score": 0.368826707336396, "priority_zone": false, "nearest_settlement": "Mtito Andei" }, "geometry": { "type": "Polygon", "coordinates": [ [ [ 38.881780179342904, -2.742465685096499 ], [ 38.881780179342904, -2.642465685096499 ], [ 38.781780179342903, -2.642465685096499 ], [ 38.781780179342903, -2.742465685096499 ], [ 38.881780179342904, -2.742465685096499 ] ] ] } },
{ "type": "Feature", "properties": { "cell_id": 1015, "elephant_count": 4.0, "inside_protected_area": true, "dist_to_settlement_km": 74.509242385176705, "dist_to_road_km": 69.620554054720358, "elephant_score": 0.021390374331550801, "settlement_proximity_score": 0.54879250662845158, "road_proximity_score": 0.57241909141179392, "conflict_risk_score": 0.34491962914469398, "priority_zone": false, "nearest_settlement": "Mtito Andei" }, "geometry": { "type": "Polygon", "coordinates": [ [ [ 38.881780179342904, -2.642465685096499 ], [ 38.881780179342904, -2.542465685096499 ], [ 38.781780179342903, -2.542465685096499 ], [ 38.781780179342903, -2.642465685096499 ], [ 38.881780179342904, -2.642465685096499 ] ] ] } },
{ "type": "Feature", "properties": { "cell_id": 1016, "elephant_count": 0.0, "inside_protected_area": true, "dist_to_settlement_km": 76.802806716930718, "dist_to_road_km": 74.942131067995703, "elephant_score": 0.0, "settlement_proximity_score": 0.53453561053180954, "road_proximity_score": 0.53972612273364928, "conflict_risk_score": 0.32227851997963763, "priority_zone": false, "nearest_settlement": "Mtito Andei" }, "geometry": { "type": "Polygon", "coordinates": [ [ [ 38.881780179342904, -2.5424656850965 ], [ 38.881780179342904, -2.442465685096499 ], [ 38.781780179342903, -2.442465685096499 ], [ 38.781780179342903, -2.5424656850965 ], [ 38.881780179342904, -2.5424656850965 ] ] ] } },
{ "type": "Feature", "properties": { "cell_id": 1017, "elephant_count": 0.0, "inside_protected_area": true, "dist_to_settlement_km": 80.573786297923363, "dist_to_road_km": 80.263708081271062, "elephant_score": 0.0, "settlement_proximity_score": 0.51109503669464318, "road_proximity_score": 0.50703315405550464, "conflict_risk_score": 0.30543845722504437, "priority_zone": false, "nearest_settlement": "Mtito Andei" }, "geometry": { "type": "Polygon", "coordinates": [ [ [ 38.881780179342904, -2.4424656850965 ], [ 38.881780179342904, -2.3424656850965 ], [ 38.781780179342903, -2.3424656850965 ], [ 38.781780179342903, -2.4424656850965 ], [ 38.881780179342904, -2.4424656850965 ] ] ] } },
{ "type": "Feature", "properties": { "cell_id": 1018, "elephant_count": 0.0, "inside_protected_area": true, "dist_to_settlement_km": 85.627209210440938, "dist_to_road_km": 85.627209210440938, "elephant_score": 0.0, "settlement_proximity_score": 0.47968273907617787, "road_proximity_score": 0.47408262567196069, "conflict_risk_score": 0.28612960942444154, "priority_zone": false, "nearest_settlement": "Mtito Andei" }, "geometry": { "type": "Polygon", "coordinates": [ [ [ 38.881780179342904, -2.3424656850965 ], [ 38.881780179342904, -2.2424656850965 ], [ 38.781780179342903, -2.2424656850965 ], [ 38.781780179342903, -2.3424656850965 ], [ 38.881780179342904, -2.3424656850965 ] ] ] } },
{ "type": "Feature", "properties": { "cell_id": 1019, "elephant_count": 0.0, "inside_protected_area": true, "dist_to_settlement_km": 91.751418931555619, "dist_to_road_km": 91.751418931555619, "elephant_score": 0.0, "settlement_proximity_score": 0.44161438387063412, "road_proximity_score": 0.43645870402405051, "conflict_risk_score": 0.26342192636840533, "priority_zone": false, "nearest_settlement": "Mtito Andei" }, "geometry": { "type": "Polygon", "coordinates": [ [ [ 38.881780179342904, -2.242465685096501 ], [ 38.881780179342904, -2.1424656850965 ], [ 38.781780179342903, -2.1424656850965 ], [ 38.781780179342903, -2.242465685096501 ], [ 38.881780179342904, -2.242465685096501 ] ] ] } },
{ "type": "Feature", "properties": { "cell_id": 1020, "elephant_count": 0.0, "inside_protected_area": true, "dist_to_settlement_km": 98.747388799598227, "dist_to_road_km": 98.747388799598227, "elephant_score": 0.0, "settlement_proximity_score": 0.39812712950282436, "road_proximity_score": 0.39347914679907903, "conflict_risk_score": 0.23748188289057101, "priority_zone": false, "nearest_settlement": "Mtito Andei" }, "geometry": { "type": "Polygon", "coordinates": [ [ [ 38.881780179342904, -2.142465685096501 ], [ 38.881780179342904, -2.042465685096501 ], [ 38.781780179342903, -2.042465685096501 ], [ 38.781780179342903, -2.142465685096501 ], [ 38.881780179342904, -2.142465685096501 ] ] ] } },
{ "type": "Feature", "properties": { "cell_id": 1021, "elephant_count": 0.0, "inside_protected_area": false, "dist_to_settlement_km": 106.44336857467552, "dist_to_road_km": 106.44336857467552, "elephant_score": 0.0, "settlement_proximity_score": 0.35028858296804011, "road_proximity_score": 0.3461990970870148, "conflict_risk_score": 0.20894630401651645, "priority_zone": false, "nearest_settlement": "Mtito Andei" }, "geometry": { "type": "Polygon", "coordinates": [ [ [ 38.881780179342904, -2.042465685096501 ], [ 38.881780179342904, -1.942465685096501 ], [ 38.781780179342903, -1.942465685096501 ], [ 38.781780179342903, -2.042465685096501 ], [ 38.881780179342904, -2.042465685096501 ] ] ] } },
{ "type": "Feature", "properties": { "cell_id": 1022, "elephant_count": 0.0, "inside_protected_area": false, "dist_to_settlement_km": 114.69853805654812, "dist_to_road_km": 114.69853805654812, "elephant_score": 0.0, "settlement_proximity_score": 0.29897408878368814, "road_proximity_score": 0.29548368009119341, "conflict_risk_score": 0.17833733066246446, "priority_zone": false, "nearest_settlement": "Mtito Andei" }, "geometry": { "type": "Polygon", "coordinates": [ [ [ 38.881780179342904, -1.942465685096502 ], [ 38.881780179342904, -1.842465685096502 ], [ 38.781780179342903, -1.842465685096502 ], [ 38.781780179342903, -1.942465685096502 ], [ 38.881780179342904, -1.942465685096502 ] ] ] } },
{ "type": "Feature", "properties": { "cell_id": 1023, "elephant_count": 0.0, "inside_protected_area": false, "dist_to_settlement_km": 123.40072346260615, "dist_to_road_km": 123.40072346260615, "elephant_score": 0.0, "settlement_proximity_score": 0.24488092408357076, "road_proximity_score": 0.24202203250027432, "conflict_risk_score": 0.14607088697515352, "priority_zone": false, "nearest_settlement": "Mtito Andei" }, "geometry": { "type": "Polygon", "coordinates": [ [ [ 38.881780179342904, -1.842465685096502 ], [ 38.881780179342904, -1.742465685096502 ], [ 38.781780179342903, -1.742465685096502 ], [ 38.781780179342903, -1.842465685096502 ], [ 38.881780179342904, -1.842465685096502 ] ] ] } },
{ "type": "Feature", "properties": { "cell_id": 1024, "elephant_count": 0.0, "inside_protected_area": false, "dist_to_settlement_km": 132.46185288557535, "dist_to_road_km": 132.46141557861654, "elephant_score": 0.0, "settlement_proximity_score": 0.18855654769134422, "road_proximity_score": 0.18635790834833965, "conflict_risk_score": 0.11247433681190516, "priority_zone": false, "nearest_settlement": "Mtito Andei" }, "geometry": { "type": "Polygon", "coordinates": [ [ [ 38.881780179342904, -1.742465685096502 ], [ 38.881780179342904, -1.642465685096502 ], [ 38.781780179342903, -1.642465685096502 ], [ 38.781780179342903, -1.742465685096502 ], [ 38.881780179342904, -1.742465685096502 ] ] ] } },
{ "type": "Feature", "properties": { "cell_id": 1025, "elephant_count": 0.0, "inside_protected_area": false, "dist_to_settlement_km": 141.81313898459831, "dist_to_road_km": 141.66177984142789, "elephant_score": 0.0, "settlement_proximity_score": 0.13042854472323628, "road_proximity_score": 0.1298357120292295, "conflict_risk_score": 0.078079277025739732, "priority_zone": false, "nearest_settlement": "Mtito Andei" }, "geometry": { "type": "Polygon", "coordinates": [ [ [ 38.881780179342904, -1.642465685096503 ], [ 38.881780179342904, -1.542465685096503 ], [ 38.781780179342903, -1.542465685096503 ], [ 38.781780179342903, -1.642465685096503 ], [ 38.881780179342904, -1.642465685096503 ] ] ] } },
{ "type": "Feature", "properties": { "cell_id": 1026, "elephant_count": 0.0, "inside_protected_area": false, "dist_to_settlement_km": 136.57453431843035, "dist_to_road_km": 156.19654903357346, "elephant_score": 0.0, "settlement_proximity_score": 0.16299194021335728, "road_proximity_score": 0.040541739066427551, "conflict_risk_score": 0.061060103783935449, "priority_zone": false, "nearest_settlement": "Meru" }, "geometry": { "type": "Polygon", "coordinates": [ [ [ 38.881780179342904, -0.342465685096507 ], [ 38.881780179342904, -0.242465685096507 ], [ 38.781780179342903, -0.242465685096507 ], [ 38.781780179342903, -0.342465685096507 ], [ 38.881780179342904, -0.342465685096507 ] ] ] } },
{ "type": "Feature", "properties": { "cell_id": 1027, "elephant_count": 0.0, "inside_protected_area": false, "dist_to_settlement_km": 133.91007984121771, "dist_to_road_km": 151.41358152022792, "elephant_score": 0.0, "settlement_proximity_score": 0.17955430565911001, "road_proximity_score": 0.069925774421418341, "conflict_risk_score": 0.074844024024158504, "priority_zone": false, "nearest_settlement": "Meru" }, "geometry": { "type": "Polygon", "coordinates": [ [ [ 38.881780179342904, -0.242465685096508 ], [ 38.881780179342904, -0.142465685096508 ], [ 38.781780179342903, -0.142465685096508 ], [ 38.781780179342903, -0.242465685096508 ], [ 38.881780179342904, -0.242465685096508 ] ] ] } },
{ "type": "Feature", "properties": { "cell_id": 1028, "elephant_count": 0.0, "inside_protected_area": false, "dist_to_settlement_km": 132.12734592758036, "dist_to_road_km": 147.31328320137291, "elephant_score": 0.0, "settlement_proximity_score": 0.19063585755752588, "road_proximity_score": 0.095115849501600236, "conflict_risk_score": 0.085725512117737823, "priority_zone": false, "nearest_settlement": "Meru" }, "geometry": { "type": "Polygon", "coordinates": [ [ [ 38.881780179342904, -0.142465685096508 ], [ 38.881780179342904, -0.042465685096508 ], [ 38.781780179342903, -0.042465685096508 ], [ 38.781780179342903, -0.142465685096508 ], [ 38.881780179342904, -0.142465685096508 ] ] ] } },
{ "type": "Feature", "properties": { "cell_id": 1029, "elephant_count": 0.0, "inside_protected_area": false, "dist_to_settlement_km": 131.26226266772818, "dist_to_road_km": 143.85602264455366, "elephant_score": 0.0, "settlement_proximity_score": 0.19601325289800231, "road_proximity_score": 0.1163554389718483, "conflict_risk_score": 0.093710607560955173, "priority_zone": false, "nearest_settlement": "Meru" }, "geometry": { "type": "Polygon", "coordinates": [ [ [ 38.881780179342904, -0.042465685096508 ], [ 38.881780179342904, 0.057534314903492 ], [ 38.781780179342903, 0.057534314903492 ], [ 38.781780179342903, -0.042465685096508 ], [ 38.881780179342904, -0.042465685096508 ] ] ] } },
{ "type": "Feature", "properties": { "cell_id": 1030, "elephant_count": 0.0, "inside_protected_area": false, "dist_to_settlement_km": 131.33296486197537, "dist_to_road_km": 140.49298599947849, "elephant_score": 0.0, "settlement_proximity_score": 0.19557376496944012, "road_proximity_score": 0.13701616631387803, "conflict_risk_score": 0.09977697938499544, "priority_zone": false, "nearest_settlement": "Meru" }, "geometry": { "type": "Polygon", "coordinates": [ [ [ 38.881780179342904, 0.057534314903491 ], [ 38.881780179342904, 0.157534314903491 ], [ 38.781780179342903, 0.157534314903491 ], [ 38.781780179342903, 0.057534314903491 ], [ 38.881780179342904, 0.057534314903491 ] ] ] } },
{ "type": "Feature", "properties": { "cell_id": 1031, "elephant_count": 0.0, "inside_protected_area": false, "dist_to_settlement_km": 132.33795267504422, "dist_to_road_km": 137.12994935440409, "elephant_score": 0.0, "settlement_proximity_score": 0.18932671681345625, "road_proximity_score": 0.15767689365590309, "conflict_risk_score": 0.10410108314080779, "priority_zone": false, "nearest_settlement": "Meru" }, "geometry": { "type": "Polygon", "coordinates": [ [ [ 38.881780179342904, 0.157534314903491 ], [ 38.881780179342904, 0.257534314903491 ], [ 38.781780179342903, 0.257534314903491 ], [ 38.781780179342903, 0.157534314903491 ], [ 38.881780179342904, 0.157534314903491 ] ] ] } },
{ "type": "Feature", "properties": { "cell_id": 1032, "elephant_count": 0.0, "inside_protected_area": false, "dist_to_settlement_km": 107.88189524760993, "dist_to_road_km": 107.88189524760993, "elephant_score": 0.0, "settlement_proximity_score": 0.34134663831694323, "road_proximity_score": 0.33736154623628034, "conflict_risk_score": 0.20361245536596706, "priority_zone": false, "nearest_settlement": "Voi" }, "geometry": { "type": "Polygon", "coordinates": [ [ [ 38.981780179342906, -4.342465685096493 ], [ 38.981780179342906, -4.242465685096493 ], [ 38.881780179342904, -4.242465685096493 ], [ 38.881780179342904, -4.342465685096493 ], [ 38.981780179342906, -4.342465685096493 ] ] ] } },
{ "type": "Feature", "properties": { "cell_id": 1033, "elephant_count": 0.0, "inside_protected_area": false, "dist_to_settlement_km": 97.738881725756968, "dist_to_road_km": 97.738881725756968, "elephant_score": 0.0, "settlement_proximity_score": 0.40439605353753305, "road_proximity_score": 0.39967488353172964, "conflict_risk_score": 0.24122128112077879, "priority_zone": false, "nearest_settlement": "Voi" }, "geometry": { "type": "Polygon", "coordinates": [ [ [ 38.981780179342906, -4.242465685096493 ], [ 38.981780179342906, -4.142465685096494 ], [ 38.881780179342904, -4.142465685096494 ], [ 38.881780179342904, -4.242465685096493 ], [ 38.981780179342906, -4.242465685096493 ] ] ] } },
{ "type": "Feature", "properties": { "cell_id": 1034, "elephant_count": 0.0, "inside_protected_area": false, "dist_to_settlement_km": 87.827641889024534, "dist_to_road_km": 87.827641889024534, "elephant_score": 0.0, "settlement_proximity_score": 0.46600475340475311, "road_proximity_score": 0.46056432527720181, "conflict_risk_score": 0.27797072360458647, "priority_zone": false, "nearest_settlement": "Voi" }, "geometry": { "type": "Polygon", "coordinates": [ [ [ 38.981780179342906, -4.142465685096494 ], [ 38.981780179342906, -4.042465685096494 ], [ 38.881780179342904, -4.042465685096494 ], [ 38.881780179342904, -4.142465685096494 ], [ 38.981780179342906, -4.142465685096494 ] ] ] } },
{ "type": "Feature", "properties": { "cell_id": 1035, "elephant_count": 0.0, "inside_protected_area": false, "dist_to_settlement_km": 78.236310997976005, "dist_to_road_km": 78.236310997976005, "elephant_score": 0.0, "settlement_proximity_score": 0.525624885288134, "road_proximity_score": 0.5194884148131671, "conflict_risk_score": 0.31353399003039029, "priority_zone": false, "nearest_settlement": "Voi" }, "geometry": { "type": "Polygon", "coordinates": [ [ [ 38.981780179342906, -4.042465685096494 ], [ 38.981780179342906, -3.942465685096494 ], [ 38.881780179342904, -3.942465685096494 ], [ 38.881780179342904, -4.042465685096494 ], [ 38.981780179342906, -4.042465685096494 ] ] ] } },
{ "type": "Feature", "properties": { "cell_id": 1036, "elephant_count": 0.0, "inside_protected_area": false, "dist_to_settlement_km": 69.098234690600052, "dist_to_road_km": 69.098234690600052, "elephant_score": 0.0, "settlement_proximity_score": 0.58242756687579755, "road_proximity_score": 0.57562794671325346, "conflict_risk_score": 0.34741665407671529, "priority_zone": false, "nearest_settlement": "Voi" }, "geometry": { "type": "Polygon", "coordinates": [ [ [ 38.981780179342906, -3.942465685096495 ], [ 38.981780179342906, -3.842465685096494 ], [ 38.881780179342904, -3.842465685096494 ], [ 38.881780179342904, -3.942465685096495 ], [ 38.981780179342906, -3.942465685096495 ] ] ] } },
{ "type": "Feature", "properties": { "cell_id": 1037, "elephant_count": 2.0, "inside_protected_area": false, "dist_to_settlement_km": 60.618740634744938, "dist_to_road_km": 60.618740634744938, "elephant_score": 0.0106951871657754, "settlement_proximity_score": 0.63513647241321858, "road_proximity_score": 0.62772149584033077, "conflict_risk_score": 0.38313546534237497, "priority_zone": false, "nearest_settlement": "Voi" }, "geometry": { "type": "Polygon", "coordinates": [ [ [ 38.981780179342906, -3.842465685096495 ], [ 38.981780179342906, -3.742465685096495 ], [ 38.881780179342904, -3.742465685096495 ], [ 38.881780179342904, -3.842465685096495 ], [ 38.981780179342906, -3.842465685096495 ] ] ] } },
{ "type": "Feature", "properties": { "cell_id": 1038, "elephant_count": 5.0, "inside_protected_area": false, "dist_to_settlement_km": 53.114192029321998, "dist_to_road_km": 53.114192029321998, "elephant_score": 0.026737967914438502, "settlement_proximity_score": 0.68178507443341685, "road_proximity_score": 0.67382549318710594, "conflict_risk_score": 0.41737835745193225, "priority_zone": false, "nearest_settlement": "Voi" }, "geometry": { "type": "Polygon", "coordinates": [ [ [ 38.981780179342906, -3.742465685096495 ], [ 38.981780179342906, -3.642465685096495 ], [ 38.881780179342904, -3.642465685096495 ], [ 38.881780179342904, -3.742465685096495 ], [ 38.981780179342906, -3.742465685096495 ] ] ] } },
{ "type": "Feature", "properties": { "cell_id": 1039, "elephant_count": 3.0, "inside_protected_area": true, "dist_to_settlement_km": 47.05340661113614, "dist_to_road_km": 47.05340661113614, "elephant_score": 0.016042780748663103, "settlement_proximity_score": 0.7194591814008191, "road_proximity_score": 0.71105976929499815, "conflict_risk_score": 0.43557279750821043, "priority_zone": false, "nearest_settlement": "Voi" }, "geometry": { "type": "Polygon", "coordinates": [ [ [ 38.981780179342906, -3.642465685096496 ], [ 38.981780179342906, -3.542465685096496 ], [ 38.881780179342904, -3.542465685096496 ], [ 38.881780179342904, -3.642465685096496 ], [ 38.981780179342906, -3.642465685096496 ] ] ] } },
{ "type": "Feature", "properties": { "cell_id": 1040, "elephant_count": 10.0, "inside_protected_area": true, "dist_to_settlement_km": 43.050537191748553, "dist_to_road_km": 43.050537191748553, "elephant_score": 0.053475935828877004, "settlement_proximity_score": 0.74434119260518394, "road_proximity_score": 0.73565129248902128, "conflict_risk_score": 0.46538811985981238, "priority_zone": false, "nearest_settlement": "Voi" }, "geometry": { "type": "Polygon", "coordinates": [ [ [ 38.981780179342906, -3.542465685096496 ], [ 38.981780179342906, -3.442465685096496 ], [ 38.881780179342904, -3.442465685096496 ], [ 38.881780179342904, -3.542465685096496 ], [ 38.981780179342906, -3.542465685096496 ] ] ] } },
{ "type": "Feature", "properties": { "cell_id": 1041, "elephant_count": 7.0, "inside_protected_area": true, "dist_to_settlement_km": 41.702451142388988, "dist_to_road_km": 41.702451142388988, "elephant_score": 0.037433155080213901, "settlement_proximity_score": 0.75272095438860598, "road_proximity_score": 0.74393322374308579, "conflict_risk_score": 0.4639695154715931, "priority_zone": false, "nearest_settlement": "Voi" }, "geometry": { "type": "Polygon", "coordinates": [ [ [ 38.981780179342906, -3.442465685096496 ], [ 38.981780179342906, -3.342465685096496 ], [ 38.881780179342904, -3.342465685096496 ], [ 38.881780179342904, -3.442465685096496 ], [ 38.981780179342906, -3.442465685096496 ] ] ] } },
{ "type": "Feature", "properties": { "cell_id": 1042, "elephant_count": 17.0, "inside_protected_area": true, "dist_to_settlement_km": 43.258064104494494, "dist_to_road_km": 43.258064104494494, "elephant_score": 0.090909090909090912, "settlement_proximity_score": 0.74305119624828508, "road_proximity_score": 0.73437635634859721, "conflict_risk_score": 0.47959190214270103, "priority_zone": false, "nearest_settlement": "Voi" }, "geometry": { "type": "Polygon", "coordinates": [ [ [ 38.981780179342906, -3.342465685096497 ], [ 38.981780179342906, -3.242465685096497 ], [ 38.881780179342904, -3.242465685096497 ], [ 38.881780179342904, -3.342465685096497 ], [ 38.981780179342906, -3.342465685096497 ] ] ] } },
{ "type": "Feature", "properties": { "cell_id": 1043, "elephant_count": 9.0, "inside_protected_area": true, "dist_to_settlement_km": 47.432539346463038, "dist_to_road_km": 47.432539346463038, "elephant_score": 0.048128342245989303, "settlement_proximity_score": 0.71710247575295205, "road_proximity_score": 0.70873057728857214, "conflict_risk_score": 0.44700125281085301, "priority_zone": false, "nearest_settlement": "Voi" }, "geometry": { "type": "Polygon", "coordinates": [ [ [ 38.981780179342906, -3.242465685096497 ], [ 38.981780179342906, -3.142465685096497 ], [ 38.881780179342904, -3.142465685096497 ], [ 38.881780179342904, -3.242465685096497 ], [ 38.981780179342906, -3.242465685096497 ] ] ] } },
{ "type": "Feature", "properties": { "cell_id": 1044, "elephant_count": 1.0, "inside_protected_area": true, "dist_to_settlement_km": 53.617641384519835, "dist_to_road_km": 52.753860809255222, "elephant_score": 0.0053475935828877002, "settlement_proximity_score": 0.67865561124478768, "road_proximity_score": 0.67603917857811191, "conflict_risk_score": 0.40854747438002492, "priority_zone": false, "nearest_settlement": "Voi" }, "geometry": { "type": "Polygon", "coordinates": [ [ [ 38.981780179342906, -3.142465685096497 ], [ 38.981780179342906, -3.042465685096497 ], [ 38.881780179342904, -3.042465685096497 ], [ 38.881780179342904, -3.142465685096497 ], [ 38.981780179342906, -3.142465685096497 ] ] ] } },
{ "type": "Feature", "properties": { "cell_id": 1045, "elephant_count": 1.0, "inside_protected_area": true, "dist_to_settlement_km": 61.206839049441051, "dist_to_road_km": 58.07543782253056, "elephant_score": 0.0053475935828877002, "settlement_proximity_score": 0.63148082697225971, "road_proximity_score": 0.64334620989996738, "conflict_risk_score": 0.38458714849482317, "priority_zone": false, "nearest_settlement": "Voi" }, "geometry": { "type": "Polygon", "coordinates": [ [ [ 38.981780179342906, -3.042465685096498 ], [ 38.981780179342906, -2.942465685096498 ], [ 38.881780179342904, -2.942465685096498 ], [ 38.881780179342904, -3.042465685096498 ], [ 38.981780179342906, -3.042465685096498 ] ] ] } },
{ "type": "Feature", "properties": { "cell_id": 1046, "elephant_count": 2.0, "inside_protected_area": true, "dist_to_settlement_km": 69.743263654702787, "dist_to_road_km": 63.397014835805912, "elephant_score": 0.0106951871657754, "settlement_proximity_score": 0.57841803865231645, "road_proximity_score": 0.61065324122182263, "conflict_risk_score": 0.36099945882855189, "priority_zone": false, "nearest_settlement": "Voi" }, "geometry": { "type": "Polygon", "coordinates": [ [ [ 38.981780179342906, -2.942465685096498 ], [ 38.981780179342906, -2.842465685096498 ], [ 38.881780179342904, -2.842465685096498 ], [ 38.881780179342904, -2.942465685096498 ], [ 38.981780179342906, -2.942465685096498 ] ] ] } },
{ "type": "Feature", "properties": { "cell_id": 1047, "elephant_count": 6.0, "inside_protected_area": true, "dist_to_settlement_km": 78.920140040388915, "dist_to_road_km": 68.718591849081278, "elephant_score": 0.032085561497326207, "settlement_proximity_score": 0.52137417408262299, "road_proximity_score": 0.57796027254367788, "conflict_risk_score": 0.34263455858682074, "priority_zone": false, "nearest_settlement": "Voi" }, "geometry": { "type": "Polygon", "coordinates": [ [ [ 38.981780179342906, -2.842465685096498 ], [ 38.981780179342906, -2.742465685096498 ], [ 38.881780179342904, -2.742465685096498 ], [ 38.881780179342904, -2.842465685096498 ], [ 38.981780179342906, -2.842465685096498 ] ] ] } },
{ "type": "Feature", "properties": { "cell_id": 1048, "elephant_count": 12.0, "inside_protected_area": true, "dist_to_settlement_km": 84.929993877102945, "dist_to_road_km": 74.040168862356623, "elephant_score": 0.064171122994652413, "settlement_proximity_score": 0.48401666005095323, "road_proximity_score": 0.54526730386553324, "conflict_risk_score": 0.33445363837280689, "priority_zone": false, "nearest_settlement": "Mtito Andei" }, "geometry": { "type": "Polygon", "coordinates": [ [ [ 38.981780179342906, -2.742465685096499 ], [ 38.981780179342906, -2.642465685096499 ], [ 38.881780179342904, -2.642465685096499 ], [ 38.881780179342904, -2.742465685096499 ], [ 38.981780179342906, -2.742465685096499 ] ] ] } },
{ "type": "Feature", "properties": { "cell_id": 1049, "elephant_count": 3.0, "inside_protected_area": true, "dist_to_settlement_km": 85.520335469114897, "dist_to_road_km": 79.361745875631982, "elephant_score": 0.016042780748663103, "settlement_proximity_score": 0.48034707092179019, "road_proximity_score": 0.5125743351873886, "conflict_risk_score": 0.30429353413221882, "priority_zone": false, "nearest_settlement": "Mtito Andei" }, "geometry": { "type": "Polygon", "coordinates": [ [ [ 38.981780179342906, -2.642465685096499 ], [ 38.981780179342906, -2.542465685096499 ], [ 38.881780179342904, -2.542465685096499 ], [ 38.881780179342904, -2.642465685096499 ], [ 38.981780179342906, -2.642465685096499 ] ] ] } },
{ "type": "Feature", "properties": { "cell_id": 1050, "elephant_count": 0.0, "inside_protected_area": true, "dist_to_settlement_km": 87.525834457805402, "dist_to_road_km": 84.683322888907327, "elephant_score": 0.0, "settlement_proximity_score": 0.46788080158378764, "road_proximity_score": 0.47988136650924385, "conflict_risk_score": 0.28432865042790945, "priority_zone": false, "nearest_settlement": "Mtito Andei" }, "geometry": { "type": "Polygon", "coordinates": [ [ [ 38.981780179342906, -2.5424656850965 ], [ 38.981780179342906, -2.442465685096499 ], [ 38.881780179342904, -2.442465685096499 ], [ 38.881780179342904, -2.5424656850965 ], [ 38.981780179342906, -2.5424656850965 ] ] ] } },
{ "type": "Feature", "properties": { "cell_id": 1051, "elephant_count": 0.0, "inside_protected_area": true, "dist_to_settlement_km": 90.852823931457195, "dist_to_road_km": 90.004899902182672, "elephant_score": 0.0, "settlement_proximity_score": 0.44720008965267677, "road_proximity_score": 0.4471883978310992, "conflict_risk_score": 0.26831654624513279, "priority_zone": false, "nearest_settlement": "Mtito Andei" }, "geometry": { "type": "Polygon", "coordinates": [ [ [ 38.981780179342906, -2.4424656850965 ], [ 38.981780179342906, -2.3424656850965 ], [ 38.881780179342904, -2.3424656850965 ], [ 38.881780179342904, -2.4424656850965 ], [ 38.981780179342906, -2.4424656850965 ] ] ] } },
{ "type": "Feature", "properties": { "cell_id": 1052, "elephant_count": 0.0, "inside_protected_area": true, "dist_to_settlement_km": 95.363093149842612, "dist_to_road_km": 95.326476915458002, "elephant_score": 0.0, "settlement_proximity_score": 0.41916405912841925, "road_proximity_score": 0.41449542915295468, "conflict_risk_score": 0.25009784648441213, "priority_zone": false, "nearest_settlement": "Mtito Andei" }, "geometry": { "type": "Polygon", "coordinates": [ [ [ 38.981780179342906, -2.3424656850965 ], [ 38.981780179342906, -2.2424656850965 ], [ 38.881780179342904, -2.2424656850965 ], [ 38.881780179342904, -2.3424656850965 ], [ 38.981780179342906, -2.3424656850965 ] ] ] } },
{ "type": "Feature", "properties": { "cell_id": 1053, "elephant_count": 0.0, "inside_protected_area": true, "dist_to_settlement_km": 100.89808449069169, "dist_to_road_km": 100.89808449069169, "elephant_score": 0.0, "settlement_proximity_score": 0.38475831111874781, "road_proximity_score": 0.38026640428126224, "conflict_risk_score": 0.22950741462000301, "priority_zone": false, "nearest_settlement": "Mtito Andei" }, "geometry": { "type": "Polygon", "coordinates": [ [ [ 38.981780179342906, -2.242465685096501 ], [ 38.981780179342906, -2.1424656850965 ], [ 38.881780179342904, -2.1424656850965 ], [ 38.881780179342904, -2.242465685096501 ], [ 38.981780179342906, -2.242465685096501 ] ] ] } },
{ "type": "Feature", "properties": { "cell_id": 1054, "elephant_count": 0.0, "inside_protected_area": false, "dist_to_settlement_km": 107.2993353785379, "dist_to_road_km": 107.2993353785379, "elephant_score": 0.0, "settlement_proximity_score": 0.34496785591631263, "road_proximity_score": 0.34094048749846706, "conflict_risk_score": 0.20577250302443389, "priority_zone": false, "nearest_settlement": "Mtito Andei" }, "geometry": { "type": "Polygon", "coordinates": [ [ [ 38.981780179342906, -2.142465685096501 ], [ 38.981780179342906, -2.042465685096501 ], [ 38.881780179342904, -2.042465685096501 ], [ 38.881780179342904, -2.142465685096501 ], [ 38.981780179342906, -2.142465685096501 ] ] ] } },
{ "type": "Feature", "properties": { "cell_id": 1055, "elephant_count": 0.0, "inside_protected_area": false, "dist_to_settlement_km": 114.42155081741006, "dist_to_road_km": 114.42155081741006, "elephant_score": 0.0, "settlement_proximity_score": 0.30069585356430228, "road_proximity_score": 0.29718534392332363, "conflict_risk_score": 0.17936435924628777, "priority_zone": false, "nearest_settlement": "Mtito Andei" }, "geometry": { "type": "Polygon", "coordinates": [ [ [ 38.981780179342906, -2.042465685096501 ], [ 38.981780179342906, -1.942465685096501 ], [ 38.881780179342904, -1.942465685096501 ], [ 38.881780179342904, -2.042465685096501 ], [ 38.981780179342906, -2.042465685096501 ] ] ] } },
{ "type": "Feature", "properties": { "cell_id": 1056, "elephant_count": 0.0, "inside_protected_area": false, "dist_to_settlement_km": 122.13867205044581, "dist_to_road_km": 122.13867205044581, "elephant_score": 0.0, "settlement_proximity_score": 0.25272589080313534, "road_proximity_score": 0.24977541221930077, "conflict_risk_score": 0.15075039090673081, "priority_zone": false, "nearest_settlement": "Mtito Andei" }, "geometry": { "type": "Polygon", "coordinates": [ [ [ 38.981780179342906, -1.942465685096502 ], [ 38.981780179342906, -1.842465685096502 ], [ 38.881780179342904, -1.842465685096502 ], [ 38.881780179342904, -1.942465685096502 ], [ 38.981780179342906, -1.942465685096502 ] ] ] } },
{ "type": "Feature", "properties": { "cell_id": 1057, "elephant_count": 0.0, "inside_protected_area": false, "dist_to_settlement_km": 130.34507711851467, "dist_to_road_km": 130.34507711851467, "elephant_score": 0.0, "settlement_proximity_score": 0.20171451834560306, "road_proximity_score": 0.19935957811951122, "conflict_risk_score": 0.12032222893953429, "priority_zone": false, "nearest_settlement": "Mtito Andei" }, "geometry": { "type": "Polygon", "coordinates": [ [ [ 38.981780179342906, -1.842465685096502 ], [ 38.981780179342906, -1.742465685096502 ], [ 38.881780179342904, -1.742465685096502 ], [ 38.881780179342904, -1.842465685096502 ], [ 38.981780179342906, -1.842465685096502 ] ] ] } },
{ "type": "Feature", "properties": { "cell_id": 1058, "elephant_count": 0.0, "inside_protected_area": false, "dist_to_settlement_km": 138.9541041056965, "dist_to_road_km": 138.9541041056965, "elephant_score": 0.0, "settlement_proximity_score": 0.14820043044749964, "road_proximity_score": 0.14647024682934784, "conflict_risk_score": 0.08840120318305425, "priority_zone": false, "nearest_settlement": "Mtito Andei" }, "geometry": { "type": "Polygon", "coordinates": [ [ [ 38.981780179342906, -1.742465685096502 ], [ 38.981780179342906, -1.642465685096502 ], [ 38.881780179342904, -1.642465685096502 ], [ 38.881780179342904, -1.742465685096502 ], [ 38.981780179342906, -1.742465685096502 ] ] ] } },
{ "type": "Feature", "properties": { "cell_id": 1059, "elephant_count": 0.0, "inside_protected_area": false, "dist_to_settlement_km": 147.89545958751381, "dist_to_road_km": 147.89545958751381, "elephant_score": 0.0, "settlement_proximity_score": 0.09262057410663882, "road_proximity_score": 0.091539264156733635, "conflict_risk_score": 0.055247951479011737, "priority_zone": false, "nearest_settlement": "Mtito Andei" }, "geometry": { "type": "Polygon", "coordinates": [ [ [ 38.981780179342906, -1.642465685096503 ], [ 38.981780179342906, -1.542465685096503 ], [ 38.881780179342904, -1.542465685096503 ], [ 38.881780179342904, -1.642465685096503 ], [ 38.981780179342906, -1.642465685096503 ] ] ] } },
{ "type": "Feature", "properties": { "cell_id": 1060, "elephant_count": 0.0, "inside_protected_area": false, "dist_to_settlement_km": 93.609058203378623, "dist_to_road_km": 93.609058203378623, "elephant_score": 0.0, "settlement_proximity_score": 0.43006721699296968, "road_proximity_score": 0.42504634592465673, "conflict_risk_score": 0.25653406887528796, "priority_zone": false, "nearest_settlement": "Voi" }, "geometry": { "type": "Polygon", "coordinates": [ [ [ 39.081780179342907, -4.142465685096494 ], [ 39.081780179342907, -4.042465685096494 ], [ 38.981780179342906, -4.042465685096494 ], [ 38.981780179342906, -4.142465685096494 ], [ 39.081780179342907, -4.142465685096494 ] ] ] } },
{ "type": "Feature", "properties": { "cell_id": 1061, "elephant_count": 0.0, "inside_protected_area": false, "dist_to_settlement_km": 84.675152533129506, "dist_to_road_km": 84.675152533129506, "elephant_score": 0.0, "settlement_proximity_score": 0.48560076497962534, "road_proximity_score": 0.47993156087547539, "conflict_risk_score": 0.28965969775653022, "priority_zone": false, "nearest_settlement": "Voi" }, "geometry": { "type": "Polygon", "coordinates": [ [ [ 39.081780179342907, -4.042465685096494 ], [ 39.081780179342907, -3.942465685096494 ], [ 38.981780179342906, -3.942465685096494 ], [ 38.981780179342906, -4.042465685096494 ], [ 39.081780179342907, -4.042465685096494 ] ] ] } },
{ "type": "Feature", "properties": { "cell_id": 1062, "elephant_count": 1.0, "inside_protected_area": false, "dist_to_settlement_km": 76.31203794483524, "dist_to_road_km": 76.31203794483524, "elephant_score": 0.0053475935828877002, "settlement_proximity_score": 0.53758625066183408, "road_proximity_score": 0.53131013579880559, "conflict_risk_score": 0.32280795337134693, "priority_zone": false, "nearest_settlement": "Voi" }, "geometry": { "type": "Polygon", "coordinates": [ [ [ 39.081780179342907, -3.942465685096495 ], [ 39.081780179342907, -3.842465685096494 ], [ 38.981780179342906, -3.842465685096494 ], [ 38.981780179342906, -3.942465685096495 ], [ 39.081780179342907, -3.942465685096495 ] ] ] } },
{ "type": "Feature", "properties": { "cell_id": 1063, "elephant_count": 0.0, "inside_protected_area": false, "dist_to_settlement_km": 68.72839889070022, "dist_to_road_km": 68.72839889070022, "elephant_score": 0.0, "settlement_proximity_score": 0.5847264823668481, "road_proximity_score": 0.57790002324094802, "conflict_risk_score": 0.34878795168233884, "priority_zone": false, "nearest_settlement": "Voi" }, "geometry": { "type": "Polygon", "coordinates": [ [ [ 39.081780179342907, -3.842465685096495 ], [ 39.081780179342907, -3.742465685096495 ], [ 38.981780179342906, -3.742465685096495 ], [ 38.981780179342906, -3.842465685096495 ], [ 39.081780179342907, -3.842465685096495 ] ] ] } },
{ "type": "Feature", "properties": { "cell_id": 1064, "elephant_count": 0.0, "inside_protected_area": false, "dist_to_settlement_km": 62.209954933791892, "dist_to_road_km": 62.209954933791892, "elephant_score": 0.0, "settlement_proximity_score": 0.62524541480697537, "road_proximity_score": 0.61794591256695464, "conflict_risk_score": 0.37295739821217899, "priority_zone": false, "nearest_settlement": "Voi" }, "geometry": { "type": "Polygon", "coordinates": [ [ [ 39.081780179342907, -3.742465685096495 ], [ 39.081780179342907, -3.642465685096495 ], [ 38.981780179342906, -3.642465685096495 ], [ 38.981780179342906, -3.742465685096495 ], [ 39.081780179342907, -3.742465685096495 ] ] ] } },
{ "type": "Feature", "properties": { "cell_id": 1065, "elephant_count": 1.0, "inside_protected_area": true, "dist_to_settlement_km": 57.122536460224147, "dist_to_road_km": 57.122536460224147, "elephant_score": 0.0053475935828877002, "settlement_proximity_score": 0.65686903031826327, "road_proximity_score": 0.64920033440357394, "conflict_risk_score": 0.39395984684970625, "priority_zone": false, "nearest_settlement": "Voi" }, "geometry": { "type": "Polygon", "coordinates": [ [ [ 39.081780179342907, -3.642465685096496 ], [ 39.081780179342907, -3.542465685096496 ], [ 38.981780179342906, -3.542465685096496 ], [ 38.981780179342906, -3.642465685096496 ], [ 39.081780179342907, -3.642465685096496 ] ] ] } },
{ "type": "Feature", "properties": { "cell_id": 1066, "elephant_count": 0.0, "inside_protected_area": true, "dist_to_settlement_km": 53.873090225407083, "dist_to_road_km": 53.873090225407083, "elephant_score": 0.0, "settlement_proximity_score": 0.67706773008875665, "road_proximity_score": 0.66916322204217726, "conflict_risk_score": 0.40386928563928015, "priority_zone": false, "nearest_settlement": "Voi" }, "geometry": { "type": "Polygon", "coordinates": [ [ [ 39.081780179342907, -3.542465685096496 ], [ 39.081780179342907, -3.442465685096496 ], [ 38.981780179342906, -3.442465685096496 ], [ 38.981780179342906, -3.542465685096496 ], [ 39.081780179342907, -3.542465685096496 ] ] ] } },
{ "type": "Feature", "properties": { "cell_id": 1067, "elephant_count": 1.0, "inside_protected_area": true, "dist_to_settlement_km": 52.802040956956077, "dist_to_road_km": 52.802040956956077, "elephant_score": 0.0053475935828877002, "settlement_proximity_score": 0.68372541913775442, "road_proximity_score": 0.67574318510554487, "conflict_risk_score": 0.40997961870614485, "priority_zone": false, "nearest_settlement": "Voi" }, "geometry": { "type": "Polygon", "coordinates": [ [ [ 39.081780179342907, -3.442465685096496 ], [ 39.081780179342907, -3.342465685096496 ], [ 38.981780179342906, -3.342465685096496 ], [ 38.981780179342906, -3.442465685096496 ], [ 39.081780179342907, -3.442465685096496 ] ] ] } },
{ "type": "Feature", "properties": { "cell_id": 1068, "elephant_count": 5.0, "inside_protected_area": true, "dist_to_settlement_km": 54.039071124560245, "dist_to_road_km": 54.039071124560245, "elephant_score": 0.026737967914438502, "settlement_proximity_score": 0.67603598556757982, "road_proximity_score": 0.66814352274558753, "conflict_risk_score": 0.41394903965972557, "priority_zone": false, "nearest_settlement": "Voi" }, "geometry": { "type": "Polygon", "coordinates": [ [ [ 39.081780179342907, -3.342465685096497 ], [ 39.081780179342907, -3.242465685096497 ], [ 38.981780179342906, -3.242465685096497 ], [ 38.981780179342906, -3.342465685096497 ], [ 39.081780179342907, -3.342465685096497 ] ] ] } },
{ "type": "Feature", "properties": { "cell_id": 1069, "elephant_count": 1.0, "inside_protected_area": true, "dist_to_settlement_km": 57.435240809023256, "dist_to_road_km": 57.435240809023256, "elephant_score": 0.0053475935828877002, "settlement_proximity_score": 0.65492524642344319, "road_proximity_score": 0.64727924344589249, "conflict_risk_score": 0.39280038439395576, "priority_zone": false, "nearest_settlement": "Voi" }, "geometry": { "type": "Polygon", "coordinates": [ [ [ 39.081780179342907, -3.242465685096497 ], [ 39.081780179342907, -3.142465685096497 ], [ 38.981780179342906, -3.142465685096497 ], [ 38.981780179342906, -3.242465685096497 ], [ 39.081780179342907, -3.242465685096497 ] ] ] } },
{ "type": "Feature", "properties": { "cell_id": 1070, "elephant_count": 1.0, "inside_protected_area": true, "dist_to_settlement_km": 62.640342955444453, "dist_to_road_km": 62.495052630165468, "elephant_score": 0.0053475935828877002, "settlement_proximity_score": 0.62257010405986091, "road_proximity_score": 0.61619442235371502, "conflict_risk_score": 0.37376839535722783, "priority_zone": false, "nearest_settlement": "Voi" }, "geometry": { "type": "Polygon", "coordinates": [ [ [ 39.081780179342907, -3.142465685096497 ], [ 39.081780179342907, -3.042465685096497 ], [ 38.981780179342906, -3.042465685096497 ], [ 38.981780179342906, -3.142465685096497 ], [ 39.081780179342907, -3.142465685096497 ] ] ] } },
{ "type": "Feature", "properties": { "cell_id": 1071, "elephant_count": 0.0, "inside_protected_area": true, "dist_to_settlement_km": 69.247658764473101, "dist_to_road_km": 67.81662964344082, "elephant_score": 0.0, "settlement_proximity_score": 0.58149874030396309, "road_proximity_score": 0.58350145367557027, "conflict_risk_score": 0.34950005819385999, "priority_zone": false, "nearest_settlement": "Voi" }, "geometry": { "type": "Polygon", "coordinates": [ [ [ 39.081780179342907, -3.042465685096498 ], [ 39.081780179342907, -2.942465685096498 ], [ 38.981780179342906, -2.942465685096498 ], [ 38.981780179342906, -3.042465685096498 ], [ 39.081780179342907, -3.042465685096498 ] ] ] } },
{ "type": "Feature", "properties": { "cell_id": 1072, "elephant_count": 0.0, "inside_protected_area": true, "dist_to_settlement_km": 76.896579398215849, "dist_to_road_km": 73.138206656716164, "elephant_score": 0.0, "settlement_proximity_score": 0.53395271544782319, "road_proximity_score": 0.55080848499742574, "conflict_risk_score": 0.32542836013357468, "priority_zone": false, "nearest_settlement": "Voi" }, "geometry": { "type": "Polygon", "coordinates": [ [ [ 39.081780179342907, -2.942465685096498 ], [ 39.081780179342907, -2.842465685096498 ], [ 38.981780179342906, -2.842465685096498 ], [ 38.981780179342906, -2.942465685096498 ], [ 39.081780179342907, -2.942465685096498 ] ] ] } },
{ "type": "Feature", "properties": { "cell_id": 1073, "elephant_count": 0.0, "inside_protected_area": true, "dist_to_settlement_km": 85.307383044677451, "dist_to_road_km": 78.459783669991523, "elephant_score": 0.0, "settlement_proximity_score": 0.48167079249641498, "road_proximity_score": 0.51811551631928099, "conflict_risk_score": 0.29993589264470877, "priority_zone": false, "nearest_settlement": "Voi" }, "geometry": { "type": "Polygon", "coordinates": [ [ [ 39.081780179342907, -2.842465685096498 ], [ 39.081780179342907, -2.742465685096498 ], [ 38.981780179342906, -2.742465685096498 ], [ 38.981780179342906, -2.842465685096498 ], [ 39.081780179342907, -2.842465685096498 ] ] ] } },
{ "type": "Feature", "properties": { "cell_id": 1074, "elephant_count": 4.0, "inside_protected_area": true, "dist_to_settlement_km": 94.276377108565896, "dist_to_road_km": 83.781360683266868, "elephant_score": 0.021390374331550801, "settlement_proximity_score": 0.42591913352181454, "road_proximity_score": 0.48542254764113635, "conflict_risk_score": 0.28195865408150556, "priority_zone": false, "nearest_settlement": "Voi" }, "geometry": { "type": "Polygon", "coordinates": [ [ [ 39.081780179342907, -2.742465685096499 ], [ 39.081780179342907, -2.642465685096499 ], [ 38.981780179342906, -2.642465685096499 ], [ 38.981780179342906, -2.742465685096499 ], [ 39.081780179342907, -2.742465685096499 ] ] ] } },
{ "type": "Feature", "properties": { "cell_id": 1075, "elephant_count": 0.0, "inside_protected_area": true, "dist_to_settlement_km": 96.551791058926639, "dist_to_road_km": 89.102937696542227, "elephant_score": 0.0, "settlement_proximity_score": 0.41177506098893979, "road_proximity_score": 0.4527295789629916, "conflict_risk_score": 0.25935139198557944, "priority_zone": false, "nearest_settlement": "Mtito Andei" }, "geometry": { "type": "Polygon", "coordinates": [ [ [ 39.081780179342907, -2.642465685096499 ], [ 39.081780179342907, -2.542465685096499 ], [ 38.981780179342906, -2.542465685096499 ], [ 38.981780179342906, -2.642465685096499 ], [ 39.081780179342907, -2.642465685096499 ] ] ] } },
{ "type": "Feature", "properties": { "cell_id": 1076, "elephant_count": 0.0, "inside_protected_area": true, "dist_to_settlement_km": 98.332559589750502, "dist_to_road_km": 94.424514709817586, "elephant_score": 0.0, "settlement_proximity_score": 0.4007057259959641, "road_proximity_score": 0.42003661028484685, "conflict_risk_score": 0.24622270088424328, "priority_zone": false, "nearest_settlement": "Mtito Andei" }, "geometry": { "type": "Polygon", "coordinates": [ [ [ 39.081780179342907, -2.5424656850965 ], [ 39.081780179342907, -2.442465685096499 ], [ 38.981780179342906, -2.442465685096499 ], [ 38.981780179342906, -2.5424656850965 ], [ 39.081780179342907, -2.5424656850965 ] ] ] } },
{ "type": "Feature", "properties": { "cell_id": 1077, "elephant_count": 0.0, "inside_protected_area": true, "dist_to_settlement_km": 101.30526242134233, "dist_to_road_km": 99.746091723092903, "elephant_score": 0.0, "settlement_proximity_score": 0.382227275311397, "road_proximity_score": 0.38734364160670243, "conflict_risk_score": 0.23087127507542982, "priority_zone": false, "nearest_settlement": "Mtito Andei" }, "geometry": { "type": "Polygon", "coordinates": [ [ [ 39.081780179342907, -2.4424656850965 ], [ 39.081780179342907, -2.3424656850965 ], [ 38.981780179342906, -2.3424656850965 ], [ 38.981780179342906, -2.4424656850965 ], [ 39.081780179342907, -2.4424656850965 ] ] ] } },
{ "type": "Feature", "properties": { "cell_id": 1078, "elephant_count": 0.0, "inside_protected_area": false, "dist_to_settlement_km": 105.36906620561005, "dist_to_road_km": 105.06766873636825, "elephant_score": 0.0, "settlement_proximity_score": 0.35696649343259179, "road_proximity_score": 0.35465067292855779, "conflict_risk_score": 0.21348514990834488, "priority_zone": false, "nearest_settlement": "Mtito Andei" }, "geometry": { "type": "Polygon", "coordinates": [ [ [ 39.081780179342907, -2.3424656850965 ], [ 39.081780179342907, -2.2424656850965 ], [ 38.981780179342906, -2.2424656850965 ], [ 38.981780179342906, -2.3424656850965 ], [ 39.081780179342907, -2.3424656850965 ] ] ] } },
{ "type": "Feature", "properties": { "cell_id": 1079, "elephant_count": 0.0, "inside_protected_area": false, "dist_to_settlement_km": 110.40355081168103, "dist_to_road_km": 110.40355081168103, "elephant_score": 0.0, "settlement_proximity_score": 0.32567191715445143, "road_proximity_score": 0.3218698214773249, "conflict_risk_score": 0.19426252158953289, "priority_zone": false, "nearest_settlement": "Mtito Andei" }, "geometry": { "type": "Polygon", "coordinates": [ [ [ 39.081780179342907, -2.242465685096501 ], [ 39.081780179342907, -2.1424656850965 ], [ 38.981780179342906, -2.1424656850965 ], [ 38.981780179342906, -2.242465685096501 ], [ 39.081780179342907, -2.242465685096501 ] ] ] } },
{ "type": "Feature", "properties": { "cell_id": 1080, "elephant_count": 0.0, "inside_protected_area": false, "dist_to_settlement_km": 116.28270701446812, "dist_to_road_km": 116.28270701446812, "elephant_score": 0.0, "settlement_proximity_score": 0.28912682532571532, "road_proximity_score": 0.28575137968607522, "conflict_risk_score": 0.17246346150353717, "priority_zone": false, "nearest_settlement": "Mtito Andei" }, "geometry": { "type": "Polygon", "coordinates": [ [ [ 39.081780179342907, -2.142465685096501 ], [ 39.081780179342907, -2.042465685096501 ], [ 38.981780179342906, -2.042465685096501 ], [ 38.981780179342906, -2.142465685096501 ], [ 39.081780179342907, -2.142465685096501 ] ] ] } },
{ "type": "Feature", "properties": { "cell_id": 1081, "elephant_count": 0.0, "inside_protected_area": false, "dist_to_settlement_km": 122.88536067977272, "dist_to_road_km": 122.88536067977272, "elephant_score": 0.0, "settlement_proximity_score": 0.24808444165890453, "road_proximity_score": 0.24518815022722318, "conflict_risk_score": 0.1479817775658383, "priority_zone": false, "nearest_settlement": "Mtito Andei" }, "geometry": { "type": "Polygon", "coordinates": [ [ [ 39.081780179342907, -2.042465685096501 ], [ 39.081780179342907, -1.942465685096501 ], [ 38.981780179342906, -1.942465685096501 ], [ 38.981780179342906, -2.042465685096501 ], [ 39.081780179342907, -2.042465685096501 ] ] ] } },
{ "type": "Feature", "properties": { "cell_id": 1082, "elephant_count": 0.0, "inside_protected_area": false, "dist_to_settlement_km": 130.10140578865023, "dist_to_road_km": 130.10140578865023, "elephant_score": 0.0, "settlement_proximity_score": 0.20322918997853312, "road_proximity_score": 0.20085656653763373, "conflict_risk_score": 0.12122572695485005, "priority_zone": false, "nearest_settlement": "Mtito Andei" }, "geometry": { "type": "Polygon", "coordinates": [ [ [ 39.081780179342907, -1.942465685096502 ], [ 39.081780179342907, -1.842465685096502 ], [ 38.981780179342906, -1.842465685096502 ], [ 38.981780179342906, -1.942465685096502 ], [ 39.081780179342907, -1.942465685096502 ] ] ] } },
{ "type": "Feature", "properties": { "cell_id": 1083, "elephant_count": 0.0, "inside_protected_area": false, "dist_to_settlement_km": 137.83453742429077, "dist_to_road_km": 137.83453742429077, "elephant_score": 0.0, "settlement_proximity_score": 0.15515970585524774, "road_proximity_score": 0.15334827534551587, "conflict_risk_score": 0.092552394360229079, "priority_zone": false, "nearest_settlement": "Mtito Andei" }, "geometry": { "type": "Polygon", "coordinates": [ [ [ 39.081780179342907, -1.842465685096502 ], [ 39.081780179342907, -1.742465685096502 ], [ 38.981780179342906, -1.742465685096502 ], [ 38.981780179342906, -1.842465685096502 ], [ 39.081780179342907, -1.842465685096502 ] ] ] } },
{ "type": "Feature", "properties": { "cell_id": 1084, "elephant_count": 0.0, "inside_protected_area": false, "dist_to_settlement_km": 146.00261513326882, "dist_to_road_km": 146.00261513326882, "elephant_score": 0.0, "settlement_proximity_score": 0.10438657793642392, "road_proximity_score": 0.10316790437012469, "conflict_risk_score": 0.062266344691964584, "priority_zone": false, "nearest_settlement": "Mtito Andei" }, "geometry": { "type": "Polygon", "coordinates": [ [ [ 39.081780179342907, -1.742465685096502 ], [ 39.081780179342907, -1.642465685096502 ], [ 38.981780179342906, -1.642465685096502 ], [ 38.981780179342906, -1.742465685096502 ], [ 39.081780179342907, -1.742465685096502 ] ] ] } },
{ "type": "Feature", "properties": { "cell_id": 1085, "elephant_count": 0.0, "inside_protected_area": false, "dist_to_settlement_km": 154.53668672693422, "dist_to_road_km": 154.53668672693422, "elephant_score": 0.0, "settlement_proximity_score": 0.051338416039371171, "road_proximity_score": 0.050739059572288303, "conflict_risk_score": 0.03062324268349784, "priority_zone": false, "nearest_settlement": "Mtito Andei" }, "geometry": { "type": "Polygon", "coordinates": [ [ [ 39.081780179342907, -1.642465685096503 ], [ 39.081780179342907, -1.542465685096503 ], [ 38.981780179342906, -1.542465685096503 ], [ 38.981780179342906, -1.642465685096503 ], [ 39.081780179342907, -1.642465685096503 ] ] ] } },
{ "type": "Feature", "properties": { "cell_id": 1086, "elephant_count": 0.0, "inside_protected_area": false, "dist_to_settlement_km": 100.28976456079816, "dist_to_road_km": 100.28976456079816, "elephant_score": 0.0, "settlement_proximity_score": 0.38853965438169269, "road_proximity_score": 0.38400360180084858, "conflict_risk_score": 0.23176297685476238, "priority_zone": false, "nearest_settlement": "Voi" }, "geometry": { "type": "Polygon", "coordinates": [ [ [ 39.181780179342908, -4.142465685096494 ], [ 39.181780179342908, -4.042465685096494 ], [ 39.081780179342907, -4.042465685096494 ], [ 39.081780179342907, -4.142465685096494 ], [ 39.181780179342908, -4.142465685096494 ] ] ] } },
{ "type": "Feature", "properties": { "cell_id": 1087, "elephant_count": 0.0, "inside_protected_area": false, "dist_to_settlement_km": 92.006861453076127, "dist_to_road_km": 92.006861453076127, "elephant_score": 0.0, "settlement_proximity_score": 0.44002654199606284, "road_proximity_score": 0.43488939959900819, "conflict_risk_score": 0.2624747824785213, "priority_zone": false, "nearest_settlement": "Voi" }, "geometry": { "type": "Polygon", "coordinates": [ [ [ 39.181780179342908, -4.042465685096494 ], [ 39.181780179342908, -3.942465685096494 ], [ 39.081780179342907, -3.942465685096494 ], [ 39.081780179342907, -4.042465685096494 ], [ 39.181780179342908, -4.042465685096494 ] ] ] } },
{ "type": "Feature", "properties": { "cell_id": 1088, "elephant_count": 0.0, "inside_protected_area": false, "dist_to_settlement_km": 84.373622852351019, "dist_to_road_km": 84.373622852351019, "elephant_score": 0.0, "settlement_proximity_score": 0.48747508664978523, "road_proximity_score": 0.48178400055353143, "conflict_risk_score": 0.29077772616099495, "priority_zone": false, "nearest_settlement": "Voi" }, "geometry": { "type": "Polygon", "coordinates": [ [ [ 39.181780179342908, -3.942465685096495 ], [ 39.181780179342908, -3.842465685096494 ], [ 39.081780179342907, -3.842465685096494 ], [ 39.081780179342907, -3.942465685096495 ], [ 39.181780179342908, -3.942465685096495 ] ] ] } },
{ "type": "Feature", "properties": { "cell_id": 1089, "elephant_count": 0.0, "inside_protected_area": false, "dist_to_settlement_km": 77.582046325267811, "dist_to_road_km": 77.582046325267811, "elephant_score": 0.0, "settlement_proximity_score": 0.52969182307983331, "road_proximity_score": 0.52350787265408638, "conflict_risk_score": 0.31595990872017587, "priority_zone": false, "nearest_settlement": "Voi" }, "geometry": { "type": "Polygon", "coordinates": [ [ [ 39.181780179342908, -3.842465685096495 ], [ 39.181780179342908, -3.742465685096495 ], [ 39.081780179342907, -3.742465685096495 ], [ 39.081780179342907, -3.842465685096495 ], [ 39.181780179342908, -3.842465685096495 ] ] ] } },
{ "type": "Feature", "properties": { "cell_id": 1090, "elephant_count": 0.0, "inside_protected_area": false, "dist_to_settlement_km": 71.871131831919953, "dist_to_road_km": 71.871131831919953, "elephant_score": 0.0, "settlement_proximity_score": 0.56519111709187508, "road_proximity_score": 0.55859272592010512, "conflict_risk_score": 0.33713515290359408, "priority_zone": false, "nearest_settlement": "Voi" }, "geometry": { "type": "Polygon", "coordinates": [ [ [ 39.181780179342908, -3.742465685096495 ], [ 39.181780179342908, -3.642465685096495 ], [ 39.081780179342907, -3.642465685096495 ], [ 39.081780179342907, -3.742465685096495 ], [ 39.181780179342908, -3.742465685096495 ] ] ] } },
{ "type": "Feature", "properties": { "cell_id": 1091, "elephant_count": 0.0, "inside_protected_area": false, "dist_to_settlement_km": 67.515666845454732, "dist_to_road_km": 67.515666845454732, "elephant_score": 0.0, "settlement_proximity_score": 0.59226487774680714, "road_proximity_score": 0.58535041072407312, "conflict_risk_score": 0.35328458654126405, "priority_zone": false, "nearest_settlement": "Voi" }, "geometry": { "type": "Polygon", "coordinates": [ [ [ 39.181780179342908, -3.642465685096496 ], [ 39.181780179342908, -3.542465685096496 ], [ 39.081780179342907, -3.542465685096496 ], [ 39.081780179342907, -3.642465685096496 ], [ 39.181780179342908, -3.642465685096496 ] ] ] } },
{ "type": "Feature", "properties": { "cell_id": 1092, "elephant_count": 0.0, "inside_protected_area": false, "dist_to_settlement_km": 64.789589814812459, "dist_to_road_km": 64.789589814812459, "elephant_score": 0.0, "settlement_proximity_score": 0.60921029167709218, "road_proximity_score": 0.60209799339640269, "conflict_risk_score": 0.36339248552204845, "priority_zone": false, "nearest_settlement": "Voi" }, "geometry": { "type": "Polygon", "coordinates": [ [ [ 39.181780179342908, -3.542465685096496 ], [ 39.181780179342908, -3.442465685096496 ], [ 39.081780179342907, -3.442465685096496 ], [ 39.081780179342907, -3.542465685096496 ], [ 39.181780179342908, -3.542465685096496 ] ] ] } },
{ "type": "Feature", "properties": { "cell_id": 1093, "elephant_count": 1.0, "inside_protected_area": true, "dist_to_settlement_km": 63.901773270832365, "dist_to_road_km": 63.901773270832365, "elephant_score": 0.0053475935828877002, "settlement_proximity_score": 0.61472899810497084, "road_proximity_score": 0.60755227102723885, "conflict_risk_score": 0.36882341817281794, "priority_zone": false, "nearest_settlement": "Voi" }, "geometry": { "type": "Polygon", "coordinates": [ [ [ 39.181780179342908, -3.442465685096496 ], [ 39.181780179342908, -3.342465685096496 ], [ 39.081780179342907, -3.342465685096496 ], [ 39.081780179342907, -3.442465685096496 ], [ 39.181780179342908, -3.442465685096496 ] ] ] } },
{ "type": "Feature", "properties": { "cell_id": 1094, "elephant_count": 0.0, "inside_protected_area": true, "dist_to_settlement_km": 64.927669802188959, "dist_to_road_km": 64.927669802188959, "elephant_score": 0.0, "settlement_proximity_score": 0.60835198044256633, "road_proximity_score": 0.60124970261885369, "conflict_risk_score": 0.36288050491842599, "priority_zone": false, "nearest_settlement": "Voi" }, "geometry": { "type": "Polygon", "coordinates": [ [ [ 39.181780179342908, -3.342465685096497 ], [ 39.181780179342908, -3.242465685096497 ], [ 39.081780179342907, -3.242465685096497 ], [ 39.081780179342907, -3.342465685096497 ], [ 39.181780179342908, -3.342465685096497 ] ] ] } },
{ "type": "Feature", "properties": { "cell_id": 1095, "elephant_count": 2.0, "inside_protected_area": true, "dist_to_settlement_km": 67.780439543627111, "dist_to_road_km": 67.780439543627111, "elephant_score": 0.0106951871657754, "settlement_proximity_score": 0.59061903908651359, "road_proximity_score": 0.58372378660370738, "conflict_risk_score": 0.35658092257337642, "priority_zone": false, "nearest_settlement": "Voi" }, "geometry": { "type": "Polygon", "coordinates": [ [ [ 39.181780179342908, -3.242465685096497 ], [ 39.181780179342908, -3.142465685096497 ], [ 39.081780179342907, -3.142465685096497 ], [ 39.081780179342907, -3.242465685096497 ], [ 39.181780179342908, -3.242465685096497 ] ] ] } },
{ "type": "Feature", "properties": { "cell_id": 1096, "elephant_count": 4.0, "inside_protected_area": true, "dist_to_settlement_km": 72.243987040531607, "dist_to_road_km": 72.243987040531607, "elephant_score": 0.021390374331550801, "settlement_proximity_score": 0.56287343282434776, "road_proximity_score": 0.55630209973425548, "conflict_risk_score": 0.34430880950020126, "priority_zone": false, "nearest_settlement": "Voi" }, "geometry": { "type": "Polygon", "coordinates": [ [ [ 39.181780179342908, -3.142465685096497 ], [ 39.181780179342908, -3.042465685096497 ], [ 39.081780179342907, -3.042465685096497 ], [ 39.081780179342907, -3.142465685096497 ], [ 39.181780179342908, -3.142465685096497 ] ] ] } },
{ "type": "Feature", "properties": { "cell_id": 1097, "elephant_count": 2.0, "inside_protected_area": true, "dist_to_settlement_km": 78.04242014633904, "dist_to_road_km": 77.557821464351733, "elephant_score": 0.0106951871657754, "settlement_proximity_score": 0.5268301192933923, "road_proximity_score": 0.52365669745116927, "conflict_risk_score": 0.31942411988967861, "priority_zone": false, "nearest_settlement": "Voi" }, "geometry": { "type": "Polygon", "coordinates": [ [ [ 39.181780179342908, -3.042465685096498 ], [ 39.181780179342908, -2.942465685096498 ], [ 39.081780179342907, -2.942465685096498 ], [ 39.081780179342907, -3.042465685096498 ], [ 39.181780179342908, -3.042465685096498 ] ] ] } },
{ "type": "Feature", "properties": { "cell_id": 1098, "elephant_count": 0.0, "inside_protected_area": true, "dist_to_settlement_km": 84.902679704959326, "dist_to_road_km": 82.879398477627092, "elephant_score": 0.0, "settlement_proximity_score": 0.48418644613840933, "road_proximity_score": 0.49096372877302452, "conflict_risk_score": 0.29254505247343016, "priority_zone": false, "nearest_settlement": "Voi" }, "geometry": { "type": "Polygon", "coordinates": [ [ [ 39.181780179342908, -2.942465685096498 ], [ 39.181780179342908, -2.842465685096498 ], [ 39.081780179342907, -2.842465685096498 ], [ 39.081780179342907, -2.942465685096498 ], [ 39.181780179342908, -2.942465685096498 ] ] ] } },
{ "type": "Feature", "properties": { "cell_id": 1099, "elephant_count": 0.0, "inside_protected_area": true, "dist_to_settlement_km": 92.589042007508212, "dist_to_road_km": 88.200975490902451, "elephant_score": 0.0, "settlement_proximity_score": 0.43640768223306836, "road_proximity_score": 0.45827076009487977, "conflict_risk_score": 0.26840353269838446, "priority_zone": false, "nearest_settlement": "Voi" }, "geometry": { "type": "Polygon", "coordinates": [ [ [ 39.181780179342908, -2.842465685096498 ], [ 39.181780179342908, -2.742465685096498 ], [ 39.081780179342907, -2.742465685096498 ], [ 39.081780179342907, -2.842465685096498 ], [ 39.181780179342908, -2.842465685096498 ] ] ] } },
{ "type": "Feature", "properties": { "cell_id": 1100, "elephant_count": 0.0, "inside_protected_area": true, "dist_to_settlement_km": 100.91291482587016, "dist_to_road_km": 93.52255250417781, "elephant_score": 0.0, "settlement_proximity_score": 0.38466612510731113, "road_proximity_score": 0.42557779141673513, "conflict_risk_score": 0.24307317495721387, "priority_zone": false, "nearest_settlement": "Voi" }, "geometry": { "type": "Polygon", "coordinates": [ [ [ 39.181780179342908, -2.742465685096499 ], [ 39.181780179342908, -2.642465685096499 ], [ 39.081780179342907, -2.642465685096499 ], [ 39.081780179342907, -2.742465685096499 ], [ 39.181780179342908, -2.742465685096499 ] ] ] } },
{ "type": "Feature", "properties": { "cell_id": 1101, "elephant_count": 0.0, "inside_protected_area": false, "dist_to_settlement_km": 107.59734631775751, "dist_to_road_km": 98.84412951745314, "elephant_score": 0.0, "settlement_proximity_score": 0.34311540689742348, "road_proximity_score": 0.39288482273859049, "conflict_risk_score": 0.22080006889080417, "priority_zone": false, "nearest_settlement": "Mtito Andei" }, "geometry": { "type": "Polygon", "coordinates": [ [ [ 39.181780179342908, -2.642465685096499 ], [ 39.181780179342908, -2.542465685096499 ], [ 39.081780179342907, -2.542465685096499 ], [ 39.081780179342907, -2.642465685096499 ], [ 39.181780179342908, -2.642465685096499 ] ] ] } },
{ "type": "Feature", "properties": { "cell_id": 1102, "elephant_count": 0.0, "inside_protected_area": false, "dist_to_settlement_km": 109.19813575976768, "dist_to_road_km": 104.16570653072849, "elephant_score": 0.0, "settlement_proximity_score": 0.33316482978416362, "road_proximity_score": 0.36019185406044585, "conflict_risk_score": 0.20800700515338283, "priority_zone": false, "nearest_settlement": "Mtito Andei" }, "geometry": { "type": "Polygon", "coordinates": [ [ [ 39.181780179342908, -2.5424656850965 ], [ 39.181780179342908, -2.442465685096499 ], [ 39.081780179342907, -2.442465685096499 ], [ 39.081780179342907, -2.5424656850965 ], [ 39.181780179342908, -2.5424656850965 ] ] ] } },
{ "type": "Feature", "properties": { "cell_id": 1103, "elephant_count": 0.0, "inside_protected_area": false, "dist_to_settlement_km": 111.88251325472562, "dist_to_road_km": 109.48728354400384, "elephant_score": 0.0, "settlement_proximity_score": 0.31647862198962928, "road_proximity_score": 0.3274988853823011, "conflict_risk_score": 0.19319325221157913, "priority_zone": false, "nearest_settlement": "Mtito Andei" }, "geometry": { "type": "Polygon", "coordinates": [ [ [ 39.181780179342908, -2.4424656850965 ], [ 39.181780179342908, -2.3424656850965 ], [ 39.081780179342907, -2.3424656850965 ], [ 39.081780179342907, -2.4424656850965 ], [ 39.181780179342908, -2.4424656850965 ] ] ] } },
{ "type": "Feature", "properties": { "cell_id": 1104, "elephant_count": 0.0, "inside_protected_area": false, "dist_to_settlement_km": 115.57500028543826, "dist_to_road_km": 114.80886055727915, "elephant_score": 0.0, "settlement_proximity_score": 0.29352596127450159, "road_proximity_score": 0.29480591670415679, "conflict_risk_score": 0.17649956339359751, "priority_zone": false, "nearest_settlement": "Mtito Andei" }, "geometry": { "type": "Polygon", "coordinates": [ [ [ 39.181780179342908, -2.3424656850965 ], [ 39.181780179342908, -2.2424656850965 ], [ 39.081780179342907, -2.2424656850965 ], [ 39.081780179342907, -2.3424656850965 ], [ 39.181780179342908, -2.3424656850965 ] ] ] } },
{ "type": "Feature", "properties": { "cell_id": 1105, "elephant_count": 0.0, "inside_protected_area": false, "dist_to_settlement_km": 120.18271343984647, "dist_to_road_km": 120.13043757055451, "elephant_score": 0.0, "settlement_proximity_score": 0.26488421498640391, "road_proximity_score": 0.26211294802601204, "conflict_risk_score": 0.15809914890372478, "priority_zone": false, "nearest_settlement": "Mtito Andei" }, "geometry": { "type": "Polygon", "coordinates": [ [ [ 39.181780179342908, -2.242465685096501 ], [ 39.181780179342908, -2.1424656850965 ], [ 39.081780179342907, -2.1424656850965 ], [ 39.081780179342907, -2.242465685096501 ], [ 39.181780179342908, -2.242465685096501 ] ] ] } },
{ "type": "Feature", "properties": { "cell_id": 1106, "elephant_count": 0.0, "inside_protected_area": false, "dist_to_settlement_km": 125.60497015862649, "dist_to_road_km": 125.60497015862649, "elephant_score": 0.0, "settlement_proximity_score": 0.23117923031311716, "road_proximity_score": 0.22848030078951909, "conflict_risk_score": 0.13789785933079085, "priority_zone": false, "nearest_settlement": "Mtito Andei" }, "geometry": { "type": "Polygon", "coordinates": [ [ [ 39.181780179342908, -2.142465685096501 ], [ 39.181780179342908, -2.042465685096501 ], [ 39.081780179342907, -2.042465685096501 ], [ 39.081780179342907, -2.142465685096501 ], [ 39.181780179342908, -2.142465685096501 ] ] ] } },
{ "type": "Feature", "properties": { "cell_id": 1107, "elephant_count": 0.0, "inside_protected_area": false, "dist_to_settlement_km": 131.74123290501973, "dist_to_road_km": 131.74123290501973, "elephant_score": 0.0, "settlement_proximity_score": 0.19303595297582077, "road_proximity_score": 0.19078233169722802, "conflict_risk_score": 0.11514548540191463, "priority_zone": false, "nearest_settlement": "Mtito Andei" }, "geometry": { "type": "Polygon", "coordinates": [ [ [ 39.181780179342908, -2.042465685096501 ], [ 39.181780179342908, -1.942465685096501 ], [ 39.081780179342907, -1.942465685096501 ], [ 39.081780179342907, -2.042465685096501 ], [ 39.181780179342908, -2.042465685096501 ] ] ] } },
{ "type": "Feature", "properties": { "cell_id": 1108, "elephant_count": 0.0, "inside_protected_area": false, "dist_to_settlement_km": 138.4966294395638, "dist_to_road_km": 138.4966294395638, "elephant_score": 0.0, "settlement_proximity_score": 0.15104411296017295, "road_proximity_score": 0.14928073043103418, "conflict_risk_score": 0.090097453017362134, "priority_zone": false, "nearest_settlement": "Mtito Andei" }, "geometry": { "type": "Polygon", "coordinates": [ [ [ 39.181780179342908, -1.942465685096502 ], [ 39.181780179342908, -1.842465685096502 ], [ 39.081780179342907, -1.842465685096502 ], [ 39.081780179342907, -1.942465685096502 ], [ 39.181780179342908, -1.942465685096502 ] ] ] } },
{ "type": "Feature", "properties": { "cell_id": 1109, "elephant_count": 0.0, "inside_protected_area": false, "dist_to_settlement_km": 145.78511681548645, "dist_to_road_km": 145.78511681548645, "elephant_score": 0.0, "settlement_proximity_score": 0.10573855698270007, "road_proximity_score": 0.10450409957561924, "conflict_risk_score": 0.063072796967495792, "priority_zone": false, "nearest_settlement": "Mtito Andei" }, "geometry": { "type": "Polygon", "coordinates": [ [ [ 39.181780179342908, -1.842465685096502 ], [ 39.181780179342908, -1.742465685096502 ], [ 39.081780179342907, -1.742465685096502 ], [ 39.081780179342907, -1.842465685096502 ], [ 39.181780179342908, -1.842465685096502 ] ] ] } },
{ "type": "Feature", "properties": { "cell_id": 1110, "elephant_count": 0.0, "inside_protected_area": false, "dist_to_settlement_km": 153.53079236325928, "dist_to_road_km": 153.53079236325928, "elephant_score": 0.0, "settlement_proximity_score": 0.057591099353531572, "road_proximity_score": 0.0569187451886215, "conflict_risk_score": 0.034352953362645919, "priority_zone": false, "nearest_settlement": "Mtito Andei" }, "geometry": { "type": "Polygon", "coordinates": [ [ [ 39.181780179342908, -1.742465685096502 ], [ 39.181780179342908, -1.642465685096502 ], [ 39.081780179342907, -1.642465685096502 ], [ 39.081780179342907, -1.742465685096502 ], [ 39.181780179342908, -1.742465685096502 ] ] ] } },
{ "type": "Feature", "properties": { "cell_id": 1111, "elephant_count": 0.0, "inside_protected_area": false, "dist_to_settlement_km": 161.6679563873912, "dist_to_road_km": 161.6679563873912, "elephant_score": 0.0, "settlement_proximity_score": 0.0070101322503924868, "road_proximity_score": 0.0069282916245314574, "conflict_risk_score": 0.0041815271624771836, "priority_zone": false, "nearest_settlement": "Mtito Andei" }, "geometry": { "type": "Polygon", "coordinates": [ [ [ 39.181780179342908, -1.642465685096503 ], [ 39.181780179342908, -1.542465685096503 ], [ 39.081780179342907, -1.542465685096503 ], [ 39.081780179342907, -1.642465685096503 ], [ 39.181780179342908, -1.642465685096503 ] ] ] } },
{ "type": "Feature", "properties": { "cell_id": 1112, "elephant_count": 0.0, "inside_protected_area": false, "dist_to_settlement_km": 107.70254395137161, "dist_to_road_km": 107.70254395137161, "elephant_score": 0.0, "settlement_proximity_score": 0.34246149381058111, "road_proximity_score": 0.33846338621636085, "conflict_risk_score": 0.20427746400808258, "priority_zone": false, "nearest_settlement": "Voi" }, "geometry": { "type": "Polygon", "coordinates": [ [ [ 39.28178017934291, -4.142465685096494 ], [ 39.28178017934291, -4.042465685096494 ], [ 39.181780179342908, -4.042465685096494 ], [ 39.181780179342908, -4.142465685096494 ], [ 39.28178017934291, -4.142465685096494 ] ] ] } },
{ "type": "Feature", "properties": { "cell_id": 1113, "elephant_count": 0.0, "inside_protected_area": false, "dist_to_settlement_km": 100.03531202721544, "dist_to_road_km": 100.03531202721544, "elephant_score": 0.0, "settlement_proximity_score": 0.39012134244798813, "road_proximity_score": 0.38556682426098443, "conflict_risk_score": 0.23270645001269175, "priority_zone": false, "nearest_settlement": "Voi" }, "geometry": { "type": "Polygon", "coordinates": [ [ [ 39.28178017934291, -4.042465685096494 ], [ 39.28178017934291, -3.942465685096494 ], [ 39.181780179342908, -3.942465685096494 ], [ 39.181780179342908, -4.042465685096494 ], [ 39.28178017934291, -4.042465685096494 ] ] ] } },
{ "type": "Feature", "properties": { "cell_id": 1114, "elephant_count": 0.0, "inside_protected_area": false, "dist_to_settlement_km": 93.062932100635948, "dist_to_road_km": 93.062932100635948, "elephant_score": 0.0, "settlement_proximity_score": 0.43346196070897092, "road_proximity_score": 0.42840145729986434, "conflict_risk_score": 0.25855902540265052, "priority_zone": false, "nearest_settlement": "Voi" }, "geometry": { "type": "Polygon", "coordinates": [ [ [ 39.28178017934291, -3.942465685096495 ], [ 39.28178017934291, -3.842465685096494 ], [ 39.181780179342908, -3.842465685096494 ], [ 39.181780179342908, -3.942465685096495 ], [ 39.28178017934291, -3.942465685096495 ] ] ] } },
{ "type": "Feature", "properties": { "cell_id": 1115, "elephant_count": 1.0, "inside_protected_area": false, "dist_to_settlement_km": 86.952717093560736, "dist_to_road_km": 86.952717093560736, "elephant_score": 0.0053475935828877002, "settlement_proximity_score": 0.47144332416058798, "road_proximity_score": 0.46593940278946444, "conflict_risk_score": 0.28335385551817083, "priority_zone": false, "nearest_settlement": "Voi" }, "geometry": { "type": "Polygon", "coordinates": [ [ [ 39.28178017934291, -3.842465685096495 ], [ 39.28178017934291, -3.742465685096495 ], [ 39.181780179342908, -3.742465685096495 ], [ 39.181780179342908, -3.842465685096495 ], [ 39.28178017934291, -3.842465685096495 ] ] ] } },
{ "type": "Feature", "properties": { "cell_id": 1116, "elephant_count": 0.0, "inside_protected_area": false, "dist_to_settlement_km": 81.897867424848272, "dist_to_road_km": 81.897867424848272, "elephant_score": 0.0, "settlement_proximity_score": 0.5028644905578985, "road_proximity_score": 0.49699373902845712, "conflict_risk_score": 0.29995746887590669, "priority_zone": false, "nearest_settlement": "Voi" }, "geometry": { "type": "Polygon", "coordinates": [ [ [ 39.28178017934291, -3.742465685096495 ], [ 39.28178017934291, -3.642465685096495 ], [ 39.181780179342908, -3.642465685096495 ], [ 39.181780179342908, -3.742465685096495 ], [ 39.28178017934291, -3.742465685096495 ] ] ] } },
{ "type": "Feature", "properties": { "cell_id": 1117, "elephant_count": 0.0, "inside_protected_area": false, "dist_to_settlement_km": 78.103561810734604, "dist_to_road_km": 78.103561810734604, "elephant_score": 0.0, "settlement_proximity_score": 0.52645006003610662, "road_proximity_score": 0.52030395596003109, "conflict_risk_score": 0.3140262047988413, "priority_zone": false, "nearest_settlement": "Voi" }, "geometry": { "type": "Polygon", "coordinates": [ [ [ 39.28178017934291, -3.642465685096496 ], [ 39.28178017934291, -3.542465685096496 ], [ 39.181780179342908, -3.542465685096496 ], [ 39.181780179342908, -3.642465685096496 ], [ 39.28178017934291, -3.642465685096496 ] ] ] } },
{ "type": "Feature", "properties": { "cell_id": 1118, "elephant_count": 0.0, "inside_protected_area": false, "dist_to_settlement_km": 75.759435361600055, "dist_to_road_km": 75.759435361600055, "elephant_score": 0.0, "settlement_proximity_score": 0.54102125246354715, "road_proximity_score": 0.53470503526189739, "conflict_risk_score": 0.32271788631763332, "priority_zone": false, "nearest_settlement": "Voi" }, "geometry": { "type": "Polygon", "coordinates": [ [ [ 39.28178017934291, -3.542465685096496 ], [ 39.28178017934291, -3.442465685096496 ], [ 39.181780179342908, -3.442465685096496 ], [ 39.181780179342908, -3.542465685096496 ], [ 39.28178017934291, -3.542465685096496 ] ] ] } },
{ "type": "Feature", "properties": { "cell_id": 1119, "elephant_count": 1.0, "inside_protected_area": false, "dist_to_settlement_km": 75.001584817213512, "dist_to_road_km": 75.001584817213512, "elephant_score": 0.0053475935828877002, "settlement_proximity_score": 0.54573208455947531, "road_proximity_score": 0.53936087018611922, "conflict_risk_score": 0.32766692385683344, "priority_zone": false, "nearest_settlement": "Voi" }, "geometry": { "type": "Polygon", "coordinates": [ [ [ 39.28178017934291, -3.442465685096496 ], [ 39.28178017934291, -3.342465685096496 ], [ 39.181780179342908, -3.342465685096496 ], [ 39.181780179342908, -3.442465685096496 ], [ 39.28178017934291, -3.442465685096496 ] ] ] } },
{ "type": "Feature", "properties": { "cell_id": 1120, "elephant_count": 0.0, "inside_protected_area": false, "dist_to_settlement_km": 75.877555336732385, "dist_to_road_km": 75.877555336732385, "elephant_score": 0.0, "settlement_proximity_score": 0.5402870135372243, "road_proximity_score": 0.5339793682955768, "conflict_risk_score": 0.32227991454984029, "priority_zone": false, "nearest_settlement": "Voi" }, "geometry": { "type": "Polygon", "coordinates": [ [ [ 39.28178017934291, -3.342465685096497 ], [ 39.28178017934291, -3.242465685096497 ], [ 39.181780179342908, -3.242465685096497 ], [ 39.181780179342908, -3.342465685096497 ], [ 39.28178017934291, -3.342465685096497 ] ] ] } },
{ "type": "Feature", "properties": { "cell_id": 1121, "elephant_count": 1.0, "inside_protected_area": false, "dist_to_settlement_km": 78.332554424479852, "dist_to_road_km": 78.332554424479852, "elephant_score": 0.0053475935828877002, "settlement_proximity_score": 0.5250266319439163, "road_proximity_score": 0.5188971458490389, "conflict_risk_score": 0.31531617077104163, "priority_zone": false, "nearest_settlement": "Voi" }, "geometry": { "type": "Polygon", "coordinates": [ [ [ 39.28178017934291, -3.242465685096497 ], [ 39.28178017934291, -3.142465685096497 ], [ 39.181780179342908, -3.142465685096497 ], [ 39.181780179342908, -3.242465685096497 ], [ 39.28178017934291, -3.242465685096497 ] ] ] } },
{ "type": "Feature", "properties": { "cell_id": 1122, "elephant_count": 0.0, "inside_protected_area": false, "dist_to_settlement_km": 82.225268387821657, "dist_to_road_km": 82.225268387821657, "elephant_score": 0.0, "settlement_proximity_score": 0.50082935186724642, "road_proximity_score": 0.49498235980741379, "conflict_risk_score": 0.29874351350239803, "priority_zone": false, "nearest_settlement": "Voi" }, "geometry": { "type": "Polygon", "coordinates": [ [ [ 39.28178017934291, -3.142465685096497 ], [ 39.28178017934291, -3.042465685096497 ], [ 39.181780179342908, -3.042465685096497 ], [ 39.181780179342908, -3.142465685096497 ], [ 39.28178017934291, -3.142465685096497 ] ] ] } },
{ "type": "Feature", "properties": { "cell_id": 1123, "elephant_count": 1.0, "inside_protected_area": true, "dist_to_settlement_km": 87.363724967714788, "dist_to_road_km": 87.29901328526266, "elephant_score": 0.0053475935828877002, "settlement_proximity_score": 0.46888848125708205, "road_proximity_score": 0.46381194122676817, "conflict_risk_score": 0.28194916417831017, "priority_zone": false, "nearest_settlement": "Voi" }, "geometry": { "type": "Polygon", "coordinates": [ [ [ 39.28178017934291, -3.042465685096498 ], [ 39.28178017934291, -2.942465685096498 ], [ 39.181780179342908, -2.942465685096498 ], [ 39.181780179342908, -3.042465685096498 ], [ 39.28178017934291, -3.042465685096498 ] ] ] } },
{ "type": "Feature", "properties": { "cell_id": 1124, "elephant_count": 0.0, "inside_protected_area": false, "dist_to_settlement_km": 93.542857124527259, "dist_to_road_km": 92.620590298538019, "elephant_score": 0.0, "settlement_proximity_score": 0.43047872579156865, "road_proximity_score": 0.43111897254862341, "conflict_risk_score": 0.25847930950205761, "priority_zone": false, "nearest_settlement": "Voi" }, "geometry": { "type": "Polygon", "coordinates": [ [ [ 39.28178017934291, -2.942465685096498 ], [ 39.28178017934291, -2.842465685096498 ], [ 39.181780179342908, -2.842465685096498 ], [ 39.181780179342908, -2.942465685096498 ], [ 39.28178017934291, -2.942465685096498 ] ] ] } },
{ "type": "Feature", "properties": { "cell_id": 1125, "elephant_count": 0.0, "inside_protected_area": false, "dist_to_settlement_km": 100.57102862059695, "dist_to_road_km": 97.942167311813364, "elephant_score": 0.0, "settlement_proximity_score": 0.38679130469698841, "road_proximity_score": 0.39842600387047877, "conflict_risk_score": 0.23556519257024017, "priority_zone": false, "nearest_settlement": "Voi" }, "geometry": { "type": "Polygon", "coordinates": [ [ [ 39.28178017934291, -2.842465685096498 ], [ 39.28178017934291, -2.742465685096498 ], [ 39.181780179342908, -2.742465685096498 ], [ 39.181780179342908, -2.842465685096498 ], [ 39.28178017934291, -2.842465685096498 ] ] ] } },
{ "type": "Feature", "properties": { "cell_id": 1126, "elephant_count": 0.0, "inside_protected_area": false, "dist_to_settlement_km": 108.28304334747031, "dist_to_road_km": 103.26374432508872, "elephant_score": 0.0, "settlement_proximity_score": 0.33885308420124027, "road_proximity_score": 0.36573303519233402, "conflict_risk_score": 0.21137583581807229, "priority_zone": false, "nearest_settlement": "Voi" }, "geometry": { "type": "Polygon", "coordinates": [ [ [ 39.28178017934291, -2.742465685096499 ], [ 39.28178017934291, -2.642465685096499 ], [ 39.181780179342908, -2.642465685096499 ], [ 39.181780179342908, -2.742465685096499 ], [ 39.28178017934291, -2.742465685096499 ] ] ] } },
{ "type": "Feature", "properties": { "cell_id": 1127, "elephant_count": 0.0, "inside_protected_area": false, "dist_to_settlement_km": 116.5432244078365, "dist_to_road_km": 108.58532133836407, "elephant_score": 0.0, "settlement_proximity_score": 0.28750743782600618, "road_proximity_score": 0.33304006651418938, "conflict_risk_score": 0.18616425130205866, "priority_zone": false, "nearest_settlement": "Voi" }, "geometry": { "type": "Polygon", "coordinates": [ [ [ 39.28178017934291, -2.642465685096499 ], [ 39.28178017934291, -2.542465685096499 ], [ 39.181780179342908, -2.542465685096499 ], [ 39.181780179342908, -2.642465685096499 ], [ 39.28178017934291, -2.642465685096499 ] ] ] } },
{ "type": "Feature", "properties": { "cell_id": 1128, "elephant_count": 0.0, "inside_protected_area": false, "dist_to_settlement_km": 120.10659195625141, "dist_to_road_km": 113.90689835163943, "elephant_score": 0.0, "settlement_proximity_score": 0.26535738945433218, "road_proximity_score": 0.30034709783604463, "conflict_risk_score": 0.16971134618711303, "priority_zone": false, "nearest_settlement": "Mtito Andei" }, "geometry": { "type": "Polygon", "coordinates": [ [ [ 39.28178017934291, -2.5424656850965 ], [ 39.28178017934291, -2.442465685096499 ], [ 39.181780179342908, -2.442465685096499 ], [ 39.181780179342908, -2.5424656850965 ], [ 39.28178017934291, -2.5424656850965 ] ] ] } },
{ "type": "Feature", "properties": { "cell_id": 1129, "elephant_count": 0.0, "inside_protected_area": false, "dist_to_settlement_km": 122.55226374951496, "dist_to_road_km": 119.22847536491476, "elephant_score": 0.0, "settlement_proximity_score": 0.25015498673106451, "road_proximity_score": 0.2676541291579001, "conflict_risk_score": 0.15534273476668939, "priority_zone": false, "nearest_settlement": "Mtito Andei" }, "geometry": { "type": "Polygon", "coordinates": [ [ [ 39.28178017934291, -2.4424656850965 ], [ 39.28178017934291, -2.3424656850965 ], [ 39.181780179342908, -2.3424656850965 ], [ 39.181780179342908, -2.4424656850965 ], [ 39.28178017934291, -2.4424656850965 ] ] ] } },
{ "type": "Feature", "properties": { "cell_id": 1130, "elephant_count": 0.0, "inside_protected_area": false, "dist_to_settlement_km": 125.93228842880556, "dist_to_road_km": 124.55005237819012, "elephant_score": 0.0, "settlement_proximity_score": 0.22914460564448758, "road_proximity_score": 0.23496116047975535, "conflict_risk_score": 0.13923172983727289, "priority_zone": false, "nearest_settlement": "Mtito Andei" }, "geometry": { "type": "Polygon", "coordinates": [ [ [ 39.28178017934291, -2.3424656850965 ], [ 39.28178017934291, -2.2424656850965 ], [ 39.181780179342908, -2.2424656850965 ], [ 39.181780179342908, -2.3424656850965 ], [ 39.28178017934291, -2.3424656850965 ] ] ] } },
{ "type": "Feature", "properties": { "cell_id": 1131, "elephant_count": 0.0, "inside_protected_area": false, "dist_to_settlement_km": 130.17390363548708, "dist_to_road_km": 129.8716293914654, "elephant_score": 0.0, "settlement_proximity_score": 0.20277854019501784, "road_proximity_score": 0.20226819180161093, "conflict_risk_score": 0.12151401959898862, "priority_zone": false, "nearest_settlement": "Mtito Andei" }, "geometry": { "type": "Polygon", "coordinates": [ [ [ 39.28178017934291, -2.242465685096501 ], [ 39.28178017934291, -2.1424656850965 ], [ 39.181780179342908, -2.1424656850965 ], [ 39.181780179342908, -2.242465685096501 ], [ 39.28178017934291, -2.242465685096501 ] ] ] } },
{ "type": "Feature", "properties": { "cell_id": 1132, "elephant_count": 0.0, "inside_protected_area": false, "dist_to_settlement_km": 135.19603953698598, "dist_to_road_km": 135.19603953698598, "elephant_score": 0.0, "settlement_proximity_score": 0.17156072400403743, "road_proximity_score": 0.16955781784989366, "conflict_risk_score": 0.10233556255617933, "priority_zone": false, "nearest_settlement": "Mtito Andei" }, "geometry": { "type": "Polygon", "coordinates": [ [ [ 39.28178017934291, -2.142465685096501 ], [ 39.28178017934291, -2.042465685096501 ], [ 39.181780179342908, -2.042465685096501 ], [ 39.181780179342908, -2.142465685096501 ], [ 39.28178017934291, -2.142465685096501 ] ] ] } },
{ "type": "Feature", "properties": { "cell_id": 1133, "elephant_count": 0.0, "inside_protected_area": false, "dist_to_settlement_km": 140.9152689571697, "dist_to_road_km": 140.9152689571697, "elephant_score": 0.0, "settlement_proximity_score": 0.13600974404348798, "road_proximity_score": 0.13442188204914352, "conflict_risk_score": 0.081129487827789448, "priority_zone": false, "nearest_settlement": "Mtito Andei" }, "geometry": { "type": "Polygon", "coordinates": [ [ [ 39.28178017934291, -2.042465685096501 ], [ 39.28178017934291, -1.942465685096501 ], [ 39.181780179342908, -1.942465685096501 ], [ 39.181780179342908, -2.042465685096501 ], [ 39.28178017934291, -2.042465685096501 ] ] ] } },
{ "type": "Feature", "properties": { "cell_id": 1134, "elephant_count": 0.0, "inside_protected_area": false, "dist_to_settlement_km": 147.25038860409393, "dist_to_road_km": 147.25038860409393, "elephant_score": 0.0, "settlement_proximity_score": 0.096630363524031315, "road_proximity_score": 0.09550224080886438, "conflict_risk_score": 0.0576397812998687, "priority_zone": false, "nearest_settlement": "Mtito Andei" }, "geometry": { "type": "Polygon", "coordinates": [ [ [ 39.28178017934291, -1.942465685096502 ], [ 39.28178017934291, -1.842465685096502 ], [ 39.181780179342908, -1.842465685096502 ], [ 39.181780179342908, -1.942465685096502 ], [ 39.28178017934291, -1.942465685096502 ] ] ] } },
{ "type": "Feature", "properties": { "cell_id": 1135, "elephant_count": 0.0, "inside_protected_area": false, "dist_to_settlement_km": 154.12547116827204, "dist_to_road_km": 154.12547116827204, "elephant_score": 0.0, "settlement_proximity_score": 0.053894549918853785, "road_proximity_score": 0.053265351561631147, "conflict_risk_score": 0.032147970444145475, "priority_zone": false, "nearest_settlement": "Mtito Andei" }, "geometry": { "type": "Polygon", "coordinates": [ [ [ 39.28178017934291, -1.842465685096502 ], [ 39.28178017934291, -1.742465685096502 ], [ 39.181780179342908, -1.742465685096502 ], [ 39.181780179342908, -1.842465685096502 ], [ 39.28178017934291, -1.842465685096502 ] ] ] } },
{ "type": "Feature", "properties": { "cell_id": 1136, "elephant_count": 0.0, "inside_protected_area": false, "dist_to_settlement_km": 161.47156028733687, "dist_to_road_km": 161.47156028733687, "elephant_score": 0.0, "settlement_proximity_score": 0.0082309389892726292, "road_proximity_score": 0.0081348459093926184, "conflict_risk_score": 0.0049097354695995746, "priority_zone": false, "nearest_settlement": "Mtito Andei" }, "geometry": { "type": "Polygon", "coordinates": [ [ [ 39.28178017934291, -1.742465685096502 ], [ 39.28178017934291, -1.642465685096502 ], [ 39.181780179342908, -1.642465685096502 ], [ 39.181780179342908, -1.742465685096502 ], [ 39.28178017934291, -1.742465685096502 ] ] ] } },
{ "type": "Feature", "properties": { "cell_id": 1137, "elephant_count": 1.0, "inside_protected_area": false, "dist_to_settlement_km": 115.70678057717311, "dist_to_road_km": 115.70678057717311, "elephant_score": 0.0053475935828877002, "settlement_proximity_score": 0.29270680922333059, "road_proximity_score": 0.28928956863428179, "conflict_risk_score": 0.1767379507904388, "priority_zone": false, "nearest_settlement": "Voi" }, "geometry": { "type": "Polygon", "coordinates": [ [ [ 39.381780179342911, -4.142465685096494 ], [ 39.381780179342911, -4.042465685096494 ], [ 39.28178017934291, -4.042465685096494 ], [ 39.28178017934291, -4.142465685096494 ], [ 39.381780179342911, -4.142465685096494 ] ] ] } },
{ "type": "Feature", "properties": { "cell_id": 1138, "elephant_count": 0.0, "inside_protected_area": false, "dist_to_settlement_km": 108.60609904751804, "dist_to_road_km": 108.60609904751804, "elephant_score": 0.0, "settlement_proximity_score": 0.33684495585478735, "road_proximity_score": 0.33291241920346171, "conflict_risk_score": 0.2009272125174747, "priority_zone": false, "nearest_settlement": "Voi" }, "geometry": { "type": "Polygon", "coordinates": [ [ [ 39.381780179342911, -4.042465685096494 ], [ 39.381780179342911, -3.942465685096494 ], [ 39.28178017934291, -3.942465685096494 ], [ 39.28178017934291, -4.042465685096494 ], [ 39.381780179342911, -4.042465685096494 ] ] ] } },
{ "type": "Feature", "properties": { "cell_id": 1139, "elephant_count": 0.0, "inside_protected_area": false, "dist_to_settlement_km": 102.22000992518306, "dist_to_road_km": 102.22000992518306, "elephant_score": 0.0, "settlement_proximity_score": 0.3765411648603566, "road_proximity_score": 0.37214519007786784, "conflict_risk_score": 0.22460590648146733, "priority_zone": false, "nearest_settlement": "Voi" }, "geometry": { "type": "Polygon", "coordinates": [ [ [ 39.381780179342911, -3.942465685096495 ], [ 39.381780179342911, -3.842465685096494 ], [ 39.28178017934291, -3.842465685096494 ], [ 39.28178017934291, -3.942465685096495 ], [ 39.381780179342911, -3.942465685096495 ] ] ] } },
{ "type": "Feature", "properties": { "cell_id": 1140, "elephant_count": 0.0, "inside_protected_area": false, "dist_to_settlement_km": 96.690206887201128, "dist_to_road_km": 96.690206887201128, "elephant_score": 0.0, "settlement_proximity_score": 0.41091466215271844, "road_proximity_score": 0.40611738987241364, "conflict_risk_score": 0.2451096156075396, "priority_zone": false, "nearest_settlement": "Voi" }, "geometry": { "type": "Polygon", "coordinates": [ [ [ 39.381780179342911, -3.842465685096495 ], [ 39.381780179342911, -3.742465685096495 ], [ 39.28178017934291, -3.742465685096495 ], [ 39.28178017934291, -3.842465685096495 ], [ 39.381780179342911, -3.842465685096495 ] ] ] } },
{ "type": "Feature", "properties": { "cell_id": 1141, "elephant_count": 0.0, "inside_protected_area": false, "dist_to_settlement_km": 92.170937863705021, "dist_to_road_km": 92.170937863705021, "elephant_score": 0.0, "settlement_proximity_score": 0.43900663585876376, "road_proximity_score": 0.43388140047767043, "conflict_risk_score": 0.26186641090093021, "priority_zone": false, "nearest_settlement": "Voi" }, "geometry": { "type": "Polygon", "coordinates": [ [ [ 39.381780179342911, -3.742465685096495 ], [ 39.381780179342911, -3.642465685096495 ], [ 39.28178017934291, -3.642465685096495 ], [ 39.28178017934291, -3.742465685096495 ], [ 39.381780179342911, -3.742465685096495 ] ] ] } },
{ "type": "Feature", "properties": { "cell_id": 1142, "elephant_count": 0.0, "inside_protected_area": false, "dist_to_settlement_km": 88.81659453874704, "dist_to_road_km": 88.81659453874704, "elephant_score": 0.0, "settlement_proximity_score": 0.4598573805247389, "road_proximity_score": 0.45448872063577872, "conflict_risk_score": 0.27430383034815525, "priority_zone": false, "nearest_settlement": "Voi" }, "geometry": { "type": "Polygon", "coordinates": [ [ [ 39.381780179342911, -3.642465685096496 ], [ 39.381780179342911, -3.542465685096496 ], [ 39.28178017934291, -3.542465685096496 ], [ 39.28178017934291, -3.642465685096496 ], [ 39.381780179342911, -3.642465685096496 ] ] ] } },
{ "type": "Feature", "properties": { "cell_id": 1143, "elephant_count": 0.0, "inside_protected_area": false, "dist_to_settlement_km": 86.762394758590005, "dist_to_road_km": 86.762394758590005, "elephant_score": 0.0, "settlement_proximity_score": 0.47262637611033331, "road_proximity_score": 0.46710864305798405, "conflict_risk_score": 0.28192050575049521, "priority_zone": false, "nearest_settlement": "Voi" }, "geometry": { "type": "Polygon", "coordinates": [ [ [ 39.381780179342911, -3.542465685096496 ], [ 39.381780179342911, -3.442465685096496 ], [ 39.28178017934291, -3.442465685096496 ], [ 39.28178017934291, -3.542465685096496 ], [ 39.381780179342911, -3.542465685096496 ] ] ] } },
{ "type": "Feature", "properties": { "cell_id": 1144, "elephant_count": 0.0, "inside_protected_area": false, "dist_to_settlement_km": 86.101444953209821, "dist_to_road_km": 86.101444953209821, "elephant_score": 0.0, "settlement_proximity_score": 0.47673486897880879, "road_proximity_score": 0.47116917083597454, "conflict_risk_score": 0.28437121194443499, "priority_zone": false, "nearest_settlement": "Voi" }, "geometry": { "type": "Polygon", "coordinates": [ [ [ 39.381780179342911, -3.442465685096496 ], [ 39.381780179342911, -3.342465685096496 ], [ 39.28178017934291, -3.342465685096496 ], [ 39.28178017934291, -3.442465685096496 ], [ 39.381780179342911, -3.442465685096496 ] ] ] } },
{ "type": "Feature", "properties": { "cell_id": 1145, "elephant_count": 0.0, "inside_protected_area": false, "dist_to_settlement_km": 86.865554173192464, "dist_to_road_km": 86.865554173192464, "elephant_score": 0.0, "settlement_proximity_score": 0.47198513268192122, "road_proximity_score": 0.46647488590253172, "conflict_risk_score": 0.28153800557533587, "priority_zone": false, "nearest_settlement": "Voi" }, "geometry": { "type": "Polygon", "coordinates": [ [ [ 39.381780179342911, -3.342465685096497 ], [ 39.381780179342911, -3.242465685096497 ], [ 39.28178017934291, -3.242465685096497 ], [ 39.28178017934291, -3.342465685096497 ], [ 39.381780179342911, -3.342465685096497 ] ] ] } },
{ "type": "Feature", "properties": { "cell_id": 1146, "elephant_count": 1.0, "inside_protected_area": false, "dist_to_settlement_km": 89.018032895593947, "dist_to_road_km": 89.018032895593947, "elephant_score": 0.0053475935828877002, "settlement_proximity_score": 0.45860523089732974, "road_proximity_score": 0.45325118937868258, "conflict_risk_score": 0.27569596351595876, "priority_zone": false, "nearest_settlement": "Voi" }, "geometry": { "type": "Polygon", "coordinates": [ [ [ 39.381780179342911, -3.242465685096497 ], [ 39.381780179342911, -3.142465685096497 ], [ 39.28178017934291, -3.142465685096497 ], [ 39.28178017934291, -3.242465685096497 ], [ 39.381780179342911, -3.242465685096497 ] ] ] } },
{ "type": "Feature", "properties": { "cell_id": 1147, "elephant_count": 2.0, "inside_protected_area": false, "dist_to_settlement_km": 92.461969800487452, "dist_to_road_km": 92.461969800487452, "elephant_score": 0.0106951871657754, "settlement_proximity_score": 0.43719756862395087, "road_proximity_score": 0.43209345341426575, "conflict_risk_score": 0.26506538147777514, "priority_zone": false, "nearest_settlement": "Voi" }, "geometry": { "type": "Polygon", "coordinates": [ [ [ 39.381780179342911, -3.142465685096497 ], [ 39.381780179342911, -3.042465685096497 ], [ 39.28178017934291, -3.042465685096497 ], [ 39.28178017934291, -3.142465685096497 ], [ 39.381780179342911, -3.142465685096497 ] ] ] } },
{ "type": "Feature", "properties": { "cell_id": 1148, "elephant_count": 0.0, "inside_protected_area": false, "dist_to_settlement_km": 97.059989378587218, "dist_to_road_km": 97.059989378587218, "elephant_score": 0.0, "settlement_proximity_score": 0.40861607802971844, "road_proximity_score": 0.40384564084417385, "conflict_risk_score": 0.24373851566216767, "priority_zone": false, "nearest_settlement": "Voi" }, "geometry": { "type": "Polygon", "coordinates": [ [ [ 39.381780179342911, -3.042465685096498 ], [ 39.381780179342911, -2.942465685096498 ], [ 39.28178017934291, -2.942465685096498 ], [ 39.28178017934291, -3.042465685096498 ], [ 39.381780179342911, -3.042465685096498 ] ] ] } },
{ "type": "Feature", "properties": { "cell_id": 1149, "elephant_count": 0.0, "inside_protected_area": false, "dist_to_settlement_km": 102.65713427208392, "dist_to_road_km": 102.36178211944964, "elephant_score": 0.0, "settlement_proximity_score": 0.37382398082117507, "road_proximity_score": 0.37127421632421798, "conflict_risk_score": 0.22352945914361791, "priority_zone": false, "nearest_settlement": "Voi" }, "geometry": { "type": "Polygon", "coordinates": [ [ [ 39.381780179342911, -2.942465685096498 ], [ 39.381780179342911, -2.842465685096498 ], [ 39.28178017934291, -2.842465685096498 ], [ 39.28178017934291, -2.942465685096498 ], [ 39.381780179342911, -2.942465685096498 ] ] ] } },
{ "type": "Feature", "properties": { "cell_id": 1150, "elephant_count": 0.0, "inside_protected_area": false, "dist_to_settlement_km": 109.09973829364522, "dist_to_road_km": 107.683359132725, "elephant_score": 0.0, "settlement_proximity_score": 0.33377647273276501, "road_proximity_score": 0.33858124764607322, "conflict_risk_score": 0.20170731611365145, "priority_zone": false, "nearest_settlement": "Voi" }, "geometry": { "type": "Polygon", "coordinates": [ [ [ 39.381780179342911, -2.842465685096498 ], [ 39.381780179342911, -2.742465685096498 ], [ 39.28178017934291, -2.742465685096498 ], [ 39.28178017934291, -2.842465685096498 ], [ 39.381780179342911, -2.842465685096498 ] ] ] } },
{ "type": "Feature", "properties": { "cell_id": 1151, "elephant_count": 0.0, "inside_protected_area": false, "dist_to_settlement_km": 116.24731641860417, "dist_to_road_km": 113.00493614600035, "elephant_score": 0.0, "settlement_proximity_score": 0.28934681481589219, "road_proximity_score": 0.30588827896792858, "conflict_risk_score": 0.17857052813514623, "priority_zone": false, "nearest_settlement": "Voi" }, "geometry": { "type": "Polygon", "coordinates": [ [ [ 39.381780179342911, -2.742465685096499 ], [ 39.381780179342911, -2.642465685096499 ], [ 39.28178017934291, -2.642465685096499 ], [ 39.28178017934291, -2.742465685096499 ], [ 39.381780179342911, -2.742465685096499 ] ] ] } },
{ "type": "Feature", "properties": { "cell_id": 1152, "elephant_count": 0.0, "inside_protected_area": false, "dist_to_settlement_km": 123.97799906964252, "dist_to_road_km": 118.32651315927571, "elephant_score": 0.0, "settlement_proximity_score": 0.24129255368789526, "road_proximity_score": 0.27319531028978383, "conflict_risk_score": 0.15434635919330372, "priority_zone": false, "nearest_settlement": "Voi" }, "geometry": { "type": "Polygon", "coordinates": [ [ [ 39.381780179342911, -2.642465685096499 ], [ 39.381780179342911, -2.542465685096499 ], [ 39.28178017934291, -2.542465685096499 ], [ 39.28178017934291, -2.642465685096499 ], [ 39.381780179342911, -2.642465685096499 ] ] ] } },
{ "type": "Feature", "properties": { "cell_id": 1153, "elephant_count": 0.0, "inside_protected_area": false, "dist_to_settlement_km": 131.04722053245735, "dist_to_road_km": 123.64809017255104, "elephant_score": 0.0, "settlement_proximity_score": 0.19734996420647122, "road_proximity_score": 0.2405023416116393, "conflict_risk_score": 0.13135569174543316, "priority_zone": false, "nearest_settlement": "Mtito Andei" }, "geometry": { "type": "Polygon", "coordinates": [ [ [ 39.381780179342911, -2.5424656850965 ], [ 39.381780179342911, -2.442465685096499 ], [ 39.28178017934291, -2.442465685096499 ], [ 39.28178017934291, -2.5424656850965 ], [ 39.381780179342911, -2.5424656850965 ] ] ] } },
{ "type": "Feature", "properties": { "cell_id": 1154, "elephant_count": 1.0, "inside_protected_area": false, "dist_to_settlement_km": 133.29230258371155, "dist_to_road_km": 128.96966718582638, "elephant_score": 0.0053475935828877002, "settlement_proximity_score": 0.18339443608370465, "road_proximity_score": 0.20780937293349455, "conflict_risk_score": 0.11950018013831484, "priority_zone": false, "nearest_settlement": "Mtito Andei" }, "geometry": { "type": "Polygon", "coordinates": [ [ [ 39.381780179342911, -2.4424656850965 ], [ 39.381780179342911, -2.3424656850965 ], [ 39.28178017934291, -2.3424656850965 ], [ 39.28178017934291, -2.4424656850965 ], [ 39.381780179342911, -2.4424656850965 ] ] ] } },
{ "type": "Feature", "properties": { "cell_id": 1155, "elephant_count": 0.0, "inside_protected_area": false, "dist_to_settlement_km": 136.40645823000065, "dist_to_road_km": 134.2912441991017, "elephant_score": 0.0, "settlement_proximity_score": 0.1640367085226202, "road_proximity_score": 0.17511640425535013, "conflict_risk_score": 0.10174593383339109, "priority_zone": false, "nearest_settlement": "Mtito Andei" }, "geometry": { "type": "Polygon", "coordinates": [ [ [ 39.381780179342911, -2.3424656850965 ], [ 39.381780179342911, -2.2424656850965 ], [ 39.28178017934291, -2.2424656850965 ], [ 39.28178017934291, -2.3424656850965 ], [ 39.381780179342911, -2.3424656850965 ] ] ] } },
{ "type": "Feature", "properties": { "cell_id": 1156, "elephant_count": 0.0, "inside_protected_area": false, "dist_to_settlement_km": 140.331841595691, "dist_to_road_km": 139.61282121237707, "elephant_score": 0.0, "settlement_proximity_score": 0.13963635401355956, "road_proximity_score": 0.14242343557720527, "conflict_risk_score": 0.084617936877229447, "priority_zone": false, "nearest_settlement": "Mtito Andei" }, "geometry": { "type": "Polygon", "coordinates": [ [ [ 39.381780179342911, -2.242465685096501 ], [ 39.381780179342911, -2.1424656850965 ], [ 39.28178017934291, -2.1424656850965 ], [ 39.28178017934291, -2.242465685096501 ], [ 39.381780179342911, -2.242465685096501 ] ] ] } },
{ "type": "Feature", "properties": { "cell_id": 1157, "elephant_count": 0.0, "inside_protected_area": false, "dist_to_settlement_km": 145.00258509565722, "dist_to_road_km": 144.93439822565239, "elephant_score": 0.0, "settlement_proximity_score": 0.11060280834355019, "road_proximity_score": 0.10973046689906085, "conflict_risk_score": 0.066099982572783308, "priority_zone": false, "nearest_settlement": "Mtito Andei" }, "geometry": { "type": "Polygon", "coordinates": [ [ [ 39.381780179342911, -2.142465685096501 ], [ 39.381780179342911, -2.042465685096501 ], [ 39.28178017934291, -2.042465685096501 ], [ 39.28178017934291, -2.142465685096501 ], [ 39.381780179342911, -2.142465685096501 ] ] ] } },
{ "type": "Feature", "properties": { "cell_id": 1158, "elephant_count": 0.0, "inside_protected_area": false, "dist_to_settlement_km": 150.34923878493203, "dist_to_road_km": 150.34923878493203, "elephant_score": 0.0, "settlement_proximity_score": 0.077367775404917016, "road_proximity_score": 0.076464536074408729, "conflict_risk_score": 0.046149693443797726, "priority_zone": false, "nearest_settlement": "Mtito Andei" }, "geometry": { "type": "Polygon", "coordinates": [ [ [ 39.381780179342911, -2.042465685096501 ], [ 39.381780179342911, -1.942465685096501 ], [ 39.28178017934291, -1.942465685096501 ], [ 39.28178017934291, -2.042465685096501 ], [ 39.381780179342911, -2.042465685096501 ] ] ] } },
{ "type": "Feature", "properties": { "cell_id": 1159, "elephant_count": 0.0, "inside_protected_area": false, "dist_to_settlement_km": 156.30245526540429, "dist_to_road_km": 156.30245526540429, "elephant_score": 0.0, "settlement_proximity_score": 0.04036232165424658, "road_proximity_score": 0.039891106911442709, "conflict_risk_score": 0.024076028569706788, "priority_zone": false, "nearest_settlement": "Mtito Andei" }, "geometry": { "type": "Polygon", "coordinates": [ [ [ 39.381780179342911, -1.942465685096502 ], [ 39.381780179342911, -1.842465685096502 ], [ 39.28178017934291, -1.842465685096502 ], [ 39.28178017934291, -1.942465685096502 ], [ 39.381780179342911, -1.942465685096502 ] ] ] } },
{ "type": "Feature", "properties": { "cell_id": 1160, "elephant_count": 0.0, "inside_protected_area": false, "dist_to_settlement_km": 162.79570461403119, "dist_to_road_km": 162.79570461403119, "elephant_score": 0.0, "settlement_proximity_score": 0.0, "road_proximity_score": 0.0, "conflict_risk_score": 0.0, "priority_zone": false, "nearest_settlement": "Mtito Andei" }, "geometry": { "type": "Polygon", "coordinates": [ [ [ 39.381780179342911, -1.842465685096502 ], [ 39.381780179342911, -1.742465685096502 ], [ 39.28178017934291, -1.742465685096502 ], [ 39.28178017934291, -1.842465685096502 ], [ 39.381780179342911, -1.842465685096502 ] ] ] } },
{ "type": "Feature", "properties": { "cell_id": 1161, "elephant_count": 1.0, "inside_protected_area": false, "dist_to_settlement_km": 117.60070513502879, "dist_to_road_km": 117.60070513502879, "elephant_score": 0.0053475935828877002, "settlement_proximity_score": 0.28093409142230963, "road_proximity_score": 0.27765429283271348, "conflict_risk_score": 0.16971555270966199, "priority_zone": false, "nearest_settlement": "Voi" }, "geometry": { "type": "Polygon", "coordinates": [ [ [ 39.481780179342913, -4.042465685096494 ], [ 39.481780179342913, -3.942465685096494 ], [ 39.381780179342911, -3.942465685096494 ], [ 39.381780179342911, -4.042465685096494 ], [ 39.481780179342913, -4.042465685096494 ] ] ] } },
{ "type": "Feature", "properties": { "cell_id": 1162, "elephant_count": 0.0, "inside_protected_area": false, "dist_to_settlement_km": 111.72990435439034, "dist_to_road_km": 111.72990435439034, "elephant_score": 0.0, "settlement_proximity_score": 0.3174272455819046, "road_proximity_score": 0.313721403307341, "conflict_risk_score": 0.18934459466677367, "priority_zone": false, "nearest_settlement": "Voi" }, "geometry": { "type": "Polygon", "coordinates": [ [ [ 39.481780179342913, -3.942465685096495 ], [ 39.481780179342913, -3.842465685096494 ], [ 39.381780179342911, -3.842465685096494 ], [ 39.381780179342911, -3.942465685096495 ], [ 39.481780179342913, -3.942465685096495 ] ] ] } },
{ "type": "Feature", "properties": { "cell_id": 1163, "elephant_count": 0.0, "inside_protected_area": false, "dist_to_settlement_km": 106.6941292003756, "dist_to_road_km": 106.6941292003756, "elephant_score": 0.0, "settlement_proximity_score": 0.34872984396244999, "road_proximity_score": 0.34465855576603543, "conflict_risk_score": 0.20801651991854564, "priority_zone": false, "nearest_settlement": "Voi" }, "geometry": { "type": "Polygon", "coordinates": [ [ [ 39.481780179342913, -3.842465685096495 ], [ 39.481780179342913, -3.742465685096495 ], [ 39.381780179342911, -3.742465685096495 ], [ 39.381780179342911, -3.842465685096495 ], [ 39.481780179342913, -3.842465685096495 ] ] ] } },
{ "type": "Feature", "properties": { "cell_id": 1164, "elephant_count": 0.0, "inside_protected_area": false, "dist_to_settlement_km": 102.61638701792057, "dist_to_road_km": 102.61638701792057, "elephant_score": 0.0, "settlement_proximity_score": 0.37407726753338433, "road_proximity_score": 0.36971005781439137, "conflict_risk_score": 0.2231361976043327, "priority_zone": false, "nearest_settlement": "Voi" }, "geometry": { "type": "Polygon", "coordinates": [ [ [ 39.481780179342913, -3.742465685096495 ], [ 39.481780179342913, -3.642465685096495 ], [ 39.381780179342911, -3.642465685096495 ], [ 39.381780179342911, -3.742465685096495 ], [ 39.481780179342913, -3.742465685096495 ] ] ] } },
{ "type": "Feature", "properties": { "cell_id": 1165, "elephant_count": 0.0, "inside_protected_area": false, "dist_to_settlement_km": 99.614399377785105, "dist_to_road_km": 99.614399377785105, "elephant_score": 0.0, "settlement_proximity_score": 0.39273775386737109, "road_proximity_score": 0.38815269007289177, "conflict_risk_score": 0.23426713318207884, "priority_zone": false, "nearest_settlement": "Voi" }, "geometry": { "type": "Polygon", "coordinates": [ [ [ 39.481780179342913, -3.642465685096496 ], [ 39.481780179342913, -3.542465685096496 ], [ 39.381780179342911, -3.542465685096496 ], [ 39.381780179342911, -3.642465685096496 ], [ 39.481780179342913, -3.642465685096496 ] ] ] } },
{ "type": "Feature", "properties": { "cell_id": 1166, "elephant_count": 0.0, "inside_protected_area": false, "dist_to_settlement_km": 97.787290800911805, "dist_to_road_km": 97.787290800911805, "elephant_score": 0.0, "settlement_proximity_score": 0.40409514061128038, "road_proximity_score": 0.39937748364935888, "conflict_risk_score": 0.24104178727819175, "priority_zone": false, "nearest_settlement": "Voi" }, "geometry": { "type": "Polygon", "coordinates": [ [ [ 39.481780179342913, -3.542465685096496 ], [ 39.481780179342913, -3.442465685096496 ], [ 39.381780179342911, -3.442465685096496 ], [ 39.381780179342911, -3.542465685096496 ], [ 39.481780179342913, -3.542465685096496 ] ] ] } },
{ "type": "Feature", "properties": { "cell_id": 1167, "elephant_count": 0.0, "inside_protected_area": false, "dist_to_settlement_km": 97.201337032817122, "dist_to_road_km": 97.201337032817122, "elephant_score": 0.0, "settlement_proximity_score": 0.4077374548352608, "road_proximity_score": 0.40297727524109417, "conflict_risk_score": 0.24321441902290647, "priority_zone": false, "nearest_settlement": "Voi" }, "geometry": { "type": "Polygon", "coordinates": [ [ [ 39.481780179342913, -3.442465685096496 ], [ 39.481780179342913, -3.342465685096496 ], [ 39.381780179342911, -3.342465685096496 ], [ 39.381780179342911, -3.442465685096496 ], [ 39.481780179342913, -3.442465685096496 ] ] ] } },
{ "type": "Feature", "properties": { "cell_id": 1168, "elephant_count": 0.0, "inside_protected_area": false, "dist_to_settlement_km": 97.878831213661911, "dist_to_road_km": 97.878831213661911, "elephant_score": 0.0, "settlement_proximity_score": 0.40352612140604016, "road_proximity_score": 0.39881510752676252, "conflict_risk_score": 0.24070236867984079, "priority_zone": false, "nearest_settlement": "Voi" }, "geometry": { "type": "Polygon", "coordinates": [ [ [ 39.481780179342913, -3.342465685096497 ], [ 39.481780179342913, -3.242465685096497 ], [ 39.381780179342911, -3.242465685096497 ], [ 39.381780179342911, -3.342465685096497 ], [ 39.481780179342913, -3.342465685096497 ] ] ] } },
{ "type": "Feature", "properties": { "cell_id": 1169, "elephant_count": 0.0, "inside_protected_area": false, "dist_to_settlement_km": 99.794044303944958, "dist_to_road_km": 99.794044303944958, "elephant_score": 0.0, "settlement_proximity_score": 0.39162107315731165, "road_proximity_score": 0.38704904618509683, "conflict_risk_score": 0.23360103580272254, "priority_zone": false, "nearest_settlement": "Voi" }, "geometry": { "type": "Polygon", "coordinates": [ [ [ 39.481780179342913, -3.242465685096497 ], [ 39.481780179342913, -3.142465685096497 ], [ 39.381780179342911, -3.142465685096497 ], [ 39.381780179342911, -3.242465685096497 ], [ 39.481780179342913, -3.242465685096497 ] ] ] } },
{ "type": "Feature", "properties": { "cell_id": 1170, "elephant_count": 0.0, "inside_protected_area": false, "dist_to_settlement_km": 102.87787399301629, "dist_to_road_km": 102.87787399301629, "elephant_score": 0.0, "settlement_proximity_score": 0.37245185307129514, "road_proximity_score": 0.3681036194474897, "conflict_risk_score": 0.22216664175563544, "priority_zone": false, "nearest_settlement": "Voi" }, "geometry": { "type": "Polygon", "coordinates": [ [ [ 39.481780179342913, -3.142465685096497 ], [ 39.481780179342913, -3.042465685096497 ], [ 39.381780179342911, -3.042465685096497 ], [ 39.381780179342911, -3.142465685096497 ], [ 39.481780179342913, -3.142465685096497 ] ] ] } },
{ "type": "Feature", "properties": { "cell_id": 1171, "elephant_count": 0.0, "inside_protected_area": false, "dist_to_settlement_km": 107.02935408619518, "dist_to_road_km": 107.02935408619518, "elephant_score": 0.0, "settlement_proximity_score": 0.34664607142554305, "road_proximity_score": 0.3425991104803815, "conflict_risk_score": 0.20677355457177735, "priority_zone": false, "nearest_settlement": "Voi" }, "geometry": { "type": "Polygon", "coordinates": [ [ [ 39.481780179342913, -3.042465685096498 ], [ 39.481780179342913, -2.942465685096498 ], [ 39.381780179342911, -2.942465685096498 ], [ 39.381780179342911, -3.042465685096498 ], [ 39.481780179342913, -3.042465685096498 ] ] ] } },
{ "type": "Feature", "properties": { "cell_id": 1172, "elephant_count": 0.0, "inside_protected_area": false, "dist_to_settlement_km": 112.12996171805891, "dist_to_road_km": 112.10297394035987, "elephant_score": 0.0, "settlement_proximity_score": 0.31494047153002636, "road_proximity_score": 0.31142946009982109, "conflict_risk_score": 0.18791097948895424, "priority_zone": false, "nearest_settlement": "Voi" }, "geometry": { "type": "Polygon", "coordinates": [ [ [ 39.481780179342913, -2.942465685096498 ], [ 39.481780179342913, -2.842465685096498 ], [ 39.381780179342911, -2.842465685096498 ], [ 39.381780179342911, -2.942465685096498 ], [ 39.481780179342913, -2.942465685096498 ] ] ] } },
{ "type": "Feature", "properties": { "cell_id": 1173, "elephant_count": 0.0, "inside_protected_area": false, "dist_to_settlement_km": 118.0567405685866, "dist_to_road_km": 117.42455095363522, "elephant_score": 0.0, "settlement_proximity_score": 0.27809935524220486, "road_proximity_score": 0.27873649142167645, "conflict_risk_score": 0.16705075399916439, "priority_zone": false, "nearest_settlement": "Voi" }, "geometry": { "type": "Polygon", "coordinates": [ [ [ 39.481780179342913, -2.842465685096498 ], [ 39.481780179342913, -2.742465685096498 ], [ 39.381780179342911, -2.742465685096498 ], [ 39.381780179342911, -2.842465685096498 ], [ 39.481780179342913, -2.842465685096498 ] ] ] } },
{ "type": "Feature", "properties": { "cell_id": 1174, "elephant_count": 0.0, "inside_protected_area": false, "dist_to_settlement_km": 124.69193908374257, "dist_to_road_km": 122.74612796691059, "elephant_score": 0.0, "settlement_proximity_score": 0.23685467136676785, "road_proximity_score": 0.2460435227435317, "conflict_risk_score": 0.14486945823308986, "priority_zone": false, "nearest_settlement": "Voi" }, "geometry": { "type": "Polygon", "coordinates": [ [ [ 39.481780179342913, -2.742465685096499 ], [ 39.481780179342913, -2.642465685096499 ], [ 39.381780179342911, -2.642465685096499 ], [ 39.381780179342911, -2.742465685096499 ], [ 39.481780179342913, -2.742465685096499 ] ] ] } },
{ "type": "Feature", "properties": { "cell_id": 1175, "elephant_count": 0.0, "inside_protected_area": false, "dist_to_settlement_km": 131.92871314179098, "dist_to_road_km": 128.06770498018591, "elephant_score": 0.0, "settlement_proximity_score": 0.19187056763266042, "road_proximity_score": 0.21335055406538705, "conflict_risk_score": 0.12156633650941424, "priority_zone": false, "nearest_settlement": "Voi" }, "geometry": { "type": "Polygon", "coordinates": [ [ [ 39.481780179342913, -2.642465685096499 ], [ 39.481780179342913, -2.542465685096499 ], [ 39.381780179342911, -2.542465685096499 ], [ 39.381780179342911, -2.642465685096499 ], [ 39.481780179342913, -2.642465685096499 ] ] ] } },
{ "type": "Feature", "properties": { "cell_id": 1176, "elephant_count": 0.0, "inside_protected_area": false, "dist_to_settlement_km": 139.67358744599557, "dist_to_road_km": 133.38928199346128, "elephant_score": 0.0, "settlement_proximity_score": 0.14372809056852009, "road_proximity_score": 0.1806575853872423, "conflict_risk_score": 0.097315702786728714, "priority_zone": false, "nearest_settlement": "Voi" }, "geometry": { "type": "Polygon", "coordinates": [ [ [ 39.481780179342913, -2.5424656850965 ], [ 39.481780179342913, -2.442465685096499 ], [ 39.381780179342911, -2.442465685096499 ], [ 39.381780179342911, -2.5424656850965 ], [ 39.481780179342913, -2.5424656850965 ] ] ] } },
{ "type": "Feature", "properties": { "cell_id": 1177, "elephant_count": 0.0, "inside_protected_area": false, "dist_to_settlement_km": 144.08691302822874, "dist_to_road_km": 138.7108590067366, "elephant_score": 0.0, "settlement_proximity_score": 0.11629466592224813, "road_proximity_score": 0.14796461670909777, "conflict_risk_score": 0.079277784789403768, "priority_zone": false, "nearest_settlement": "Mtito Andei" }, "geometry": { "type": "Polygon", "coordinates": [ [ [ 39.481780179342913, -2.4424656850965 ], [ 39.481780179342913, -2.3424656850965 ], [ 39.381780179342911, -2.3424656850965 ], [ 39.381780179342911, -2.4424656850965 ], [ 39.481780179342913, -2.4424656850965 ] ] ] } },
{ "type": "Feature", "properties": { "cell_id": 1178, "elephant_count": 0.0, "inside_protected_area": false, "dist_to_settlement_km": 146.97252268634961, "dist_to_road_km": 144.03243602001194, "elephant_score": 0.0, "settlement_proximity_score": 0.098357590209253276, "road_proximity_score": 0.11527164803095313, "conflict_risk_score": 0.06408877147206192, "priority_zone": false, "nearest_settlement": "Mtito Andei" }, "geometry": { "type": "Polygon", "coordinates": [ [ [ 39.481780179342913, -2.3424656850965 ], [ 39.481780179342913, -2.2424656850965 ], [ 39.381780179342911, -2.2424656850965 ], [ 39.381780179342911, -2.3424656850965 ], [ 39.481780179342913, -2.3424656850965 ] ] ] } },
{ "type": "Feature", "properties": { "cell_id": 1179, "elephant_count": 0.0, "inside_protected_area": false, "dist_to_settlement_km": 150.62279490028976, "dist_to_road_km": 149.35401303328729, "elephant_score": 0.0, "settlement_proximity_score": 0.07566733863963393, "road_proximity_score": 0.082578679352808493, "conflict_risk_score": 0.04747380539773273, "priority_zone": false, "nearest_settlement": "Mtito Andei" }, "geometry": { "type": "Polygon", "coordinates": [ [ [ 39.481780179342913, -2.242465685096501 ], [ 39.481780179342913, -2.1424656850965 ], [ 39.381780179342911, -2.1424656850965 ], [ 39.381780179342911, -2.242465685096501 ], [ 39.481780179342913, -2.242465685096501 ] ] ] } },
{ "type": "Feature", "properties": { "cell_id": 1180, "elephant_count": 0.0, "inside_protected_area": false, "dist_to_settlement_km": 154.98370966769363, "dist_to_road_km": 154.6755900465626, "elephant_score": 0.0, "settlement_proximity_score": 0.04855970190827541, "road_proximity_score": 0.049885710674664074, "conflict_risk_score": 0.029533623774881841, "priority_zone": false, "nearest_settlement": "Mtito Andei" }, "geometry": { "type": "Polygon", "coordinates": [ [ [ 39.481780179342913, -2.142465685096501 ], [ 39.481780179342913, -2.042465685096501 ], [ 39.381780179342911, -2.042465685096501 ], [ 39.381780179342911, -2.142465685096501 ], [ 39.481780179342913, -2.142465685096501 ] ] ] } },
{ "type": "Feature", "properties": { "cell_id": 1181, "elephant_count": 0.0, "inside_protected_area": false, "dist_to_settlement_km": 116.89610046431592, "dist_to_road_km": 116.89610046431592, "elephant_score": 0.0, "settlement_proximity_score": 0.28531394484106232, "road_proximity_score": 0.28198301312984064, "conflict_risk_score": 0.17018908739127087, "priority_zone": false, "nearest_settlement": "Voi" }, "geometry": { "type": "Polygon", "coordinates": [ [ [ 39.581780179342914, -3.842465685096495 ], [ 39.581780179342914, -3.742465685096495 ], [ 39.481780179342913, -3.742465685096495 ], [ 39.481780179342913, -3.842465685096495 ], [ 39.581780179342914, -3.842465685096495 ] ] ] } },
{ "type": "Feature", "properties": { "cell_id": 1182, "elephant_count": 0.0, "inside_protected_area": false, "dist_to_settlement_km": 113.18650088481688, "dist_to_road_km": 113.18650088481688, "elephant_score": 0.0, "settlement_proximity_score": 0.30837297790712814, "road_proximity_score": 0.30477284076147648, "conflict_risk_score": 0.18394374560058138, "priority_zone": false, "nearest_settlement": "Voi" }, "geometry": { "type": "Polygon", "coordinates": [ [ [ 39.581780179342914, -3.742465685096495 ], [ 39.581780179342914, -3.642465685096495 ], [ 39.481780179342913, -3.642465685096495 ], [ 39.481780179342913, -3.742465685096495 ], [ 39.581780179342914, -3.742465685096495 ] ] ] } },
{ "type": "Feature", "properties": { "cell_id": 1183, "elephant_count": 0.0, "inside_protected_area": false, "dist_to_settlement_km": 110.47212164765314, "dist_to_road_km": 110.47212164765314, "elephant_score": 0.0, "settlement_proximity_score": 0.3252456778420505, "road_proximity_score": 0.32144855834666308, "conflict_risk_score": 0.19400827085661407, "priority_zone": false, "nearest_settlement": "Voi" }, "geometry": { "type": "Polygon", "coordinates": [ [ [ 39.581780179342914, -3.642465685096496 ], [ 39.581780179342914, -3.542465685096496 ], [ 39.481780179342913, -3.542465685096496 ], [ 39.481780179342913, -3.642465685096496 ], [ 39.581780179342914, -3.642465685096496 ] ] ] } },
{ "type": "Feature", "properties": { "cell_id": 1184, "elephant_count": 0.0, "inside_protected_area": false, "dist_to_settlement_km": 108.82745673826568, "dist_to_road_km": 108.82745673826568, "elephant_score": 0.0, "settlement_proximity_score": 0.33546898677753534, "road_proximity_score": 0.33155251404147201, "conflict_risk_score": 0.2001064502457022, "priority_zone": false, "nearest_settlement": "Voi" }, "geometry": { "type": "Polygon", "coordinates": [ [ [ 39.581780179342914, -3.542465685096496 ], [ 39.581780179342914, -3.442465685096496 ], [ 39.481780179342913, -3.442465685096496 ], [ 39.481780179342913, -3.542465685096496 ], [ 39.581780179342914, -3.542465685096496 ] ] ] } },
{ "type": "Feature", "properties": { "cell_id": 1185, "elephant_count": 0.0, "inside_protected_area": false, "dist_to_settlement_km": 108.30125123425077, "dist_to_road_km": 108.30125123425077, "elephant_score": 0.0, "settlement_proximity_score": 0.33873990318147362, "road_proximity_score": 0.33478524374135443, "conflict_risk_score": 0.20205754407684839, "priority_zone": false, "nearest_settlement": "Voi" }, "geometry": { "type": "Polygon", "coordinates": [ [ [ 39.581780179342914, -3.442465685096496 ], [ 39.581780179342914, -3.342465685096496 ], [ 39.481780179342913, -3.342465685096496 ], [ 39.481780179342913, -3.442465685096496 ], [ 39.581780179342914, -3.442465685096496 ] ] ] } },
{ "type": "Feature", "properties": { "cell_id": 1186, "elephant_count": 0.0, "inside_protected_area": false, "dist_to_settlement_km": 108.90971810490338, "dist_to_road_km": 108.90971810490338, "elephant_score": 0.0, "settlement_proximity_score": 0.33495764652835014, "road_proximity_score": 0.33104714349507225, "conflict_risk_score": 0.19980143700702671, "priority_zone": false, "nearest_settlement": "Voi" }, "geometry": { "type": "Polygon", "coordinates": [ [ [ 39.581780179342914, -3.342465685096497 ], [ 39.581780179342914, -3.242465685096497 ], [ 39.481780179342913, -3.242465685096497 ], [ 39.481780179342913, -3.342465685096497 ], [ 39.581780179342914, -3.342465685096497 ] ] ] } },
{ "type": "Feature", "properties": { "cell_id": 1187, "elephant_count": 0.0, "inside_protected_area": false, "dist_to_settlement_km": 110.63413748240063, "dist_to_road_km": 110.63413748240063, "elephant_score": 0.0, "settlement_proximity_score": 0.32423858033446096, "road_proximity_score": 0.32045321831915818, "conflict_risk_score": 0.19340753959608573, "priority_zone": false, "nearest_settlement": "Voi" }, "geometry": { "type": "Polygon", "coordinates": [ [ [ 39.581780179342914, -3.242465685096497 ], [ 39.581780179342914, -3.142465685096497 ], [ 39.481780179342913, -3.142465685096497 ], [ 39.481780179342913, -3.242465685096497 ], [ 39.581780179342914, -3.242465685096497 ] ] ] } },
{ "type": "Feature", "properties": { "cell_id": 1188, "elephant_count": 0.0, "inside_protected_area": false, "dist_to_settlement_km": 113.42362212193692, "dist_to_road_km": 113.42362212193692, "elephant_score": 0.0, "settlement_proximity_score": 0.30689902193688412, "road_proximity_score": 0.30331609266617521, "conflict_risk_score": 0.1830645343809178, "priority_zone": false, "nearest_settlement": "Voi" }, "geometry": { "type": "Polygon", "coordinates": [ [ [ 39.581780179342914, -3.142465685096497 ], [ 39.581780179342914, -3.042465685096497 ], [ 39.481780179342913, -3.042465685096497 ], [ 39.481780179342913, -3.142465685096497 ], [ 39.581780179342914, -3.142465685096497 ] ] ] } },
{ "type": "Feature", "properties": { "cell_id": 1189, "elephant_count": 0.0, "inside_protected_area": false, "dist_to_settlement_km": 117.20214901632626, "dist_to_road_km": 117.20214901632626, "elephant_score": 0.0, "settlement_proximity_score": 0.28341153366988658, "road_proximity_score": 0.28010281188500197, "conflict_risk_score": 0.16905430366646657, "priority_zone": false, "nearest_settlement": "Voi" }, "geometry": { "type": "Polygon", "coordinates": [ [ [ 39.581780179342914, -3.042465685096498 ], [ 39.581780179342914, -2.942465685096498 ], [ 39.481780179342913, -2.942465685096498 ], [ 39.481780179342913, -3.042465685096498 ], [ 39.581780179342914, -3.042465685096498 ] ] ] } },
{ "type": "Feature", "properties": { "cell_id": 1190, "elephant_count": 0.0, "inside_protected_area": false, "dist_to_settlement_km": 121.87776422641805, "dist_to_road_km": 121.87776422641805, "elephant_score": 0.0, "settlement_proximity_score": 0.25434770523688177, "road_proximity_score": 0.25137829258682021, "conflict_risk_score": 0.1517177993471106, "priority_zone": false, "nearest_settlement": "Voi" }, "geometry": { "type": "Polygon", "coordinates": [ [ [ 39.581780179342914, -2.942465685096498 ], [ 39.581780179342914, -2.842465685096498 ], [ 39.481780179342913, -2.842465685096498 ], [ 39.481780179342913, -2.942465685096498 ], [ 39.581780179342914, -2.942465685096498 ] ] ] } },
{ "type": "Feature", "properties": { "cell_id": 1191, "elephant_count": 0.0, "inside_protected_area": false, "dist_to_settlement_km": 127.35169842454228, "dist_to_road_km": 127.16574277454684, "elephant_score": 0.0, "settlement_proximity_score": 0.22032149109409793, "road_proximity_score": 0.21889173519727101, "conflict_risk_score": 0.13176396788741068, "priority_zone": false, "nearest_settlement": "Voi" }, "geometry": { "type": "Polygon", "coordinates": [ [ [ 39.581780179342914, -2.842465685096498 ], [ 39.581780179342914, -2.742465685096498 ], [ 39.481780179342913, -2.742465685096498 ], [ 39.481780179342913, -2.842465685096498 ], [ 39.581780179342914, -2.842465685096498 ] ] ] } },
{ "type": "Feature", "properties": { "cell_id": 1192, "elephant_count": 0.0, "inside_protected_area": false, "dist_to_settlement_km": 133.52580563471903, "dist_to_road_km": 132.48731978782223, "elephant_score": 0.0, "settlement_proximity_score": 0.18194297091642209, "road_proximity_score": 0.18619876651912604, "conflict_risk_score": 0.11044252123066443, "priority_zone": false, "nearest_settlement": "Voi" }, "geometry": { "type": "Polygon", "coordinates": [ [ [ 39.581780179342914, -2.742465685096499 ], [ 39.581780179342914, -2.642465685096499 ], [ 39.481780179342913, -2.642465685096499 ], [ 39.481780179342913, -2.742465685096499 ], [ 39.581780179342914, -2.742465685096499 ] ] ] } },
{ "type": "Feature", "properties": { "cell_id": 1193, "elephant_count": 0.0, "inside_protected_area": false, "dist_to_settlement_km": 140.30768492561612, "dist_to_road_km": 137.80889680109755, "elephant_score": 0.0, "settlement_proximity_score": 0.13978651293019884, "road_proximity_score": 0.15350579784098162, "conflict_risk_score": 0.087987693231354136, "priority_zone": false, "nearest_settlement": "Voi" }, "geometry": { "type": "Polygon", "coordinates": [ [ [ 39.581780179342914, -2.642465685096499 ], [ 39.581780179342914, -2.542465685096499 ], [ 39.481780179342913, -2.542465685096499 ], [ 39.481780179342913, -2.642465685096499 ], [ 39.581780179342914, -2.642465685096499 ] ] ] } },
{ "type": "Feature", "properties": { "cell_id": 1194, "elephant_count": 0.0, "inside_protected_area": false, "dist_to_settlement_km": 147.61359059372265, "dist_to_road_km": 143.13047381437286, "elephant_score": 0.0, "settlement_proximity_score": 0.094372684087470571, "road_proximity_score": 0.12081282916283709, "conflict_risk_score": 0.064555653975092289, "priority_zone": false, "nearest_settlement": "Voi" }, "geometry": { "type": "Polygon", "coordinates": [ [ [ 39.581780179342914, -2.5424656850965 ], [ 39.581780179342914, -2.442465685096499 ], [ 39.481780179342913, -2.442465685096499 ], [ 39.481780179342913, -2.5424656850965 ], [ 39.581780179342914, -2.5424656850965 ] ] ] } },
{ "type": "Feature", "properties": { "cell_id": 1195, "elephant_count": 0.0, "inside_protected_area": false, "dist_to_settlement_km": 154.92468842615574, "dist_to_road_km": 148.45205082764824, "elephant_score": 0.0, "settlement_proximity_score": 0.048926580524432217, "road_proximity_score": 0.088119860484692336, "conflict_risk_score": 0.041113932302737362, "priority_zone": false, "nearest_settlement": "Mtito Andei" }, "geometry": { "type": "Polygon", "coordinates": [ [ [ 39.581780179342914, -2.4424656850965 ], [ 39.581780179342914, -2.3424656850965 ], [ 39.481780179342913, -2.3424656850965 ], [ 39.481780179342913, -2.4424656850965 ], [ 39.581780179342914, -2.4424656850965 ] ] ] } },
{ "type": "Feature", "properties": { "cell_id": 1196, "elephant_count": 0.0, "inside_protected_area": false, "dist_to_settlement_km": 157.61200145524018, "dist_to_road_km": 153.77362784092355, "elephant_score": 0.0, "settlement_proximity_score": 0.032222125321508144, "road_proximity_score": 0.055426891806547807, "conflict_risk_score": 0.026294705138416787, "priority_zone": false, "nearest_settlement": "Mtito Andei" }, "geometry": { "type": "Polygon", "coordinates": [ [ [ 39.581780179342914, -2.3424656850965 ], [ 39.581780179342914, -2.2424656850965 ], [ 39.481780179342913, -2.2424656850965 ], [ 39.481780179342913, -2.3424656850965 ], [ 39.581780179342914, -2.3424656850965 ] ] ] } },
{ "type": "Feature", "properties": { "cell_id": 1197, "elephant_count": 0.0, "inside_protected_area": false, "dist_to_settlement_km": 119.40118138796265, "dist_to_road_km": 119.40118138796265, "elephant_score": 0.0, "settlement_proximity_score": 0.26974225236762794, "road_proximity_score": 0.26659311423921217, "conflict_risk_score": 0.16090060998205202, "priority_zone": false, "nearest_settlement": "Voi" }, "geometry": { "type": "Polygon", "coordinates": [ [ [ 39.681780179342915, -3.442465685096496 ], [ 39.681780179342915, -3.342465685096496 ], [ 39.581780179342914, -3.342465685096496 ], [ 39.581780179342914, -3.442465685096496 ], [ 39.681780179342915, -3.442465685096496 ] ] ] } },
{ "type": "Feature", "properties": { "cell_id": 1198, "elephant_count": 0.0, "inside_protected_area": false, "dist_to_settlement_km": 119.95335675014006, "dist_to_road_km": 119.95335675014006, "elephant_score": 0.0, "settlement_proximity_score": 0.26630990619067607, "road_proximity_score": 0.26320083939747341, "conflict_risk_score": 0.15885322367644483, "priority_zone": false, "nearest_settlement": "Voi" }, "geometry": { "type": "Polygon", "coordinates": [ [ [ 39.681780179342915, -3.342465685096497 ], [ 39.681780179342915, -3.242465685096497 ], [ 39.581780179342914, -3.242465685096497 ], [ 39.581780179342914, -3.342465685096497 ], [ 39.681780179342915, -3.342465685096497 ] ] ] } },
{ "type": "Feature", "properties": { "cell_id": 1199, "elephant_count": 0.0, "inside_protected_area": false, "dist_to_settlement_km": 121.52116471796829, "dist_to_road_km": 121.52116471796829, "elephant_score": 0.0, "settlement_proximity_score": 0.25656434336195844, "road_proximity_score": 0.25356905230547255, "conflict_risk_score": 0.15304001870022929, "priority_zone": false, "nearest_settlement": "Voi" }, "geometry": { "type": "Polygon", "coordinates": [ [ [ 39.681780179342915, -3.242465685096497 ], [ 39.681780179342915, -3.142465685096497 ], [ 39.581780179342914, -3.142465685096497 ], [ 39.581780179342914, -3.242465685096497 ], [ 39.681780179342915, -3.242465685096497 ] ] ] } },
{ "type": "Feature", "properties": { "cell_id": 1200, "elephant_count": 0.0, "inside_protected_area": false, "dist_to_settlement_km": 124.06610799568425, "dist_to_road_km": 124.06610799568425, "elephant_score": 0.0, "settlement_proximity_score": 0.24074486475396284, "road_proximity_score": 0.23793426008909291, "conflict_risk_score": 0.14360373745291671, "priority_zone": false, "nearest_settlement": "Voi" }, "geometry": { "type": "Polygon", "coordinates": [ [ [ 39.681780179342915, -3.142465685096497 ], [ 39.681780179342915, -3.042465685096497 ], [ 39.581780179342914, -3.042465685096497 ], [ 39.581780179342914, -3.142465685096497 ], [ 39.681780179342915, -3.142465685096497 ] ] ] } },
{ "type": "Feature", "properties": { "cell_id": 1201, "elephant_count": 0.0, "inside_protected_area": false, "dist_to_settlement_km": 127.52970176387147, "dist_to_road_km": 127.52970176387147, "elephant_score": 0.0, "settlement_proximity_score": 0.21921501455950221, "road_proximity_score": 0.21665576270106623, "conflict_risk_score": 0.13076123317817051, "priority_zone": false, "nearest_settlement": "Voi" }, "geometry": { "type": "Polygon", "coordinates": [ [ [ 39.681780179342915, -3.042465685096498 ], [ 39.681780179342915, -2.942465685096498 ], [ 39.581780179342914, -2.942465685096498 ], [ 39.581780179342914, -3.042465685096498 ], [ 39.681780179342915, -3.042465685096498 ] ] ] } },
{ "type": "Feature", "properties": { "cell_id": 1202, "elephant_count": 0.0, "inside_protected_area": false, "dist_to_settlement_km": 131.83956352615553, "dist_to_road_km": 131.83956352615553, "elephant_score": 0.0, "settlement_proximity_score": 0.19242472553857715, "road_proximity_score": 0.19017824010767181, "conflict_risk_score": 0.11478088969387468, "priority_zone": false, "nearest_settlement": "Voi" }, "geometry": { "type": "Polygon", "coordinates": [ [ [ 39.681780179342915, -2.942465685096498 ], [ 39.681780179342915, -2.842465685096498 ], [ 39.581780179342914, -2.842465685096498 ], [ 39.581780179342914, -2.942465685096498 ], [ 39.681780179342915, -2.942465685096498 ] ] ] } },
{ "type": "Feature", "properties": { "cell_id": 1203, "elephant_count": 0.0, "inside_protected_area": false, "dist_to_settlement_km": 136.9157996344922, "dist_to_road_km": 136.90693459545776, "elephant_score": 0.0, "settlement_proximity_score": 0.16087062009814579, "road_proximity_score": 0.1590469789728699, "conflict_risk_score": 0.095975279721304707, "priority_zone": false, "nearest_settlement": "Voi" }, "geometry": { "type": "Polygon", "coordinates": [ [ [ 39.681780179342915, -2.842465685096498 ], [ 39.681780179342915, -2.742465685096498 ], [ 39.581780179342914, -2.742465685096498 ], [ 39.581780179342914, -2.842465685096498 ], [ 39.681780179342915, -2.842465685096498 ] ] ] } },
{ "type": "Feature", "properties": { "cell_id": 1204, "elephant_count": 0.0, "inside_protected_area": false, "dist_to_settlement_km": 142.67663392559277, "dist_to_road_km": 142.2285116087331, "elephant_score": 0.0, "settlement_proximity_score": 0.12506102244217643, "road_proximity_score": 0.12635401029472526, "conflict_risk_score": 0.075424509821070504, "priority_zone": false, "nearest_settlement": "Voi" }, "geometry": { "type": "Polygon", "coordinates": [ [ [ 39.681780179342915, -2.742465685096499 ], [ 39.681780179342915, -2.642465685096499 ], [ 39.581780179342914, -2.642465685096499 ], [ 39.581780179342914, -2.742465685096499 ], [ 39.681780179342915, -2.742465685096499 ] ] ] } },
{ "type": "Feature", "properties": { "cell_id": 1205, "elephant_count": 0.0, "inside_protected_area": false, "dist_to_settlement_km": 149.04270377017056, "dist_to_road_km": 147.55008862200845, "elephant_score": 0.0, "settlement_proximity_score": 0.085489254141828508, "road_proximity_score": 0.09366104161658062, "conflict_risk_score": 0.053745088727522733, "priority_zone": false, "nearest_settlement": "Voi" }, "geometry": { "type": "Polygon", "coordinates": [ [ [ 39.681780179342915, -2.642465685096499 ], [ 39.681780179342915, -2.542465685096499 ], [ 39.581780179342914, -2.542465685096499 ], [ 39.581780179342914, -2.642465685096499 ], [ 39.681780179342915, -2.642465685096499 ] ] ] } },
{ "type": "Feature", "properties": { "cell_id": 1206, "elephant_count": 0.0, "inside_protected_area": false, "dist_to_settlement_km": 134.78241818254207, "dist_to_road_km": 134.78241818254207, "elephant_score": 0.0, "settlement_proximity_score": 0.17413181241521325, "road_proximity_score": 0.17209888978246413, "conflict_risk_score": 0.10386921065930321, "priority_zone": false, "nearest_settlement": "Voi" }, "geometry": { "type": "Polygon", "coordinates": [ [ [ 39.781780179342917, -3.142465685096497 ], [ 39.781780179342917, -3.042465685096497 ], [ 39.681780179342915, -3.042465685096497 ], [ 39.681780179342915, -3.142465685096497 ], [ 39.781780179342917, -3.142465685096497 ] ] ] } },
{ "type": "Feature", "properties": { "cell_id": 1207, "elephant_count": 0.0, "inside_protected_area": false, "dist_to_settlement_km": 137.97726598943339, "dist_to_road_km": 137.97726598943339, "elephant_score": 0.0, "settlement_proximity_score": 0.15427249885822192, "road_proximity_score": 0.15247142615249587, "conflict_risk_score": 0.092023177503215328, "priority_zone": false, "nearest_settlement": "Voi" }, "geometry": { "type": "Polygon", "coordinates": [ [ [ 39.781780179342917, -3.042465685096498 ], [ 39.781780179342917, -2.942465685096498 ], [ 39.681780179342915, -2.942465685096498 ], [ 39.681780179342915, -3.042465685096498 ], [ 39.781780179342917, -3.042465685096498 ] ] ] } },
{ "type": "Feature", "properties": { "cell_id": 1208, "elephant_count": 0.0, "inside_protected_area": false, "dist_to_settlement_km": 141.97031946397831, "dist_to_road_km": 141.97031946397831, "elephant_score": 0.0, "settlement_proximity_score": 0.12945150399587757, "road_proximity_score": 0.12794020695792374, "conflict_risk_score": 0.077217513286140391, "priority_zone": false, "nearest_settlement": "Voi" }, "geometry": { "type": "Polygon", "coordinates": [ [ [ 39.781780179342917, -2.942465685096498 ], [ 39.781780179342917, -2.842465685096498 ], [ 39.681780179342915, -2.842465685096498 ], [ 39.681780179342915, -2.942465685096498 ], [ 39.781780179342917, -2.942465685096498 ] ] ] } }
]
}
