cell_id,elephant_count,inside_protected_area,dist_to_settlement_km,dist_to_road_km,elephant_score,settlement_proximity_score,road_proximity_score,conflict_risk_score,priority_zone,nearest_settlement
0,0.0,False,87.23536105106936,87.23536105106936,0.0,0.4696863969714289,0.46420298705652574,0.2801668152083864,False,Kilgoris
1,0.0,False,79.46330232563731,79.46330232563731,0.0,0.5179978535856613,0.5119504258028573,0.3089844838165556,False,Kilgoris
2,0.0,False,72.56200531463305,72.56200531463305,0.0,0.5608966173376724,0.5543483628159811,0.33457349404609604,False,Kilgoris
3,0.0,False,66.80189229405134,66.80189229405134,0.0,0.5967017315445827,0.5897354659424933,0.3559311592461228,False,Kilgoris
4,0.0,False,89.20246967916161,89.20246967916161,0.0,0.4574587637922575,0.4521181068406993,0.272873061189887,False,Kilgoris
5,0.0,False,80.09412460128989,80.09412460128989,0.0,0.5140766347583053,0.5080749857128355,0.30664548614134224,False,Kilgoris
6,0.0,False,71.55052057415205,71.55052057415205,0.0,0.567184050678314,0.5605623927654629,0.3383239330331331,False,Kilgoris
7,0.0,False,63.7989435117648,63.7989435117648,0.0,0.6153681923801748,0.6081840029525668,0.36706565859982243,False,Kilgoris
8,0.0,False,57.1625173693615,57.1625173693615,0.0,0.6566205072402187,0.6489547127378741,0.3916725659934278,False,Kilgoris
9,0.0,False,52.069392072385014,52.069392072385014,0.0,0.688279596615158,0.6802441942942885,0.41055713727283394,False,Kilgoris
10,0.0,False,49.00316101613188,49.00316101613188,0.0,0.7073394228306569,0.6990815042931792,0.4219262781371508,False,Kilgoris
11,0.0,False,93.79228633535473,93.79228633535473,0.0,0.428928262918999,0.4239206887059964,0.2558546854874986,False,Kilgoris
12,0.0,False,83.71714982486185,83.71714982486185,0.0,0.49155575167129073,0.48581702536407356,0.2932118331106093,False,Kilgoris
13,0.0,False,73.9361168413893,73.9361168413893,0.0,0.5523550800496468,0.5459065447247553,0.32947848743232067,False,Kilgoris
14,0.0,False,64.58295109677769,64.58295109677769,0.0,0.6104947669768593,0.6033674729359357,0.3641586719738385,False,Kilgoris
15,0.0,False,55.87294310445779,55.87294310445779,0.0,0.6646365572149651,0.6568771783801949,0.39645412067854796,False,Kilgoris
16,0.0,False,48.15634921730651,48.15634921730651,0.0,0.7126032419710735,0.7042838703486206,0.4250661336959082,False,Kilgoris
17,0.0,False,41.98454678479182,41.98454678479182,0.0,0.7509674355501015,0.7422001765696051,0.44795028363591194,False,Kilgoris
18,0.0,False,38.11548723956666,38.11548723956666,0.0,0.7750176787302488,0.7659696423145101,0.46229619631342767,False,Kilgoris
19,0.0,False,37.273295618911426,37.273295618911426,0.0,0.7802527786412952,0.7711436244266531,0.46541892092038445,False,Kilgoris
20,0.0,False,100.64663608469277,100.64663608469277,0.0,0.3863213253967259,0.3818111709624519,0.23043974890775332,False,Kilgoris
21,0.0,False,89.97162638270912,89.97162638270912,0.0,0.45267765211699595,0.4473928128244832,0.2700211394824437,False,Kilgoris
22,0.0,False,79.41323411582603,79.41323411582603,0.0,0.5183090797654295,0.5122580185354342,0.3091701294902591,False,Kilgoris
23,0.0,False,69.024995121479,69.024995121479,0.0,0.5828828272374388,0.5760778920834515,0.3476882157962671,False,Kilgoris
24,0.0,False,58.89701308475165,58.89701308475165,0.0,0.6458388060897318,0.6382988838446406,0.3852413069803117,False,Kilgoris
25,1.0,False,49.19030747099073,49.19030747099073,0.0053475935828877,0.7061761122904475,0.6979317749607532,0.42337140360851533,False,Kilgoris
26,1.0,False,40.21112467807642,40.21112467807642,0.0053475935828877,0.7619911048498389,0.7530951487260431,0.45666491350591965,False,Kilgoris
27,1.0,False,32.566896484943136,32.566896484943136,0.0053475935828877,0.8095079612901281,0.8000572639530253,0.4850086050061011,False,Kilgoris
28,0.0,False,27.398739851427425,27.398739851427425,0.0,0.8416334487312658,0.8318076985557337,0.5020323441860999,False,Kilgoris
29,0.0,False,26.21448348206448,26.21448348206448,0.0,0.8489948380657791,0.8390831464716225,0.5064233953612205,True,Kilgoris
30,0.0,False,98.35682962103466,98.35682962103466,0.0,0.40055486242109506,0.39587853685956065,0.2389300197841967,False,Kilgoris
31,0.0,False,87.40259796989136,87.40259796989136,0.0,0.4686468449771125,0.4631755714360738,0.2795467249239559,False,Kilgoris
32,0.0,False,76.49040678850947,76.49040678850947,0.0,0.5364775021362599,0.5302143314902611,0.3200075500879563,False,Kilgoris
33,0.0,False,65.64122583755471,65.64122583755471,0.0,0.603916484950028,0.5968659898479742,0.3602347424394007,False,Kilgoris
34,0.0,False,54.89242869688009,54.89242869688009,0.0,0.6707314776131235,0.6629009429025234,0.40008972615469407,False,Kilgoris
35,0.0,False,44.31711776534283,44.31711776534283,0.0,0.7364680724202579,0.7278700879856258,0.4393014481217651,False,Kilgoris
36,0.0,False,34.07719363170133,34.07719363170133,0.0,0.8001198882379457,0.7907787930804848,0.4772696043955291,False,Kilgoris
37,0.0,False,24.595189053911763,24.595189053911763,0.0,0.8590604429814213,0.8490312392809959,0.5124275046787251,True,Kilgoris
38,0.0,False,17.175899492686156,17.175899492686156,0.0,0.9051790710577491,0.8946114499279791,0.5399371562957185,True,Kilgoris
39,0.0,False,15.215772151555422,15.215772151555422,0.0,0.9173633082521412,0.9066534407906314,0.5472050247128317,True,Kilgoris
40,0.0,False,20.357994030680942,20.357994030680942,0.0,0.8853990323774347,0.8750623356706758,0.5281384104144331,True,Kilgoris
41,0.0,False,108.37932603708444,108.32815711104826,0.0,0.33825458679581366,0.33461994819358665,0.2018623604968201,False,Kilgoris
42,0.0,False,97.28723714361435,97.25269287675593,0.0,0.4072034959933958,0.4026617719620582,0.24295958038663618,False,Kilgoris
43,0.0,False,86.19718504581846,86.17722864246366,0.0,0.47613974438007545,0.47070359573052933,0.2840530020331814,False,Kilgoris
44,0.0,False,75.11007195182461,75.10176440817132,0.0,0.5450577237907106,0.538745419499001,0.3251409429869135,False,Kilgoris
45,9.0,False,64.0274246506407,64.02630017387901,0.0481283422459893,0.6139479436381197,0.6067872432674726,0.3854718929700734,False,Kilgoris
46,12.0,False,52.95204723312101,52.95204723312101,0.06417112299465241,0.682792973571036,0.674821625485915,0.43295282891494624,False,Kilgoris
47,17.0,True,41.88970643205653,41.88970643205653,0.09090909090909091,0.7515569673264706,0.7427828257868698,0.48466557429763846,False,Kilgoris
48,20.0,False,30.85442761985836,30.85442761985836,0.10695187165775401,0.8201527425767193,0.8105777714696603,0.5319999028770155,True,Kilgoris
49,14.0,False,19.891302182971174,19.891302182971174,0.0748663101604278,0.8883000092935083,0.8779294447854098,0.5598153602878465,True,Kilgoris
50,1.0,False,9.260243048617534,9.260243048617534,0.0053475935828877,0.954383137365101,0.9432410774890037,0.5714263018893865,True,Kilgoris
51,0.0,False,4.718082248612733,4.718082248612733,0.0,0.9826174073541123,0.971145723122283,0.5861289391429185,True,Kilgoris
52,0.0,False,14.324402217540037,14.324402217540037,0.0,0.9229041027077339,0.9121295485798653,0.5505100953862798,True,Kilgoris
53,0.0,False,25.19001186333695,25.19001186333695,0.0,0.8553629984090241,0.8453769609666781,0.5102219878127107,True,Kilgoris
54,0.0,False,108.55062823489003,107.59053119304443,0.0,0.33718976484971497,0.3391515336565666,0.20290238955188444,False,Kilgoris
55,0.0,False,97.47803387930283,96.5150669587521,0.0,0.4060174951480614,0.40719335742503815,0.24396325577192984,False,Kilgoris
56,0.0,False,86.4124718299374,85.43960272445983,0.0,0.4748015123236776,0.4752351811935094,0.2850110080551561,False,Kilgoris
57,0.0,False,75.35704005960508,74.36413849016748,0.0,0.5435225592422116,0.5432770049619811,0.32603986926125783,False,Kilgoris
58,12.0,False,64.31696265628631,63.28867425587517,0.06417112299465241,0.6121481627445261,0.6113188287304525,0.3927085466403545,False,Kilgoris
59,20.0,True,53.301781247115315,52.21321002158289,0.10695187165775401,0.6806190116594617,0.6793606524989237,0.4507746479106173,False,Kilgoris
60,28.0,True,42.330935294421906,41.13774578729058,0.1497326203208556,0.748814269439827,0.7474024762673953,0.5087580718405089,False,Kilgoris
61,17.0,False,31.4508550231267,30.062281552998297,0.09090909090909091,0.8164453237788851,0.8154443000358665,0.5259305235080618,True,Kilgoris
62,10.0,False,20.804434154067483,18.986817318705967,0.053475935828877004,0.8826239410645931,0.8834861238043381,0.5512233937922302,True,Kilgoris
63,0.0,False,11.086599084305567,7.911353084413686,0.0,0.9430304284500793,0.9515279475728095,0.5683675128068666,True,Kilgoris
64,0.0,False,7.708493889297015,3.1641111498787,0.0,0.964028877938493,0.9806925037722514,0.5834164145132232,True,Kilgoris
65,0.0,False,15.567564897135348,14.239575384170992,0.0,0.9151765491750806,0.91265068000378,0.5483481687536582,True,Kilgoris
66,0.0,False,25.91712321249623,25.315039618463313,0.0,0.8508432424936863,0.8446088562353085,0.5086356296186985,True,Kilgoris
67,0.0,False,120.8077450718318,117.928369509333,0.0,0.26099899105308844,0.2756412953510745,0.16099208592124886,False,Kilgoris
68,0.0,False,109.84907586377732,106.85290527504065,0.0,0.3291185576567516,0.3436831191195462,0.2018405030328893,False,Kilgoris
69,0.0,False,98.92192712897939,95.77744104074833,0.0,0.3970421916214588,0.41172494288801775,0.24263014035284297,False,Kilgoris
70,0.0,False,88.03803647115447,84.70197680645607,0.0,0.4646969314896692,0.4797667666564889,0.28333910944384744,False,Kilgoris
71,0.0,False,77.21569830339891,73.62651257216372,0.0,0.5319690583902557,0.5478085904249606,0.32393329464456483,False,Kilgoris
72,50.0,False,66.4849777263009,62.5510483378714,0.26737967914438504,0.5986716863443572,0.6158504141934321,0.4713085018190908,False,Kilgoris
73,91.0,True,55.89866243526702,51.475584103579116,0.48663101604278075,0.6644766847309254,0.6838922379619035,0.5991630832249609,False,Kilgoris
74,45.0,True,45.55753132948637,40.40011986928681,0.24064171122994651,0.7287576075093671,0.7519340617303749,0.5404641852639012,False,Kilgoris
75,47.0,True,35.67543776356967,29.324655634994524,0.25133689839572193,0.7901851328837372,0.8199758854988461,0.5835830648730638,False,Kilgoris
76,27.0,False,26.765744122058855,18.24919140070219,0.1443850267379679,0.8455681778418831,0.8880177092673178,0.5778297768279475,True,Kilgoris
77,5.0,False,20.161677935943818,7.173727166409909,0.026737967914438502,0.8866193417997674,0.956059533035789,0.5634988496164424,True,Kilgoris
78,1.0,False,18.520298485120204,3.901737067882475,0.0053475935828877,0.8968222281812711,0.9761609183092718,0.5640339813803179,True,Kilgoris
79,0.0,False,22.933156232039607,14.977201302174771,0.0,0.8693917116197503,0.9081190945408003,0.5332532418481651,True,Kilgoris
80,0.0,False,30.907569518619983,26.052665536467092,0.0,0.8198224102121402,0.8400772707723289,0.4979699042953407,False,Kilgoris
81,0.0,False,122.98175412343643,117.19074359132907,0.0,0.24748525580146663,0.2801728808140551,0.1582974409846565,False,Kilgoris
82,0.0,False,112.23555606875469,106.11527935703671,0.0,0.3142840924324709,0.3482147045825268,0.1987496391044993,False,Kilgoris
83,0.0,False,101.56548746915846,95.03981512274439,0.0,0.38060970504441394,0.41625652835099836,0.23905987001862367,False,Kilgoris
84,1.0,False,90.99833209258838,83.96435088845213,0.0053475935828877,0.44629560456553985,0.4842983521194695,0.28131722443865786,False,Kilgoris
85,1.0,False,80.57459055073254,72.88888665415978,0.0053475935828877,0.5110900374240419,0.5523401758879413,0.32116810142675,False,Kilgoris
86,61.0,True,70.35803323859616,61.81342241986747,0.32620320855614976,0.5745966040583101,0.6203819996564127,0.4889748645368768,False,Kilgoris
87,83.0,True,60.45379260219004,50.737958185575174,0.44385026737967914,0.6361617965904925,0.6884238234248841,0.5749157929564847,False,Kilgoris
88,68.0,True,51.04399317034089,39.66249395128287,0.36363636363636365,0.6946535209920138,0.7564656471933555,0.5807902959101563,False,Kilgoris
89,38.0,False,42.4586556259028,28.58702971699059,0.20320855614973263,0.7480203542789825,0.8245074709618267,0.5530417700321358,True,Kilgoris
90,32.0,False,35.304470486670716,17.51156548269826,0.1711229946524064,0.7924910816852508,0.8925492947302984,0.5739613107856274,True,Kilgoris
91,1.0,False,30.602186770382907,6.4361012484059765,0.0053475935828877,0.821720682717971,0.9605911184987697,0.5368325777981773,True,Kilgoris
92,1.0,False,29.546607824158738,4.639362985886408,0.0053475935828877,0.8282822075680771,0.9716293328462912,0.5421124995574655,True,Kilgoris
93,0.0,False,32.49508013068793,15.714827220178702,0.0,0.8099543748859801,0.9035875090778198,0.51406256518914,True,Kilgoris
94,0.0,False,38.539310210290736,26.790291454471024,0.0,0.7723831766265462,0.8355456853093483,0.48237865858076834,False,Kilgoris
95,0.0,False,136.6566655031097,127.52858190761748,0.0,0.16248140918091303,0.21666264250856404,0.11374321550684313,False,Kilgoris
96,0.0,False,126.09889938145386,116.45311767332518,0.0,0.2281089446832566,0.2847044662770354,0.1538440232880876,False,Kilgoris
97,0.0,False,115.6427283662887,105.37765343903284,0.0,0.29310496056475865,0.35274629004550706,0.19375537518307973,False,Kilgoris
98,0.0,False,105.31841635148355,94.30218920474051,0.0,0.35728133513883664,0.4207881138139786,0.23342083468584457,False,Kilgoris
99,6.0,False,95.16888683582283,83.22672497044825,0.03208556149732621,0.42037125406163234,0.48882993758244986,0.28559458209215516,False,Kilgoris
100,6.0,False,85.25658461582219,72.15126073615589,0.03208556149732621,0.48198655774966526,0.5568717613509215,0.32449172032910656,False,Kilgoris
101,57.0,True,75.67478720908342,61.075796501863586,0.3048128342245989,0.5415474290780393,0.624913585119393,0.47186343794906926,False,Kilgoris
102,69.0,True,66.56637002214602,50.00033226757131,0.3689839572192513,0.59816574827719,0.6929554088878642,0.5349299300372168,False,Kilgoris
103,32.0,False,58.154190018522826,38.924868033279,0.1711229946524064,0.6504562267248506,0.7609972326563357,0.4918852356753184,False,Kilgoris
104,16.0,False,50.785411443599244,27.849403798986707,0.0855614973262032,0.696260876303398,0.8290390564248071,0.49181457874894274,False,Kilgoris
105,9.0,False,44.97584033990756,16.77393956469438,0.0481283422459893,0.7323734241158435,0.8970808801932786,0.5080876281911324,True,Kilgoris
106,8.0,False,41.38737021201096,5.698475330402096,0.0427807486631016,0.7546795112183582,0.9651227039617499,0.533052964019273,True,Kilgoris
107,3.0,False,40.61308424450481,5.376988903890235,0.016042780748663103,0.7594925066224945,0.9670977473833112,0.5243941885012069,True,Kilgoris
108,0.0,False,42.80596699803003,16.45245313818253,0.0,0.7458614516151041,0.8990559236148398,0.49347521256898313,False,Kilgoris
109,0.0,False,47.55732340472523,27.52791737247485,0.0,0.7163268125947266,0.8310140998463683,0.4642022737323285,False,Kilgoris
110,0.0,False,136.6872826569826,126.79095598961355,0.0,0.1622910916147139,0.22119422797154453,0.11504559587587752,False,Narok
111,0.0,False,126.78098106157351,115.71549175532122,0.0,0.22386909515810638,0.2892360517400161,0.15393154406943674,False,Narok
112,0.0,False,117.08903056102338,104.64002752102891,0.0,0.2841146829304231,0.35727787550848766,0.19241776753167322,False,Narok
113,0.0,False,107.66933173613307,93.56456328673659,0.0,0.3426679423916127,0.42531969927695923,0.2303962925005716,False,Narok
114,4.0,False,98.59994378949051,82.48909905244432,0.0213903743315508,0.3990436541278243,0.49336152304543035,0.2762777028845967,False,Narok
115,16.0,False,89.9868481172437,71.41363481815198,0.0855614973262032,0.45258303315006065,0.561403346813902,0.33842051291967007,False,Narok
116,24.0,True,81.97400046881384,60.33817058385966,0.12834224598930483,0.5023912442302021,0.6294451705823736,0.39088782283949464,False,Narok
117,45.0,False,73.8506749858253,49.262706349567374,0.24064171122994651,0.55288619035696,0.6974869943508448,0.47136863990432,False,Kilgoris
118,18.0,False,66.36829359451094,38.18724211527506,0.0962566844919786,0.5993970000057289,0.7655288181193164,0.447980419234305,False,Kilgoris
119,9.0,False,60.01665263435143,27.11177788098278,0.0481283422459893,0.6388790777301057,0.8335706418877876,0.4609862527837637,False,Kilgoris
120,4.0,False,55.187560121984,16.036313646690445,0.0213903743315508,0.6688969277797893,0.9016124656562593,0.47970896776343486,False,Kilgoris
121,5.0,False,52.304445231765854,4.960849412398162,0.026737967914438502,0.6868184959064993,0.9696542894247305,0.5076370227651443,True,Kilgoris
122,1.0,False,51.693937650250504,6.114614821894169,0.0053475935828877,0.6906134377075084,0.9625661619203306,0.49809291732150673,False,Kilgoris
123,0.0,False,53.43399094745944,17.190079056186466,0.0,0.6797971903856137,0.8945243381518592,0.47229645856124186,False,Kilgoris
124,0.0,False,132.24399350475838,126.0533300716097,0.0,0.189910771121219,0.2257258134345247,0.1246909753667231,False,Narok
125,0.0,False,121.97736567442251,114.9778658373174,0.0,0.2537285782842975,0.29376763720299615,0.1642488646461881,False,Narok
126,0.0,False,111.87002125528088,103.90240160302508,0.0,0.3165562728039786,0.3618094609714676,0.20350972013263385,False,Narok
127,0.0,False,101.96933644210009,92.82693736873276,0.0,0.37809936218363127,0.42985128473993917,0.2423851940770711,False,Narok
128,3.0,False,92.34180793783179,81.75147313444047,0.016042780748663103,0.437944500012333,0.4978931085084104,0.28716839485568824,False,Narok
129,2.0,False,83.0824494825027,70.67600890014813,0.0106951871657754,0.4955010767307354,0.5659349322768821,0.3227088775685954,False,Narok
130,5.0,False,74.32898042350519,59.600544665855814,0.026737967914438502,0.549913022858211,0.6339767560453536,0.3658621208368448,False,Narok
131,7.0,False,66.2821337132641,48.52508043156353,0.0374331550802139,0.5999325735920586,0.702018579813825,0.4055586080538507,False,Narok
132,4.0,False,59.23061006243496,37.449616197271226,0.0213903743315508,0.6437651527009264,0.7700604035822963,0.4327038166175871,False,Narok
133,8.0,False,53.56891904036724,26.374151962978953,0.0427807486631016,0.6789584714648179,0.8381022273507676,0.47223050910991626,False,Narok
134,3.0,False,49.77361756933702,15.298687728686618,0.016042780748663103,0.7025502312331303,0.9061440511192392,0.4890253970051761,False,Narok
135,2.0,False,48.286819368475804,4.223223494394334,0.0106951871657754,0.7117922338109006,0.9741858748877105,0.5100715074758935,True,Narok
136,0.0,False,49.31775383681749,6.8522407398980505,0.0,0.7053839001120792,0.9580345764573504,0.4990255429708289,False,Narok
137,0.0,False,118.02524439630884,114.24023991931352,0.0,0.2782951368252149,0.2982992226659763,0.17297830784735735,False,Narok
138,0.0,False,107.54711634252976,103.1647756850212,0.0,0.34342763861808834,0.36634104643444787,0.21293060551576085,False,Narok
139,0.0,False,97.20713015195355,92.08931145072886,0.0,0.4077014445535957,0.43438287020291955,0.2526252944269546,False,Narok
140,0.0,False,87.05452355371348,81.0138472164366,0.0,0.47081049075614856,0.5024246939713907,0.2919705554182618,False,Narok
141,0.0,False,77.1632943176304,69.93838298214425,0.0,0.5322948038554287,0.5704665177398625,0.3308283964785873,False,Narok
142,1.0,False,67.64819220595963,58.86291874785194,0.0053475935828877,0.591441094315608,0.6385083415083339,0.3711238681803376,False,Narok
143,2.0,False,58.69243415909464,47.787454513559666,0.0106951871657754,0.6471104776300822,0.7065501652768051,0.4103762677383764,False,Narok
144,1.0,False,50.59392993536734,36.71199027926736,0.0053475935828877,0.6974511337247813,0.7745919890452766,0.44375197426417246,False,Narok
145,2.0,False,43.83046503392428,25.636526044975067,0.0106951871657754,0.7394931270615966,0.8426338128137479,0.47891615682891353,False,Narok
146,1.0,False,39.1010688329009,14.561061810682737,0.0053475935828877,0.7688912604840323,0.9106756365822195,0.5060091065530306,True,Narok
147,0.0,False,37.1900188580276,3.485597576390454,0.0,0.7807704306254789,0.9787174603506907,0.5278463672928508,True,Narok
148,0.0,False,115.01242929677242,113.50261400130964,0.0,0.2970229271199114,0.3028308081289567,0.17995612057466043,False,Narok
149,0.0,False,104.23187042133648,102.42714976701731,0.0,0.3640353521140175,0.37087263189742825,0.2204723952034337,False,Narok
150,0.0,False,93.52607513584373,91.35168553272497,0.0,0.43058304336646447,0.4389144556658998,0.26084924970970924,False,Narok
151,0.0,False,82.92400526446309,80.27622129843273,0.0,0.4964859729128176,0.5069562794343709,0.30103267570415654,False,Narok
152,1.0,False,72.47119819546175,69.20075706414036,0.0053475935828877,0.5614610783579876,0.5749981032028427,0.34307679190140417,False,Narok
153,0.0,False,62.24289908633033,58.125292829848064,0.0,0.6250406325153999,0.6430399269713141,0.3804241678460142,False,Narok
154,0.0,False,52.37081635277711,47.04982859555578,0.0,0.686405930118405,0.7110817507397854,0.4192463042574571,False,Narok
155,1.0,False,43.100421392853065,35.97436436126347,0.0053475935828877,0.7440311102315769,0.7791235745082569,0.45908544285510516,False,Narok
156,2.0,False,34.91432718851539,24.89890012697119,0.0106951871657754,0.7949162294727332,0.8471653982767282,0.49690256319114856,False,Narok
157,2.0,False,28.75402861881966,13.823435892678857,0.0106951871657754,0.8332089145378515,0.9152072220451998,0.5288029158412255,True,Narok
158,0.0,False,102.0225631390768,101.68952384901338,0.0,0.37776850270964213,0.37540421736040874,0.22595181602101524,False,Narok
159,0.0,False,91.05738469916712,90.61405961472106,0.0,0.44592853098291874,0.4434460411288803,0.2668123716335397,False,Narok
160,0.0,False,80.12934061277012,79.5385953804288,0.0,0.5138577304922856,0.5114878648973515,0.3076036786168911,False,Narok
161,0.0,False,69.2560116222594,68.46313114613642,0.0,0.5814468185750101,0.5795296886658234,0.3482929521722501,False,Narok
162,0.0,False,58.46793193373383,57.38766691184412,0.0,0.6485059932718809,0.6475715124342948,0.38882325171185267,False,Narok
163,0.0,False,47.82282910277198,46.31220267755185,0.0,0.7146764175751876,0.7156133362027659,0.42908692613338606,False,Narok
164,1.0,False,37.44284847842289,35.23673844325954,0.0053475935828877,0.779198830658465,0.7836551599712375,0.4709952346220658,False,Narok
165,0.0,False,27.628442246412202,24.161274208967253,0.0,0.8402056086078787,0.8516969837397088,0.5075707777042762,True,Narok
166,0.0,False,78.8127642261963,78.8127642261963,0.0,0.5220416268351105,0.5159469895387404,0.31139658491215527,False,Narok
167,0.0,False,67.72839673105517,67.72839673105517,0.0,0.5909425394833163,0.5840435102565067,0.3524958149219469,False,Narok
168,0.0,False,56.6501513020434,56.65004099384024,0.0,0.6598053971009767,0.652103097897275,0.39357254849947554,False,Narok
169,0.0,False,45.58249182887672,45.574576759547966,0.0,0.7286024519545822,0.7201449216657463,0.4346242120860985,False,Narok
170,0.0,False,34.53559728909887,34.49911252525566,0.0,0.7972704310749807,0.7881867454342177,0.47563715295275955,False,Narok
171,0.0,False,14.904012973981883,93.41424055031995,0.0,0.9193012169213266,0.4262432030618377,0.40366332599494925,False,Nyahururu
172,0.0,False,16.52200597729597,93.95128661374586,0.0,0.9092437017193432,0.4229438746698019,0.3996562729167435,False,Nyahururu
173,0.0,False,36.72137421597623,89.17626051351489,0.0,0.7836835461965014,0.45227912216180266,0.3707888005074912,False,Nyahururu
174,0.0,False,25.691368260467424,85.52057856422314,0.0,0.8522465451391873,0.47473770824771444,0.39809527601607053,False,Nyahururu
175,0.0,False,14.766634074159883,83.19587295500091,0.0,0.9201551701649818,0.48901947612941843,0.4227523938883201,False,Nyahururu
176,0.0,False,4.741366961681504,82.3149876725365,0.0,0.9824726685603207,0.4944311717370936,0.44307115208922426,False,Nyahururu
177,1.0,False,8.563155928190746,82.92394777333638,0.0053475935828877,0.9587162613628185,0.4906900413443499,0.4369609282453056,False,Nyahururu
178,0.0,False,19.25083681910191,84.99073498388046,0.0,0.8922811699785452,0.47799278837400916,0.4110821875057663,False,Nyahururu
179,0.0,False,30.237093064990056,88.41317182346407,0.0,0.8239901211423746,0.4569671374964004,0.38428717759163245,False,Nyahururu
180,0.0,False,48.27072822592655,84.45956652935024,0.0,0.7118922570560414,0.48125600783009415,0.3579444794658407,False,Nyahururu
181,0.0,False,37.3527814526101,79.04658308308419,0.0,0.7797586912261275,0.5145105295297006,0.3882807662267484,False,Nyahururu
182,0.0,False,26.5860369561099,74.89810555612284,0.0,0.8466852454371909,0.5399965923100752,0.41600455132417985,False,Nyahururu
183,0.0,False,16.27342741455617,72.23233441251436,0.0,0.9107888769262333,0.5563736873485727,0.4401487692824418,False,Nyahururu
184,0.0,False,8.321749731998283,71.21596768609194,0.0,0.9602168528258752,0.5626177096505229,0.4568503687429194,False,Nyahururu
185,1.0,False,10.958950560486935,71.91896809779514,0.0053475935828877,0.9438238972513578,0.5582988450765064,0.45277586013151433,False,Nyahururu
186,1.0,False,20.429529514219812,74.29254263408176,0.0053475935828877,0.8849543646862272,0.5437168522242976,0.4307404025063125,False,Nyahururu
187,0.0,False,31.00085087473501,78.18469038003563,0.0,0.8192425692268782,0.5198055447243308,0.4017144341853627,False,Nyahururu
188,1.0,False,41.84686169526619,83.38303021962692,0.0053475935828877,0.7518232920823325,0.4878696803874717,0.3740469291740963,False,Nyahururu
189,1.0,False,72.3338095487002,90.47191497195044,0.0053475935828877,0.562315092189045,0.4443193030101371,0.3041293559929097,False,Nyahururu
190,0.0,False,61.68068646353431,82.50618957070446,0.0,0.6285353707429052,0.4932565278951623,0.3365375695914202,False,Nyahururu
191,0.0,False,51.217713355810965,75.3378738501573,0.0,0.693573668728946,0.537294887340544,0.36926056682084696,False,Nyahururu
192,0.0,False,41.090403261384616,69.21516564342964,0.0,0.7565254707585375,0.5749095844742353,0.39943051656983186,False,Nyahururu
193,0.0,False,31.62290813584981,64.43681458477438,0.0,0.8153758341128503,0.6042652587610284,0.4258923278621636,False,Nyahururu
194,0.0,False,23.622349539230495,61.31791738650114,0.0,0.8651076559100038,0.6234261218208194,0.44656013331924693,False,Nyahururu
195,0.0,False,19.037922064625864,60.11730958220738,0.0,0.893604657395044,0.6308020243479451,0.45732200452289673,False,Nyahururu
196,0.0,False,20.329524227683038,60.948460441492266,0.0,0.8855760019167729,0.625695870863437,0.453381561834063,False,Nyahururu
197,2.0,False,26.65626819547577,63.73192880317784,0.0106951871657754,0.8462486849847479,0.6085957060554896,0.4407313921783814,False,Nyahururu
198,0.0,False,35.415303371484946,68.22919219629168,0.0,0.7918021396307329,0.5809668864627908,0.4118307078280571,False,Nyahururu
199,0.0,False,45.21449758295996,74.12898614269378,0.0,0.7308899202656127,0.5447216572354278,0.38268347325031216,False,Nyahururu
200,0.0,False,55.50565620245084,81.12589294010182,0.0,0.666919628645347,0.5017363440094962,0.350596791796453,False,Nyahururu
201,0.0,False,99.47396455840057,98.61802644524313,0.0,0.39361070284054633,0.39427388102701777,0.23636537516026923,False,Loitokitok
202,0.0,False,101.13246011585946,98.2044564165146,0.0,0.3833014219923604,0.39681463764140323,0.2340348178901291,False,Kimana
203,0.0,False,103.95053606341389,97.79088638778609,0.0,0.36578413877493077,0.3993553942557887,0.22954185990921583,False,Kimana
204,0.0,False,100.5743619778457,97.37731635905759,0.0,0.3867705844026891,0.40189615087017405,0.23660002058185892,False,Emali
205,2.0,False,75.97230391244084,83.51026437886955,0.0106951871657754,0.5396980522508639,0.48708802067033663,0.3123138967426703,False,Nyahururu
206,2.0,False,65.9099236879354,74.8068725145884,0.0106951871657754,0.6022462473721097,0.5405570801056774,0.3471190731096463,False,Nyahururu
207,3.0,False,56.23935560916982,66.81760317610228,0.016042780748663103,0.6623589210763725,0.589638946551058,0.38201647258769433,False,Nyahururu
208,0.0,False,47.20203595312231,59.82922373710245,0.0,0.7185352949171169,0.6325718721744704,0.4053321501274762,False,Nyahururu
209,3.0,False,39.23798257944768,54.230064832797794,0.016042780748663103,0.7680401986534593,0.6669701579130283,0.4369202192694115,False,Nyahururu
210,0.0,False,33.130444544108165,50.484491188429736,0.0,0.8060049219318051,0.6899809912677899,0.44879577395987846,False,Nyahururu
211,0.0,False,30.03420440889706,49.019259167594775,0.0,0.8252512858932639,0.6989826057222782,0.45727016748466265,False,Nyahururu
212,7.0,False,30.869086693010455,50.035104557950184,0.0374331550802139,0.8200616211375213,0.6927417862347696,0.4688142842437728,False,Nyahururu
213,7.0,False,35.35770908933123,53.39059474205348,0.0374331550802139,0.7921601482050109,0.6721274203776095,0.4542595326068717,False,Nyahururu
214,1.0,False,42.35392155197623,58.68576936272854,0.0053475935828877,0.7486713858585534,0.6395966541052848,0.4186194494223065,False,Nyahururu
215,2.0,False,50.832683871856844,65.45153508116174,0.0106951871657754,0.6959670288239208,0.5980313500300816,0.39247758852251086,False,Nyahururu
216,3.0,False,60.170497990305115,73.28169869255026,0.016042780748663103,0.6379227682756832,0.5499269454422553,0.36277202641484674,False,Nyahururu
217,0.0,False,86.75452255714133,86.75452255714133,0.0,0.4726753100584907,0.46715700572092167,0.2819496947338237,False,Loitokitok
218,0.0,False,88.43560905109163,87.52573363305486,0.0,0.4622256029620305,0.4624190907220065,0.27739340810521107,False,Kimana
219,0.0,False,90.29051116824364,87.11216360432634,0.0,0.4506954503573929,0.46495984733639195,0.27469658930813545,False,Kimana
220,0.0,False,93.43615930574167,86.69859357559784,0.0,0.4311419640949832,0.4675006039507773,0.26959277041372814,False,Kimana
221,0.0,False,89.99413872685018,86.28502354686933,0.0,0.45253771440220536,0.47004136056516266,0.27677372249021037,False,Emali
222,0.0,False,87.08340211528694,85.8714535181408,0.0,0.4706309803556452,0.47258211717954823,0.282963929260558,False,Emali
223,0.0,False,85.52492527186429,85.45788348941231,0.0,0.4803185405073622,0.4751228737939335,0.2866324242903887,False,Emali
224,0.0,False,87.3698872368513,87.3698872368513,0.0,0.4688501763228875,0.46337652896577797,0.2796680115865996,False,Nanyuki
225,3.0,False,77.51890810999149,77.51890810999149,0.016042780748663103,0.5300842929846272,0.5238957606221217,0.3226111283814899,False,Nanyuki
226,6.0,False,68.0535453400519,68.0535453400519,0.03208556149732621,0.5889214015233931,0.5820459683129899,0.3641244355498454,False,Nanyuki
227,3.0,False,59.15918315980783,59.15918315980783,0.016042780748663103,0.6442091454484423,0.6366882488710648,0.3906863305953173,False,Nanyuki
228,2.0,False,51.1346543052844,51.1346543052844,0.0106951871657754,0.6940899674160368,0.685986731227582,0.4183010844593958,False,Nanyuki
229,1.0,False,44.453535176700285,44.453535176700285,0.0053475935828877,0.7356200958309077,0.7270320112002036,0.44093466954248844,False,Nanyuki
230,0.0,False,39.798250068204204,39.798250068204204,0.0,0.7645575514641304,0.7556316330529411,0.45605675535512147,False,Nanyuki
231,1.0,True,37.92234997038687,37.92234997038687,0.0053475935828877,0.7762182284340279,0.7671561760574449,0.4651513587805969,False,Nanyuki
232,6.0,False,39.226630572376266,39.226630572376266,0.03208556149732621,0.7681107632254074,0.7591433624193114,0.4710104622923461,False,Nanyuki
233,3.0,False,43.42548174570785,43.42548174570785,0.016042780748663103,0.742010520875688,0.7333478304648784,0.44902461770163515,False,Nanyuki
234,7.0,False,49.79193090885295,49.79193090885295,0.0374331550802139,0.7024363947145525,0.6942357171641639,0.43397489559570046,False,Nanyuki
235,4.0,False,57.61180697059556,57.61180697059556,0.0213903743315508,0.6538277034485775,0.6461945138675169,0.3985628149274486,False,Nanyuki
236,3.0,False,65.51587746752757,66.37336981954691,0.016042780748663103,0.6046956558948402,0.592368082514969,0.36553623382240796,False,Maralal
237,0.0,False,75.16957325453569,75.16957325453569,0.0,0.5446878610933263,0.5383288376314905,0.32490500961744506,False,Loitokitok
238,0.0,False,75.72862696533073,75.72862696533073,0.0,0.5412127588008384,0.5348943058355908,0.32283211939092876,False,Loitokitok
239,0.0,False,77.40722748021787,76.4334408208658,0.0,0.5307785046588523,0.5305643004170001,0.3184028415227557,False,Kimana
240,0.0,False,79.51979832066604,76.01987079213728,0.0,0.5176466720121387,0.5331050570313856,0.31522551871305726,False,Kimana
241,0.0,False,83.07429075077684,75.60630076340878,0.0,0.49555179176361486,0.5356458136457708,0.3093592816228157,False,Kimana
242,1.0,False,79.55568944534535,75.19273073468025,0.0053475935828877,0.5174235712129762,0.5381865702601563,0.3188220798750948,False,Emali
243,0.0,False,76.24750252899725,74.77916070595175,0.0,0.5379874056263657,0.5407273268745416,0.32361441975027216,False,Emali
244,0.0,False,74.46257825709937,74.36559067722322,0.0,0.5490825728874302,0.5432680834889272,0.3277051969129072,False,Emali
245,0.0,False,74.31076287779483,74.31076287779483,0.0,0.550026263918308,0.5436049166353671,0.3280893541661025,False,Emali
246,1.0,False,83.15728503093914,83.15728503093914,0.0053475935828877,0.4950358956919382,0.48925654002787533,0.29742676814909913,False,Nanyuki
247,0.0,False,72.73800913210403,72.73800913210403,0.0,0.5598025699183105,0.5532670879838293,0.3339208973706419,False,Nanyuki
248,0.0,False,62.553352358504675,62.553352358504675,0.0,0.6231108414112335,0.6158362595031571,0.3716841302743172,False,Nanyuki
249,5.0,False,52.73941419917777,52.73941419917777,0.026737967914438502,0.6841147098003939,0.676127930947868,0.418767979390254,False,Nanyuki
250,8.0,False,43.54755709402795,43.54755709402795,0.0427807486631016,0.7412516951768116,0.7325978637672159,0.4592671671484489,False,Nanyuki
251,4.0,False,35.46482267885761,35.46482267885761,0.0213903743315508,0.7914943254525059,0.7822539304575455,0.4806806265056357,False,Nanyuki
252,2.0,False,29.420019823718672,29.420019823718672,0.0106951871657754,0.829069084109698,0.8193900181089357,0.49881580553190025,False,Nanyuki
253,29.0,True,26.827998158885887,26.827998158885887,0.15508021390374332,0.8451812040289616,0.835314035160658,0.5661806573183832,False,Nanyuki
254,26.0,True,28.642021646496392,28.642021646496392,0.13903743315508021,0.8339051547716239,0.824169629486565,0.5530374085394887,False,Nanyuki
255,33.0,False,34.16737219605203,34.16737219605203,0.17647058823529413,0.7995593343418581,0.7902247834377787,0.5475234706280087,True,Nanyuki
256,30.0,False,41.96276017576452,41.96276017576452,0.16042780748663102,0.7511028620637161,0.7423340220302186,0.5122021882228328,True,Nanyuki
257,23.0,False,50.99761916358358,50.970488280984114,0.12299465240641712,0.6949417838441914,0.6869952808881574,0.4637789803822715,False,Nanyuki
258,30.0,False,60.72117488273003,60.217692231466216,0.16042780748663102,0.634499736652184,0.6301853261774852,0.44357664184355317,False,Nanyuki
259,17.0,False,56.30206760912046,69.46489618194829,0.09090909090909091,0.6619691005446653,0.5733753714668132,0.4069669779670799,False,Maralal
260,0.0,False,65.32551034948276,65.32551034948276,0.0,0.6058789862181309,0.5988055796607294,0.3614053697636581,False,Loitokitok
261,0.0,False,64.07310279052817,64.07310279052817,0.0,0.6136640063248089,0.6064997126207583,0.36604911568367016,False,Loitokitok
262,0.0,False,64.72806732778909,64.72806732778909,0.0,0.6095927181444711,0.6024759551803323,0.363620601997441,False,Loitokitok
263,0.0,False,66.40271669224666,65.34114800867594,0.0,0.5991830245261891,0.5987095101119986,0.3593677603914563,False,Kimana
264,0.0,False,68.85375983122475,64.92757797994743,0.0,0.5839472332832749,0.6012502667263839,0.3555592500028976,False,Kimana
265,0.0,False,72.92996436089342,64.51400795121893,0.0,0.5586093678292439,0.6037910233407693,0.34872011735100394,False,Kimana
266,0.0,False,69.32308735955733,64.10043792249041,0.0,0.5810298728612917,0.6063317799551546,0.35620849584493386,False,Emali
267,1.0,False,65.50010961705351,63.6868678937619,0.0053475935828877,0.6047936695423162,0.6088725365695401,0.36623889926671194,False,Emali
268,0.0,False,63.413391950212144,63.27329786503339,0.0,0.6177647977323126,0.6114132931839255,0.3687534272748714,False,Emali
269,0.0,False,63.23505513096699,63.23505513096699,0.0,0.6188733471926364,0.6116482364167078,0.36915647508280325,False,Emali
270,0.0,False,64.98081344675238,64.98081344675238,0.0,0.6080216372260068,0.600923216033614,0.3626834559778862,False,Emali
271,0.0,False,80.26948929483432,80.26948929483432,0.0,0.5129865601611954,0.5069976373217481,0.305995259244883,False,Nanyuki
272,0.0,False,69.41811601043862,69.41811601043862,0.0,0.5804391706154199,0.573662764222402,0.3462305804513466,False,Nanyuki
273,0.0,False,58.659856368933504,58.659856368933504,0.0,0.6473129825971133,0.6397558499023924,0.3861206497498517,False,Nanyuki
274,4.0,False,48.057285275066256,48.057285275066256,0.0213903743315508,0.7132190277643427,0.7048924670771308,0.43398959818506233,False,Nanyuki
275,11.0,False,37.74184132755436,37.74184132755436,0.058823529411764705,0.7773402780446621,0.7682651261659439,0.48721103302788765,False,Nanyuki
276,5.0,True,28.032311812968246,28.032311812968246,0.026737967914438502,0.8376951377362891,0.8279153658426427,0.5103783382394549,False,Nanyuki
277,5.0,False,19.839214308149042,19.839214308149042,0.026737967914438502,0.8886237897992271,0.8782494452769601,0.5407571576886315,True,Nanyuki
278,31.0,True,15.741611834556544,15.741611834556544,0.1657754010695187,0.9140946658076081,0.9034229585025436,0.611565447720853,False,Nanyuki
279,27.0,False,18.66607248285064,18.66607248285064,0.1443850267379679,0.8959160906422183,0.8854566112831693,0.5921658212728034,True,Nanyuki
280,48.0,False,26.371692792087032,26.371692792087032,0.25668449197860965,0.8480176181258866,0.8381173352025836,0.6085142827899849,True,Nanyuki
281,65.0,False,35.90167265609494,35.58331534864273,0.34759358288770054,0.7887788469071406,0.7815259738514095,0.6101288793826453,True,Nanyuki
282,33.0,False,46.13907257726983,44.83051929912482,0.17647058823529413,0.7251427217044333,0.7247160191407374,0.5055458575476688,True,Nanyuki
283,5.0,False,56.70200999149633,54.07772324960692,0.026737967914438502,0.6594830412215262,0.6679060644300652,0.40891191886125283,False,Nanyuki
284,3.0,False,59.70965568637422,63.324927200088986,0.016042780748663103,0.6407873841720488,0.6110961097193932,0.3819821604668978,False,Wamba
285,0.0,False,54.48614558176387,54.48614558176387,0.0,0.6732569512080159,0.665396932554429,0.4015961651287334,False,Loitokitok
286,0.0,False,52.97811113226271,52.97811113226271,0.0,0.6826309592351867,0.6746615026057717,0.4071877385522875,False,Loitokitok
287,0.0,False,53.76839646044493,53.75356258476538,0.0,0.6777185111060435,0.6698975369646003,0.40428481442119313,False,Loitokitok
288,2.0,False,55.436294086523894,54.24885519648768,0.0106951871657754,0.6673507865885199,0.6668547198069872,0.40453972678496225,False,Kimana
289,4.0,False,58.349825713816585,53.835285167759174,0.0213903743315508,0.6492401466951858,0.6693954764213725,0.40414683666758777,False,Kimana
290,10.0,False,63.108173952491896,53.42171513903067,0.053475935828877004,0.6196620461417326,0.6719362330357579,0.4088698580847979,False,Kimana
291,7.0,False,59.4028043024705,53.00814511030215,0.0374331550802139,0.6426947857813512,0.6744769896501432,0.41012479466153384,False,Emali
292,2.0,False,54.89323344259122,52.594575081573645,0.0106951871657754,0.6707264752786221,0.6770177462645287,0.4086013413292554,False,Emali
293,0.0,False,52.38569457941759,52.18100505284513,0.0,0.686313446411548,0.6795585028789142,0.40976158478713864,False,Emali
294,0.0,False,52.16967428835669,52.16967428835669,0.0,0.6876562379791455,0.6796281131330917,0.41018530533367115,False,Emali
295,0.0,False,54.27254217501172,54.27254217501172,0.0,0.6745847193171516,0.6667091994762592,0.4023881756380232,False,Emali
296,0.0,False,78.85218937727876,78.85218937727876,0.0,0.5217965583734174,0.5157047821580607,0.31125040215944344,False,Nanyuki
297,1.0,False,67.77427010581103,67.77427010581103,0.0053475935828877,0.5906573885815336,0.5837616883829695,0.354464760522506,False,Nanyuki
298,0.0,False,56.704987498108345,56.704987498108345,0.0,0.6594645329103328,0.6517655354907685,0.3933690205203304,False,Nanyuki
299,3.0,False,45.65062459535264,45.65062459535264,0.016042780748663103,0.7281789357013095,0.7196777237829006,0.4407741101447283,False,Nanyuki
300,4.0,False,34.625473927890326,34.625473927890326,0.0213903743315508,0.7967117539613611,0.7874104474743919,0.4837928101633462,False,Nanyuki
301,2.0,False,23.67039001614045,23.67039001614045,0.0106951871657754,0.864809034206546,0.8547127178915679,0.5201346004957443,True,Nanyuki
302,1.0,False,12.96423087966996,12.96423087966996,0.0053475935828877,0.9313589871725679,0.920485725486629,0.557692451230914,True,Nanyuki
303,7.0,False,4.719661119887016,4.719661119887016,0.0374331550802139,0.9826075930212873,0.9711360233680582,0.6010963469488891,True,Nanyuki
304,3.0,False,11.08598754607619,10.948938465820127,0.016042780748663103,0.9430342297984325,0.9328666215253285,0.5691873676965935,True,Nanyuki
305,8.0,False,21.678169633456843,20.196142416301775,0.0427807486631016,0.8771927631494405,0.8760566668146591,0.5430871284544705,True,Nanyuki
306,10.0,False,32.609921150504334,29.443346366783878,0.053475935828877004,0.8092405180891651,0.8192467121039868,0.5099365433894963,True,Nanyuki
307,15.0,False,43.62672204311583,38.69055031726596,0.08021390374331551,0.7407596023944047,0.7624367573933147,0.483044469433642,False,Nanyuki
308,1.0,False,54.67718715344147,47.93775426774806,0.0053475935828877,0.6720694284514757,0.7056268026826424,0.4154479067733905,False,Nanyuki
309,0.0,False,52.34437467505064,57.18495821823013,0.0,0.6865702927424431,0.6488168479719705,0.40061614221432407,False,Wamba
310,0.0,False,44.01342702979697,66.43216216871224,0.0,0.7383558273012727,0.5920068932612982,0.39910881616877125,False,Wamba
311,0.0,False,37.15978952702023,73.45729074812161,0.0,0.7809583374678013,0.5488482002585242,0.3989419613178976,False,Wamba
312,0.0,False,32.72519146586649,77.20925958754144,0.0,0.808523992772481,0.5257980781908498,0.40029662128899923,False,Wamba
313,0.0,False,48.2178143377388,48.2178143377388,0.0,0.7122211720969311,0.7039062609948372,0.4248382299275305,False,Loitokitok
314,0.0,False,43.77759493501056,43.77759493501056,0.0,0.7398217699064458,0.7311846323301303,0.44130192067097285,False,Loitokitok
315,0.0,False,41.885773444918904,41.885773444918904,0.0,0.7515814149463582,0.7428069879901005,0.4483165208809376,False,Loitokitok
316,0.0,False,42.880977319369514,42.78035652869002,0.0,0.7453951841803055,0.7373111402996944,0.44481189734399995,False,Loitokitok
317,3.0,False,44.53610467906076,43.15656238429863,0.016042780748663103,0.7351068401966065,0.7349999295019807,0.4474491432090414,False,Kimana
318,4.0,False,48.11428144292987,42.74299235557012,0.0213903743315508,0.7128647370946247,0.737540686116366,0.4436777766959175,False,Kimana
319,10.0,True,53.78590463638844,42.32942232684161,0.053475935828877004,0.6776096795194111,0.7400814427307514,0.4466977110065995,False,Kimana
320,7.0,False,49.981155218085,41.9158522981131,0.0374331550802139,0.7012601681407737,0.7426221993451368,0.44813797227785873,False,Emali
321,1.0,False,44.527404996468334,41.50228226938458,0.0053475935828877,0.7351609178037078,0.7451629559595223,0.4462361995621241,False,Emali
322,1.0,False,41.39666308417527,41.08871224065607,0.0053475935828877,0.7546217463189604,0.7477037125739077,0.4528366751010155,False,Emali
323,0.0,False,41.12295749687664,41.12295749687664,0.0,0.7563231122083588,0.7474933277413287,0.45114493198490624,False,Emali
324,0.0,False,43.75993089659905,43.75993089659905,0.0,0.7399315703409892,0.7312931508863922,0.4413674163682144,False,Emali
325,0.0,False,67.92826029210627,67.92826029210627,0.0,0.58970017885538,0.5828156537160403,0.35175474977142607,False,Nanyuki
326,0.0,False,56.88894853218273,56.88894853218273,0.0,0.6583210230848972,0.6506353757073078,0.39268691963766145,False,Nanyuki
327,1.0,False,45.87893180842953,45.87893180842953,0.0053475935828877,0.7267597680896203,0.7182751244129211,0.4356495051839175,False,Nanyuki
328,2.0,False,34.92592593858776,34.92592593858776,0.0106951871657754,0.7948441311355106,0.7855646284341877,0.47840070273721963,False,Nanyuki
329,1.0,False,24.107762680367216,24.107762680367216,0.0053475935828877,0.8620903066160172,0.8520257304108697,0.5163738485412211,True,Nanyuki
330,0.0,False,13.746568307693849,13.746568307693849,0.0,0.9264959435380687,0.9156794560356147,0.552652619872105,True,Nanyuki
331,3.0,False,6.570544804145081,4.4382344665208215,0.016042780748663103,0.9711024191710919,0.9728649606249548,0.5896073262382793,True,Nanyuki
332,2.0,False,11.991496062145922,4.808969483961269,0.0106951871657754,0.9374055492990467,0.9705873597779058,0.5766759475893959,True,Nanyuki
333,3.0,False,22.154906828818813,14.056173434443355,0.016042780748663103,0.8742293439134594,0.9137774050672337,0.5428191369936732,True,Nanyuki
334,15.0,False,32.928768810552604,23.303377384925447,0.08021390374331551,0.8072585471032067,0.8569674503565615,0.5313533607352566,True,Nanyuki
335,2.0,False,43.865564331990534,32.55058133540754,0.0106951871657754,0.7392749482912575,0.8001574956458893,0.4661078080474542,False,Nanyuki
336,3.0,False,52.79994995598124,41.797785285889645,0.016042780748663103,0.683738416891174,0.743347540935217,0.4345428996473825,False,Isiolo
337,0.0,False,46.48703193428081,51.04498923637173,0.0,0.7229797911382058,0.686537586224545,0.42285521320882524,False,Wamba
338,0.0,False,36.855017797364084,59.51597520126528,0.0,0.7828528118554364,0.6344963063309341,0.42520473545591114,False,Wamba
339,0.0,False,28.31890774075164,62.881201206783466,0.0,0.8359136449272325,0.6138221287104981,0.4349207320913192,False,Wamba
340,0.0,False,22.182171544156386,67.16610487435727,0.0,0.8740598652516705,0.5874979355167522,0.4384673402305268,False,Wamba
341,0.0,False,20.70161668081885,72.90367496072015,0.0,0.8832630589706096,0.5522493243148127,0.43065371498562666,False,Wamba
342,0.0,False,38.975830683198424,38.975830683198424,0.0,0.7696697462944907,0.7606841449544356,0.4591061673746779,False,Loitokitok
343,0.0,False,33.32619954676147,33.32619954676147,0.0,0.8047881002823806,0.7953925055260929,0.480054181742542,False,Loitokitok
344,0.0,False,30.798957368972342,30.798957368972342,0.0,0.8204975480798341,0.8109185514997643,0.4894248298738795,False,Loitokitok
345,1.0,False,32.139321302743554,31.807150472614655,0.0053475935828877,0.8121657873043042,0.8047247436347885,0.48720619671488286,False,Loitokitok
346,87.0,False,33.76635215596971,32.06426957210957,0.46524064171123,0.8020520924323855,0.8031451391969742,0.6676554261732999,True,Kimana
347,141.0,True,38.36255982994575,31.650699543381062,0.7540106951871658,0.7734818647133518,0.8056858958113596,0.7753546062322798,False,Kimana
348,83.0,True,45.27278934957921,31.237129514652548,0.44385026737967914,0.7305275760974224,0.8082266524257451,0.6391663755088218,False,Kimana
349,3.0,False,41.39998302983964,30.823559485924033,0.016042780748663103,0.7546011093916556,0.8107674090401304,0.476027667829001,False,Emali
350,3.0,False,34.61982833083113,30.409989457195525,0.016042780748663103,0.7967468472393486,0.8133081656545158,0.48943361616762454,False,Emali
351,2.0,False,30.48813592926639,29.996419428467018,0.0106951871657754,0.8224296277294629,0.8158489222689012,0.49576163986581934,False,Emali
352,1.0,False,30.115450373962986,30.115450373962986,0.0053475935828877,0.8247462574246137,0.8151176587800666,0.49409821229455914,False,Emali
353,0.0,False,33.626987227698955,33.626987227698955,0.0,0.8029183909156518,0.7935446243045811,0.4789389045660698,False,Emali
354,0.0,False,40.01285029583658,40.01285029583658,0.0,0.7632235870728501,0.754313242188202,0.4552610487783156,False,Emali
355,0.0,False,69.86820023622249,69.86820023622249,0.0,0.5776414274028583,0.5708976835969838,0.3445617332999526,False,Nanyuki
356,0.0,False,59.19180114706829,59.19180114706829,0.0,0.6440063906144855,0.6364878611226229,0.3841482755211325,False,Nanyuki
357,0.0,False,48.7051664797408,48.7051664797408,0.0,0.709191769888847,0.7009122259044964,0.423031198738003,False,Nanyuki
358,0.0,False,38.56341738752453,38.56341738752453,0.0,0.7722333253595697,0.7632177952096667,0.4606353361707709,False,Nanyuki
359,1.0,False,29.129041854987573,29.072611349343862,0.0053475935828877,0.8308778158767458,0.8215243129510331,0.49785967608148873,False,Nanyuki
360,1.0,False,21.36082859288948,19.825407398861767,0.0053475935828877,0.8791653689228784,0.8783342676617053,0.5293889284085302,True,Nanyuki
361,1.0,False,17.620695700226754,10.578203448379679,0.0053475935828877,0.9024141983976319,0.9351442223723775,0.5534065636641579,True,Nanyuki
362,1.0,False,20.27591763016345,1.330999497897588,0.0053475935828877,0.8859092228691352,0.9919541770830497,0.5654980574188104,True,Nanyuki
363,1.0,False,27.534646439175173,7.916204452584063,0.0053475935828877,0.8407886474437924,0.9514981433198136,0.5398250746622368,True,Nanyuki
364,1.0,False,36.764394096946056,17.163408403066157,0.0053475935828877,0.7834161327367675,0.8946881886091415,0.5055703338369277,True,Nanyuki
365,2.0,False,39.33788828223478,26.41061235354825,0.0106951871657754,0.7674191804398528,0.8378782338984693,0.48586729916780674,False,Isiolo
366,0.0,False,42.439606422430025,35.65781630403035,0.0,0.7481387649600675,0.7810682791877971,0.45876211324435934,False,Isiolo
367,0.0,False,42.761837144766666,44.90502025451242,0.0,0.7461357647111116,0.724258324477125,0.441118226756471,False,Wamba
368,0.0,False,32.028470378410624,48.9376962994826,0.0,0.8128548414932585,0.6994836850613235,0.45370155796637457,False,Wamba
369,0.0,False,21.667743619627455,52.445031634508574,0.0,0.8772575717069376,0.6779364625057338,0.4665582102638014,False,Wamba
370,0.0,False,12.63247055611389,57.51279441941401,0.0,0.9334212238390712,0.646802794876407,0.47406720561464344,False,Wamba
371,1.0,False,9.802423737845412,64.12005693006697,0.0053475935828877,0.9510129185118908,0.6062112510971496,0.4693062883158672,False,Wamba
372,0.0,False,58.48293883235484,92.65739011363705,0.0,0.6484127097343709,0.43089289385063734,0.3237916810755025,False,Taveta
373,0.0,False,50.75775993140528,81.84370557016551,0.0,0.696432759311346,0.49732648096083476,0.3581277720816542,False,Taveta
374,0.0,False,44.48444955306731,71.11829820968133,0.0,0.7354279307166987,0.5632177395148164,0.38959370106945446,False,Taveta
375,0.0,False,40.346032157135404,60.52811362521035,0.0,0.7611525140656279,0.6282782604942514,0.41682923236796376,False,Taveta
376,0.0,False,39.02766159546097,50.15887496556915,0.0,0.7693475630792694,0.6919814059848035,0.4383986907192219,False,Taveta
377,0.0,False,40.181997668070366,40.181997668070366,0.0,0.7621721596166544,0.7532740897473683,0.4546338748092068,False,Loitokitok
378,0.0,False,30.978914367389155,30.978914367389155,0.0,0.8193789275149904,0.8098129904042513,0.48875757537577247,False,Loitokitok
379,0.0,False,23.47793291938716,23.47793291938716,0.0,0.8660053559288038,0.8558950730130565,0.516570128682558,True,Loitokitok
380,0.0,False,19.726974754190127,19.726974754190127,0.0,0.8893214757706085,0.8789389860301756,0.5304781385402352,True,Loitokitok
381,0.0,False,21.405349730205923,20.833944416538515,0.0,0.878888623588101,0.8721383469698873,0.5253080911673965,True,Kimana
382,108.0,False,23.30854898653358,20.97197675991973,0.5775401069518716,0.8670582538561479,0.8712903488919725,0.7525206236051847,True,Kimana
383,187.0,True,29.577151902149787,20.55840673119122,1.0,0.8280923442447523,0.873831105506358,0.910577034925333,False,Kimana
384,71.0,False,38.11492323786115,20.144836702462708,0.37967914438502676,0.7750211845894928,0.8763718621207434,0.6472895717670815,True,Kimana
385,1.0,False,34.296083053428895,19.731266673734197,0.0053475935828877,0.7987592620287661,0.8789126187351288,0.5054406016623235,False,Emali
386,0.0,False,25.705937671925145,19.317696645005682,0.0,0.8521559810409991,0.8814533753495142,0.5200828069171539,True,Emali
387,1.0,False,19.793664399956533,18.90412661627717,0.0053475935828877,0.8889069300187192,0.8839941319638995,0.5340093560279406,True,Emali
388,0.0,False,19.214657664483898,19.214657664483898,0.0,0.8925060611843911,0.8820863926213536,0.5323777361417233,True,Emali
389,0.0,False,24.35235076842708,24.35235076842708,0.0,0.8605699363740893,0.8505231099128405,0.5133279138860789,True,Emali
390,0.0,False,32.60814172463239,32.60814172463239,0.0,0.8092515790781318,0.7998038749057712,0.4827166361951709,False,Emali
391,0.0,False,42.18962935981913,42.18962935981913,0.0,0.7496926333032596,0.7409402571537862,0.44718986713711373,False,Emali
392,0.0,False,63.383011769486444,63.383011769486444,0.0,0.6179536422630751,0.6107392686921456,0.3686078732865662,False,Nanyuki
393,0.0,False,53.720853490577085,53.720853490577085,0.0,0.6780140402839905,0.6700984844260616,0.40443375741301557,False,Nanyuki
394,0.0,False,44.73113030699306,44.45978428168525,0.0,0.7338945523723157,0.7269936199877809,0.43826645170802897,False,Nanyuki
395,2.0,False,36.90850765509738,35.21258033120316,0.0106951871657754,0.7825203165626863,0.7838035746984531,0.4741752422446519,False,Nanyuki
396,2.0,False,31.145173881543325,25.965376380721068,0.0106951871657754,0.818345451110794,0.8406135294091253,0.501965769022286,False,Nanyuki
397,0.0,False,28.709332540077515,16.718172430238972,0.0,0.8334867473161747,0.8974234841197974,0.5192730694307917,True,Nanyuki
398,2.0,False,30.411341530454344,7.4709684797568805,0.0106951871657754,0.822906985067781,0.9542334388304696,0.5374202020357853,True,Nanyuki
399,4.0,True,32.23559298154608,1.7762354707247694,0.0213903743315508,0.8115673583425635,0.9892188815723936,0.5487920217071074,False,Isiolo
400,6.0,False,28.283284704169095,11.023439421206866,0.03208556149732621,0.836135079279072,0.9324089268617214,0.5433974264411685,True,Isiolo
401,9.0,False,28.410824212652933,20.270643371688955,0.0481283422459893,0.8353422881218777,0.8755989721510492,0.5325337149802738,True,Isiolo
402,5.0,False,32.570318868986305,29.517847322171054,0.026737967914438502,0.8094866876013849,0.818789017440377,0.499177898678304,False,Isiolo
403,1.0,False,37.657892446483395,34.99638075262476,0.0053475935828877,0.7778621079572954,0.7851317911337428,0.4710372071604665,False,Archer's Post
404,1.0,False,30.655725284479434,38.359417397699914,0.0053475935828877,0.8213878849751411,0.764471063791713,0.4778967220632113,False,Wamba
405,3.0,False,19.581667229902852,42.34781247102695,0.016042780748663103,0.8902247136903575,0.7399684633627299,0.49547506541539144,False,Wamba
406,0.0,False,8.574957159533183,48.482753633291495,0.0,0.9586429043931742,0.7022786133878391,0.498276455334304,False,Wamba
407,0.0,False,3.168294347595047,56.162599464872294,0.0,0.9922509566602026,0.6550976821340947,0.4942045916382892,False,Wamba
408,0.0,False,13.891230609927154,64.84071064876483,0.0,0.9255967163467983,0.6017839338950488,0.4582141950725541,False,Wamba
409,0.0,False,71.44450206163712,113.07364548398093,0.0,0.5678430663842697,0.30546616495381373,0.261992769401425,False,Taveta
410,0.0,False,61.380558270681234,102.00886972132487,0.0,0.630400980702887,0.37344232437738334,0.3011529915240811,False,Taveta
411,0.0,False,51.74213942625222,90.9526783586249,0.0,0.6903138133618487,0.44136574576518195,0.3395038677381092,False,Taveta
412,0.0,False,42.81757876376172,79.9086346985899,0.0,0.7457892723719745,0.5092145380605616,0.3765011431297608,False,Taveta
413,0.0,False,35.15481631264992,68.88258196509412,0.0,0.7934213385696574,0.5769528035710485,0.41111224264221174,False,Taveta
414,0.0,False,29.74554031718657,57.88480195148916,0.0,0.8270456344996536,0.6445173763691061,0.44146890326062793,False,Taveta
415,0.0,False,27.931223165958677,46.93517333246301,0.0,0.8383235091828678,0.7117861323386471,0.46503289245645446,False,Taveta
416,0.0,False,30.36328846373199,36.07756497511382,0.0,0.8232056850300628,0.7784895642463067,0.48050857478291076,False,Taveta
417,0.0,False,25.430117839262522,25.430117839262522,0.0,0.8538704891719556,0.8439018762068808,0.5093317096136509,True,Loitokitok
418,0.0,False,15.434088638594469,15.434088638594469,0.0,0.9160062434300181,0.9053122191837872,0.5463955387841416,True,Loitokitok
419,0.0,False,8.726470700644219,8.726470700644219,0.0,0.9577010896016953,0.9465202938960985,0.5712664150493381,True,Loitokitok
420,0.0,False,10.379350413642285,9.860738360463923,0.0,0.9474267170880455,0.9395519503049767,0.5660936002179067,True,Kimana
421,13.0,False,13.886337666727858,9.87968394773146,0.06951871657754011,0.9256271310955076,0.9394355585869613,0.5873262935357567,True,Kimana
422,34.0,False,22.898686263180952,9.466113919002948,0.18181818181818182,0.8696059784522382,0.9419763152013467,0.6162019608233482,True,Kimana
423,15.0,False,33.20074233153225,9.052543890274437,0.08021390374331551,0.8055679478137246,0.9445170718157321,0.5571110673861632,True,Kimana
424,0.0,False,29.74733653193914,8.638973861545926,0.0,0.8270344691502713,0.9470578284301174,0.5322276892741166,True,Emali
425,1.0,False,19.22180921582692,8.225403832817413,0.0053475935828877,0.8924616068287772,0.9495985850445029,0.554757094995139,True,Emali
426,2.0,False,10.023565648752697,7.811833804088906,0.0106951871657754,0.9496382907315544,0.9521393416588882,0.574811364583443,True,Emali
427,1.0,False,8.825292465412014,8.825292465412014,0.0053475935828877,0.9570868091941762,0.9459131849785327,0.5730390356849677,True,Emali
428,0.0,False,17.3700807679544,17.3700807679544,0.0,0.9039720317665095,0.8934185023610474,0.539217160238267,True,Emali
429,0.0,False,27.784413340404726,27.784413340404726,0.0,0.839236085472929,0.8294383236009653,0.5006023227221683,False,Emali
430,0.0,False,38.58299552206464,38.58299552206464,0.0,0.77211162681986,0.7630975174540879,0.4605627432821844,False,Emali
431,0.0,False,54.76202438183002,59.84695721402576,0.0,0.6715420765331026,0.6324629270245342,0.391201501067291,False,Meru
432,0.0,False,45.07510813277475,50.599753263543676,0.0,0.7317563711781707,0.6892728817352063,0.42630877587401306,False,Meru
433,0.0,False,36.208720385654686,41.35254931306157,0.0,0.7868702248046616,0.7460828364458785,0.459885918375162,False,Meru
434,0.0,False,28.92745219945428,32.105345362579484,0.0,0.8321309059834001,0.8028927911565507,0.4905071091419852,False,Meru
435,1.0,False,24.676781587899537,22.858141412097396,0.0053475935828877,0.8585532602252106,0.8597027458672228,0.5176158392608851,True,Meru
436,0.0,False,25.05014188227446,13.610937461615304,0.0,0.8562324363225106,0.916512700577895,0.5318235410701216,True,Meru
437,13.0,True,23.350780132764427,4.3637335111332165,0.06951871657754011,0.8667957432060128,0.9733226552885672,0.57984300617939,False,Isiolo
438,11.0,False,17.494847001156895,4.883470439348879,0.058823529411764705,0.903196479409634,0.9701296651142933,0.5855272551218841,True,Isiolo
439,35.0,False,17.70029407606182,14.13067438983097,0.18716577540106952,0.9019194114156273,0.9133197104036211,0.6194380467062024,True,Isiolo
440,46.0,False,23.81073600635328,21.055065205769175,0.24598930481283424,0.8639366373993832,0.870779897206148,0.618810682306793,True,Isiolo
441,34.0,False,26.596855856430466,24.41810185084433,0.18181818181818182,0.8466179946800987,0.8501191698641184,0.5817484220905379,True,Archer's Post
442,18.0,False,27.781161247019856,27.781161247019856,0.0962566844919786,0.8392563006275,0.8294583027513007,0.5391170548104316,True,Archer's Post
443,5.0,False,23.319782791427922,32.903086466441025,0.026737967914438502,0.866988424034097,0.7979918896274076,0.5101892812642268,True,Wamba
444,4.0,False,15.293804896903712,40.495101898912026,0.0213903743315508,0.9168782532976479,0.7513505421248562,0.5090247883593715,True,Wamba
445,7.0,False,13.054067067765967,49.43190727241305,0.0374331550802139,0.9308005615022387,0.6964475129232328,0.5031476843597269,False,Wamba
446,2.0,False,18.79725686888665,59.106629369078505,0.0106951871657754,0.8951006427669076,0.6370111117047597,0.46391160120781033,False,Wamba
447,0.0,False,78.68224497297192,123.8762562486795,0.0,0.5228529402158031,0.23910060931279742,0.22858606485858013,False,Taveta
448,0.0,False,67.8802749903975,112.7788413709492,0.0,0.5899984575873765,0.30727728628297823,0.26918272316110636,False,Taveta
449,0.0,False,57.19255014035662,101.68199083298356,0.0,0.6564338222235206,0.37545049624663007,0.30956529554104517,False,Taveta
450,0.0,False,46.69757863468338,90.5859120313098,0.0,0.7216710236492927,0.4436189650686324,0.3495869966153775,False,Taveta
451,0.0,False,36.56172738161659,79.49092814484814,0.0,0.7846759178941736,0.5117807073077731,0.388936987560584,False,Taveta
452,0.0,False,27.18962978624148,68.39757200452829,0.0,0.8429332860329029,0.5799324495312237,0.42685972066923794,False,Taveta
453,0.0,False,19.703096880898812,57.30678890759668,0.0,0.8894699016742599,0.6480683843301662,0.4612614858013278,False,Taveta
454,0.0,False,16.83947996475246,46.22043112829077,0.0,0.9072702695422338,0.7161771323064496,0.487034220554605,False,Taveta
455,0.0,False,20.623873163606124,35.14268704112256,0.0,0.8837463160703752,0.7842329622912132,0.5003937835084765,False,Taveta
456,0.0,False,24.08544480086472,24.08544480086472,0.0,0.8622290355301179,0.8521628397177006,0.5143175625743455,True,Loitokitok
457,0.0,False,13.100719447446936,13.100719447446936,0.0,0.930510568271805,0.9196472115536114,0.555047333947625,True,Loitokitok
458,0.0,False,3.093387920375579,3.093387920375579,0.0,0.9927165782846119,0.981126990076066,0.5921530705082033,True,Loitokitok
459,0.0,False,1.9216745161184394,1.1124676956114443,0.0,1.0,0.9932967214734618,0.5979890164420385,True,Kimana
460,1.0,False,9.422966185395534,1.2126088644575963,0.0053475935828877,0.9533716432371864,0.9926815068315779,0.5859549824537844,True,Kimana
461,2.0,False,20.50150605483204,1.6261788931861076,0.0106951871657754,0.8845069553649811,0.9901407502171925,0.5666723865409622,True,Kimana
462,2.0,False,31.5951136934419,2.039748921914619,0.0106951871657754,0.8155486055812531,0.9875999936028071,0.5452226546215282,True,Kimana
463,0.0,False,28.98286991795614,2.4533189506431303,0.0,0.8317864270238804,0.9850592369884217,0.5450536992036906,True,Emali
464,2.0,False,18.01612243148826,2.866888979371642,0.0106951871657754,0.8999562085591176,0.9825184803740363,0.5690204815462563,True,Emali
465,0.0,False,7.454836433590002,3.2804590081001517,0.0,0.9656056237659745,0.979977723759651,0.5836750042576876,True,Emali
466,0.0,False,5.743562051269569,5.730434316386213,0.0,0.9762429800955131,0.9649263647703491,0.5823508034597586,True,Emali
467,0.0,False,16.025680136018725,16.025680136018725,0.0,0.9123288848342013,0.9016777923499183,0.5442020031552359,True,Emali
468,0.0,False,26.964353183549314,26.964353183549314,0.0,0.8443336152380272,0.8344763416462528,0.503642987065284,False,Emali
469,0.0,False,37.99671382359777,37.99671382359777,0.0,0.775755979473362,0.7666993236774559,0.46273659094524533,False,Emali
470,0.0,False,40.214898869921825,56.73972224540296,0.0,0.7619676443084258,0.6515521434826264,0.42405593633731564,False,Meru
471,0.0,False,29.942347100773986,47.49251829492087,0.0,0.8258222749339883,0.7083620981932985,0.46025531193818603,False,Meru
472,0.0,False,20.54921430829937,38.24531434443878,0.0,0.8842103987769583,0.7651720529039707,0.4948147355042787,False,Meru
473,0.0,False,13.943323401312933,28.998110393956686,0.0,0.925272905279505,0.8219820076146429,0.5241764738682444,True,Meru
474,0.0,False,14.593914014368606,19.750906443474594,0.0,0.9212288056031327,0.8787919623253151,0.5400062303785342,True,Meru
475,4.0,False,17.25701048111808,10.50370249299251,0.0213903743315508,0.9046748816097533,0.9356019170359873,0.5606391893263425,True,Isiolo
476,5.0,False,7.656053130079609,1.256498542510415,0.026737967914438502,0.964354851989031,0.9924118717466595,0.5977252042864825,True,Isiolo
477,24.0,False,8.114547942786626,7.113749658911333,0.12834224598930483,0.9615048282006796,0.9564280032785673,0.6267167478394959,True,Isiolo
478,71.0,False,17.874468582337265,10.476786303986492,0.37967914438502676,0.9008367350745831,0.9357672759365375,0.7028528610573468,True,Isiolo
479,77.0,True,15.591299477094013,13.839822949061647,0.4117647058823529,0.9150290139890458,0.9151065485945078,0.7137465511280072,False,Archer's Post
480,24.0,False,17.535358512719675,17.535358512719675,0.12834224598930483,0.90294465808373,0.8924031228749804,0.5899412326833351,True,Archer's Post
481,8.0,False,24.865819450699526,24.865819450699526,0.0427807486631016,0.8573781926105998,0.8473686285429638,0.5285363458113097,True,Archer's Post
482,9.0,False,25.311875595485464,34.286282326025976,0.0481283422459893,0.8546054881255163,0.789494262175932,0.5124812619888302,True,Wamba
483,6.0,False,24.024971278785557,44.488305592876415,0.03208556149732621,0.8626049415855723,0.7268184000612241,0.48966122709296933,False,Wamba
484,3.0,False,27.570408842301294,55.03898176120567,0.016042780748663103,0.8405663467834288,0.6620005979991743,0.45718719573424615,False,Wamba
485,0.0,False,77.0761346457092,124.60001853982692,0.0,0.532836592184273,0.23465419467745952,0.23024723605851977,False,Taveta
486,0.0,False,66.01186704456028,113.57334554775805,0.0,0.6016125630132183,0.3023962707302069,0.2712026501230276,False,Taveta
487,0.0,False,54.96201096661154,102.5624932306917,0.0,0.6702989511842827,0.3700411528814034,0.3121020312197058,False,Taveta
488,0.0,False,43.93744084808715,91.57316864934252,0.0,0.7388281607267708,0.4375537799533711,0.35291458220404254,False,Taveta
489,1.0,False,32.96353693195516,80.61417626736716,0.0053475935828877,0.8070424269414789,0.5048800619547715,0.39571578410203023,False,Taveta
490,0.0,False,22.11585010461026,69.69982506471133,0.0,0.874472122217607,0.5719320920429499,0.4339212642781671,False,Taveta
491,0.0,False,11.749335497584717,58.8549557202839,0.0,0.9389108299488435,0.6385572621591514,0.47324042763239843,False,Taveta
492,1.0,False,5.779527958234934,48.12656243304523,0.0053475935828877,0.9760194144463933,0.7044668646757622,0.5062849211698017,True,Taveta
493,0.0,False,13.235520473530032,37.614441513958624,0.0,0.9296726392039433,0.7690478035762486,0.5096161328340575,True,Taveta
494,0.0,False,23.735523187628324,27.567125515588888,0.0,0.8644041635667775,0.8307732256484458,0.508553216764567,True,Taveta
495,0.0,False,18.747442705004993,18.747442705004993,0.0,0.8954102897860774,0.8849567154595085,0.5341101015736758,True,Loitokitok
496,2.0,False,13.76251455086083,13.758619910687244,0.0106951871657754,0.9263968209938191,0.9156054173290055,0.5568787463631575,True,Loitokitok
497,1.0,False,12.086138791302572,12.086138791302572,0.0053475935828877,0.9368172459594769,0.9258802611796966,0.5609482895749072,True,Kimana
498,0.0,False,15.204414150760213,12.304901676646656,0.0,0.9174339100813382,0.9245362971365844,0.5525910621653767,True,Kimana
499,1.0,False,23.72116498937277,12.718471705375164,0.0053475935828877,0.8644934147544727,0.9219955405221989,0.5380857240161565,True,Kimana
500,1.0,False,33.7732605360846,13.132041734103677,0.0053475935828877,0.8020091496397502,0.9194547839078135,0.5185782174974243,True,Kimana
501,0.0,False,32.27273565438635,13.545611762832186,0.0,0.81133647786535,0.9169140272934282,0.5184751515476335,True,Emali
502,1.0,False,22.936943680514787,6.460358828607667,0.0053475935828877,0.8693681686745472,0.9604420926916145,0.5510821158430036,True,Emali
503,0.0,False,16.034254088928297,2.7400054342036237,0.0,0.9122755887683021,0.9832979861028084,0.5686720724613331,True,Emali
504,0.0,False,15.313759269804288,11.940369697014955,0.0,0.9167542160438511,0.9267757897836983,0.5530590017482648,True,Emali
505,0.0,False,21.408996748066407,21.14073395982628,0.0,0.8788659535657346,0.8702535934645884,0.5247358641090969,True,Emali
506,0.0,False,30.472923400027096,30.472923400027096,0.0,0.8225241894758806,0.8129215326288822,0.49063371663142885,False,Emali
507,0.0,False,40.56196468773572,40.56196468773572,0.0,0.7598102680208879,0.7509397723370107,0.45322501210736954,False,Emali
508,0.0,False,51.07217342266052,51.07217342266052,0.0,0.6944783513123429,0.6863705808897235,0.4142546796606199,False,Emali
509,3.0,False,38.06745078219434,62.87969122726183,0.016042780748663103,0.7753162754480851,0.6138314052300491,0.4231614165029055,False,Meru
510,0.0,False,26.989569611981167,53.63248727677973,0.0,0.8441768688171382,0.6706413599407213,0.4544454686273578,False,Meru
511,0.0,False,15.942488093932019,44.38528332629763,0.0,0.9128460102026406,0.7274513146513935,0.49208919745621016,False,Meru
512,4.0,False,5.129228539493,35.13807937581554,0.0213903743315508,0.9800617040461885,0.7842612693620656,0.5378530417550965,True,Meru
513,2.0,False,6.698883802211605,25.89087542533345,0.0106951871657754,0.9703046583517202,0.8410712240727378,0.5476908395936475,True,Meru
514,2.0,False,17.227010439485937,16.64367147485093,0.0106951871657754,0.9048613631793012,0.8978811787834127,0.5451008374551243,True,Isiolo
515,3.0,False,7.588189999422782,7.588189999422782,0.016042780748663103,0.9647766921742712,0.9535132915017207,0.5819041074022628,True,Isiolo
516,10.0,False,8.05055068007902,3.464529242869847,0.053475935828877004,0.9619026379818398,0.9788468931045853,0.6036152336574783,True,Isiolo
517,26.0,False,14.395288067141975,0.10149259779468733,0.13903743315508021,0.9224634731694623,0.999507620446615,0.6322063013468553,True,Archer's Post
518,36.0,True,5.020408083132305,3.2615440472804673,0.1925133689839572,0.9807381367575122,0.980093927324888,0.665254966818303,False,Archer's Post
519,3.0,False,9.465974651685817,9.465974651685817,0.016042780748663103,0.9531043007315992,0.9419771707864534,0.574941553754881,True,Archer's Post
520,6.0,False,20.01061855344644,20.01061855344644,0.03208556149732621,0.8875583335214607,0.877196427795708,0.542260652994081,True,Archer's Post
521,15.0,False,30.94616347266183,30.94616347266183,0.08021390374331551,0.8195825085075682,0.8100141946662267,0.5209645724494647,True,Archer's Post
522,13.0,False,35.077198047780506,41.96814521112272,0.06951871657754011,0.7939038170953844,0.7423009392068645,0.48866891352169073,False,Wamba
523,5.0,False,37.59438816723038,53.02268751437496,0.026737967914438502,0.7782568533317624,0.6743876487724916,0.44648853779705155,False,Wamba
524,0.0,False,88.1281415387559,127.22466673471936,0.0,0.46413683445258624,0.2185297373948326,0.20479997155422563,False,Taveta
525,0.0,False,77.05183573322715,119.77863542612945,0.0,0.53298763528593,0.2642742352647197,0.23917856116519487,False,Taveta
526,0.0,False,65.98349375901095,112.93426044974507,0.0,0.6017889325958792,0.30632247325248296,0.27243342175450863,False,Taveta
527,0.0,False,54.9279301214843,104.61989665275176,0.0,0.6705107992066546,0.35740154896926946,0.30837370445277723,False,Taveta
528,1.0,False,43.89480112969977,93.87173682433762,0.0053475935828877,0.7390932110792822,0.42343258671267736,0.35089677677074294,False,Taveta
529,0.0,False,32.90668055275566,83.21600310759295,0.0,0.8073958486787531,0.48889580706542923,0.38888749672325473,False,Taveta
530,2.0,False,22.031016403841313,72.69335163540157,0.0106951871657754,0.8749994522081425,0.553541440142465,0.4328403425714924,False,Taveta
531,0.0,False,11.588862867923652,62.371175800792415,0.0,0.93990833482619,0.6169554564029336,0.46705913736873705,False,Taveta
532,1.0,False,5.44589766308132,52.36815606414434,0.0053475935828877,0.9780932749380498,0.6784087455541165,0.499089643580805,False,Taveta
533,1.0,False,13.093275378680765,42.908087446818115,0.0053475935828877,0.9305568409285019,0.7365264287573874,0.5022640183389219,False,Taveta
534,1.0,False,23.656498450260496,34.44131482869097,0.0053475935828877,0.8648953847870064,0.7885418240657482,0.4981702000889815,False,Taveta
535,0.0,False,27.88770994388427,27.88770994388427,0.0,0.838593989272463,0.828803723629248,0.5002193138705133,False,Loitokitok
536,1.0,False,24.812588835094026,24.73182596676339,0.0053475935828877,0.8577090764429567,0.8481918139939065,0.513909304564214,True,Loitokitok
537,0.0,False,23.12740082282058,23.12740082282058,0.0,0.8681842787565172,0.8580485577460872,0.5178698509507813,True,Kimana
538,0.0,False,24.899319822127886,23.397194488836497,0.0,0.8571699528381023,0.856391087441586,0.5140683120839065,True,Kimana
539,0.0,False,30.846322088537843,23.81076451756501,0.0,0.8202031269135547,0.8538503308272005,0.5022160373222265,False,Kimana
540,0.0,False,39.10799208825509,18.651151973601152,0.0,0.7688482252262597,0.8855482750400478,0.49631895007989224,False,Kimana
541,1.0,False,38.59368062979586,9.450787710789815,0.0053475935828877,0.7720452077233488,0.942070471359158,0.5163737411579071,True,Emali
542,6.0,True,31.2097116830625,0.2504234479784855,0.03208556149732621,0.8179442813167639,0.9985926676782679,0.5577953092974399,False,Emali
543,1.0,False,26.552589744224463,8.949940814832805,0.0053475935828877,0.846893154767647,0.945147411116155,0.5397512071982957,True,Emali
544,0.0,False,26.123819416584116,18.150305077644138,0.0,0.8495584098581013,0.8886252147970449,0.5214550873965438,True,Emali
545,0.0,False,30.10461525572945,27.35066934045547,0.0,0.8248136089929616,0.832103018477935,0.49707498824126894,False,Emali
546,0.0,False,37.10177594779931,36.551033603266816,0.0,0.7813189524109689,0.7755808221588248,0.4670699323709381,False,Emali
547,0.0,False,45.75167425642366,45.751397866078165,0.0,0.7275508065930283,0.7190586258397147,0.4339828297298229,False,Emali
548,0.0,False,39.082522014214284,69.01966020912067,0.0,0.7690065483193363,0.5761106669774718,0.4035351645890424,False,Meru
549,0.0,False,28.40333758164228,59.772456258638584,0.0,0.8353888253473459,0.632920621688144,0.440492834110647,False,Meru
550,0.0,False,18.233914680120662,50.5252523081565,0.0,0.8986024024258352,0.6897305763988162,0.4764998936473954,False,Meru
551,0.0,False,10.228475123257871,41.2780483576744,0.0,0.9483645644851213,0.7465405311094884,0.5084715286783829,True,Meru
552,0.0,False,11.098998249044309,32.03084440719231,0.0,0.9429533547003188,0.8033504858201606,0.5238911521561438,True,Meru
553,1.0,False,19.70212731959344,23.28422999841137,0.0053475935828877,0.8894759285096961,0.8570850818229504,0.526107340532949,True,Meru
554,2.0,False,17.405921561471615,17.405844789727688,0.0106951871657754,0.9037492438280499,0.8931987870321662,0.5433624841243749,True,Isiolo
555,10.0,False,17.612405973894745,14.04280814465253,0.053475935828877004,0.9024657276987065,0.9138595143741959,0.5662879469534214,True,Isiolo
556,19.0,False,15.354484572031119,10.679771499577368,0.10160427807486631,0.9165010657858383,0.9345202417162256,0.5959481034805657,True,Archer's Post
557,10.0,False,7.33078271795869,7.316734854502213,0.053475935828877004,0.9663767470824961,0.9551809690582553,0.5978576891737761,True,Archer's Post
558,10.0,False,10.869248090052047,10.869248090052047,0.053475935828877004,0.9443814917268633,0.933356197256815,0.5847116810266543,True,Archer's Post
559,4.0,False,20.711367237057928,20.711367237057928,0.0213903743315508,0.8832024490870061,0.8728913966541101,0.5353843034549551,True,Archer's Post
560,0.0,False,31.403835937882665,31.403835937882665,0.0,0.8167375964671209,0.8072024958910351,0.4871820277074468,False,Archer's Post
561,1.0,False,42.30674993897102,42.30674993897102,0.0053475935828877,0.7489646066660167,0.7402207299504351,0.44889463841809063,False,Archer's Post
562,3.0,False,48.09333217406772,53.291099342984054,0.016042780748663103,0.7129949586651878,0.672738667749823,0.4221372002239685,False,Wamba
563,10.0,False,52.3671347162549,64.31517276637734,0.053475935828877004,0.6864288153318852,0.6050125620789897,0.40882278755481327,False,Wamba
564,0.0,False,100.42533609715461,127.92048797949512,0.0,0.38769693578830666,0.2142549778443662,0.18058557408980186,False,Taveta
565,0.0,False,89.49438076779845,119.49073990773255,0.0,0.4556442317111057,0.2660429138241108,0.21650614366056492,False,Taveta
566,0.0,False,78.61081508162168,111.52955932165523,0.0,0.5232969515413524,0.31495221775645854,0.2514747507893432,False,Taveta
567,0.0,False,67.79746534039576,104.14445871609158,0.0,0.5905132059899082,0.36032238945186656,0.2852506786325324,False,Taveta
568,0.0,False,57.09424108758595,97.46647608307653,0.0,0.6570449155908642,0.4013484004462994,0.31751799481114906,False,Taveta
569,0.0,False,46.57712339928925,91.65031172253676,0.0,0.7224197786554352,0.43707985350837486,0.347849889649143,False,Taveta
570,0.0,True,36.407753060822536,86.32871130041774,0.0,0.7856330289996786,0.4697729659981361,0.3766217984993444,False,Taveta
571,0.0,True,26.9822264041174,77.1816113457399,0.0,0.8442225145180589,0.5259679344385313,0.411057134686977,False,Taveta
572,2.0,True,19.41588526202874,67.54880701174567,0.0106951871657754,0.8912552216460121,0.5851468149824659,0.44719868585485356,False,Taveta
573,2.0,True,16.502504636977985,58.43887000529086,0.0106951871657754,0.9093649229028128,0.6411134738260607,0.4694215938849722,False,Taveta
574,6.0,True,20.349661375037503,50.137627848557976,0.03208556149732621,0.8854508285289848,0.6921119370903788,0.48610305428473954,False,Taveta
575,4.0,True,28.324985028485056,43.11475298625419,0.0213903743315508,0.8358758682411526,0.7352567844412795,0.47989594553734993,False,Taveta
576,0.0,False,37.90673865751459,38.084145308132186,0.0,0.7763152690369318,0.7661621906474843,0.4627432379053248,False,Taveta
577,5.0,False,35.89348579667539,35.70503202283797,0.026737967914438502,0.788829736782993,0.7807782106588173,0.4815775713983184,False,Loitokitok
578,5.0,False,34.2067038277018,34.2067038277018,0.026737967914438502,0.7993148472010446,0.7899831505912788,0.4874845865034724,False,Kimana
579,2.0,False,35.42877425965113,30.8419451185955,0.0106951871657754,0.7917184040013217,0.810654457388476,0.4849899332832494,False,Kimana
580,1.0,False,37.19001885802364,21.641580855784174,0.0053475935828877,0.7807704306255034,0.8671766537075859,0.49652316273308184,False,Mtito Andei
581,3.0,False,38.51910462933117,12.441216592972845,0.016042780748663103,0.7725087754006135,0.9236988500266959,0.515279399927658,True,Mtito Andei
582,0.0,True,42.7874437216173,3.240852330161514,0.0,0.745976593110605,0.980221046345806,0.5178592918369233,False,Mtito Andei
583,0.0,False,40.84616042269571,5.959511932649816,0.0,0.7580436949152908,0.9635190324486168,0.5164688182091723,True,Emali
584,0.0,False,37.4085917946907,15.159876195461107,0.0,0.7794117717012878,0.906996836129507,0.5059225823492385,True,Emali
585,0.0,False,37.10548017270499,24.36024045827244,0.0,0.7812959267871101,0.850474639810397,0.48953116997925206,False,Emali
586,1.0,False,40.00813139390797,33.56060472108377,0.0053475935828877,0.7632529199734166,0.793952443491287,0.46930064647256614,False,Emali
587,0.0,False,45.50719169996546,42.760968983895125,0.0,0.7290705208459092,0.7374302471721768,0.4399502304054258,False,Emali
588,0.0,False,52.79752281312643,51.961333246706474,0.0,0.6837535041172064,0.6809080508530667,0.4093984664910819,False,Emali
589,0.0,False,53.09698848468794,84.40683314146116,0.0,0.6818920124185198,0.48157997401422514,0.3490415959298235,False,Meru
590,0.0,False,43.03691723309543,75.15962919097953,0.0,0.7444258548632553,0.5383899287248946,0.38484473507644495,False,Meru
591,3.0,False,33.63751334022025,65.91242524049744,0.016042780748663103,0.8028529601403123,0.5951998834355667,0.4258329653722289,False,Meru
592,6.0,False,25.636075411394046,56.66522129001534,0.03208556149732621,0.8525902479048837,0.6520098381462389,0.4642142504142672,False,Meru
593,1.0,False,20.720869221243294,47.45102071594783,0.0053475935828877,0.8831433843381489,0.7086170374803182,0.4796671639786952,False,Meru
594,0.0,False,21.164131923352095,38.9816637121929,0.0,0.8803880440147976,0.7606483098939376,0.4923109061726206,False,Meru
595,0.0,False,26.70030971457449,32.15526153766498,0.0,0.8459749209777674,0.8025861324453206,0.49456831602692636,False,Meru
596,0.0,False,28.19169351672261,27.98412369150887,0.0,0.8367044141020434,0.8282114083017859,0.4994747467211488,False,Isiolo
597,1.0,False,28.319645515542746,24.62108704643371,0.0053475935828877,0.8359090588868962,0.8488721356438156,0.5075733957923686,True,Isiolo
598,3.0,False,22.599028174004932,21.25805040135855,0.016042780748663103,0.8714686662272236,0.8695328629858454,0.528717571063386,True,Archer's Post
599,4.0,True,18.12998216200581,18.12998216200581,0.0213903743315508,0.8992484514994589,0.8887500680957485,0.5449557056111825,False,Archer's Post
600,8.0,False,19.82665962737614,19.82665962737614,0.0427807486631016,0.8887018302434508,0.878326574628701,0.5472208209268861,True,Archer's Post
601,1.0,False,26.531426851283435,26.531426851283435,0.0053475935828877,0.847024704234818,0.8371360132032751,0.5073872526645831,True,Archer's Post
602,17.0,False,35.51276938722433,35.51276938722433,0.09090909090909091,0.7911962866184098,0.7819593711133994,0.5083103336831791,True,Archer's Post
603,1.0,False,45.44025713324421,45.44025713324421,0.0053475935828877,0.7294865890371549,0.7209701107637625,0.4372760473734303,False,Archer's Post
604,20.0,False,55.81126362232379,55.81126362232379,0.10695187165775401,0.6650199595708112,0.6572561046594652,0.4394635679321845,False,Archer's Post
605,4.0,False,62.35677490318976,66.41835082193545,0.0213903743315508,0.6243327754623371,0.5920917429076437,0.3734835052436145,False,Wamba
606,0.0,False,102.83162445553037,121.25177253487367,0.0,0.3727393422170433,0.2552240561101866,0.18838901949816897,False,Taveta
607,0.0,False,92.18643635019448,112.32265141828682,0.0,0.438910296589585,0.310079877281186,0.22469705216123131,False,Taveta
608,0.0,False,81.66244611652095,103.81321544205825,0.0,0.5043278796964936,0.36235737381003763,0.26000557605195934,False,Taveta
609,0.0,False,71.31333090326766,95.83532427661686,0.0,0.5686584320358272,0.4113693387480196,0.294008331235154,False,Taveta
610,0.0,False,61.227830463802746,88.53279086298778,0.0,0.6313503434234301,0.45623226106734516,0.3262747813472326,False,Taveta
611,0.0,False,51.56086967933533,82.08605689625227,0.0,0.6914405940287255,0.49583760195126747,0.3561834587939979,False,Taveta
612,0.0,True,42.598349039306875,76.58751947950611,0.0,0.7471520139177754,0.5296177222225416,0.38303092084209506,False,Taveta
613,0.0,True,34.887467659029575,71.26594246623077,0.0,0.7950831894815642,0.5623106909006861,0.40721816411467504,False,Taveta
614,2.0,True,29.429092042484918,65.9443654529554,0.0106951871657754,0.8290126908014634,0.595003659578831,0.43148297998039853,False,Taveta
615,3.0,True,27.5939761040388,60.62278843968008,0.016042780748663103,0.8404198516547672,0.6276966282569754,0.44685205627298796,False,Taveta
616,2.0,True,30.053345504543714,55.30121142640471,0.0106951871657754,0.8251323040064111,0.6603895969351202,0.4499346451487696,False,Taveta
617,1.0,True,35.936049237509216,49.97963441312939,0.0053475935828877,0.7885651605750872,0.6930825656132646,0.44663335528966064,False,Taveta
618,1.0,True,43.88639531319354,44.658057399854044,0.0053475935828877,0.739145462001952,0.7257755342914094,0.44161533632116345,False,Taveta
619,1.0,True,43.10042139284971,39.3364803865787,0.0053475935828877,0.7440311102315976,0.758468502969554,0.45288892139350057,False,Mtito Andei
620,5.0,True,34.91432718851143,33.8323740007777,0.026737967914438502,0.7949162294727579,0.792282836056019,0.4868549068244084,False,Mtito Andei
621,3.0,False,28.754028618815088,24.632009737966317,0.016042780748663103,0.8332089145378799,0.8488050323751293,0.511021296373368,True,Mtito Andei
622,2.0,True,26.09593992552954,15.431645475154994,0.0106951871657754,0.8497317099926078,0.9053272286942393,0.5307957564723642,False,Mtito Andei
623,1.0,True,27.957503454029194,6.231281212343665,0.0053475935828877,0.8381601497639826,0.9618494250133494,0.5421419098663547,False,Mtito Andei
624,4.0,True,33.59562349722445,2.9690830504676673,0.0213903743315508,0.8031133492346261,0.9818906537810734,0.5440573506373302,False,Mtito Andei
625,0.0,False,41.49855222718576,12.169447313278996,0.0,0.7539883989542647,0.9253684574619634,0.5038070569248685,False,Mtito Andei
626,0.0,False,48.3754633879473,21.36981157609029,0.0,0.7112412187128296,0.8688462611428536,0.474026243956705,False,Emali
627,0.0,False,48.141451751934454,30.570175838901616,0.0,0.7126958452667266,0.8123240648237436,0.457505973027141,False,Emali
628,0.0,False,50.41263031789786,39.770540101712946,0.0,0.6985781000683182,0.7558018685046336,0.4363139905718856,False,Emali
629,0.0,False,54.87884122641653,48.9709043645243,0.0,0.6708159379231888,0.6992796721855234,0.41102868303261364,False,Emali
630,0.0,False,61.060307345602475,58.17126862733565,0.0,0.6323916744455864,0.6427574758664133,0.3825447450935999,False,Emali
631,0.0,False,58.227509856422984,90.54680212332003,0.0,0.6500004674089713,0.4438592357616479,0.32815791095118574,False,Meru
632,0.0,False,49.227319273600784,81.29959817283795,0.0,0.705946045308303,0.50066919047232,0.3619845707341869,False,Meru
633,3.0,False,41.26299821450467,72.05239422235587,0.016042780748663103,0.7554526129889211,0.5574791451829921,0.4002966397510392,False,Meru
634,7.0,False,35.04798254444045,62.99423867415835,0.0374331550802139,0.7940854219406305,0.6131276859971586,0.43713719441342225,False,Meru
635,0.0,False,31.630794160447316,54.67929082314452,0.0,0.8153268142393958,0.6642103498344876,0.443861149222165,False,Meru
636,0.0,False,31.922925899825845,47.51626651692242,0.0,0.8135109105835929,0.7082162016148743,0.45651813365954014,False,Meru
637,0.0,False,35.833772572685575,42.09734341371659,0.0,0.7892009167923051,0.7415072134409613,0.4592124390699799,False,Meru
638,0.0,False,39.15350637270652,38.5624025932908,0.0,0.7685653064454986,0.763224029571401,0.45953680080506987,False,Isiolo
639,0.0,False,38.21690429065431,35.199365948215636,0.0,0.7743872659095722,0.7838847569134308,0.4674816068469009,False,Archer's Post
640,0.0,False,32.12618795229545,31.83632930314048,0.0,0.8122474247845122,0.8045454842554605,0.4850378727119917,False,Archer's Post
641,3.0,False,29.155996486681666,29.155996486681666,0.016042780748663103,0.830710264708433,0.8210120385488386,0.5019338032766467,False,Archer's Post
642,9.0,False,30.24024321854194,30.24024321854194,0.0481283422459893,0.8239705396502595,0.814350997215478,0.510747797958117,True,Archer's Post
643,2.0,False,35.00417816063889,35.00417816063889,0.0106951871657754,0.7943577119042431,0.7850838879623068,0.47811055482627507,False,Archer's Post
644,2.0,False,42.22005053865903,42.22005053865903,0.0106951871657754,0.749503533926428,0.740753365440205,0.4513551446763,False,Archer's Post
645,0.0,False,50.85462463013705,50.85462463013705,0.0,0.6958306441118149,0.6877070861854648,0.4150613190891839,False,Archer's Post
646,11.0,False,60.301517601610264,60.301517601610264,0.058823529411764705,0.6371083446472989,0.6296703472166026,0.40356301932387634,False,Archer's Post
647,1.0,False,70.23370418711008,70.23370418711008,0.0053475935828877,0.5753694388745351,0.5686522196699755,0.3453455349965082,False,Archer's Post
648,0.0,False,116.75736288266685,124.97514857762819,0.0,0.2861763437103182,0.2323495931382027,0.15555778105455625,False,Taveta
649,0.0,False,106.34781542702218,115.26818052170975,0.0,0.3508825455087633,0.29198409656082036,0.1928599926208751,False,Taveta
650,0.0,False,96.09294409521027,105.83543413985079,0.0,0.4146272737633516,0.349933926327766,0.2293683600273353,False,Taveta
651,0.0,False,86.04806775094043,96.7571433970429,0.0,0.4770666640002731,0.40570616718142893,0.2648318493545106,False,Taveta
652,0.0,False,76.2961730524914,88.14289805277025,0.0,0.5376848675258126,0.4586275573113866,0.2988937274511597,False,Taveta
653,0.0,False,66.96537972147202,80.14247410659515,0.0,0.5956854865526398,0.5077779517962719,0.3310390315046735,False,Taveta
654,0.0,True,58.25837399057896,72.95808272365375,0.0,0.6498086146025415,0.5519150716515516,0.3605171058762279,False,Taveta
655,0.0,True,50.498853440562215,66.85332836513616,0.0,0.6980421333705742,0.5894194697900919,0.3862384809481998,False,Taveta
656,2.0,True,44.188802400569756,61.52475064531984,0.0106951871657754,0.7372656863340449,0.6221554471250873,0.4121044149040498,False,Taveta
657,2.0,True,40.01982404236449,56.20317363204446,0.0106951871657754,0.7631802379597354,0.6548484158032322,0.4296866709952004,False,Taveta
658,4.0,True,38.690339558693836,50.88159661876915,0.0213903743315508,0.7714443715980952,0.6875413844813766,0.4462518765564618,False,Taveta
659,0.0,True,40.48108736128815,45.560019605493785,0.0,0.7603130050157798,0.7202343531595213,0.44416420745259033,False,Taveta
660,6.0,True,45.02126711608029,40.238442592218455,0.03208556149732621,0.7320910492903663,0.752927321837666,0.4583397359373401,False,Taveta
661,4.0,True,47.82282910277017,34.91686557894312,0.0213903743315508,0.714676417575199,0.7856202905158105,0.4586451621599231,False,Mtito Andei
662,5.0,True,37.44284847842075,29.595288565667772,0.026737967914438502,0.7791988306584782,0.8183132591939551,0.48994881412150537,False,Mtito Andei
663,4.0,True,27.628442246409527,24.27371155239242,0.0213903743315508,0.8402056086078954,0.8510062278720998,0.5159197006766189,False,Mtito Andei
664,4.0,True,19.264338549464796,18.42207435733758,0.0213903743315508,0.8921972426326916,0.88695560736178,0.5423020047309618,False,Mtito Andei
665,0.0,False,15.010618192919459,9.221710094526253,0.0,0.9186385542226132,0.94347780368089,0.5586349073710509,True,Mtito Andei
666,0.0,False,18.0538798411536,0.02134583171492445,0.0,0.8997215068509403,1.0,0.5699164520552821,True,Mtito Andei
667,0.0,False,25.941983272371797,9.179018431096408,0.0,0.8506887112753135,0.9437400787944227,0.5383286370209208,True,Mtito Andei
668,0.0,False,35.58722263522713,18.379382693907733,0.0,0.7907334819758116,0.8872178824753127,0.5033854093353374,False,Mtito Andei
669,0.0,False,45.894818157112475,27.579746956719028,0.0,0.7266610178521005,0.8306956861562029,0.467207011202491,False,Mtito Andei
670,0.0,False,56.5034357580105,36.78011121953036,0.0,0.6607173873329837,0.7741734898370929,0.43046726315102296,False,Mtito Andei
671,0.0,False,61.06255819653982,45.98047548234169,0.0,0.6323776830578157,0.7176512935179828,0.40500869297273956,False,Emali
672,0.0,False,64.79884205980083,55.180839745153044,0.0,0.6091527793179952,0.6611290971988728,0.3810845629550604,False,Emali
673,0.0,False,70.11108222725002,64.38120400796439,0.0,0.5761316623346263,0.6046069008797627,0.35422156896431667,False,Emali
674,0.0,False,76.67240553068233,73.58156827077569,0.0,0.5353461900030207,0.5480847045606527,0.325029268369102,False,Emali
675,0.0,False,64.86921937264746,96.68677110517935,0.0,0.6087153108664136,0.4061384975090677,0.3044561425126444,False,Meru
676,0.0,False,56.928917790537575,87.45900814955085,0.0,0.6580725724286258,0.462829016978225,0.33627047682205524,False,Meru
677,0.0,False,50.20167068521699,78.598911222029,0.0,0.699889434362315,0.517260789855738,0.36514506726541585,False,Meru
678,2.0,False,45.231999716706774,70.37698191932918,0.0106951871657754,0.730781126237539,0.567771996683438,0.39384401174260325,False,Meru
679,2.0,False,42.638947655369584,63.04340031168032,0.0106951871657754,0.746899651146494,0.6128256627676418,0.4121956690405509,False,Meru
680,1.0,True,42.85610710205175,56.942436386617324,0.0053475935828877,0.7455497785377827,0.6503067744777609,0.4208960033378181,False,Meru
681,2.0,False,45.84355979554575,52.505540664097765,0.0106951871657754,0.7269796420671806,0.6775647268709457,0.425641385547748,False,Meru
682,2.0,False,50.17611522641431,49.14068149507348,0.0106951871657754,0.7000482882108021,0.6982366508410116,0.4237635565818543,False,Isiolo
683,1.0,False,47.20516551711102,45.77764484999832,0.0053475935828877,0.7185158414106261,0.7188973781830414,0.4333630033112553,False,Archer's Post
684,0.0,False,42.42508491780575,42.41460820492316,0.0,0.7482290312672859,0.7395581055250711,0.4463361410377071,False,Archer's Post
685,0.0,False,40.22273000516261,40.22273000516261,0.0,0.7619189656296109,0.7530238517037541,0.4544828452000095,False,Archer's Post
686,0.0,False,41.01546278970148,41.01546278970148,0.0,0.7569913040048205,0.7481537186528906,0.4515435067973133,False,Archer's Post
687,0.0,False,44.64401826268065,44.64401826268065,0.0,0.7344360446458629,0.7258617833620764,0.4380893484023818,False,Archer's Post
688,0.0,False,50.5007776714749,50.5007776714749,0.0,0.6980301722671474,0.6898809356867573,0.4163733323861714,False,Archer's Post
689,0.0,False,57.913631592302266,57.913631592302266,0.0,0.6519515484127212,0.6443402622276112,0.3888875431920997,False,Archer's Post
690,2.0,False,66.36315923005839,66.36315923005839,0.0106951871657754,0.5994289154394968,0.5924308110034416,0.36183599279919165,False,Archer's Post
691,1.0,False,75.50211309479525,75.50211309479525,0.0053475935828877,0.5426207789169355,0.5362858878527463,0.3258110374640596,False,Archer's Post
692,0.0,False,130.493000506355,130.493000506355,0.0,0.20079502010371586,0.1984508146696231,0.11977375043200168,False,Voi
693,0.0,False,120.208023276056,120.208023276056,0.0,0.2647268879386876,0.2616363022810563,0.15790895706592314,False,Voi
694,0.0,False,110.08149044558785,110.08149044558785,0.0,0.3276738584615547,0.32384839088163686,0.19545667480295748,False,Voi
695,0.0,False,100.16147072356354,100.16147072356354,0.0,0.38933713447936,0.3847917716219087,0.2322386718303806,False,Voi
696,0.0,False,90.51588753524157,90.51588753524157,0.0,0.44929450101298496,0.44404915872193296,0.2680030979204754,False,Voi
697,0.0,False,81.24254781257045,81.24254781257045,0.0,0.5069379859000552,0.5010196778629279,0.30238729912889495,False,Voi
698,0.0,True,72.48446215474749,72.48446215474749,0.0,0.5613786290075382,0.5548247471830623,0.3348610128571801,False,Voi
699,0.0,True,64.45202039229066,64.45202039229066,0.0,0.6113086379565777,0.6041718422817375,0.36464414407149454,False,Voi
700,0.0,True,57.450401316557105,57.450401316557105,0.0,0.6548310080462196,0.6471861052658544,0.3906051339936222,False,Voi
701,3.0,True,51.898499884088025,51.783558824408914,0.016042780748663103,0.6893418699242371,0.6820002033494885,0.4178197342815829,False,Voi
702,11.0,True,48.29886094934227,46.46198181113354,0.058823529411764705,0.7117173828181138,0.7146931720276333,0.45145257821843,False,Voi
703,3.0,False,47.1012276675366,41.14040479785823,0.016042780748663103,0.7191619236248353,0.7473861407057777,0.44638153159864913,False,Voi
704,0.0,True,48.48392853899454,35.81882778458286,0.0,0.7105669945948583,0.7800791093839226,0.4471938311936342,False,Voi
705,0.0,True,52.24248276412157,30.49725077130753,0.0,0.6872036573126417,0.8127720780620671,0.4499927206124126,False,Voi
706,1.0,True,45.582491828875774,25.17567375803219,0.0053475935828877,0.728602451954588,0.8454650467402116,0.4743592870415949,False,Mtito Andei
707,11.0,True,34.53559728909781,19.85409674475684,0.058823529411764705,0.7972704310749873,0.8781580154183564,0.526157945712709,False,Mtito Andei
708,7.0,True,23.538721267306595,14.532519731481496,0.0374331550802139,0.8656274929021709,0.910850984096501,0.5479168051316872,False,Mtito Andei
709,8.0,True,12.722237133663267,9.210942718206129,0.0427807486631016,0.9328632308709413,0.9435439527746458,0.5800344545589167,False,Mtito Andei
710,5.0,False,4.00739771801725,3.011774713897508,0.026737967914438502,0.9870350534475367,0.9816283786675407,0.6012942168002986,True,Mtito Andei
711,1.0,False,10.801997743731363,6.1885895489138205,0.0053475935828877,0.9447995228178961,0.962111700126882,0.5742124043165885,True,Mtito Andei
712,0.0,False,21.534323161891653,15.388953811725152,0.0,0.8780869191016327,0.905589503807772,0.5351029268728213,True,Mtito Andei
713,0.0,False,32.514473589864366,24.589318074536482,0.0,0.8098338242963999,0.849067307488662,0.49767033953551854,False,Mtito Andei
714,0.0,False,43.55542344658338,33.78968233734778,0.0,0.7412027975856302,0.7925451111695522,0.4601243726265547,False,Mtito Andei
715,0.0,False,54.62031518030983,42.990046600159104,0.0,0.6724229471213135,0.7360229148504422,0.4225337585915267,False,Mtito Andei
716,0.0,False,65.69705281960205,52.190410862970424,0.0,0.6035694619904282,0.6795007185313322,0.3849210541565281,False,Mtito Andei
717,0.0,False,75.05006762307279,61.390775125781786,0.0,0.5454307133199423,0.6229785222122219,0.35052277065964926,False,Emali
718,0.0,False,79.6817831691347,70.59113938859313,0.0,0.5166397671166121,0.5664563258931119,0.32492882790291716,False,Emali
719,0.0,False,85.51187337322338,79.79150365140444,0.0,0.48039967167957787,0.5099341295740021,0.29710014037607396,False,Emali
720,0.0,False,92.31356566931748,88.99186791421579,0.0,0.43812005518737973,0.45341193325489193,0.2674595965326815,False,Emali
721,0.0,False,80.53286460301888,112.07394403751985,0.0,0.5113494077381209,0.31160780454582104,0.24688716368518257,False,Meru
722,0.0,False,72.60859687360279,102.94587337846416,0.0,0.5606070021714371,0.3676858670081218,0.27848786075386767,False,Meru
723,0.0,False,65.61169407002627,94.23451376454467,0.0,0.6041000557072873,0.42120387610419496,0.30759117954344467,False,Meru
724,0.0,False,59.86819236893586,86.07470199324162,0.0,0.6398019132264579,0.47133346550847854,0.3333406136204809,False,Meru
725,2.0,False,55.76671512926951,78.63831802633206,0.0106951871657754,0.6652968749500503,0.517018695188016,0.35897274590773004,False,Meru
726,2.0,False,53.684938065478676,72.14939917141189,0.0106951871657754,0.6782372921356197,0.5568831978250562,0.3748142218545129,False,Meru
727,6.0,True,53.85757731164172,66.88427722253502,0.03208556149732621,0.6771641590385127,0.5892293362971365,0.39275227319962525,False,Meru
728,7.0,True,56.263884443437405,63.08199704192982,0.0374331550802139,0.6622064487708509,0.6125885447686017,0.3974117600939213,False,Meru
729,3.0,False,60.63852530734615,59.718960396854655,0.016042780748663103,0.6350134900238971,0.6332492721106314,0.38689594093982377,False,Meru
730,0.0,False,56.94333612842282,56.3559237517795,0.0,0.6579829474103648,0.6539099994526612,0.39356788405890775,False,Archer's Post
731,0.0,False,53.048126340331045,53.048126340331045,0.0,0.682195741642728,0.6742313660130546,0.40692813229673475,False,Archer's Post
732,0.0,False,51.303838910990905,51.303838910990905,0.0,0.6930383085149481,0.6849473500438861,0.4133956975676502,False,Archer's Post
733,0.0,False,51.927681113160475,51.927681113160475,0.0,0.6891604781293359,0.6811147918520652,0.4110825809944203,False,Archer's Post
734,0.0,False,54.83889353894058,54.83889353894058,0.0,0.6710642544939346,0.663229834739911,0.40028822677015363,False,Archer's Post
735,1.0,False,59.703805769485356,59.703805769485356,0.0053475935828877,0.6408237475110248,0.6333423741660329,0.38438887393627236,False,Archer's Post
736,0.0,False,66.09239443495514,66.09239443495514,0.0,0.6011120012361195,0.5940942474139966,0.35856187459503486,False,Archer's Post
737,0.0,False,73.6089993202656,73.6089993202656,0.0,0.5543884568533772,0.5479161826282359,0.33069139184448393,False,Archer's Post
738,0.0,False,126.90951216945263,126.90951216945263,0.0,0.223070140175746,0.22046588119305954,0.13306080641064166,False,Voi
739,0.0,False,116.30808208320566,116.30808208320566,0.0,0.2889690927897547,0.28559548861743655,0.17236937442215736,False,Voi
740,0.0,False,105.80895820609393,105.80895820609393,0.0,0.3542321055378138,0.35009658053175075,0.21129860582086935,False,Voi
741,0.0,False,95.44590779831348,95.44590779831348,0.0,0.41864927965518495,0.41376170865945117,0.24972329649439085,False,Voi
742,0.0,False,85.26855806350538,85.26855806350538,0.0,0.48191213027572244,0.47628598957779056,0.2874594359560539,False,Voi
743,0.0,False,75.35219089724299,75.35219089724299,0.0,0.5435527018473241,0.5372069309376264,0.3242278898354851,False,Voi
744,0.0,True,65.81487941035654,65.81487941035654,0.0,0.6028370467542165,0.5957991536822482,0.35959086013093944,False,Voi
745,1.0,True,56.84772669672029,56.84772669672029,0.0053475935828877,0.658577259815197,0.650888620971309,0.3949788016691068,False,Voi
746,0.0,False,48.766276353338895,48.766276353338895,0.0,0.7088119082445474,0.7005367990003128,0.42280461217345805,False,Voi
747,3.0,False,42.083908898240885,42.083908898240885,0.016042780748663103,0.7503497963115706,0.7415897480341012,0.4539989756031667,False,Voi
748,11.0,False,37.555040499787154,36.72078999022262,0.058823529411764705,0.7785014401517686,0.7745379282520344,0.48944122228584674,False,Voi
749,4.0,False,36.00176031426615,31.3992129769473,0.0213903743315508,0.7881566976509163,0.8072308969301789,0.4871724281069489,False,Voi
750,1.0,False,37.792756243903185,26.077635963671927,0.0053475935828877,0.7770237887000622,0.8399238656083237,0.4872233337256708,False,Voi
751,2.0,False,42.507388808256536,20.756058950396607,0.0106951871657754,0.7477174266882205,0.8726168342864682,0.49037835315871675,False,Voi
752,2.0,True,45.98830437476792,15.434481937121257,0.0106951871657754,0.7260799034385524,0.9053098029646128,0.49369498678725976,False,Mtito Andei
753,4.0,True,35.06947473304258,10.112904923845917,0.0213903743315508,0.7939518255572425,0.9380027716427575,0.5281425288926203,False,Mtito Andei
754,10.0,True,24.315262220192565,4.791327910570571,0.053475935828877004,0.8608004804103887,0.9706957403209021,0.5708392405509379,False,Mtito Andei
755,2.0,True,14.107299373796982,0.5302491027047994,0.0106951871657754,0.9242536234701026,0.9968735661144859,0.5806162317416868,False,Mtito Andei
756,0.0,True,7.295191183727949,5.851826115980145,0.0,0.9665979856143404,0.9641805974363412,0.5792335749152044,False,Mtito Andei
757,1.0,False,12.40337587886256,12.40337587886256,0.0053475935828877,0.9348452863624748,0.9239313234604318,0.559772020380027,True,Mtito Andei
758,0.0,False,22.380519475149708,21.59888919235389,0.0,0.8728269258463942,0.8674389288211213,0.5220797564002546,True,Mtito Andei
759,0.0,True,33.080985033138894,30.799253455165225,0.0,0.806312364412976,0.8109167325020112,0.48516872907449615,False,Mtito Andei
760,5.0,True,43.97994417399774,39.99961771797651,0.026737967914438502,0.7385639581958544,0.7543945361829015,0.45858273547940215,False,Mtito Andei
761,0.0,False,54.959434206814365,49.19998198078783,0.0,0.6703149684357659,0.6978723398637916,0.4104561924898672,False,Mtito Andei
762,0.0,False,65.9792643723644,58.40034624359918,0.0,0.6018152226480646,0.6413501435446815,0.37294960985782377,False,Mtito Andei
763,0.0,False,77.02212179564748,67.60071050641052,0.0,0.5331723384201872,0.5848279472255713,0.33540008569372753,False,Mtito Andei
764,0.0,False,88.07934584616731,76.80107476922188,0.0,0.46444015060969923,0.5283057509064611,0.2978237704548481,False,Mtito Andei
765,0.0,False,94.82786091510755,86.00143903203318,0.0,0.42249108608490993,0.47178355458735133,0.2682823922016784,False,Emali
766,0.0,False,101.00414409577552,95.20180329484452,0.0,0.3840990399795884,0.4152613582682413,0.23980811947434888,False,Emali
767,0.0,False,88.29470538545924,118.48825926988069,0.0,0.4631014663039673,0.2722016273054676,0.22059092808283048,False,Meru
768,0.0,False,81.13212099957843,109.8878442940422,0.0,0.5076244037943841,0.325038050930027,0.2497987364173233,False,Meru
769,0.0,False,74.93535291619921,101.77243763601588,0.0,0.5461437849499857,0.3748948386866253,0.2763115870909833,False,Meru
770,0.0,False,69.96151210101533,94.26738460974683,0.0,0.5770613967743221,0.42100193492962645,0.29941899951118456,False,Meru
771,2.0,False,66.48563178797131,87.52982657327229,0.0106951871657754,0.5986676206684366,0.4623939458512293,0.3225965448222099,False,Meru
772,0.0,True,64.74940380444353,81.74974788176603,0.0,0.6094600896733534,0.49790370755292435,0.3322091391678833,False,Meru
773,10.0,True,64.89261400048599,77.14267312919286,0.053475935828877004,0.6085698888376108,0.5262071503496757,0.36182348608773673,False,Meru
774,2.0,True,66.90319432285243,73.66027594371249,0.0106951871657754,0.596072033707465,0.5476011660382123,0.34738003479001334,False,Meru
775,0.0,False,70.62183422558871,70.29723929863734,0.0,0.5729568055971663,0.5682618933802419,0.3423656096932225,False,Meru
776,1.0,False,67.10573304399117,66.93420265356218,0.0053475935828877,0.5948130441675405,0.5889226207222718,0.3572597369000987,False,Archer's Post
777,0.0,False,63.83368692278857,63.83368692278857,0.0,0.6151522258192411,0.607970557719032,0.3669368350614819,False,Archer's Post
778,0.0,False,62.39166422641545,62.39166422641545,0.0,0.6241159019047813,0.6168295862979839,0.37228364646082956,False,Archer's Post
779,0.0,False,62.90564317870812,62.90564317870812,0.0,0.6209209862805513,0.6136719700976336,0.3703778869134554,False,Archer's Post
780,0.0,False,65.32947361269738,65.32947361269738,0.0,0.6058543504008257,0.5987812314572146,0.3613906745574121,False,Archer's Post
781,0.0,False,69.46351777226157,69.46351777226157,0.0,0.5801569512802338,0.5733838396905373,0.3460622372912313,False,Archer's Post
782,0.0,False,75.02559883188185,75.02559883188185,0.0,0.5455828123950761,0.5392133407174242,0.3254388459337501,False,Archer's Post
783,0.0,False,81.72466371217224,81.72466371217224,0.0,0.5039411324035128,0.4980578114903099,0.3005996831681468,False,Archer's Post
784,0.0,False,135.11076825419937,135.11076825419937,0.0,0.17209077402351358,0.1700816797371374,0.10265173612819528,False,Voi
785,0.0,False,124.21773374613284,124.21773374613284,0.0,0.23980235246433912,0.237002751271716,0.14304153112081652,False,Voi
786,0.0,False,113.3648581166598,113.3648581166598,0.0,0.30726430156120477,0.30367710778991286,0.1832824228053353,False,Voi
787,0.0,False,102.56489036017948,102.56489036017948,0.0,0.374397373007896,0.37002642617932513,0.22332713975616633,False,Voi
788,0.0,False,91.83649826393025,91.83649826393025,0.0,0.4410855270233055,0.4359360213791236,0.2631064645207287,False,Voi
789,0.0,False,81.20805435525526,81.20805435525526,0.0,0.5071523987378153,0.5012315875124159,0.30251519587506936,False,Voi
790,0.0,True,70.7246334098053,70.7246334098053,0.0,0.572317801376572,0.5656362088783018,0.3413862030764621,False,Voi
791,0.0,True,60.461718878448806,60.461718878448806,0.0,0.6361125265109531,0.6286861548779752,0.37943960441667846,False,Voi
792,0.0,True,50.553784512356785,50.553784512356785,0.0,0.6977006794282496,0.6895552895513437,0.41617679069387803,False,Voi
793,0.0,False,41.25737276302286,41.25737276302286,0.0,0.7554875810411193,0.746667551082451,0.45064653963707113,False,Voi
794,3.0,False,33.09193989617771,33.09193989617771,0.016042780748663103,0.8062442685056866,0.7968316735396315,0.4873398949130606,False,Voi
795,9.0,False,27.09985544015786,26.97959816931238,0.0481283422459893,0.8434913272905812,0.8343826844764313,0.5226135404284995,True,Voi
796,3.0,False,24.902767791204834,21.658021156037066,0.016042780748663103,0.8571485201116712,0.8670756531545758,0.5236843642793393,True,Voi
797,0.0,False,27.428334299550215,16.336444142761692,0.0,0.8414494883486934,0.8997686218327205,0.5223654330544242,True,Voi
798,1.0,False,33.628844779936955,11.014867129486369,0.0053475935828877,0.8029068442897802,0.9324615905108651,0.5227495678733487,True,Voi
799,3.0,True,41.90351870688549,5.693290116211023,0.016042780748663103,0.7514711096226476,0.9651545591890097,0.5214048129429624,False,Voi
800,1.0,True,38.903067179700145,0.3717131029356803,0.0053475935828877,0.7701220474114204,0.9978475278671544,0.5325299100167274,False,Mtito Andei
801,3.0,True,29.577230343179092,4.9498639103396656,0.016042780748663103,0.8280918566518869,0.9697217785682337,0.5457612028655014,False,Mtito Andei
802,3.0,True,21.968078513121778,10.271440923615035,0.016042780748663103,0.8753906768867387,0.937028809890089,0.5501429583325135,False,Mtito Andei
803,3.0,True,18.35212228446324,15.593017936890382,0.016042780748663103,0.8978676187925128,0.9043358412119443,0.5470781503008024,False,Mtito Andei
804,1.0,False,20.914691275012878,20.914691275012878,0.0053475935828877,0.8819385779834401,0.8716422807646299,0.5282132950575761,True,Mtito Andei
805,1.0,True,28.00836000044104,28.00836000044104,0.0053475935828877,0.8378440232494613,0.8280625131741166,0.5019109983602285,False,Mtito Andei
806,1.0,True,37.12050846499155,37.009188835793516,0.0053475935828877,0.7812025102656405,0.7727661575153634,0.4683296377674562,False,Mtito Andei
807,0.0,True,47.09369456184881,46.20955309860481,0.0,0.7192087497389272,0.7162439611962536,0.4306358132805542,False,Mtito Andei
808,1.0,True,57.48147515739229,55.409917361416134,0.0053475935828877,0.6546378516939093,0.6597217648771436,0.396446922404471,False,Mtito Andei
809,0.0,False,68.09437498835791,64.61028162422745,0.0,0.588667602645593,0.6031995685580336,0.357560151361088,False,Mtito Andei
810,0.0,False,78.84153615855227,73.81064588703882,0.0,0.5218627792464818,0.5466773722389234,0.3205620454456216,False,Mtito Andei
811,0.0,False,89.67469956808054,83.01101014985018,0.0,0.4545233621700596,0.49015517591981317,0.2834035614269618,False,Mtito Andei
812,0.0,False,100.56607609631932,92.21137441266147,0.0,0.3868220898042839,0.43363297960070346,0.24613652082149617,False,Mtito Andei
813,0.0,False,110.12856052113293,101.41173867547282,0.0,0.32738126881537977,0.3771107832815933,0.2113476156290919,False,Emali
814,0.0,False,116.55142110348562,110.61210293828418,0.0,0.28745648680772107,0.32058858696248305,0.1824135221310612,False,Emali
815,0.0,False,96.70981189642467,125.5522722324979,0.0,0.4107927965588024,0.22880404911525543,0.19187905370221736,False,Meru
816,0.0,False,90.21781296300101,117.47018260617652,0.0,0.45114734557751246,0.2784561545622186,0.21888105004191932,False,Meru
817,0.0,False,84.68848702516834,109.91603404560009,0.0,0.485517877194501,0.32486486793137315,0.24311482353776223,False,Meru
818,0.0,False,80.32089325572329,103.00604486678783,0.0,0.5126670308943666,0.3673162050492371,0.2639949707830811,False,Meru
819,0.0,False,77.3121720829423,96.87815036365991,0.0,0.5313693731614797,0.4049627640587121,0.28089964116605753,False,Meru
820,1.0,True,75.82425740465689,91.6892946677478,0.0053475935828877,0.5406183158117,0.43684036280785743,0.2953766410190223,False,Meru
821,2.0,False,75.94658695262645,87.60649231337979,0.0106951871657754,0.539857909996696,0.4619229518895204,0.30481233343217506,False,Meru
822,0.0,False,77.67155289124939,84.23855484549443,0.0,0.5291354463549691,0.48261378730782734,0.30352477009883894,False,Meru
823,0.0,False,80.89670071964204,80.87551820041928,0.0,0.5090877865404564,0.5032745146498571,0.303708690357094,False,Meru
824,0.0,False,77.52570725448558,77.51248155534412,0.0,0.5300420292053836,0.5239352419918868,0.3161931813591811,False,Archer's Post
825,0.0,False,74.71141455021034,74.71141455021034,0.0,0.5475357956172922,0.5411435236038559,0.3266037957663444,False,Archer's Post
826,0.0,False,73.48316571078412,73.48316571078412,0.0,0.5551706440678386,0.5486892381046808,0.33115796465175584,False,Archer's Post
827,0.0,False,73.92006372875863,73.92006372875863,0.0,0.552454866899152,0.5460051666007728,0.3295380100499774,False,Archer's Post
828,0.0,False,75.99339445273459,75.99339445273459,0.0,0.5395669525309096,0.5332677137274446,0.32185039987750624,False,Archer's Post
829,0.0,False,79.57534906762325,79.57534906762325,0.0,0.5173013661419283,0.5112620695849361,0.30856903071805936,False,Archer's Post
830,0.0,False,133.51165041365016,133.51165041365016,0.0,0.18203096038905642,0.17990581821024776,0.10858103357979125,False,Voi
831,0.0,False,122.4764731487722,122.4764731487722,0.0,0.25062610441672606,0.2477001400397424,0.14949787333694053,False,Voi
832,0.0,False,111.45417064312655,111.45417064312655,0.0,0.3191412183784832,0.31541536612388354,0.19036697535071,False,Voi
833,0.0,False,100.44898124188421,100.44898124188421,0.0,0.38754995653556334,0.38302545830037893,0.23117262445078268,False,Voi
834,0.0,False,89.46722031737453,89.46722031737453,0.0,0.45581306225763574,0.4504916182451154,0.27189140415082536,False,Voi
835,0.0,True,78.51871872428165,78.51871872428165,0.0,0.5238694265224539,0.5177534503604222,0.31248686306486284,False,Voi
836,0.0,True,67.61963375298701,67.61963375298701,0.0,0.5916186149070622,0.5847116927570049,0.3528990922992201,False,Voi
837,0.0,True,56.798420292058516,56.798420292058516,0.0,0.6588837505808709,0.6511915335739488,0.3930225852464459,False,Voi
838,0.0,False,46.10993630941768,46.10993630941768,0.0,0.7253238340184246,0.7168559543254684,0.43265393650316786,False,Voi
839,0.0,False,35.67368645435695,35.67368645435695,0.0,0.7901960190983217,0.7809707813358914,0.47135004013026394,False,Voi
840,0.0,False,25.797627488375525,25.797627488375525,0.0,0.8515860331358301,0.8416440903254787,0.5079690370383927,True,Voi
841,1.0,False,17.45976124734252,17.45976124734252,0.0053475935828877,0.9034145739883116,0.8928675526902331,0.5410236754367184,True,Voi
842,7.0,False,13.80539538004686,11.916829335126138,0.0374331550802139,0.9261302718860488,0.9269204093789769,0.5708884664115932,True,Voi
843,14.0,False,17.96537281507492,6.595252321850767,0.0748663101604278,0.9002716703920962,0.9596133780571217,0.5879120385989365,True,Voi
844,5.0,False,26.482830271136862,1.273675308575444,0.026737967914438502,0.8473267827002918,0.9923063467352662,0.5625851259964427,True,Voi
845,1.0,True,36.41903318259632,4.047901704699901,0.0053475935828877,0.7855629112698814,0.9752629597001219,0.5303867987241561,False,Voi
846,2.0,True,45.204526476062455,9.369478717975245,0.0106951871657754,0.7309519011017453,0.9425699910219772,0.506334642503427,False,Mtito Andei
847,1.0,True,37.48083687313082,14.69105573125059,0.0053475935828877,0.7789626931371707,0.9098770223438326,0.5087909520774561,False,Mtito Andei
848,2.0,True,31.82133013397541,20.01263274452596,0.0106951871657754,0.8141424343030436,0.8771840536656879,0.5116760212569296,False,Mtito Andei
849,0.0,True,29.44148383286177,25.334209757801307,0.0,0.8289356628910587,0.8444910849875431,0.5020280243635805,False,Mtito Andei
850,0.0,True,31.103454616261974,30.65578677107665,0.0,0.8186047798865819,0.8117981163093986,0.48912086885879413,False,Mtito Andei
851,0.0,True,36.25560381308074,36.25560381308074,0.0,0.7865787953713497,0.7773957873191617,0.46919237480715337,False,Mtito Andei
852,0.0,True,43.679889269963574,43.679889269963574,0.0,0.7404291125893356,0.7317848845183613,0.44166419913230903,False,Mtito Andei
853,0.0,True,52.419620805777264,52.419620805777264,0.0,0.6861025595061909,0.6780925732649554,0.40925853983134386,False,Mtito Andei
854,1.0,True,61.92027587314736,61.619852742044884,0.0053475935828877,0.6270460725046052,0.6215711898904928,0.37672421615168444,False,Mtito Andei
855,2.0,True,71.88076573737841,70.82021700485622,0.0106951871657754,0.5651312323146205,0.5650489935713827,0.3433321426321111,False,Mtito Andei
856,0.0,False,82.13396618803377,80.02058126766757,0.0,0.5013968903303055,0.5085267972522727,0.3029771062747735,False,Mtito Andei
857,0.0,False,92.58267829654893,89.22094553047891,0.0,0.43644723933843466,0.4520046009331625,0.26653555208147917,False,Mtito Andei
858,0.0,False,103.16751542684091,98.42130979329019,0.0,0.37065142926362193,0.3954824046140528,0.2298401501633024,False,Mtito Andei
859,0.0,False,113.85051672316933,107.6216740561016,0.0,0.30424542644373587,0.33896020829494233,0.19296169042160344,False,Mtito Andei
860,0.0,False,124.60643673951137,116.82203831891292,0.0,0.23738615767427906,0.2824380119758324,0.15594725089503342,False,Mtito Andei
861,0.0,False,105.62215882559231,133.16793360520418,0.0,0.35539325864865423,0.18201743339962562,0.16122320761448394,False,Meru
862,0.0,False,99.71211808884533,125.57694565271628,0.0,0.39213033008989273,0.22865246860587451,0.18623483960873016,False,Meru
863,0.0,False,94.73854839794038,118.54054166507889,0.0,0.4230462565938654,0.2718804317830934,0.20847800651308762,False,Meru
864,0.0,False,90.85537194538405,112.16314348766932,0.0,0.4471842510867796,0.3110598100655064,0.2274732183456858,False,Meru
865,2.0,False,88.20671556134072,106.56313384947293,0.0106951871657754,0.4636484148951412,0.34546332226539445,0.2470115960144708,False,Meru
866,0.0,False,86.90552760845797,101.86879912223307,0.0,0.4717366560617907,0.37430284442574746,0.25381185014626145,False,Meru
867,0.0,False,87.01227952243084,98.17987039235076,0.0,0.47107308150032856,0.39696568123541753,0.26041162882072383,False,Meru
868,0.0,False,88.52187778439269,94.81683374727636,0.0,0.46168935274657597,0.4176264085774426,0.2637947283972055,False,Meru
869,0.0,False,91.36481218313828,91.45379710220121,0.0,0.44401754831042606,0.4382871359194722,0.2646914052689695,False,Meru
870,0.0,False,88.11192406958888,88.11192406958888,0.0,0.4642376429495024,0.4588178451639272,0.27691664643402886,False,Archer's Post
871,0.0,False,85.64619864319828,85.64619864319828,0.0,0.4795646999324715,0.4739659645903297,0.2860591993568403,False,Archer's Post
872,0.0,False,84.57689708670658,84.57689708670658,0.0,0.48621152512756916,0.4805351906311566,0.29002401472761774,False,Archer's Post
873,0.0,False,84.95676370719717,84.95676370719717,0.0,0.4838502576174596,0.4782014900204934,0.2886155242913859,False,Archer's Post
874,0.0,False,132.8240260424051,132.8240260424051,0.0,0.18630526352441357,0.18413022048336392,0.11113064520233323,False,Voi
875,0.0,False,121.72652781090363,121.72652781090363,0.0,0.2552877974035439,0.2523074095352499,0.15227856208163815,False,Voi
876,0.0,False,110.6295315532157,110.6295315532157,0.0,0.3242672109915169,0.3204815147241902,0.19342461771471212,False,Voi
877,0.0,False,99.53320516525719,99.53320516525719,0.0,0.3932424606399838,0.38865150458603326,0.23456818956780512,False,Voi
878,0.0,False,88.43780079385968,88.43780079385968,0.0,0.46221197899322264,0.4568158300633388,0.2757083427169684,False,Voi
879,0.0,False,77.34371524590497,77.34371524590497,0.0,0.5311732994823191,0.5249720533834454,0.3168436058597293,False,Voi
880,0.0,False,66.25161105078764,66.25161105078764,0.0,0.6001223037956092,0.5931161043144104,0.35797152243300584,False,Voi
881,0.0,True,55.162683451859664,55.162683451859664,0.0,0.6690515622481941,0.6612406399100786,0.3990876606474818,False,Voi
882,0.0,False,44.079329899572016,44.079329899572016,0.0,0.7379461721833216,0.7293309314965428,0.44018313110395935,False,Voi
883,0.0,False,33.00716593681619,33.00716593681619,0.0,0.8067712271410235,0.797352480133469,0.4812371121823477,False,Voi
884,0.0,False,21.9631209523086,21.9631209523086,0.0,0.8754214933013592,0.8652012805657114,0.5221868321601212,True,Voi
885,0.0,False,11.031969939723018,11.031969939723018,0.0,0.9433700055996622,0.932356519845162,0.5627179576334473,True,Voi
886,7.0,False,2.7294760552472046,2.175637514213829,0.0374331550802139,0.9949786703382945,0.9867651656033866,0.6094964128145899,True,Voi
887,16.0,True,11.815909542704773,3.145939499061543,0.0855614973262032,0.9384970027756226,0.9808041408320014,0.6100149420127685,False,Voi
888,12.0,True,22.764037363934182,8.467516512336866,0.06417112299465241,0.8704429618930386,0.9481111721538569,0.5712346894119296,False,Voi
889,2.0,True,33.81134537240127,13.789093525612211,0.0106951871657754,0.8017724126332024,0.9154182034757122,0.5194352596989845,False,Voi
890,2.0,True,44.88466057214879,19.11067053888755,0.0106951871657754,0.7329402015360603,0.8827252347975676,0.48897770576639854,False,Voi
891,1.0,True,46.70367984053448,24.4322475521629,0.0053475935828877,0.7216330982871482,0.850032266119423,0.47363864675512646,False,Mtito Andei
892,0.0,True,42.29678036721418,29.753824565438272,0.0,0.749026577959648,0.8173392974412781,0.46990976262027784,False,Mtito Andei
893,0.0,True,40.53666918010858,35.07540157871362,0.0,0.75996750600151,0.7846463287631336,0.46338415042939307,False,Mtito Andei
894,0.0,True,41.75937579757117,40.39697859198897,0.0,0.7523671082448403,0.7519533600849888,0.45129614049894873,False,Mtito Andei
895,0.0,True,45.72624395014288,45.7185556052643,0.0,0.727708882487971,0.7192603914068443,0.43409078216844454,False,Mtito Andei
896,0.0,True,51.81074506869383,51.81074506869383,0.0,0.6898873576909126,0.6818331853714219,0.4115161629187003,False,Mtito Andei
897,0.0,True,59.3652863495021,59.3652863495021,0.0,0.642927999016238,0.6354220593358328,0.38350501750562127,False,Mtito Andei
898,0.0,True,67.90096569374828,67.90096569374828,0.0,0.5898698432713294,0.5829833373645104,0.35185595419075194,False,Mtito Andei
899,6.0,True,77.09257461603404,77.03015238548583,0.03208556149732621,0.5327344006104383,0.5268984185847267,0.33072407035747997,False,Mtito Andei
900,2.0,False,86.73182218605797,86.23051664829718,0.0106951871657754,0.47281641655696993,0.4703762222656166,0.2872358665130861,False,Mtito Andei
901,0.0,False,96.68491556855793,95.43088091110853,0.0,0.41094755322059295,0.41385402594650644,0.24744047375012979,False,Mtito Andei
902,0.0,False,106.8641980145098,104.63124517391982,0.0,0.34767268878314184,0.35733182962739674,0.21150135552316157,False,Mtito Andei
903,0.0,False,117.21075350013564,113.83160943673121,0.0,0.28335804782258023,0.30080963330828636,0.17525030433925998,False,Mtito Andei
904,0.0,False,127.68392480987868,123.03197369954252,0.0,0.21825635736720495,0.24428743698917643,0.13876313830691442,False,Mtito Andei
905,0.0,False,114.91611354773298,141.2460407183751,0.0,0.2976216300241703,0.13238979441765275,0.1290034273325469,False,Meru
906,0.0,False,109.5088088315303,134.1130670643322,0.0,0.3312336723961531,0.17621103080527112,0.15223341096042725,False,Meru
907,0.0,False,105.00031081137732,127.54844372310961,0.0,0.3592586930748106,0.2165406219665037,0.1727397945123943,False,Meru
908,0.0,False,101.51044936000939,121.64421989955976,0.0,0.3809518243356107,0.25281306602783016,0.19012946710903225,False,Meru
909,0.0,False,99.14684759515158,116.50084537786688,0.0,0.395644076176503,0.28441125237713905,0.2040165985660926,False,Meru
910,0.0,False,97.99103758426789,112.22298210501638,0.0,0.40282864170383037,0.3106921930907278,0.21405625043836746,False,Meru
911,0.0,False,98.08572528980241,108.75814929413343,0.0,0.4022400587891306,0.33197830250502813,0.2202655083882476,False,Meru
912,0.0,False,99.42733811387976,105.39511264905829,0.0,0.39390053485689125,0.35263902984705775,0.22396186941118468,False,Meru
913,0.0,False,101.96666917771192,102.03207600398314,0.0,0.3781159420156063,0.3732997571890875,0.2254247097614081,False,Meru
914,0.0,False,98.8109661990095,98.8109661990095,0.0,0.39773192961025894,0.3930885607148401,0.2372461470975297,False,Archer's Post
915,0.0,False,96.61866910678795,96.61866910678795,0.0,0.41135934412139696,0.40655688034836046,0.24537486734092723,False,Archer's Post
916,0.0,False,95.67208265085569,95.67208265085569,0.0,0.4172433668897464,0.4123722093904375,0.24888467288405516,False,Archer's Post
917,0.0,False,133.06202685984567,133.06202685984567,0.0,0.18482584004446656,0.1826680687094543,0.11024817262617626,False,Voi
918,0.0,False,121.98618229469875,121.98618229469875,0.0,0.2536737737874445,0.2507122290305467,0.15131580084539736,False,Voi
919,0.0,False,110.91516735605067,110.91516735605067,0.0,0.3224916863610894,0.3187267186680315,0.19236552150873626,False,Voi
920,0.0,False,99.85058852308264,99.85058852308264,0.0,0.3912695918206207,0.3867016682592326,0.233391378023956,False,Voi
921,0.0,False,88.79485180567164,88.79485180567164,0.0,0.4599925343035195,0.4546222965456337,0.2743844492547459,False,Voi
922,0.0,False,77.75172915103828,77.75172915103828,0.0,0.5286370672210587,0.5224654306685068,0.31533074936686967,False,Voi
923,0.0,False,66.72748357881946,66.72748357881946,0.0,0.5971642593695312,0.5901925939311305,0.35620705599019853,False,Voi
924,1.0,False,55.733318074082455,55.733318074082455,0.0053475935828877,0.6655044725042778,0.6577349610888465,0.39911086751109237,False,Voi
925,2.0,False,44.79138781431176,44.79138781431176,0.0106951871657754,0.7335199890740505,0.7249564223904004,0.44182099830564536,False,Voi
926,4.0,False,33.95223263818289,33.95223263818289,0.0213903743315508,0.8008966512334545,0.7915464876636689,0.4862890914017573,False,Voi
927,3.0,False,23.359361718645264,23.359361718645264,0.016042780748663103,0.8667423996932307,0.8566235120720638,0.5234268858290536,True,Voi
928,4.0,False,13.60093594896046,13.60093594896046,0.0213903743315508,0.9274012006429274,0.9165741446083288,0.5617487533079971,True,Voi
929,19.0,False,8.41018058503743,8.41018058503743,0.10160427807486631,0.9596671627796612,0.9484634139180288,0.6130808842392534,True,Voi
930,17.0,True,14.244185349052234,12.887131319971088,0.09090909090909091,0.9234027342670912,0.9209593846076087,0.5896722720260463,False,Voi
931,8.0,True,24.113948143001476,18.20870833324641,0.0427807486631016,0.8620518575100272,0.8882664159294642,0.542207781497088,False,Voi
932,9.0,True,34.734538629850455,23.530285346521758,0.0481283422459893,0.7960338030087197,0.8555734472513196,0.5147335119764075,False,Voi
933,5.0,True,45.58414036278167,28.851862359797096,0.026737967914438502,0.7285922045958011,0.8228804785731749,0.4761369921164682,False,Voi
934,0.0,True,56.53104926851248,34.17343937307245,0.0,0.6605457405452133,0.7901875098950303,0.43521997513207306,False,Voi
935,2.0,True,53.026957364806535,39.495016386347814,0.0106951871657754,0.6823273289195038,0.7574945412168855,0.43622463590722693,False,Mtito Andei
936,1.0,True,51.63392417930501,44.81659339962316,0.0053475935828877,0.6909864840650153,0.7248015725387409,0.42687545441428193,False,Mtito Andei
937,0.0,True,52.59929700042983,50.13817041289851,0.0,0.6849856844298146,0.6921086038605961,0.4131282864871232,False,Mtito Andei
938,0.0,True,55.800806120741946,55.45974742617385,0.0,0.6650849638575533,0.6594156351824516,0.3973501797120015,False,Mtito Andei
939,0.0,True,60.886729937728106,60.886729937728106,0.0,0.6334706391968812,0.6260751105927529,0.3778637249368902,False,Mtito Andei
940,0.0,True,67.43202355924844,67.43202355924844,0.0,0.5927848080684097,0.5858642710570643,0.3535947237376422,False,Mtito Andei
941,0.0,True,75.05585733359013,75.05585733359013,0.0,0.5453947242264023,0.5390274484065305,0.32532665178987985,False,Mtito Andei
942,0.0,True,83.4631993088297,83.4631993088297,0.0,0.49313431917455763,0.48737716369256645,0.29415344486013717,False,Mtito Andei
943,1.0,False,92.44051902521227,92.44045202892504,0.0053475935828877,0.43733090758028914,0.4322256472789714,0.2630060038909332,False,Mtito Andei
944,0.0,False,101.83719102781572,101.6408162917364,0.0,0.37892078385252304,0.37570345095986113,0.22638727044371526,False,Mtito Andei
945,0.0,False,111.5472877089399,110.84118055454768,0.0,0.31856239862891467,0.3191812546407514,0.1913230959808998,False,Mtito Andei
946,0.0,False,121.49568434313301,120.04154481735905,0.0,0.25672273048522354,0.26265905832164116,0.1558145366420594,False,Mtito Andei
947,0.0,False,131.62836029059773,129.2419090801704,0.0,0.19373757407870051,0.206136862002531,0.11996233082436945,False,Mtito Andei
948,0.0,False,124.50624832052517,149.7117547040101,0.0,0.23800893326413175,0.08038090279021592,0.09551695081630429,False,Meru
949,0.0,False,119.53355984675379,143.00167913468317,0.0,0.26891938208389987,0.12160407589637168,0.11715703739408145,False,Meru
950,0.0,False,115.41732100695496,136.86406019888457,0.0,0.29450610255888,0.15931037670267156,0.13614494377846548,False,Meru
951,2.0,False,112.25178861473735,131.3791525049126,0.0106951871657754,0.3141831902174099,0.19300676312989207,0.15643506087050074,False,Meru
952,0.0,False,110.1189815880662,126.631798738288,0.0,0.3274408118818455,0.22217200636684087,0.16488384547460588,False,Meru
953,0.0,False,109.07949470353284,122.70763297562002,0.0,0.3339023077733868,0.24628001571194846,0.1740546970456006,False,Meru
954,0.0,False,109.16456487140519,119.33642819591462,0.0,0.3333735078930048,0.26699092377464784,0.1801093295002958,False,Meru
955,0.0,False,110.37159182664979,115.97339155084025,0.0,0.32587057560175825,0.2876516511166728,0.1840566680155293,False,Meru
956,0.0,False,112.62674078713913,112.61035490576508,0.0,0.3118524711313426,0.3083123784587025,0.18604945487701352,False,Archer's Post
957,0.0,False,109.58979386383848,109.58979386383848,0.0,0.3307302658969258,0.32686911592351475,0.19727981454613214,False,Archer's Post
958,0.0,False,107.61729925018464,107.61729925018464,0.0,0.3429913785976726,0.3389870848002451,0.2045935390193753,False,Archer's Post
959,0.0,False,123.24905585347187,123.24905585347187,0.0,0.2458236965686137,0.24295379847538778,0.14663324851320042,False,Voi
960,0.0,False,112.3026065928903,112.3026065928903,0.0,0.3138673034448711,0.31020302213978956,0.18722109767539818,False,Voi
961,0.0,False,101.38955136670997,101.38955136670997,0.0,0.3817033315442375,0.37724709043051297,0.22768512659242512,False,Voi
962,0.0,False,90.52196863263605,90.52196863263605,0.0,0.4492567006458854,0.44401179965973203,0.2679805500916852,False,Voi
963,0.0,False,79.7184576112281,79.7184576112281,0.0,0.5164117971821791,0.5103828860042088,0.3080384049559164,False,Voi
964,0.0,False,69.00911651874983,69.00911651874983,0.0,0.5829815293257714,0.5761754418624704,0.3477470913564725,False,Voi
965,0.0,False,58.44573415984794,58.44573415984794,0.0,0.6486439756042212,0.6410713040727383,0.38691458390308786,False,Voi
966,1.0,False,48.12452098742228,48.12452098742228,0.0053475935828877,0.7128010876386736,0.7044794062433545,0.4273231855977635,False,Voi
967,5.0,False,38.24206060156884,38.24206060156884,0.026737967914438502,0.7742308931817974,0.7651920421878744,0.47252206777667694,False,Voi
968,7.0,False,29.246553264261433,29.246553264261433,0.0374331550802139,0.8301473598223886,0.8204557053630886,0.5101541815877287,True,Voi
969,2.0,True,22.241550229795045,22.241550229795045,0.0106951871657754,0.8736907647473658,0.8634907576088445,0.5254325315731732,False,Voi
970,18.0,True,19.504672143097192,19.504672143097192,0.0962566844919786,0.8907033185140124,0.8803046962855005,0.5698050782366453,False,Voi
971,22.0,True,22.640625304856876,22.62832314088201,0.11764705882352941,0.8712100966443853,0.8611146283832076,0.5667562410376896,False,Voi
972,8.0,True,29.852698252924064,27.949900154157334,0.0427807486631016,0.8263795360891626,0.8284216597050631,0.5135526582035084,False,Voi
973,2.0,True,38.93827515138986,33.271477167432685,0.0106951871657754,0.7699031931210898,0.7957286910269185,0.47396764011071263,False,Voi
974,5.0,True,48.86322697643446,38.59305418070802,0.026737967914438502,0.7082092589354168,0.7630357223487738,0.4520686815510326,False,Voi
975,2.0,True,59.20693058532724,43.91463119398337,0.0106951871657754,0.6439123453652322,0.7303427536706292,0.4165546045770686,False,Voi
976,1.0,True,63.88363472209295,49.23620820725874,0.0053475935828877,0.6148417481164449,0.6976497849924843,0.3958864973658338,False,Mtito Andei
977,0.0,True,62.73215048195789,54.55778522053409,0.0,0.6219994244637972,0.6649568163143397,0.38608687223344107,False,Mtito Andei
978,0.0,True,63.52910059867222,59.87936223380944,0.0,0.6170455477179402,0.632263847636195,0.37479281860624053,False,Mtito Andei
979,0.0,True,66.20415803906445,65.20093924708478,0.0,0.6004172737897984,0.5995708789580505,0.35999644582435464,False,Mtito Andei
980,0.0,True,70.54398954160891,70.52251626036012,0.0,0.5734406915539763,0.5668779102799058,0.3420955805501646,False,Mtito Andei
981,1.0,True,76.26492233806985,76.26492233806985,0.0053475935828877,0.5378791233320638,0.5315995892920822,0.3229826512203988,False,Mtito Andei
982,0.0,True,83.08214187186692,83.08214187186692,0.0,0.4955029888518875,0.48971818005296497,0.29556635067145576,False,Mtito Andei
983,0.0,True,90.7489185434307,90.7489185434307,0.0,0.4478459700844858,0.4426175388406913,0.2671390526775531,False,Mtito Andei
984,0.0,False,99.06820951035414,99.06820951035414,0.0,0.39613289394746065,0.391508193184788,0.2362923261396746,False,Mtito Andei
985,0.0,False,107.889174871127,107.889174871127,0.0,0.3413013878590998,0.33731682406030905,0.20358546357582263,False,Mtito Andei
986,0.0,False,117.09849688684226,117.05111593517644,0.0,0.28405583983553007,0.28103067965410067,0.16952595584688923,False,Mtito Andei
987,0.0,False,126.61146034993438,126.25148019798779,0.0,0.22492284330835755,0.22450848333499052,0.13482939799300442,False,Mtito Andei
988,0.0,False,136.36453281820826,135.45184446079915,0.0,0.16429731871412767,0.16798628701588025,0.09968508171900237,False,Mtito Andei
989,0.0,False,129.7335139721965,152.18102941324685,0.0,0.2055160215835462,0.06521097843782453,0.08121810000641122,False,Meru
990,0.0,False,125.95106472896249,146.42867359933538,0.0,0.2290278913423376,0.10055042536880154,0.09887349501334172,False,Meru
991,0.0,False,123.05680300229032,141.3154881491972,0.0,0.24701874869147367,0.1319631459495425,0.11369456839230485,False,Meru
992,0.0,False,121.11442037977835,136.91310357168553,0.0,0.2590926839396289,0.15900908002936354,0.12543052919069772,False,Meru
993,0.0,False,120.17008314349648,133.27774374277175,0.0,0.2649627254603586,0.18134281770223293,0.13389166294877744,False,Meru
994,0.0,False,120.2473074189191,129.91470709769655,0.0,0.264482695990247,0.202003545044263,0.139945872310353,False,Meru
995,0.0,False,121.34414283468826,126.55167045262142,0.0,0.2576647191228708,0.2226642723862926,0.144098697452749,False,Meru
996,0.0,False,123.19707227962058,123.19707227962058,0.0,0.24614682873494065,0.24327315819666184,0.14682599607948074,False,Archer's Post
997,0.0,False,114.7518912501847,114.7518912501847,0.0,0.29864244300093434,0.29515590614672393,0.17813950474429746,False,Voi
998,0.0,False,104.09592799086546,104.09592799086546,0.0,0.36488037620142477,0.36062053668825667,0.21765027386690444,False,Voi
999,0.0,False,93.54329427096671,93.54329427096671,0.0,0.4304760084702012,0.42545036491698374,0.25677791201615546,False,Voi
1000,0.0,False,83.13334819342899,83.13334819342899,0.0,0.49518468811975014,0.4894035953607252,0.2953764850441426,False,Voi
1001,0.0,False,72.92721892843008,72.92721892843008,0.0,0.5586264335573894,0.5521046825672669,0.33321933483739685,False,Voi
1002,0.0,False,63.02400288319041,63.02400288319041,0.0,0.6201852571861147,0.6129448303603451,0.36993902626393793,False,Voi
1003,1.0,False,53.59188948157758,53.59188948157758,0.0053475935828877,0.6788156861986294,0.6708907714297656,0.4070509747216736,False,Voi
1004,2.0,False,44.928568828651116,44.928568828651116,0.0106951871657754,0.7326672658952014,0.724113654430105,0.44131235096390203,False,Voi
1005,6.0,True,37.569694911937454,37.569694911937454,0.03208556149732621,0.7784103476855614,0.7693227031510705,0.47715413984992006,False,Voi
1006,7.0,True,32.416163476902604,32.416163476902604,0.0374331550802139,0.8104449242539377,0.8009832882308547,0.49840172577752323,False,Voi
1007,12.0,True,30.6031588785617,30.6031588785617,0.06417112299465241,0.8217146400510583,0.812121434385468,0.5158192715288189,False,Voi
1008,19.0,True,32.6912681328165,32.6912681328165,0.10160427807486631,0.8087348616928988,0.7992931899993403,0.5230501267376182,False,Voi
1009,6.0,True,38.04345792533736,37.69109197506827,0.03208556149732621,0.7754654160946044,0.768576903480662,0.47604692047151037,False,Voi
1010,1.0,True,45.52263579475734,43.01266898834361,0.0053475935828877,0.7289745196778992,0.7358839348025172,0.44159657377728,False,Voi
1011,18.0,True,54.25620746502035,48.334246001618965,0.0962566844919786,0.6746862565881544,0.7031909661243726,0.4518658406105496,False,Voi
1012,1.0,True,63.73053998886669,53.6558230148943,0.0053475935828877,0.6157933916671975,0.670497997446228,0.38802645416718273,False,Voi
1013,4.0,True,73.66035165581106,58.977400028169676,0.0213903743315508,0.5540692484919394,0.6378050287680832,0.36611843291062707,False,Voi
1014,10.0,True,73.83091007178365,64.29897704144501,0.053475935828877004,0.5530090499262119,0.6051120600899387,0.368826707336396,False,Mtito Andei
1015,4.0,True,74.5092423851767,69.62055405472036,0.0213903743315508,0.5487925066284516,0.5724190914117939,0.344919629144694,False,Mtito Andei
1016,0.0,True,76.80280671693072,74.9421310679957,0.0,0.5345356105318095,0.5397261227336493,0.32227851997963763,False,Mtito Andei
1017,0.0,True,80.57378629792336,80.26370808127106,0.0,0.5110950366946432,0.5070331540555046,0.30543845722504437,False,Mtito Andei
1018,0.0,True,85.62720921044094,85.62720921044094,0.0,0.47968273907617787,0.4740826256719607,0.28612960942444154,False,Mtito Andei
1019,0.0,True,91.75141893155562,91.75141893155562,0.0,0.4416143838706341,0.4364587040240505,0.26342192636840533,False,Mtito Andei
1020,0.0,True,98.74738879959823,98.74738879959823,0.0,0.39812712950282436,0.393479146799079,0.237481882890571,False,Mtito Andei
1021,0.0,False,106.44336857467552,106.44336857467552,0.0,0.3502885829680401,0.3461990970870148,0.20894630401651645,False,Mtito Andei
1022,0.0,False,114.69853805654812,114.69853805654812,0.0,0.29897408878368814,0.2954836800911934,0.17833733066246446,False,Mtito Andei
1023,0.0,False,123.40072346260615,123.40072346260615,0.0,0.24488092408357076,0.24202203250027432,0.14607088697515352,False,Mtito Andei
1024,0.0,False,132.46185288557535,132.46141557861654,0.0,0.18855654769134422,0.18635790834833965,0.11247433681190516,False,Mtito Andei
1025,0.0,False,141.8131389845983,141.6617798414279,0.0,0.13042854472323628,0.1298357120292295,0.07807927702573973,False,Mtito Andei
1026,0.0,False,136.57453431843035,156.19654903357346,0.0,0.16299194021335728,0.04054173906642755,0.06106010378393545,False,Meru
1027,0.0,False,133.9100798412177,151.41358152022792,0.0,0.17955430565911001,0.06992577442141834,0.0748440240241585,False,Meru
1028,0.0,False,132.12734592758036,147.3132832013729,0.0,0.19063585755752588,0.09511584950160024,0.08572551211773782,False,Meru
1029,0.0,False,131.26226266772818,143.85602264455366,0.0,0.1960132528980023,0.1163554389718483,0.09371060756095517,False,Meru
1030,0.0,False,131.33296486197537,140.4929859994785,0.0,0.19557376496944012,0.13701616631387803,0.09977697938499544,False,Meru
1031,0.0,False,132.33795267504422,137.1299493544041,0.0,0.18932671681345625,0.1576768936559031,0.10410108314080779,False,Meru
1032,0.0,False,107.88189524760993,107.88189524760993,0.0,0.34134663831694323,0.33736154623628034,0.20361245536596706,False,Voi
1033,0.0,False,97.73888172575697,97.73888172575697,0.0,0.40439605353753305,0.39967488353172964,0.24122128112077879,False,Voi
1034,0.0,False,87.82764188902453,87.82764188902453,0.0,0.4660047534047531,0.4605643252772018,0.27797072360458647,False,Voi
1035,0.0,False,78.236310997976,78.236310997976,0.0,0.525624885288134,0.5194884148131671,0.3135339900303903,False,Voi
1036,0.0,False,69.09823469060005,69.09823469060005,0.0,0.5824275668757976,0.5756279467132535,0.3474166540767153,False,Voi
1037,2.0,False,60.61874063474494,60.61874063474494,0.0106951871657754,0.6351364724132186,0.6277214958403308,0.38313546534237497,False,Voi
1038,5.0,False,53.114192029322,53.114192029322,0.026737967914438502,0.6817850744334168,0.6738254931871059,0.41737835745193225,False,Voi
1039,3.0,True,47.05340661113614,47.05340661113614,0.016042780748663103,0.7194591814008191,0.7110597692949981,0.43557279750821043,False,Voi
1040,10.0,True,43.05053719174855,43.05053719174855,0.053475935828877004,0.7443411926051839,0.7356512924890213,0.4653881198598124,False,Voi
1041,7.0,True,41.70245114238899,41.70245114238899,0.0374331550802139,0.752720954388606,0.7439332237430858,0.4639695154715931,False,Voi
1042,17.0,True,43.258064104494494,43.258064104494494,0.09090909090909091,0.7430511962482851,0.7343763563485972,0.47959190214270103,False,Voi
1043,9.0,True,47.43253934646304,47.43253934646304,0.0481283422459893,0.717102475752952,0.7087305772885721,0.447001252810853,False,Voi
1044,1.0,True,53.617641384519835,52.75386080925522,0.0053475935828877,0.6786556112447877,0.6760391785781119,0.4085474743800249,False,Voi
1045,1.0,True,61.20683904944105,58.07543782253056,0.0053475935828877,0.6314808269722597,0.6433462098999674,0.38458714849482317,False,Voi
1046,2.0,True,69.74326365470279,63.39701483580591,0.0106951871657754,0.5784180386523164,0.6106532412218226,0.3609994588285519,False,Voi
1047,6.0,True,78.92014004038892,68.71859184908128,0.03208556149732621,0.521374174082623,0.5779602725436779,0.34263455858682074,False,Voi
1048,12.0,True,84.92999387710294,74.04016886235662,0.06417112299465241,0.48401666005095323,0.5452673038655332,0.3344536383728069,False,Mtito Andei
1049,3.0,True,85.5203354691149,79.36174587563198,0.016042780748663103,0.4803470709217902,0.5125743351873886,0.3042935341322188,False,Mtito Andei
1050,0.0,True,87.5258344578054,84.68332288890733,0.0,0.46788080158378764,0.47988136650924385,0.28432865042790945,False,Mtito Andei
1051,0.0,True,90.8528239314572,90.00489990218267,0.0,0.44720008965267677,0.4471883978310992,0.2683165462451328,False,Mtito Andei
1052,0.0,True,95.36309314984261,95.326476915458,0.0,0.41916405912841925,0.4144954291529547,0.25009784648441213,False,Mtito Andei
1053,0.0,True,100.89808449069169,100.89808449069169,0.0,0.3847583111187478,0.38026640428126224,0.22950741462000301,False,Mtito Andei
1054,0.0,False,107.2993353785379,107.2993353785379,0.0,0.3449678559163126,0.34094048749846706,0.2057725030244339,False,Mtito Andei
1055,0.0,False,114.42155081741006,114.42155081741006,0.0,0.3006958535643023,0.29718534392332363,0.17936435924628777,False,Mtito Andei
1056,0.0,False,122.1386720504458,122.1386720504458,0.0,0.25272589080313534,0.24977541221930077,0.1507503909067308,False,Mtito Andei
1057,0.0,False,130.34507711851467,130.34507711851467,0.0,0.20171451834560306,0.19935957811951122,0.12032222893953429,False,Mtito Andei
1058,0.0,False,138.9541041056965,138.9541041056965,0.0,0.14820043044749964,0.14647024682934784,0.08840120318305425,False,Mtito Andei
1059,0.0,False,147.8954595875138,147.8954595875138,0.0,0.09262057410663882,0.09153926415673364,0.05524795147901174,False,Mtito Andei
1060,0.0,False,93.60905820337862,93.60905820337862,0.0,0.4300672169929697,0.42504634592465673,0.25653406887528796,False,Voi
1061,0.0,False,84.6751525331295,84.6751525331295,0.0,0.48560076497962534,0.4799315608754754,0.2896596977565302,False,Voi
1062,1.0,False,76.31203794483524,76.31203794483524,0.0053475935828877,0.5375862506618341,0.5313101357988056,0.32280795337134693,False,Voi
1063,0.0,False,68.72839889070022,68.72839889070022,0.0,0.5847264823668481,0.577900023240948,0.34878795168233884,False,Voi
1064,0.0,False,62.20995493379189,62.20995493379189,0.0,0.6252454148069754,0.6179459125669546,0.372957398212179,False,Voi
1065,1.0,True,57.12253646022415,57.12253646022415,0.0053475935828877,0.6568690303182633,0.6492003344035739,0.39395984684970625,False,Voi
1066,0.0,True,53.87309022540708,53.87309022540708,0.0,0.6770677300887566,0.6691632220421773,0.40386928563928015,False,Voi
1067,1.0,True,52.80204095695608,52.80204095695608,0.0053475935828877,0.6837254191377544,0.6757431851055449,0.40997961870614485,False,Voi
1068,5.0,True,54.039071124560245,54.039071124560245,0.026737967914438502,0.6760359855675798,0.6681435227455875,0.41394903965972557,False,Voi
1069,1.0,True,57.435240809023256,57.435240809023256,0.0053475935828877,0.6549252464234432,0.6472792434458925,0.39280038439395576,False,Voi
1070,1.0,True,62.64034295544445,62.49505263016547,0.0053475935828877,0.6225701040598609,0.616194422353715,0.37376839535722783,False,Voi
1071,0.0,True,69.2476587644731,67.81662964344082,0.0,0.5814987403039631,0.5835014536755703,0.34950005819386,False,Voi
1072,0.0,True,76.89657939821585,73.13820665671616,0.0,0.5339527154478232,0.5508084849974257,0.3254283601335747,False,Voi
1073,0.0,True,85.30738304467745,78.45978366999152,0.0,0.481670792496415,0.518115516319281,0.29993589264470877,False,Voi
1074,4.0,True,94.2763771085659,83.78136068326687,0.0213903743315508,0.42591913352181454,0.48542254764113635,0.28195865408150556,False,Voi
1075,0.0,True,96.55179105892664,89.10293769654223,0.0,0.4117750609889398,0.4527295789629916,0.25935139198557944,False,Mtito Andei
1076,0.0,True,98.3325595897505,94.42451470981759,0.0,0.4007057259959641,0.42003661028484685,0.24622270088424328,False,Mtito Andei
1077,0.0,True,101.30526242134233,99.7460917230929,0.0,0.382227275311397,0.3873436416067024,0.23087127507542982,False,Mtito Andei
1078,0.0,False,105.36906620561005,105.06766873636825,0.0,0.3569664934325918,0.3546506729285578,0.21348514990834488,False,Mtito Andei
1079,0.0,False,110.40355081168103,110.40355081168103,0.0,0.32567191715445143,0.3218698214773249,0.1942625215895329,False,Mtito Andei
1080,0.0,False,116.28270701446812,116.28270701446812,0.0,0.2891268253257153,0.2857513796860752,0.17246346150353717,False,Mtito Andei
1081,0.0,False,122.88536067977272,122.88536067977272,0.0,0.24808444165890453,0.24518815022722318,0.1479817775658383,False,Mtito Andei
1082,0.0,False,130.10140578865023,130.10140578865023,0.0,0.20322918997853312,0.20085656653763373,0.12122572695485005,False,Mtito Andei
1083,0.0,False,137.83453742429077,137.83453742429077,0.0,0.15515970585524774,0.15334827534551587,0.09255239436022908,False,Mtito Andei
1084,0.0,False,146.00261513326882,146.00261513326882,0.0,0.10438657793642392,0.10316790437012469,0.062266344691964584,False,Mtito Andei
1085,0.0,False,154.53668672693422,154.53668672693422,0.0,0.05133841603937117,0.0507390595722883,0.03062324268349784,False,Mtito Andei
1086,0.0,False,100.28976456079816,100.28976456079816,0.0,0.3885396543816927,0.3840036018008486,0.23176297685476238,False,Voi
1087,0.0,False,92.00686145307613,92.00686145307613,0.0,0.44002654199606284,0.4348893995990082,0.2624747824785213,False,Voi
1088,0.0,False,84.37362285235102,84.37362285235102,0.0,0.4874750866497852,0.48178400055353143,0.29077772616099495,False,Voi
1089,0.0,False,77.58204632526781,77.58204632526781,0.0,0.5296918230798333,0.5235078726540864,0.3159599087201759,False,Voi
1090,0.0,False,71.87113183191995,71.87113183191995,0.0,0.5651911170918751,0.5585927259201051,0.3371351529035941,False,Voi
1091,0.0,False,67.51566684545473,67.51566684545473,0.0,0.5922648777468071,0.5853504107240731,0.35328458654126405,False,Voi
1092,0.0,False,64.78958981481246,64.78958981481246,0.0,0.6092102916770922,0.6020979933964027,0.36339248552204845,False,Voi
1093,1.0,True,63.901773270832365,63.901773270832365,0.0053475935828877,0.6147289981049708,0.6075522710272389,0.36882341817281794,False,Voi
1094,0.0,True,64.92766980218896,64.92766980218896,0.0,0.6083519804425663,0.6012497026188537,0.362880504918426,False,Voi
1095,2.0,True,67.78043954362711,67.78043954362711,0.0106951871657754,0.5906190390865136,0.5837237866037074,0.3565809225733764,False,Voi
1096,4.0,True,72.24398704053161,72.24398704053161,0.0213903743315508,0.5628734328243478,0.5563020997342555,0.34430880950020126,False,Voi
1097,2.0,True,78.04242014633904,77.55782146435173,0.0106951871657754,0.5268301192933923,0.5236566974511693,0.3194241198896786,False,Voi
1098,0.0,True,84.90267970495933,82.87939847762709,0.0,0.48418644613840933,0.4909637287730245,0.29254505247343016,False,Voi
1099,0.0,True,92.58904200750821,88.20097549090245,0.0,0.43640768223306836,0.45827076009487977,0.26840353269838446,False,Voi
1100,0.0,True,100.91291482587016,93.52255250417781,0.0,0.38466612510731113,0.42557779141673513,0.24307317495721387,False,Voi
1101,0.0,False,107.59734631775751,98.84412951745314,0.0,0.3431154068974235,0.3928848227385905,0.22080006889080417,False,Mtito Andei
1102,0.0,False,109.19813575976768,104.16570653072849,0.0,0.3331648297841636,0.36019185406044585,0.20800700515338283,False,Mtito Andei
1103,0.0,False,111.88251325472562,109.48728354400384,0.0,0.3164786219896293,0.3274988853823011,0.19319325221157913,False,Mtito Andei
1104,0.0,False,115.57500028543826,114.80886055727915,0.0,0.2935259612745016,0.2948059167041568,0.17649956339359751,False,Mtito Andei
1105,0.0,False,120.18271343984647,120.1304375705545,0.0,0.2648842149864039,0.26211294802601204,0.15809914890372478,False,Mtito Andei
1106,0.0,False,125.60497015862649,125.60497015862649,0.0,0.23117923031311716,0.2284803007895191,0.13789785933079085,False,Mtito Andei
1107,0.0,False,131.74123290501973,131.74123290501973,0.0,0.19303595297582077,0.19078233169722802,0.11514548540191463,False,Mtito Andei
1108,0.0,False,138.4966294395638,138.4966294395638,0.0,0.15104411296017295,0.14928073043103418,0.09009745301736213,False,Mtito Andei
1109,0.0,False,145.78511681548645,145.78511681548645,0.0,0.10573855698270007,0.10450409957561924,0.06307279696749579,False,Mtito Andei
1110,0.0,False,153.53079236325928,153.53079236325928,0.0,0.05759109935353157,0.0569187451886215,0.03435295336264592,False,Mtito Andei
1111,0.0,False,161.6679563873912,161.6679563873912,0.0,0.007010132250392487,0.006928291624531457,0.004181527162477184,False,Mtito Andei
1112,0.0,False,107.70254395137161,107.70254395137161,0.0,0.3424614938105811,0.33846338621636085,0.20427746400808258,False,Voi
1113,0.0,False,100.03531202721544,100.03531202721544,0.0,0.39012134244798813,0.38556682426098443,0.23270645001269175,False,Voi
1114,0.0,False,93.06293210063595,93.06293210063595,0.0,0.4334619607089709,0.42840145729986434,0.2585590254026505,False,Voi
1115,1.0,False,86.95271709356074,86.95271709356074,0.0053475935828877,0.471443324160588,0.46593940278946444,0.2833538555181708,False,Voi
1116,0.0,False,81.89786742484827,81.89786742484827,0.0,0.5028644905578985,0.4969937390284571,0.2999574688759067,False,Voi
1117,0.0,False,78.1035618107346,78.1035618107346,0.0,0.5264500600361066,0.5203039559600311,0.3140262047988413,False,Voi
1118,0.0,False,75.75943536160005,75.75943536160005,0.0,0.5410212524635472,0.5347050352618974,0.3227178863176333,False,Voi
1119,1.0,False,75.00158481721351,75.00158481721351,0.0053475935828877,0.5457320845594753,0.5393608701861192,0.32766692385683344,False,Voi
1120,0.0,False,75.87755533673239,75.87755533673239,0.0,0.5402870135372243,0.5339793682955768,0.3222799145498403,False,Voi
1121,1.0,False,78.33255442447985,78.33255442447985,0.0053475935828877,0.5250266319439163,0.5188971458490389,0.3153161707710416,False,Voi
1122,0.0,False,82.22526838782166,82.22526838782166,0.0,0.5008293518672464,0.4949823598074138,0.29874351350239803,False,Voi
1123,1.0,True,87.36372496771479,87.29901328526266,0.0053475935828877,0.46888848125708205,0.46381194122676817,0.2819491641783102,False,Voi
1124,0.0,False,93.54285712452726,92.62059029853802,0.0,0.43047872579156865,0.4311189725486234,0.2584793095020576,False,Voi
1125,0.0,False,100.57102862059695,97.94216731181336,0.0,0.3867913046969884,0.3984260038704788,0.23556519257024017,False,Voi
1126,0.0,False,108.28304334747031,103.26374432508872,0.0,0.3388530842012403,0.365733035192334,0.2113758358180723,False,Voi
1127,0.0,False,116.5432244078365,108.58532133836407,0.0,0.2875074378260062,0.3330400665141894,0.18616425130205866,False,Voi
1128,0.0,False,120.1065919562514,113.90689835163943,0.0,0.2653573894543322,0.30034709783604463,0.16971134618711303,False,Mtito Andei
1129,0.0,False,122.55226374951496,119.22847536491476,0.0,0.2501549867310645,0.2676541291579001,0.1553427347666894,False,Mtito Andei
1130,0.0,False,125.93228842880556,124.55005237819012,0.0,0.22914460564448758,0.23496116047975535,0.1392317298372729,False,Mtito Andei
1131,0.0,False,130.17390363548708,129.8716293914654,0.0,0.20277854019501784,0.20226819180161093,0.12151401959898862,False,Mtito Andei
1132,0.0,False,135.19603953698598,135.19603953698598,0.0,0.17156072400403743,0.16955781784989366,0.10233556255617933,False,Mtito Andei
1133,0.0,False,140.9152689571697,140.9152689571697,0.0,0.13600974404348798,0.13442188204914352,0.08112948782778945,False,Mtito Andei
1134,0.0,False,147.25038860409393,147.25038860409393,0.0,0.09663036352403132,0.09550224080886438,0.0576397812998687,False,Mtito Andei
1135,0.0,False,154.12547116827204,154.12547116827204,0.0,0.053894549918853785,0.05326535156163115,0.032147970444145475,False,Mtito Andei
1136,0.0,False,161.47156028733687,161.47156028733687,0.0,0.00823093898927263,0.008134845909392618,0.004909735469599575,False,Mtito Andei
1137,1.0,False,115.7067805771731,115.7067805771731,0.0053475935828877,0.2927068092233306,0.2892895686342818,0.1767379507904388,False,Voi
1138,0.0,False,108.60609904751804,108.60609904751804,0.0,0.33684495585478735,0.3329124192034617,0.2009272125174747,False,Voi
1139,0.0,False,102.22000992518306,102.22000992518306,0.0,0.3765411648603566,0.37214519007786784,0.22460590648146733,False,Voi
1140,0.0,False,96.69020688720113,96.69020688720113,0.0,0.41091466215271844,0.40611738987241364,0.2451096156075396,False,Voi
1141,0.0,False,92.17093786370502,92.17093786370502,0.0,0.43900663585876376,0.43388140047767043,0.2618664109009302,False,Voi
1142,0.0,False,88.81659453874704,88.81659453874704,0.0,0.4598573805247389,0.4544887206357787,0.27430383034815525,False,Voi
1143,0.0,False,86.76239475859,86.76239475859,0.0,0.4726263761103333,0.46710864305798405,0.2819205057504952,False,Voi
1144,0.0,False,86.10144495320982,86.10144495320982,0.0,0.4767348689788088,0.47116917083597454,0.284371211944435,False,Voi
1145,0.0,False,86.86555417319246,86.86555417319246,0.0,0.4719851326819212,0.4664748859025317,0.28153800557533587,False,Voi
1146,1.0,False,89.01803289559395,89.01803289559395,0.0053475935828877,0.45860523089732974,0.4532511893786826,0.27569596351595876,False,Voi
1147,2.0,False,92.46196980048745,92.46196980048745,0.0106951871657754,0.43719756862395087,0.43209345341426575,0.26506538147777514,False,Voi
1148,0.0,False,97.05998937858722,97.05998937858722,0.0,0.40861607802971844,0.40384564084417385,0.24373851566216767,False,Voi
1149,0.0,False,102.65713427208392,102.36178211944964,0.0,0.3738239808211751,0.371274216324218,0.2235294591436179,False,Voi
1150,0.0,False,109.09973829364522,107.683359132725,0.0,0.333776472732765,0.3385812476460732,0.20170731611365145,False,Voi
1151,0.0,False,116.24731641860417,113.00493614600035,0.0,0.2893468148158922,0.3058882789679286,0.17857052813514623,False,Voi
1152,0.0,False,123.97799906964252,118.3265131592757,0.0,0.24129255368789526,0.27319531028978383,0.15434635919330372,False,Voi
1153,0.0,False,131.04722053245735,123.64809017255104,0.0,0.19734996420647122,0.2405023416116393,0.13135569174543316,False,Mtito Andei
1154,1.0,False,133.29230258371155,128.96966718582638,0.0053475935828877,0.18339443608370465,0.20780937293349455,0.11950018013831484,False,Mtito Andei
1155,0.0,False,136.40645823000065,134.2912441991017,0.0,0.1640367085226202,0.17511640425535013,0.10174593383339109,False,Mtito Andei
1156,0.0,False,140.331841595691,139.61282121237707,0.0,0.13963635401355956,0.14242343557720527,0.08461793687722945,False,Mtito Andei
1157,0.0,False,145.00258509565722,144.9343982256524,0.0,0.11060280834355019,0.10973046689906085,0.06609998257278331,False,Mtito Andei
1158,0.0,False,150.34923878493203,150.34923878493203,0.0,0.07736777540491702,0.07646453607440873,0.046149693443797726,False,Mtito Andei
1159,0.0,False,156.3024552654043,156.3024552654043,0.0,0.04036232165424658,0.03989110691144271,0.024076028569706788,False,Mtito Andei
1160,0.0,False,162.7957046140312,162.7957046140312,0.0,0.0,0.0,0.0,False,Mtito Andei
1161,1.0,False,117.60070513502879,117.60070513502879,0.0053475935828877,0.28093409142230963,0.2776542928327135,0.169715552709662,False,Voi
1162,0.0,False,111.72990435439034,111.72990435439034,0.0,0.3174272455819046,0.313721403307341,0.18934459466677367,False,Voi
1163,0.0,False,106.6941292003756,106.6941292003756,0.0,0.34872984396245,0.34465855576603543,0.20801651991854564,False,Voi
1164,0.0,False,102.61638701792057,102.61638701792057,0.0,0.37407726753338433,0.36971005781439137,0.2231361976043327,False,Voi
1165,0.0,False,99.6143993777851,99.6143993777851,0.0,0.3927377538673711,0.38815269007289177,0.23426713318207884,False,Voi
1166,0.0,False,97.7872908009118,97.7872908009118,0.0,0.4040951406112804,0.3993774836493589,0.24104178727819175,False,Voi
1167,0.0,False,97.20133703281712,97.20133703281712,0.0,0.4077374548352608,0.40297727524109417,0.24321441902290647,False,Voi
1168,0.0,False,97.87883121366191,97.87883121366191,0.0,0.40352612140604016,0.3988151075267625,0.2407023686798408,False,Voi
1169,0.0,False,99.79404430394496,99.79404430394496,0.0,0.39162107315731165,0.38704904618509683,0.23360103580272254,False,Voi
1170,0.0,False,102.8778739930163,102.8778739930163,0.0,0.37245185307129514,0.3681036194474897,0.22216664175563544,False,Voi
1171,0.0,False,107.02935408619518,107.02935408619518,0.0,0.34664607142554305,0.3425991104803815,0.20677355457177735,False,Voi
1172,0.0,False,112.12996171805891,112.10297394035987,0.0,0.31494047153002636,0.3114294600998211,0.18791097948895424,False,Voi
1173,0.0,False,118.0567405685866,117.42455095363522,0.0,0.27809935524220486,0.27873649142167645,0.1670507539991644,False,Voi
1174,0.0,False,124.69193908374257,122.74612796691059,0.0,0.23685467136676785,0.2460435227435317,0.14486945823308986,False,Voi
1175,0.0,False,131.92871314179098,128.0677049801859,0.0,0.19187056763266042,0.21335055406538705,0.12156633650941424,False,Voi
1176,0.0,False,139.67358744599557,133.38928199346128,0.0,0.1437280905685201,0.1806575853872423,0.09731570278672871,False,Voi
1177,0.0,False,144.08691302822874,138.7108590067366,0.0,0.11629466592224813,0.14796461670909777,0.07927778478940377,False,Mtito Andei
1178,0.0,False,146.9725226863496,144.03243602001194,0.0,0.09835759020925328,0.11527164803095313,0.06408877147206192,False,Mtito Andei
1179,0.0,False,150.62279490028976,149.3540130332873,0.0,0.07566733863963393,0.08257867935280849,0.04747380539773273,False,Mtito Andei
1180,0.0,False,154.98370966769363,154.6755900465626,0.0,0.04855970190827541,0.049885710674664074,0.02953362377488184,False,Mtito Andei
1181,0.0,False,116.89610046431592,116.89610046431592,0.0,0.2853139448410623,0.28198301312984064,0.17018908739127087,False,Voi
1182,0.0,False,113.18650088481688,113.18650088481688,0.0,0.30837297790712814,0.3047728407614765,0.18394374560058138,False,Voi
1183,0.0,False,110.47212164765314,110.47212164765314,0.0,0.3252456778420505,0.3214485583466631,0.19400827085661407,False,Voi
1184,0.0,False,108.82745673826568,108.82745673826568,0.0,0.33546898677753534,0.331552514041472,0.2001064502457022,False,Voi
1185,0.0,False,108.30125123425077,108.30125123425077,0.0,0.3387399031814736,0.33478524374135443,0.2020575440768484,False,Voi
1186,0.0,False,108.90971810490338,108.90971810490338,0.0,0.33495764652835014,0.33104714349507225,0.1998014370070267,False,Voi
1187,0.0,False,110.63413748240063,110.63413748240063,0.0,0.32423858033446096,0.3204532183191582,0.19340753959608573,False,Voi
1188,0.0,False,113.42362212193692,113.42362212193692,0.0,0.3068990219368841,0.3033160926661752,0.1830645343809178,False,Voi
1189,0.0,False,117.20214901632626,117.20214901632626,0.0,0.2834115336698866,0.28010281188500197,0.16905430366646657,False,Voi
1190,0.0,False,121.87776422641805,121.87776422641805,0.0,0.25434770523688177,0.2513782925868202,0.1517177993471106,False,Voi
1191,0.0,False,127.35169842454228,127.16574277454684,0.0,0.22032149109409793,0.218891735197271,0.13176396788741068,False,Voi
1192,0.0,False,133.52580563471903,132.48731978782223,0.0,0.1819429709164221,0.18619876651912604,0.11044252123066443,False,Voi
1193,0.0,False,140.30768492561612,137.80889680109755,0.0,0.13978651293019884,0.15350579784098162,0.08798769323135414,False,Voi
1194,0.0,False,147.61359059372265,143.13047381437286,0.0,0.09437268408747057,0.12081282916283709,0.06455565397509229,False,Voi
1195,0.0,False,154.92468842615574,148.45205082764824,0.0,0.04892658052443222,0.08811986048469234,0.04111393230273736,False,Mtito Andei
1196,0.0,False,157.61200145524018,153.77362784092355,0.0,0.032222125321508144,0.05542689180654781,0.026294705138416787,False,Mtito Andei
1197,0.0,False,119.40118138796265,119.40118138796265,0.0,0.26974225236762794,0.26659311423921217,0.16090060998205202,False,Voi
1198,0.0,False,119.95335675014006,119.95335675014006,0.0,0.26630990619067607,0.2632008393974734,0.15885322367644483,False,Voi
1199,0.0,False,121.52116471796829,121.52116471796829,0.0,0.25656434336195844,0.25356905230547255,0.1530400187002293,False,Voi
1200,0.0,False,124.06610799568425,124.06610799568425,0.0,0.24074486475396284,0.2379342600890929,0.1436037374529167,False,Voi
1201,0.0,False,127.52970176387147,127.52970176387147,0.0,0.2192150145595022,0.21665576270106623,0.1307612331781705,False,Voi
1202,0.0,False,131.83956352615553,131.83956352615553,0.0,0.19242472553857715,0.19017824010767181,0.11478088969387468,False,Voi
1203,0.0,False,136.9157996344922,136.90693459545776,0.0,0.1608706200981458,0.1590469789728699,0.09597527972130471,False,Voi
1204,0.0,False,142.67663392559277,142.2285116087331,0.0,0.12506102244217643,0.12635401029472526,0.0754245098210705,False,Voi
1205,0.0,False,149.04270377017056,147.55008862200845,0.0,0.08548925414182851,0.09366104161658062,0.05374508872752273,False,Voi
1206,0.0,False,134.78241818254207,134.78241818254207,0.0,0.17413181241521325,0.17209888978246413,0.10386921065930321,False,Voi
1207,0.0,False,137.9772659894334,137.9772659894334,0.0,0.15427249885822192,0.15247142615249587,0.09202317750321533,False,Voi
1208,0.0,False,141.9703194639783,141.9703194639783,0.0,0.12945150399587757,0.12794020695792374,0.07721751328614039,False,Voi
