{
"type": "FeatureCollection",
"name": "protected_areas_kenya",
"crs": { "type": "name", "properties": { "name": "urn:ogc:def:crs:OGC:1.3:CRS84" } },
"features": [
{ "type": "Feature", "properties": { "query_name": "Masai Mara National Reserve, Kenya", "display_name": "Masai Mara National Reserve, Narok, Kenya" }, "geometry": { "type": "Polygon", "coordinates": [ [ [ 34.7817219, -1.4183105 ], [ 34.7823364, -1.4187021 ], [ 34.7828792, -1.4190483 ], [ 34.7855745, -1.4206243 ], [ 34.7867582, -1.4212736 ], [ 34.7876003, -1.4217368 ], [ 34.7878883, -1.4218943 ], [ 34.7882994, -1.4221203 ], [ 34.7884331, -1.4221948 ], [ 34.7890824, -1.4225501 ], [ 34.7932415, -1.4247989 ], [ 34.8300505, -1.4450907 ], [ 34.8389857, -1.4502843 ], [ 34.8469693, -1.4549074 ], [ 34.8861395, -1.4770732 ], [ 34.8897189, -1.4791169 ], [ 34.9220234, -1.4972532 ], [ 34.9311175, -1.502275 ], [ 34.9347185, -1.5041823 ], [ 34.9753862, -1.527747 ], [ 34.9801185, -1.5305804 ], [ 34.9987648, -1.541173 ], [ 35.0017736, -1.5429916 ], [ 35.0166568, -1.5515005 ], [ 35.0168676, -1.551621 ], [ 35.0169859, -1.5509258 ], [ 35.2574683, -1.6865659 ], [ 35.3269707, -1.725725 ], [ 35.3270203, -1.7256071 ], [ 35.3272989, -1.7255284 ], [ 35.3273741, -1.7254584 ], [ 35.3274408, -1.7254891 ], [ 35.3275074, -1.7253302 ], [ 35.3274613, -1.7251968 ], [ 35.3274339, -1.7250994 ], [ 35.32721, -1.7250225 ], [ 35.3271365, -1.7249302 ], [ 35.3271929, -1.7248037 ], [ 35.327251, -1.7247883 ], [ 35.3273775, -1.7247028 ], [ 35.3274544, -1.7246687 ], [ 35.32741, -1.7244687 ], [ 35.3274989, -1.724243 ], [ 35.3272755, -1.7239772 ], [ 35.3272587, -1.7236514 ], [ 35.327065, -1.7233585 ], [ 35.3271137, -1.7229873 ], [ 35.3269136, -1.7222251 ], [ 35.327096, -1.7219621 ], [ 35.3270009, -1.7218507 ], [ 35.3271274, -1.7214368 ], [ 35.3271446, -1.7212865 ], [ 35.327313, -1.7211717 ], [ 35.3277246, -1.7209227 ], [ 35.3271512, -1.7204993 ], [ 35.3271611, -1.7200676 ], [ 35.3269509, -1.7199949 ], [ 35.3266844, -1.7199791 ], [ 35.3265236, -1.7196039 ], [ 35.3263678, -1.7193225 ], [ 35.3265266, -1.7187533 ], [ 35.3264776, -1.7180908 ], [ 35.3260886, -1.7176194 ], [ 35.3258011, -1.7173572 ], [ 35.3258164, -1.7171103 ], [ 35.3257733, -1.7167775 ], [ 35.3251691, -1.7166671 ], [ 35.3248072, -1.7163097 ], [ 35.3249651, -1.7158785 ], [ 35.3251115, -1.7157471 ], [ 35.3251272, -1.7156154 ], [ 35.3251608, -1.715446 ], [ 35.3253872, -1.7154446 ], [ 35.3254951, -1.7151223 ], [ 35.3254871, -1.7147829 ], [ 35.3256935, -1.7146292 ], [ 35.3255544, -1.7144617 ], [ 35.3257579, -1.7141945 ], [ 35.3260269, -1.7142095 ], [ 35.3262481, -1.7139115 ], [ 35.3263413, -1.7136361 ], [ 35.3261671, -1.713505 ], [ 35.3263886, -1.7130457 ], [ 35.3263634, -1.712804 ], [ 35.3263373, -1.7126772 ], [ 35.326215, -1.712623 ], [ 35.3260196, -1.7125458 ], [ 35.3259678, -1.7124417 ], [ 35.3258836, -1.7120989 ], [ 35.3259105, -1.7119116 ], [ 35.3260241, -1.7116896 ], [ 35.3264394, -1.7112988 ], [ 35.3266494, -1.7109839 ], [ 35.3267086, -1.7108263 ], [ 35.326875, -1.7105653 ], [ 35.3270374, -1.7104425 ], [ 35.3271191, -1.7103407 ], [ 35.3271657, -1.7101915 ], [ 35.327087, -1.7100171 ], [ 35.327014, -1.7098957 ], [ 35.3269697, -1.7096953 ], [ 35.3269667, -1.7094637 ], [ 35.327022, -1.7090462 ], [ 35.3270459, -1.7088577 ], [ 35.3270974, -1.7086893 ], [ 35.3271495, -1.7085499 ], [ 35.3271697, -1.7084276 ], [ 35.3272758, -1.7082135 ], [ 35.3272411, -1.7079554 ], [ 35.327264, -1.7078741 ], [ 35.3272711, -1.7075979 ], [ 35.3272259, -1.7075098 ], [ 35.3271262, -1.7073906 ], [ 35.3267096, -1.7069904 ], [ 35.3265784, -1.7069601 ], [ 35.3264099, -1.706916 ], [ 35.3262554, -1.7068288 ], [ 35.3260869, -1.706679 ], [ 35.3259604, -1.7065406 ], [ 35.3259198, -1.7063693 ], [ 35.3259226, -1.7062337 ], [ 35.3258904, -1.7061005 ], [ 35.3258931, -1.7060693 ], [ 35.3259746, -1.7060127 ], [ 35.3259793, -1.7059496 ], [ 35.3259029, -1.7059547 ], [ 35.3257629, -1.7059972 ], [ 35.3253339, -1.7059293 ], [ 35.3252157, -1.7058664 ], [ 35.3251521, -1.7057809 ], [ 35.3251173, -1.705577 ], [ 35.3251448, -1.7054385 ], [ 35.3251809, -1.7052954 ], [ 35.3253141, -1.7050739 ], [ 35.3253042, -1.7048971 ], [ 35.3252298, -1.7048705 ], [ 35.325127, -1.704858 ], [ 35.3250755, -1.7047734 ], [ 35.3250991, -1.7046679 ], [ 35.3251863, -1.7045388 ], [ 35.3252104, -1.7043778 ], [ 35.3248197, -1.7044223 ], [ 35.3247369, -1.7042664 ], [ 35.3246064, -1.7040628 ], [ 35.3245408, -1.7038156 ], [ 35.3243983, -1.7035305 ], [ 35.3241068, -1.7031155 ], [ 35.3240021, -1.7029931 ], [ 35.3238213, -1.7028584 ], [ 35.3237375, -1.7027629 ], [ 35.3237111, -1.7024766 ], [ 35.3237335, -1.7024 ], [ 35.3235744, -1.7021662 ], [ 35.3236034, -1.7020614 ], [ 35.3238167, -1.7018856 ], [ 35.3237832, -1.701741 ], [ 35.3236547, -1.7017775 ], [ 35.3236083, -1.7016791 ], [ 35.3237883, -1.7011833 ], [ 35.3237227, -1.7009908 ], [ 35.3234522, -1.7008695 ], [ 35.3231584, -1.7008172 ], [ 35.3230095, -1.7007646 ], [ 35.3229353, -1.7006317 ], [ 35.3229554, -1.7004803 ], [ 35.3229905, -1.7004153 ], [ 35.3228963, -1.7002638 ], [ 35.3226164, -1.7000392 ], [ 35.3224096, -1.6999971 ], [ 35.3223618, -1.699959 ], [ 35.3223456, -1.6998947 ], [ 35.3224288, -1.6997908 ], [ 35.3223748, -1.6997285 ], [ 35.3223357, -1.6996173 ], [ 35.3222039, -1.699485 ], [ 35.3220026, -1.6994812 ], [ 35.3219457, -1.6994423 ], [ 35.3219417, -1.6993045 ], [ 35.3219038, -1.6992671 ], [ 35.3217975, -1.6992536 ], [ 35.3217381, -1.699289 ], [ 35.3217506, -1.6993775 ], [ 35.3216679, -1.6994152 ], [ 35.3214709, -1.6995296 ], [ 35.32129, -1.6995508 ], [ 35.3212564, -1.6994831 ], [ 35.3212409, -1.6993358 ], [ 35.3212684, -1.6991771 ], [ 35.3212213, -1.6991114 ], [ 35.3211599, -1.6991019 ], [ 35.3210124, -1.6991652 ], [ 35.3209686, -1.6991071 ], [ 35.3209971, -1.6989804 ], [ 35.3209784, -1.6988945 ], [ 35.3209836, -1.6987849 ], [ 35.3210103, -1.6987159 ], [ 35.3208969, -1.6984098 ], [ 35.3209213, -1.6983418 ], [ 35.3209188, -1.6982765 ], [ 35.320963, -1.6981449 ], [ 35.3209465, -1.6980814 ], [ 35.3209686, -1.6980164 ], [ 35.3210559, -1.6979098 ], [ 35.3210514, -1.6978518 ], [ 35.3210056, -1.6978566 ], [ 35.3209529, -1.6979089 ], [ 35.3207964, -1.6978186 ], [ 35.3207433, -1.6977508 ], [ 35.3207356, -1.6976909 ], [ 35.3207485, -1.6976358 ], [ 35.3207452, -1.6976146 ], [ 35.3206439, -1.6975631 ], [ 35.3205607, -1.6974204 ], [ 35.3205581, -1.6973946 ], [ 35.3204936, -1.6973276 ], [ 35.3203176, -1.6972169 ], [ 35.3201226, -1.6972167 ], [ 35.3201043, -1.6970938 ], [ 35.320093, -1.6968091 ], [ 35.3202003, -1.6966643 ], [ 35.3201778, -1.6966171 ], [ 35.320118, -1.6965333 ], [ 35.3200182, -1.6965022 ], [ 35.3200015, -1.6964062 ], [ 35.320099, -1.69631 ], [ 35.319941, -1.6962525 ], [ 35.3199919, -1.6961527 ], [ 35.3200909, -1.6960773 ], [ 35.3200933, -1.6959418 ], [ 35.3201091, -1.6958977 ], [ 35.320127, -1.6957586 ], [ 35.3201566, -1.6955224 ], [ 35.3200293, -1.6953387 ], [ 35.3200835, -1.6952818 ], [ 35.3202112, -1.6953074 ], [ 35.3203063, -1.69519 ], [ 35.3203597, -1.6950596 ], [ 35.3204191, -1.6949572 ], [ 35.3204306, -1.6948722 ], [ 35.320332, -1.694736 ], [ 35.3203461, -1.6946728 ], [ 35.3204559, -1.6945742 ], [ 35.3204536, -1.6944893 ], [ 35.3204853, -1.6943641 ], [ 35.3205857, -1.6942681 ], [ 35.3206389, -1.6941892 ], [ 35.3206576, -1.6940911 ], [ 35.3206904, -1.6940186 ], [ 35.320653, -1.6939424 ], [ 35.320681, -1.693886 ], [ 35.3206681, -1.693821 ], [ 35.3207025, -1.6937495 ], [ 35.3207728, -1.693695 ], [ 35.3208408, -1.6936572 ], [ 35.320925, -1.693654 ], [ 35.3209298, -1.6935681 ], [ 35.3208531, -1.6935315 ], [ 35.3207254, -1.693561 ], [ 35.3205751, -1.6935238 ], [ 35.3205238, -1.6934239 ], [ 35.3206204, -1.6932524 ], [ 35.3207488, -1.6932579 ], [ 35.3207971, -1.6931883 ], [ 35.3207027, -1.6931219 ], [ 35.3207038, -1.6930897 ], [ 35.3207389, -1.6930336 ], [ 35.3206987, -1.6929114 ], [ 35.3207448, -1.6928272 ], [ 35.3207463, -1.6927206 ], [ 35.3207154, -1.6927083 ], [ 35.3206315, -1.6927268 ], [ 35.3205375, -1.6926095 ], [ 35.3205335, -1.6925083 ], [ 35.3203835, -1.6924286 ], [ 35.3203884, -1.6922016 ], [ 35.3204693, -1.6920421 ], [ 35.3203423, -1.691914 ], [ 35.3203553, -1.6918879 ], [ 35.3204804, -1.6918401 ], [ 35.3205635, -1.6917744 ], [ 35.3206583, -1.6917333 ], [ 35.3207632, -1.6916167 ], [ 35.3207826, -1.6915486 ], [ 35.3204122, -1.6913706 ], [ 35.3204485, -1.6911252 ], [ 35.3205692, -1.6910285 ], [ 35.3205985, -1.6908133 ], [ 35.3206121, -1.6907337 ], [ 35.320578, -1.690504 ], [ 35.3209685, -1.6901382 ], [ 35.3209743, -1.6899786 ], [ 35.3211982, -1.6896931 ], [ 35.3214003, -1.689519 ], [ 35.3213911, -1.6893076 ], [ 35.3213739, -1.689129 ], [ 35.3212291, -1.6888441 ], [ 35.3210847, -1.6886481 ], [ 35.3209722, -1.6883748 ], [ 35.3210765, -1.6880849 ], [ 35.3210732, -1.6878125 ], [ 35.321044, -1.6876872 ], [ 35.320992, -1.6874482 ], [ 35.3210145, -1.687318 ], [ 35.3210445, -1.687194 ], [ 35.3211787, -1.6870366 ], [ 35.3213637, -1.6871107 ], [ 35.3214586, -1.6870405 ], [ 35.3213661, -1.6869336 ], [ 35.3215742, -1.6868522 ], [ 35.3219373, -1.6868168 ], [ 35.3220528, -1.6866551 ], [ 35.3221132, -1.6865224 ], [ 35.3220122, -1.6862032 ], [ 35.3219899, -1.6857139 ], [ 35.3222581, -1.685391 ], [ 35.3225781, -1.6856981 ], [ 35.3226708, -1.6855665 ], [ 35.3225856, -1.6852041 ], [ 35.3230202, -1.6851888 ], [ 35.3232145, -1.6850566 ], [ 35.3234968, -1.6847008 ], [ 35.3235782, -1.6845205 ], [ 35.3236179, -1.6843832 ], [ 35.3235315, -1.6842919 ], [ 35.3236239, -1.6841191 ], [ 35.3237902, -1.6839798 ], [ 35.3240234, -1.6838522 ], [ 35.324176, -1.6838251 ], [ 35.3242861, -1.6836435 ], [ 35.3242609, -1.6834093 ], [ 35.3244339, -1.6832314 ], [ 35.3245081, -1.6830009 ], [ 35.3245184, -1.6829315 ], [ 35.3245845, -1.6828786 ], [ 35.3247339, -1.682864 ], [ 35.3251159, -1.6826638 ], [ 35.3253529, -1.6823413 ], [ 35.3254061, -1.6820526 ], [ 35.3254625, -1.6819048 ], [ 35.3255434, -1.6817689 ], [ 35.3257161, -1.6816209 ], [ 35.3258802, -1.6814123 ], [ 35.3261037, -1.681189 ], [ 35.3261884, -1.6810501 ], [ 35.3261953, -1.680793 ], [ 35.3265113, -1.6802712 ], [ 35.3267048, -1.6801245 ], [ 35.3270384, -1.6797504 ], [ 35.3270458, -1.6796281 ], [ 35.326995, -1.6794681 ], [ 35.327015, -1.6794071 ], [ 35.3271834, -1.6793026 ], [ 35.3274919, -1.6791563 ], [ 35.327564, -1.6787228 ], [ 35.3275696, -1.6785991 ], [ 35.3276342, -1.6785144 ], [ 35.3276926, -1.6783665 ], [ 35.3276037, -1.6782196 ], [ 35.32765, -1.6779166 ], [ 35.3276456, -1.6777395 ], [ 35.327501, -1.6775749 ], [ 35.3274231, -1.6771283 ], [ 35.3273371, -1.6770838 ], [ 35.3272277, -1.6767202 ], [ 35.3271866, -1.6764912 ], [ 35.3272107, -1.6761326 ], [ 35.3265898, -1.6757591 ], [ 35.3264361, -1.6756853 ], [ 35.3263081, -1.6753903 ], [ 35.3260665, -1.6749876 ], [ 35.3261285, -1.6748067 ], [ 35.3262525, -1.6746363 ], [ 35.3265058, -1.6744214 ], [ 35.3268265, -1.6743924 ], [ 35.3269517, -1.6745487 ], [ 35.3271142, -1.6745558 ], [ 35.3274391, -1.6743943 ], [ 35.3274891, -1.6742653 ], [ 35.3275314, -1.6741325 ], [ 35.3274981, -1.6739861 ], [ 35.3275495, -1.6736129 ], [ 35.327675, -1.6734806 ], [ 35.3277434, -1.6733205 ], [ 35.3278733, -1.6732218 ], [ 35.327915, -1.6731337 ], [ 35.3277587, -1.6726358 ], [ 35.327741, -1.6723504 ], [ 35.3277008, -1.6721329 ], [ 35.3276381, -1.6720752 ], [ 35.3275875, -1.6719895 ], [ 35.3277723, -1.6718562 ], [ 35.3278038, -1.6717516 ], [ 35.3279142, -1.6716855 ], [ 35.3279148, -1.6715874 ], [ 35.3278054, -1.6712309 ], [ 35.327567, -1.6710708 ], [ 35.3278873, -1.6708412 ], [ 35.3279989, -1.6705922 ], [ 35.3280624, -1.670284 ], [ 35.3282538, -1.6697592 ], [ 35.3286114, -1.6698436 ], [ 35.3290289, -1.6697815 ], [ 35.3292209, -1.6694852 ], [ 35.3291619, -1.6694792 ], [ 35.3287379, -1.6695523 ], [ 35.3285529, -1.6695064 ], [ 35.3285187, -1.6691982 ], [ 35.3285963, -1.6688713 ], [ 35.3286561, -1.6686499 ], [ 35.3286903, -1.6683764 ], [ 35.3287791, -1.6682226 ], [ 35.3288527, -1.668132 ], [ 35.3288954, -1.6679218 ], [ 35.3289534, -1.6677537 ], [ 35.329019, -1.6675492 ], [ 35.3291432, -1.6674786 ], [ 35.32933, -1.6674665 ], [ 35.3293629, -1.6673423 ], [ 35.3292817, -1.6671814 ], [ 35.3291059, -1.6670276 ], [ 35.329164, -1.6669419 ], [ 35.3292459, -1.6668997 ], [ 35.3298086, -1.6671107 ], [ 35.3301607, -1.6672816 ], [ 35.330735, -1.6672919 ], [ 35.3318973, -1.6675175 ], [ 35.3328032, -1.6672304 ], [ 35.3337741, -1.6666116 ], [ 35.3347792, -1.6659621 ], [ 35.3353057, -1.6654903 ], [ 35.3357706, -1.6650185 ], [ 35.3359996, -1.6648168 ], [ 35.336509, -1.6647245 ], [ 35.3370013, -1.6648715 ], [ 35.3381328, -1.6653159 ], [ 35.3390388, -1.6656134 ], [ 35.3395686, -1.6658014 ], [ 35.3399413, -1.6658321 ], [ 35.3406626, -1.6661227 ], [ 35.3411856, -1.6663928 ], [ 35.341883, -1.6669432 ], [ 35.3425189, -1.6672338 ], [ 35.3427172, -1.66735 ], [ 35.3430077, -1.6673637 ], [ 35.3433393, -1.6675483 ], [ 35.3435103, -1.6678491 ], [ 35.3435211, -1.6679065 ], [ 35.3435684, -1.6681568 ], [ 35.3434351, -1.6684063 ], [ 35.3431684, -1.668673 ], [ 35.3430248, -1.6688268 ], [ 35.3429941, -1.6690969 ], [ 35.3431411, -1.6694422 ], [ 35.3434556, -1.6695106 ], [ 35.3436333, -1.6696507 ], [ 35.3439342, -1.6696473 ], [ 35.3444504, -1.6698456 ], [ 35.3447752, -1.670078 ], [ 35.3449256, -1.6702934 ], [ 35.345223, -1.670225 ], [ 35.3455922, -1.6699242 ], [ 35.3457734, -1.6694729 ], [ 35.3457118, -1.6687653 ], [ 35.3455751, -1.6680337 ], [ 35.3456537, -1.6673774 ], [ 35.3456093, -1.6670423 ], [ 35.3453631, -1.6663381 ], [ 35.3453426, -1.6660714 ], [ 35.3455443, -1.6658698 ], [ 35.3458178, -1.6657774 ], [ 35.346146, -1.6657398 ], [ 35.3469152, -1.6657774 ], [ 35.347281, -1.6658868 ], [ 35.3479989, -1.6657809 ], [ 35.3485493, -1.6658287 ], [ 35.3490757, -1.6661125 ], [ 35.3494757, -1.6664646 ], [ 35.3497971, -1.666468 ], [ 35.3504124, -1.6663073 ], [ 35.3508329, -1.6662184 ], [ 35.3512363, -1.6662355 ], [ 35.3518243, -1.6663005 ], [ 35.3527131, -1.6662355 ], [ 35.3529114, -1.6658151 ], [ 35.3528225, -1.6647758 ], [ 35.3529182, -1.6637981 ], [ 35.3526858, -1.6634494 ], [ 35.3525183, -1.6633468 ], [ 35.3520123, -1.6634049 ], [ 35.351961, -1.6633126 ], [ 35.3520567, -1.6631349 ], [ 35.352279, -1.6630221 ], [ 35.3525593, -1.6630221 ], [ 35.3529524, -1.6627554 ], [ 35.3532464, -1.6626836 ], [ 35.3537968, -1.6623965 ], [ 35.3542139, -1.6620204 ], [ 35.3543848, -1.6616854 ], [ 35.3545181, -1.6614837 ], [ 35.3547096, -1.6614119 ], [ 35.3549113, -1.6613538 ], [ 35.3552053, -1.6615452 ], [ 35.3553318, -1.6615008 ], [ 35.3554822, -1.6612068 ], [ 35.3556975, -1.6610666 ], [ 35.3559676, -1.6608615 ], [ 35.3558309, -1.6604615 ], [ 35.3558035, -1.6602325 ], [ 35.3559232, -1.6600035 ], [ 35.3562582, -1.6596889 ], [ 35.3565419, -1.659812 ], [ 35.3569214, -1.6599453 ], [ 35.3570752, -1.6599214 ], [ 35.3572769, -1.6596274 ], [ 35.3576085, -1.6593608 ], [ 35.3577692, -1.6591727 ], [ 35.3578376, -1.6587864 ], [ 35.3578307, -1.6582566 ], [ 35.3576906, -1.6581403 ], [ 35.3577008, -1.6580036 ], [ 35.3577624, -1.6578019 ], [ 35.3581111, -1.6576173 ], [ 35.3585965, -1.6576549 ], [ 35.3588768, -1.6574463 ], [ 35.3589691, -1.6569917 ], [ 35.3591366, -1.6567079 ], [ 35.3592358, -1.6564139 ], [ 35.3591572, -1.6562874 ], [ 35.359017, -1.6562943 ], [ 35.3589247, -1.6561199 ], [ 35.3587777, -1.6560003 ], [ 35.3588221, -1.655843 ], [ 35.3589384, -1.6556824 ], [ 35.3589965, -1.6555012 ], [ 35.3591401, -1.6553473 ], [ 35.3593725, -1.6552277 ], [ 35.359458, -1.6549644 ], [ 35.3589794, -1.6545234 ], [ 35.3588973, -1.6543594 ], [ 35.3590273, -1.6542465 ], [ 35.3593281, -1.6542089 ], [ 35.3596494, -1.6542534 ], [ 35.3601212, -1.6540654 ], [ 35.3603092, -1.6540107 ], [ 35.3605793, -1.6533816 ], [ 35.3607195, -1.6531355 ], [ 35.3607571, -1.6528039 ], [ 35.3604084, -1.6524826 ], [ 35.3603879, -1.6522056 ], [ 35.3604528, -1.6520381 ], [ 35.3606989, -1.6519082 ], [ 35.3608904, -1.6519834 ], [ 35.3610203, -1.6523458 ], [ 35.3613211, -1.6524381 ], [ 35.3617587, -1.6523629 ], [ 35.3619878, -1.6523287 ], [ 35.3621484, -1.6524791 ], [ 35.3622886, -1.6524791 ], [ 35.362357, -1.6522877 ], [ 35.3623159, -1.6520142 ], [ 35.3621553, -1.6517783 ], [ 35.361998, -1.6516006 ], [ 35.3617963, -1.6514912 ], [ 35.3615365, -1.6514433 ], [ 35.3612596, -1.6513168 ], [ 35.3612391, -1.6511288 ], [ 35.3614681, -1.650975 ], [ 35.3617519, -1.6508827 ], [ 35.3619228, -1.6508997 ], [ 35.3619536, -1.6508519 ], [ 35.361892, -1.6506536 ], [ 35.3616767, -1.6505203 ], [ 35.3615126, -1.6503733 ], [ 35.3612322, -1.6501066 ], [ 35.3612528, -1.6500451 ], [ 35.3614168, -1.6498058 ], [ 35.3615399, -1.6497921 ], [ 35.3616254, -1.6499357 ], [ 35.3618134, -1.6500861 ], [ 35.3618818, -1.6500314 ], [ 35.3619912, -1.6498537 ], [ 35.3621382, -1.6497067 ], [ 35.3623159, -1.6496144 ], [ 35.3622578, -1.6494537 ], [ 35.3623194, -1.6492486 ], [ 35.3622852, -1.6490024 ], [ 35.3623433, -1.648811 ], [ 35.3624629, -1.6483905 ], [ 35.3624595, -1.6482948 ], [ 35.3623262, -1.6482161 ], [ 35.3621758, -1.6481409 ], [ 35.362063, -1.6480213 ], [ 35.3621074, -1.6478948 ], [ 35.3623911, -1.6476692 ], [ 35.3625484, -1.6472829 ], [ 35.3626817, -1.6469718 ], [ 35.3626783, -1.646688 ], [ 35.3625279, -1.6464351 ], [ 35.3624048, -1.6464351 ], [ 35.3622954, -1.6463667 ], [ 35.3622749, -1.6461958 ], [ 35.3623535, -1.6460043 ], [ 35.3625928, -1.6457787 ], [ 35.3627809, -1.6456283 ], [ 35.3627569, -1.6454642 ], [ 35.3624937, -1.6453719 ], [ 35.3622202, -1.6451736 ], [ 35.3620732, -1.6450198 ], [ 35.3618749, -1.6449719 ], [ 35.3618134, -1.644507 ], [ 35.3618373, -1.6441925 ], [ 35.3619501, -1.6440147 ], [ 35.3622373, -1.6439463 ], [ 35.3626031, -1.643331 ], [ 35.3628185, -1.6429002 ], [ 35.3628116, -1.6426712 ], [ 35.3625142, -1.6422849 ], [ 35.3624595, -1.6419704 ], [ 35.3624937, -1.6417311 ], [ 35.3628561, -1.6414747 ], [ 35.3631535, -1.6413003 ], [ 35.3636834, -1.6409243 ], [ 35.3639671, -1.6406713 ], [ 35.3644218, -1.6405243 ], [ 35.364791, -1.6406713 ], [ 35.3649209, -1.640685 ], [ 35.3652525, -1.6403842 ], [ 35.3655055, -1.6403295 ], [ 35.3657311, -1.6401004 ], [ 35.3656833, -1.6395124 ], [ 35.3655123, -1.6390748 ], [ 35.3657072, -1.6387911 ], [ 35.3660764, -1.6385347 ], [ 35.3663089, -1.6383467 ], [ 35.3665105, -1.6380493 ], [ 35.3665721, -1.6375501 ], [ 35.3665584, -1.6372903 ], [ 35.3663841, -1.6371502 ], [ 35.3662747, -1.6369075 ], [ 35.3662952, -1.6365724 ], [ 35.3664866, -1.6363502 ], [ 35.3668045, -1.6360323 ], [ 35.3669379, -1.6359229 ], [ 35.3671122, -1.6358409 ], [ 35.3673413, -1.635646 ], [ 35.3676455, -1.6353452 ], [ 35.3677207, -1.6352289 ], [ 35.3680489, -1.6351469 ], [ 35.3682916, -1.634617 ], [ 35.3684318, -1.634258 ], [ 35.3688249, -1.6341316 ], [ 35.3691394, -1.6340205 ], [ 35.369336, -1.6338957 ], [ 35.3695787, -1.6337863 ], [ 35.3698522, -1.6337179 ], [ 35.3700522, -1.633576 ], [ 35.3701479, -1.633441 ], [ 35.3701018, -1.6333265 ], [ 35.3699873, -1.6332308 ], [ 35.3699001, -1.6330923 ], [ 35.3698283, -1.6329436 ], [ 35.369936, -1.6328308 ], [ 35.3698266, -1.6327436 ], [ 35.3697052, -1.632706 ], [ 35.3696112, -1.6325915 ], [ 35.3697343, -1.6325094 ], [ 35.3698625, -1.632547 ], [ 35.3699565, -1.6325334 ], [ 35.3700796, -1.6324496 ], [ 35.3702454, -1.6324376 ], [ 35.3703394, -1.6323197 ], [ 35.3702778, -1.6321129 ], [ 35.3703154, -1.6319966 ], [ 35.3703718, -1.6319744 ], [ 35.3704727, -1.6320565 ], [ 35.3705804, -1.6320496 ], [ 35.3706419, -1.6319778 ], [ 35.3707308, -1.6318907 ], [ 35.3707958, -1.631771 ], [ 35.3707547, -1.6316377 ], [ 35.3708111, -1.63153 ], [ 35.3707633, -1.6312839 ], [ 35.370647, -1.6313232 ], [ 35.370606, -1.6312326 ], [ 35.3705923, -1.6311847 ], [ 35.3706522, -1.6311505 ], [ 35.3706744, -1.6309779 ], [ 35.3707205, -1.6308685 ], [ 35.370818, -1.6308412 ], [ 35.370912, -1.6307933 ], [ 35.3709376, -1.6307454 ], [ 35.3710231, -1.6307403 ], [ 35.3710932, -1.6305984 ], [ 35.3711291, -1.6305078 ], [ 35.3712709, -1.6304292 ], [ 35.3713598, -1.6304566 ], [ 35.3713735, -1.6304104 ], [ 35.3713308, -1.6303301 ], [ 35.3713564, -1.6302737 ], [ 35.3715188, -1.6302412 ], [ 35.3715769, -1.6301762 ], [ 35.3717615, -1.6301267 ], [ 35.3719068, -1.6300053 ], [ 35.3718743, -1.6298002 ], [ 35.3717444, -1.6294789 ], [ 35.3717119, -1.6293336 ], [ 35.3717974, -1.6293079 ], [ 35.371876, -1.6293438 ], [ 35.3719273, -1.6292908 ], [ 35.3719632, -1.6292276 ], [ 35.3719427, -1.6291473 ], [ 35.3718948, -1.6290908 ], [ 35.3717342, -1.629043 ], [ 35.3716966, -1.6289575 ], [ 35.3716931, -1.6288891 ], [ 35.3717547, -1.6288789 ], [ 35.3718196, -1.6288105 ], [ 35.3719017, -1.6287832 ], [ 35.3719153, -1.6287353 ], [ 35.3718641, -1.6285986 ], [ 35.3717991, -1.6285063 ], [ 35.3717803, -1.628443 ], [ 35.371835, -1.628402 ], [ 35.3718453, -1.6283593 ], [ 35.3718948, -1.6283439 ], [ 35.3719427, -1.6282533 ], [ 35.3720042, -1.6282242 ], [ 35.3721529, -1.6282123 ], [ 35.3722999, -1.6281918 ], [ 35.372358, -1.6281285 ], [ 35.3725119, -1.628055 ], [ 35.3726144, -1.6279473 ], [ 35.3726589, -1.6278755 ], [ 35.3726367, -1.6278328 ], [ 35.3725256, -1.6277867 ], [ 35.3724572, -1.6277473 ], [ 35.3724794, -1.627655 ], [ 35.3726213, -1.627573 ], [ 35.3728777, -1.6274687 ], [ 35.3730093, -1.627561 ], [ 35.3731802, -1.6274636 ], [ 35.3733477, -1.6273422 ], [ 35.3733836, -1.6272858 ], [ 35.3734486, -1.6271252 ], [ 35.3735238, -1.6270568 ], [ 35.373558, -1.6269782 ], [ 35.373599, -1.6269132 ], [ 35.3737289, -1.6269235 ], [ 35.3738212, -1.6270226 ], [ 35.3739135, -1.6270705 ], [ 35.3739921, -1.6270192 ], [ 35.3739614, -1.6269029 ], [ 35.37404, -1.6268448 ], [ 35.374146, -1.626797 ], [ 35.3742964, -1.6266312 ], [ 35.3744229, -1.6264671 ], [ 35.3746588, -1.6262688 ], [ 35.3747784, -1.6262825 ], [ 35.37491, -1.626356 ], [ 35.3749528, -1.6264585 ], [ 35.374975, -1.6265389 ], [ 35.3750827, -1.6266055 ], [ 35.3751579, -1.6265696 ], [ 35.3753032, -1.6265491 ], [ 35.3753425, -1.6265816 ], [ 35.3754519, -1.6266824 ], [ 35.375457, -1.6267901 ], [ 35.3753784, -1.6268585 ], [ 35.3753732, -1.6269235 ], [ 35.3754416, -1.6269286 ], [ 35.3756006, -1.6268209 ], [ 35.3757595, -1.6266107 ], [ 35.3759612, -1.6264807 ], [ 35.376057, -1.6264397 ], [ 35.3760416, -1.6262466 ], [ 35.3761168, -1.6261936 ], [ 35.3762074, -1.6261987 ], [ 35.376339, -1.6259936 ], [ 35.3764279, -1.625997 ], [ 35.3765441, -1.6260517 ], [ 35.3766296, -1.6260637 ], [ 35.3766997, -1.6261201 ], [ 35.3767373, -1.6261577 ], [ 35.3768552, -1.6261423 ], [ 35.3769851, -1.6259919 ], [ 35.377209, -1.6259628 ], [ 35.3773133, -1.6259594 ], [ 35.3774517, -1.625903 ], [ 35.3776346, -1.6257834 ], [ 35.3775936, -1.6256859 ], [ 35.3776466, -1.6255936 ], [ 35.3776928, -1.6255475 ], [ 35.3777201, -1.6252569 ], [ 35.3776825, -1.6250655 ], [ 35.3777321, -1.6248843 ], [ 35.3778056, -1.6248552 ], [ 35.3778671, -1.624886 ], [ 35.3778808, -1.6248227 ], [ 35.3779611, -1.6247612 ], [ 35.377997, -1.6247116 ], [ 35.3780722, -1.6246723 ], [ 35.3781731, -1.6244604 ], [ 35.3782705, -1.6244706 ], [ 35.3783782, -1.624474 ], [ 35.378426, -1.624433 ], [ 35.3784893, -1.6243475 ], [ 35.3785628, -1.6243236 ], [ 35.3786312, -1.624327 ], [ 35.3786722, -1.6243441 ], [ 35.3787047, -1.6243766 ], [ 35.3787611, -1.6244125 ], [ 35.3788329, -1.624445 ], [ 35.3789252, -1.6244535 ], [ 35.3789987, -1.6244399 ], [ 35.3790089, -1.6242689 ], [ 35.3790397, -1.6241954 ], [ 35.3791269, -1.6241629 ], [ 35.3791969, -1.6241954 ], [ 35.3792431, -1.6242467 ], [ 35.3792858, -1.6242467 ], [ 35.3793303, -1.6242125 ], [ 35.379361, -1.6241664 ], [ 35.3793474, -1.6240894 ], [ 35.3793662, -1.6240245 ], [ 35.3794003, -1.6239681 ], [ 35.3794328, -1.6239339 ], [ 35.3794636, -1.6239134 ], [ 35.3795456, -1.6239083 ], [ 35.3796174, -1.6239493 ], [ 35.3796892, -1.624098 ], [ 35.3797302, -1.6241544 ], [ 35.3797952, -1.6241835 ], [ 35.3798619, -1.6241664 ], [ 35.3798995, -1.6241288 ], [ 35.3799166, -1.6240689 ], [ 35.3799217, -1.6240159 ], [ 35.3799627, -1.6239852 ], [ 35.3800294, -1.6239595 ], [ 35.3801234, -1.6239732 ], [ 35.3801524, -1.6239442 ], [ 35.3802584, -1.6239544 ], [ 35.3803165, -1.6239254 ], [ 35.3803524, -1.6238519 ], [ 35.3804875, -1.6238245 ], [ 35.3805105, -1.6237339 ], [ 35.3804704, -1.6236254 ], [ 35.3804857, -1.6235758 ], [ 35.3805148, -1.6235348 ], [ 35.3805225, -1.6234826 ], [ 35.3805345, -1.623445 ], [ 35.38059, -1.6234536 ], [ 35.3806139, -1.623469 ], [ 35.3806379, -1.6234604 ], [ 35.3806242, -1.623422 ], [ 35.3806977, -1.6233399 ], [ 35.3807122, -1.6232895 ], [ 35.3806721, -1.6232092 ], [ 35.3807105, -1.6231647 ], [ 35.3807421, -1.6231006 ], [ 35.3808097, -1.6230177 ], [ 35.3807943, -1.6229408 ], [ 35.3807396, -1.6228553 ], [ 35.3807139, -1.6228297 ], [ 35.3806934, -1.622763 ], [ 35.3807686, -1.6227459 ], [ 35.3808268, -1.6227562 ], [ 35.3808695, -1.6227288 ], [ 35.3808883, -1.6226844 ], [ 35.3808985, -1.6226314 ], [ 35.3809806, -1.6225904 ], [ 35.3811002, -1.6225887 ], [ 35.3811891, -1.6225818 ], [ 35.3812541, -1.6225152 ], [ 35.3813207, -1.6225186 ], [ 35.3815071, -1.6227528 ], [ 35.3816182, -1.6228006 ], [ 35.3817737, -1.6227562 ], [ 35.381825, -1.622681 ], [ 35.3818523, -1.6225596 ], [ 35.381931, -1.6224383 ], [ 35.3820079, -1.6224109 ], [ 35.3820523, -1.6223545 ], [ 35.3821104, -1.6222981 ], [ 35.3821771, -1.6222537 ], [ 35.3823173, -1.6222349 ], [ 35.3824181, -1.6222263 ], [ 35.3825343, -1.6221101 ], [ 35.3825378, -1.6219357 ], [ 35.3826232, -1.6218434 ], [ 35.3827429, -1.6218024 ], [ 35.3828659, -1.621799 ], [ 35.3829138, -1.6217272 ], [ 35.3830369, -1.6216486 ], [ 35.3830711, -1.6214982 ], [ 35.3830095, -1.6213682 ], [ 35.383054, -1.6212965 ], [ 35.3831599, -1.6212349 ], [ 35.3832557, -1.6212862 ], [ 35.3833685, -1.6212418 ], [ 35.3835086, -1.6211563 ], [ 35.3836112, -1.6209751 ], [ 35.3835736, -1.6208589 ], [ 35.3834813, -1.6207597 ], [ 35.3834608, -1.6206538 ], [ 35.383536, -1.6204538 ], [ 35.3835565, -1.6203239 ], [ 35.3836676, -1.6202008 ], [ 35.383736, -1.6202247 ], [ 35.3838522, -1.6201735 ], [ 35.3838881, -1.6201153 ], [ 35.3839325, -1.6199752 ], [ 35.3840505, -1.6199769 ], [ 35.3840898, -1.6199512 ], [ 35.3841377, -1.6199495 ], [ 35.3843633, -1.6200145 ], [ 35.384524, -1.6199649 ], [ 35.3845735, -1.6199564 ], [ 35.3846368, -1.6199153 ], [ 35.3847188, -1.6198436 ], [ 35.3848009, -1.6198453 ], [ 35.3848607, -1.6198846 ], [ 35.3849427, -1.6199222 ], [ 35.3849923, -1.6199974 ], [ 35.3850932, -1.6200692 ], [ 35.3851872, -1.6200299 ], [ 35.3852145, -1.6199581 ], [ 35.3852846, -1.6199239 ], [ 35.3852983, -1.6198863 ], [ 35.3853906, -1.6198897 ], [ 35.385406, -1.6199188 ], [ 35.3855188, -1.6198795 ], [ 35.3856453, -1.619782 ], [ 35.3856247, -1.619659 ], [ 35.385741, -1.6194932 ], [ 35.3858863, -1.6194162 ], [ 35.3860076, -1.6193 ], [ 35.3860128, -1.6191752 ], [ 35.3860726, -1.6191086 ], [ 35.3860504, -1.6189975 ], [ 35.3860401, -1.6189154 ], [ 35.3859666, -1.6188915 ], [ 35.3857957, -1.6187462 ], [ 35.3856812, -1.6183411 ], [ 35.3857769, -1.6182317 ], [ 35.385847, -1.6181394 ], [ 35.3858264, -1.6180351 ], [ 35.3858487, -1.617818 ], [ 35.3859222, -1.6176386 ], [ 35.3859444, -1.6175121 ], [ 35.3860179, -1.6174386 ], [ 35.386023, -1.6173275 ], [ 35.3860726, -1.6172745 ], [ 35.386088, -1.6171497 ], [ 35.3860897, -1.6170916 ], [ 35.3862435, -1.6171138 ], [ 35.3863256, -1.6170506 ], [ 35.3863751, -1.6169788 ], [ 35.3864042, -1.6169207 ], [ 35.3864093, -1.6168694 ], [ 35.3863871, -1.6167976 ], [ 35.3863495, -1.616707 ], [ 35.3863751, -1.6166506 ], [ 35.3863785, -1.616601 ], [ 35.386358, -1.6164797 ], [ 35.3863785, -1.6164421 ], [ 35.3863683, -1.6163891 ], [ 35.3863085, -1.6163583 ], [ 35.3862315, -1.6162899 ], [ 35.3862709, -1.6161566 ], [ 35.3863392, -1.6160421 ], [ 35.3863495, -1.6159669 ], [ 35.3863119, -1.6158814 ], [ 35.3862982, -1.6157959 ], [ 35.3862589, -1.6156831 ], [ 35.3862657, -1.6156182 ], [ 35.3862367, -1.6155037 ], [ 35.3861068, -1.615437 ], [ 35.3860042, -1.6154814 ], [ 35.3859598, -1.6155242 ], [ 35.3858726, -1.6155652 ], [ 35.3858128, -1.6155549 ], [ 35.3857085, -1.6155276 ], [ 35.3856435, -1.6154592 ], [ 35.3856042, -1.6153874 ], [ 35.3856555, -1.6153173 ], [ 35.3857256, -1.6152438 ], [ 35.3857085, -1.6152097 ], [ 35.3855752, -1.6151515 ], [ 35.3855154, -1.615102 ], [ 35.3855324, -1.6150678 ], [ 35.3855119, -1.6149943 ], [ 35.3855085, -1.6149293 ], [ 35.3855478, -1.6148712 ], [ 35.3856128, -1.6148404 ], [ 35.3856709, -1.6147875 ], [ 35.3857752, -1.6146524 ], [ 35.3857974, -1.6145687 ], [ 35.3857923, -1.6144627 ], [ 35.3858521, -1.614408 ], [ 35.3859239, -1.6143277 ], [ 35.3860623, -1.6142695 ], [ 35.3861358, -1.614208 ], [ 35.3861478, -1.6141311 ], [ 35.3861495, -1.6140029 ], [ 35.3861939, -1.6139362 ], [ 35.3862213, -1.6139038 ], [ 35.3861563, -1.6137602 ], [ 35.3861837, -1.6136935 ], [ 35.3862059, -1.6135756 ], [ 35.3862486, -1.6135328 ], [ 35.3863649, -1.6134969 ], [ 35.3864555, -1.6134491 ], [ 35.3864811, -1.6134029 ], [ 35.38657, -1.6130577 ], [ 35.3865854, -1.6129568 ], [ 35.3865683, -1.6127859 ], [ 35.3866931, -1.612632 ], [ 35.3868298, -1.6124491 ], [ 35.3869358, -1.6123825 ], [ 35.3869289, -1.6123175 ], [ 35.3869939, -1.6122286 ], [ 35.3870657, -1.6121534 ], [ 35.3870999, -1.6119723 ], [ 35.3870828, -1.6116851 ], [ 35.3871135, -1.6114697 ], [ 35.3868571, -1.6113432 ], [ 35.386823, -1.6111005 ], [ 35.3869426, -1.6109398 ], [ 35.3868469, -1.610827 ], [ 35.3867272, -1.6106356 ], [ 35.3866486, -1.6106014 ], [ 35.3865563, -1.6104441 ], [ 35.3864879, -1.6104168 ], [ 35.3863546, -1.6101912 ], [ 35.386382, -1.6101296 ], [ 35.3864982, -1.6101057 ], [ 35.3866384, -1.6098937 ], [ 35.3865631, -1.6098185 ], [ 35.3864298, -1.6097228 ], [ 35.3864144, -1.6095604 ], [ 35.3864896, -1.6095126 ], [ 35.3864503, -1.6093707 ], [ 35.3863871, -1.6093058 ], [ 35.3863033, -1.6092613 ], [ 35.3862555, -1.6092015 ], [ 35.386235, -1.6091194 ], [ 35.3861341, -1.6090511 ], [ 35.3860675, -1.6089844 ], [ 35.3860657, -1.6089212 ], [ 35.386117, -1.6088699 ], [ 35.3862059, -1.6088425 ], [ 35.3862811, -1.6088254 ], [ 35.3863332, -1.6086964 ], [ 35.3863298, -1.6086007 ], [ 35.3862854, -1.6084673 ], [ 35.3862512, -1.6084161 ], [ 35.3861931, -1.6081973 ], [ 35.3862204, -1.6080947 ], [ 35.3862307, -1.6080229 ], [ 35.3861555, -1.6079238 ], [ 35.3860666, -1.6079204 ], [ 35.3859538, -1.6078383 ], [ 35.3860256, -1.6077665 ], [ 35.3860905, -1.6074794 ], [ 35.3861213, -1.6073631 ], [ 35.3860392, -1.6072537 ], [ 35.3860392, -1.6071683 ], [ 35.3860119, -1.6070862 ], [ 35.3859675, -1.6069871 ], [ 35.3858854, -1.6068777 ], [ 35.3858205, -1.606888 ], [ 35.3858136, -1.6068298 ], [ 35.3858615, -1.6067683 ], [ 35.3858922, -1.6067136 ], [ 35.3858581, -1.6066418 ], [ 35.385776, -1.6065769 ], [ 35.3857213, -1.6064572 ], [ 35.3857453, -1.6063991 ], [ 35.3857555, -1.6063102 ], [ 35.3854102, -1.6059581 ], [ 35.3854581, -1.6058043 ], [ 35.3855606, -1.6056812 ], [ 35.3855914, -1.6054351 ], [ 35.3855059, -1.6052402 ], [ 35.3855333, -1.6050932 ], [ 35.3855777, -1.604977 ], [ 35.3855572, -1.6048026 ], [ 35.3855812, -1.6044813 ], [ 35.3856427, -1.6044129 ], [ 35.3855606, -1.6043069 ], [ 35.385523, -1.6042112 ], [ 35.3855196, -1.6039787 ], [ 35.385441, -1.6037634 ], [ 35.3852803, -1.6036061 ], [ 35.3852359, -1.6033976 ], [ 35.3851436, -1.6032061 ], [ 35.3851914, -1.6029976 ], [ 35.3850171, -1.6027651 ], [ 35.3849043, -1.6027822 ], [ 35.3845898, -1.6027993 ], [ 35.3843676, -1.6026968 ], [ 35.3842718, -1.6025634 ], [ 35.384265, -1.6024028 ], [ 35.3842308, -1.6021464 ], [ 35.384077, -1.6019925 ], [ 35.3839505, -1.6016028 ], [ 35.3840496, -1.6013054 ], [ 35.3839676, -1.6011208 ], [ 35.3838001, -1.6009704 ], [ 35.383742, -1.600837 ], [ 35.3837796, -1.600673 ], [ 35.3837898, -1.6005807 ], [ 35.383718, -1.6004131 ], [ 35.3835813, -1.6003106 ], [ 35.3834719, -1.6002593 ], [ 35.3834343, -1.6001533 ], [ 35.3834548, -1.6000439 ], [ 35.3834856, -1.5999961 ], [ 35.3833933, -1.5997704 ], [ 35.3834992, -1.5996474 ], [ 35.3834719, -1.5995004 ], [ 35.3834616, -1.5993397 ], [ 35.3834104, -1.5991312 ], [ 35.383383, -1.5990662 ], [ 35.383342, -1.5988098 ], [ 35.3833146, -1.59855 ], [ 35.3835676, -1.5980851 ], [ 35.3835197, -1.5979073 ], [ 35.3833762, -1.5977227 ], [ 35.3832052, -1.5976954 ], [ 35.3832599, -1.597415 ], [ 35.3831984, -1.5971689 ], [ 35.3832326, -1.5970253 ], [ 35.3831437, -1.5968681 ], [ 35.3831027, -1.5967655 ], [ 35.3831984, -1.5966629 ], [ 35.3833283, -1.5960613 ], [ 35.3831916, -1.5957263 ], [ 35.383007, -1.5953639 ], [ 35.3829044, -1.5952408 ], [ 35.3829591, -1.5950767 ], [ 35.383048, -1.5949468 ], [ 35.3830685, -1.5947554 ], [ 35.3829796, -1.5945571 ], [ 35.3828839, -1.5944545 ], [ 35.382836, -1.5943451 ], [ 35.3828292, -1.5941674 ], [ 35.3828155, -1.5940717 ], [ 35.3827198, -1.5938939 ], [ 35.3826514, -1.5938392 ], [ 35.3824942, -1.593723 ], [ 35.3823779, -1.593723 ], [ 35.3820771, -1.592882 ], [ 35.3819147, -1.59267 ], [ 35.3817301, -1.5909607 ], [ 35.3819694, -1.5882601 ], [ 35.3819899, -1.5876037 ], [ 35.3820949, -1.5866602 ], [ 35.3858529, -1.5809571 ], [ 35.3861469, -1.5809126 ], [ 35.3862974, -1.5809502 ], [ 35.3864102, -1.5809161 ], [ 35.3864614, -1.5808545 ], [ 35.3871657, -1.5807793 ], [ 35.3876033, -1.5807007 ], [ 35.387822, -1.5806289 ], [ 35.3881126, -1.5805742 ], [ 35.3884442, -1.5803896 ], [ 35.3888852, -1.5800751 ], [ 35.3890391, -1.5800888 ], [ 35.3894356, -1.5800067 ], [ 35.3899108, -1.5795691 ], [ 35.3900544, -1.5794734 ], [ 35.3902458, -1.5794495 ], [ 35.3903689, -1.5796067 ], [ 35.3905774, -1.5796956 ], [ 35.3908817, -1.5796375 ], [ 35.3909569, -1.579576 ], [ 35.3910287, -1.5795315 ], [ 35.3911005, -1.579429 ], [ 35.3913364, -1.579388 ], [ 35.3369944, -1.5219078 ], [ 35.3368911, -1.5217987 ], [ 35.3211335, -1.5051576 ], [ 35.3061216, -1.489304 ], [ 35.3039232, -1.4869823 ], [ 35.3019919, -1.4849427 ], [ 35.3011041, -1.4844467 ], [ 35.2993504, -1.4829078 ], [ 35.2969012, -1.4809257 ], [ 35.2938792, -1.4780267 ], [ 35.2928809, -1.4766867 ], [ 35.2919784, -1.4756884 ], [ 35.2909665, -1.4750184 ], [ 35.2903785, -1.4740475 ], [ 35.2874967, -1.4687897 ], [ 35.2872403, -1.4688368 ], [ 35.2869839, -1.4686461 ], [ 35.2861532, -1.4681709 ], [ 35.2855446, -1.468147 ], [ 35.2851583, -1.4683863 ], [ 35.2843447, -1.4687111 ], [ 35.2838832, -1.4690256 ], [ 35.2832884, -1.4690495 ], [ 35.2825841, -1.469429 ], [ 35.2823517, -1.4696991 ], [ 35.2819996, -1.4698221 ], [ 35.2815244, -1.4697777 ], [ 35.2813124, -1.4694461 ], [ 35.2813774, -1.469135 ], [ 35.2813364, -1.4688102 ], [ 35.2809808, -1.4685983 ], [ 35.2804715, -1.4687213 ], [ 35.2801159, -1.4685778 ], [ 35.2795348, -1.4684718 ], [ 35.2791895, -1.4686393 ], [ 35.2786494, -1.4690769 ], [ 35.2782289, -1.4694085 ], [ 35.2778221, -1.4697127 ], [ 35.2775451, -1.4697093 ], [ 35.2770631, -1.4697674 ], [ 35.2766871, -1.469429 ], [ 35.2766461, -1.4690256 ], [ 35.2768136, -1.4685538 ], [ 35.2770221, -1.4683624 ], [ 35.2771281, -1.4680513 ], [ 35.2770221, -1.4678496 ], [ 35.2766392, -1.4676342 ], [ 35.27627, -1.4672821 ], [ 35.2759247, -1.4672548 ], [ 35.2756, -1.4673812 ], [ 35.2756478, -1.4678599 ], [ 35.2753128, -1.468359 ], [ 35.2750051, -1.4683761 ], [ 35.2746017, -1.4681812 ], [ 35.2741813, -1.4678872 ], [ 35.2735693, -1.4675693 ], [ 35.2732924, -1.4672206 ], [ 35.2731147, -1.4665847 ], [ 35.2730941, -1.4661847 ], [ 35.2731796, -1.4657643 ], [ 35.273207, -1.4655215 ], [ 35.2731147, -1.4653985 ], [ 35.2729608, -1.4654087 ], [ 35.2724856, -1.4657369 ], [ 35.2721027, -1.4657335 ], [ 35.2715797, -1.4654942 ], [ 35.2710635, -1.4651284 ], [ 35.2709302, -1.4647865 ], [ 35.2708994, -1.4646122 ], [ 35.2710156, -1.4642327 ], [ 35.2712686, -1.4639695 ], [ 35.2713575, -1.4635422 ], [ 35.2714635, -1.4631217 ], [ 35.2713951, -1.4628824 ], [ 35.2711695, -1.4625986 ], [ 35.2710088, -1.4621474 ], [ 35.2706191, -1.4620688 ], [ 35.2699456, -1.4624482 ], [ 35.269508, -1.462479 ], [ 35.2692277, -1.4626807 ], [ 35.2688859, -1.4629747 ], [ 35.2684551, -1.4634294 ], [ 35.2681372, -1.463549 ], [ 35.2677167, -1.4634977 ], [ 35.2673338, -1.4631593 ], [ 35.2671116, -1.4627285 ], [ 35.2667185, -1.4625371 ], [ 35.2658912, -1.4620448 ], [ 35.2652724, -1.4621303 ], [ 35.2646536, -1.4623183 ], [ 35.2644725, -1.4628106 ], [ 35.26424, -1.463108 ], [ 35.2638776, -1.4633576 ], [ 35.2636246, -1.4634841 ], [ 35.2634571, -1.4637507 ], [ 35.263358, -1.4638362 ], [ 35.2632281, -1.4641438 ], [ 35.2629273, -1.4648241 ], [ 35.2627187, -1.4653711 ], [ 35.2621581, -1.4655352 ], [ 35.2618504, -1.4654942 ], [ 35.2613786, -1.4652173 ], [ 35.2612009, -1.4647318 ], [ 35.2613581, -1.4645062 ], [ 35.2617683, -1.4643661 ], [ 35.2618265, -1.4639729 ], [ 35.26197, -1.4637097 ], [ 35.2619598, -1.4634841 ], [ 35.2616521, -1.4631832 ], [ 35.2613205, -1.4630396 ], [ 35.2606949, -1.4627354 ], [ 35.260336, -1.4628448 ], [ 35.2593548, -1.4630943 ], [ 35.2587361, -1.4629473 ], [ 35.2584933, -1.4627627 ], [ 35.2578848, -1.4620038 ], [ 35.2578267, -1.4616107 ], [ 35.2577173, -1.4613645 ], [ 35.2572216, -1.4609338 ], [ 35.2571909, -1.4605372 ], [ 35.2571567, -1.4602432 ], [ 35.2569789, -1.459874 ], [ 35.2567088, -1.4596176 ], [ 35.2562166, -1.4595219 ], [ 35.2557653, -1.4595561 ], [ 35.2554098, -1.4599697 ], [ 35.2550816, -1.4603902 ], [ 35.2548149, -1.4606945 ], [ 35.2543329, -1.4609304 ], [ 35.2539022, -1.4608176 ], [ 35.2538577, -1.4606364 ], [ 35.2539603, -1.4598057 ], [ 35.2537654, -1.4596723 ], [ 35.2534954, -1.4593749 ], [ 35.2533176, -1.4593339 ], [ 35.2529655, -1.4595185 ], [ 35.2528322, -1.4597202 ], [ 35.2525621, -1.4597715 ], [ 35.2523433, -1.4597031 ], [ 35.2521006, -1.4595869 ], [ 35.2518955, -1.459686 ], [ 35.2516288, -1.4597099 ], [ 35.2514271, -1.4600005 ], [ 35.2515263, -1.460527 ], [ 35.2515194, -1.4612996 ], [ 35.2513998, -1.4615662 ], [ 35.251222, -1.4615594 ], [ 35.250969, -1.4617406 ], [ 35.2508186, -1.4616278 ], [ 35.2507947, -1.4614329 ], [ 35.250887, -1.4611936 ], [ 35.2508083, -1.4609372 ], [ 35.2506306, -1.4603971 ], [ 35.2505622, -1.4600244 ], [ 35.2503468, -1.459768 ], [ 35.250005, -1.4596484 ], [ 35.249564, -1.4595356 ], [ 35.2493384, -1.4593612 ], [ 35.2491298, -1.4593681 ], [ 35.2488598, -1.4595048 ], [ 35.2486444, -1.4594364 ], [ 35.2481589, -1.4596142 ], [ 35.247906, -1.4602569 ], [ 35.2476222, -1.4604723 ], [ 35.2474718, -1.4611697 ], [ 35.2472257, -1.4614021 ], [ 35.2469077, -1.4614056 ], [ 35.2465966, -1.4612996 ], [ 35.2463779, -1.461009 ], [ 35.2464907, -1.460715 ], [ 35.2468086, -1.4605851 ], [ 35.2469761, -1.4603287 ], [ 35.2470445, -1.4600894 ], [ 35.2469761, -1.459874 ], [ 35.2468086, -1.4596792 ], [ 35.2465522, -1.4594296 ], [ 35.2462992, -1.4592177 ], [ 35.2460155, -1.459016 ], [ 35.2458104, -1.4589066 ], [ 35.2456087, -1.4589066 ], [ 35.2453215, -1.4591048 ], [ 35.2452736, -1.4593168 ], [ 35.2453147, -1.4597544 ], [ 35.2452463, -1.4599424 ], [ 35.2450754, -1.4600791 ], [ 35.2447643, -1.4602227 ], [ 35.2445113, -1.4604996 ], [ 35.2444908, -1.460903 ], [ 35.2445592, -1.4611047 ], [ 35.2447198, -1.4612551 ], [ 35.245048, -1.4616243 ], [ 35.2451779, -1.4618363 ], [ 35.245195, -1.4620277 ], [ 35.2451369, -1.462267 ], [ 35.2450549, -1.4623833 ], [ 35.2448156, -1.4624824 ], [ 35.244378, -1.4624277 ], [ 35.2441797, -1.4623286 ], [ 35.2440259, -1.462291 ], [ 35.2438515, -1.4622329 ], [ 35.2437592, -1.4620961 ], [ 35.2436806, -1.4617782 ], [ 35.2435268, -1.4615936 ], [ 35.2432704, -1.4612449 ], [ 35.2430037, -1.461115 ], [ 35.2429046, -1.4608483 ], [ 35.2428362, -1.4605748 ], [ 35.2427268, -1.4602672 ], [ 35.2425866, -1.4599971 ], [ 35.2423439, -1.4597646 ], [ 35.2418722, -1.459286 ], [ 35.2414517, -1.4589681 ], [ 35.2413183, -1.4589784 ], [ 35.241185, -1.4588655 ], [ 35.2411166, -1.4587356 ], [ 35.2410278, -1.4582741 ], [ 35.2410756, -1.4578776 ], [ 35.2410175, -1.4576861 ], [ 35.2408842, -1.4575528 ], [ 35.2406688, -1.4573579 ], [ 35.24045, -1.4573545 ], [ 35.2402825, -1.4574126 ], [ 35.2402039, -1.4578776 ], [ 35.2401082, -1.4581408 ], [ 35.2399885, -1.4583049 ], [ 35.239674, -1.4586057 ], [ 35.2393561, -1.4589613 ], [ 35.2390142, -1.459098 ], [ 35.2385835, -1.4592912 ], [ 35.2384484, -1.4594347 ], [ 35.2383766, -1.4596877 ], [ 35.2383596, -1.4601167 ], [ 35.2383407, -1.4602552 ], [ 35.2382638, -1.4603543 ], [ 35.2381305, -1.4603748 ], [ 35.2378929, -1.4603663 ], [ 35.2377015, -1.4603851 ], [ 35.2375596, -1.4604107 ], [ 35.2374434, -1.4604637 ], [ 35.2372724, -1.4603612 ], [ 35.2371921, -1.460074 ], [ 35.2370571, -1.4599475 ], [ 35.2368349, -1.459968 ], [ 35.236681, -1.4598227 ], [ 35.2366417, -1.4596535 ], [ 35.2365614, -1.4595117 ], [ 35.2363665, -1.4593253 ], [ 35.2360417, -1.4592894 ], [ 35.2358247, -1.4593048 ], [ 35.2356691, -1.4593595 ], [ 35.2354948, -1.4594672 ], [ 35.2354452, -1.459633 ], [ 35.2354486, -1.4598962 ], [ 35.2355136, -1.4599988 ], [ 35.2356965, -1.4601749 ], [ 35.2358144, -1.4604671 ], [ 35.2358811, -1.4607936 ], [ 35.2357238, -1.461197 ], [ 35.2356606, -1.461491 ], [ 35.2356811, -1.4617235 ], [ 35.2357324, -1.4618346 ], [ 35.2357016, -1.462144 ], [ 35.2357187, -1.4624824 ], [ 35.2356742, -1.4625337 ], [ 35.2354555, -1.462532 ], [ 35.2351478, -1.4627097 ], [ 35.2349478, -1.4628003 ], [ 35.2348786, -1.4628124 ], [ 35.2348401, -1.4628191 ], [ 35.2347632, -1.462761 ], [ 35.2346299, -1.4625781 ], [ 35.2344931, -1.4624892 ], [ 35.2342914, -1.4624157 ], [ 35.234194, -1.4622875 ], [ 35.2341137, -1.4620329 ], [ 35.2341478, -1.4618124 ], [ 35.2343325, -1.4614551 ], [ 35.2344299, -1.4613697 ], [ 35.2345341, -1.4612056 ], [ 35.2345906, -1.461021 ], [ 35.2346111, -1.4607475 ], [ 35.2345256, -1.4604552 ], [ 35.2343718, -1.4602501 ], [ 35.2342726, -1.460168 ], [ 35.234129, -1.4601407 ], [ 35.2337496, -1.4599971 ], [ 35.2334966, -1.4598159 ], [ 35.2333154, -1.459751 ], [ 35.2329565, -1.4598022 ], [ 35.2325155, -1.4602672 ], [ 35.2325155, -1.460568 ], [ 35.2326591, -1.4610637 ], [ 35.2326112, -1.4612996 ], [ 35.2323411, -1.4615457 ], [ 35.2317121, -1.4621576 ], [ 35.2311925, -1.4622021 ], [ 35.2307959, -1.4621303 ], [ 35.2305429, -1.4618602 ], [ 35.2299925, -1.4614568 ], [ 35.2298079, -1.4608859 ], [ 35.2297806, -1.4606159 ], [ 35.2300302, -1.4599253 ], [ 35.2299891, -1.4597441 ], [ 35.2298558, -1.459474 ], [ 35.2295721, -1.4591185 ], [ 35.2292405, -1.459057 ], [ 35.228943, -1.4591869 ], [ 35.2288097, -1.4595869 ], [ 35.228502, -1.4598296 ], [ 35.2278867, -1.4606774 ], [ 35.2277192, -1.4615833 ], [ 35.2275654, -1.4617303 ], [ 35.2273431, -1.4621029 ], [ 35.2271244, -1.4622705 ], [ 35.2268064, -1.4621782 ], [ 35.2265569, -1.4619867 ], [ 35.2263757, -1.4614124 ], [ 35.2262184, -1.4612415 ], [ 35.2259381, -1.4610739 ], [ 35.2258082, -1.4607697 ], [ 35.2259313, -1.4606124 ], [ 35.2261022, -1.4604142 ], [ 35.226109, -1.4602569 ], [ 35.2258834, -1.4599732 ], [ 35.2254356, -1.4600689 ], [ 35.2252305, -1.4602501 ], [ 35.2249194, -1.4602706 ], [ 35.2247553, -1.4601407 ], [ 35.224516, -1.4597578 ], [ 35.2242254, -1.4595971 ], [ 35.224051, -1.4593339 ], [ 35.2238288, -1.4590296 ], [ 35.223234, -1.4588245 ], [ 35.2229776, -1.4590262 ], [ 35.2226392, -1.4589715 ], [ 35.2220204, -1.4589715 ], [ 35.2214905, -1.459016 ], [ 35.2211999, -1.4592655 ], [ 35.2209162, -1.459727 ], [ 35.2206427, -1.4599185 ], [ 35.2203555, -1.459939 ], [ 35.2199795, -1.4597407 ], [ 35.2193915, -1.4587049 ], [ 35.2189676, -1.4584074 ], [ 35.21853, -1.4581442 ], [ 35.2177301, -1.4582707 ], [ 35.2172856, -1.458404 ], [ 35.2167523, -1.4586365 ], [ 35.2162874, -1.4588314 ], [ 35.215949, -1.4588724 ], [ 35.2156071, -1.4589613 ], [ 35.2154259, -1.4588792 ], [ 35.2153234, -1.4587151 ], [ 35.21532, -1.4585476 ], [ 35.2152311, -1.4583972 ], [ 35.2151183, -1.4579015 ], [ 35.2149781, -1.4577682 ], [ 35.2146841, -1.4574639 ], [ 35.2146055, -1.4571733 ], [ 35.2144004, -1.4569238 ], [ 35.2143388, -1.4566947 ], [ 35.2144106, -1.4565512 ], [ 35.2146431, -1.4564794 ], [ 35.215108, -1.4566093 ], [ 35.2153644, -1.4566435 ], [ 35.2156789, -1.4565033 ], [ 35.2158635, -1.4564007 ], [ 35.2159866, -1.4560999 ], [ 35.2159456, -1.4558982 ], [ 35.2156618, -1.4557888 ], [ 35.2154191, -1.4555871 ], [ 35.2151148, -1.4554675 ], [ 35.2148379, -1.4555529 ], [ 35.2143935, -1.4559837 ], [ 35.2140346, -1.4560144 ], [ 35.2135218, -1.4558435 ], [ 35.2130739, -1.4558879 ], [ 35.2129338, -1.4557239 ], [ 35.2129748, -1.4555119 ], [ 35.2131389, -1.4551153 ], [ 35.2134192, -1.454835 ], [ 35.2138739, -1.4544077 ], [ 35.2141064, -1.4541 ], [ 35.2144824, -1.4538949 ], [ 35.2146636, -1.4536214 ], [ 35.2147798, -1.453242 ], [ 35.2146465, -1.4529753 ], [ 35.2143012, -1.4527941 ], [ 35.2137542, -1.4521822 ], [ 35.2128517, -1.4514062 ], [ 35.2127697, -1.4509242 ], [ 35.2130261, -1.4506199 ], [ 35.2134192, -1.4502302 ], [ 35.2138363, -1.4497413 ], [ 35.2141747, -1.4496319 ], [ 35.2146157, -1.4494234 ], [ 35.2146397, -1.4487123 ], [ 35.2146021, -1.4478235 ], [ 35.2142158, -1.4475261 ], [ 35.2137474, -1.4475808 ], [ 35.2134876, -1.4477209 ], [ 35.2132073, -1.4480628 ], [ 35.2124928, -1.4488764 ], [ 35.2120415, -1.4490679 ], [ 35.2116997, -1.4490132 ], [ 35.2113373, -1.448685 ], [ 35.2112176, -1.4483465 ], [ 35.211498, -1.4478714 ], [ 35.2116894, -1.4473312 ], [ 35.2119663, -1.4470748 ], [ 35.2126979, -1.446562 ], [ 35.2128073, -1.4461347 ], [ 35.2126569, -1.4459604 ], [ 35.2124347, -1.4458441 ], [ 35.2121851, -1.4456014 ], [ 35.2121167, -1.4453006 ], [ 35.2124005, -1.4447604 ], [ 35.2126466, -1.4438511 ], [ 35.2126876, -1.4434101 ], [ 35.2125133, -1.443287 ], [ 35.2119458, -1.4433554 ], [ 35.2112382, -1.4435776 ], [ 35.210739, -1.4440186 ], [ 35.2102502, -1.4445416 ], [ 35.2098639, -1.4446613 ], [ 35.2094776, -1.4445485 ], [ 35.2088383, -1.4441827 ], [ 35.2085888, -1.443793 ], [ 35.2082571, -1.4433212 ], [ 35.2080691, -1.4427332 ], [ 35.207758, -1.4424973 ], [ 35.207823, -1.4421008 ], [ 35.2080008, -1.4415504 ], [ 35.2077854, -1.4413487 ], [ 35.2075016, -1.4413589 ], [ 35.2072521, -1.4412427 ], [ 35.207023, -1.4410547 ], [ 35.2067837, -1.440788 ], [ 35.2066607, -1.4405316 ], [ 35.2066572, -1.4404222 ], [ 35.2068966, -1.4402274 ], [ 35.2071871, -1.4401146 ], [ 35.2075495, -1.4398616 ], [ 35.2078093, -1.4395915 ], [ 35.2078435, -1.4392497 ], [ 35.2077307, -1.4390411 ], [ 35.20757, -1.4390069 ], [ 35.2071359, -1.4388668 ], [ 35.2069683, -1.438754 ], [ 35.2068555, -1.4385694 ], [ 35.2068589, -1.4383198 ], [ 35.2070367, -1.4381079 ], [ 35.2076008, -1.4375506 ], [ 35.2080076, -1.4372498 ], [ 35.2080349, -1.4369148 ], [ 35.2080144, -1.4364635 ], [ 35.2078845, -1.4362789 ], [ 35.2076692, -1.4360362 ], [ 35.207194, -1.4359541 ], [ 35.2063462, -1.4359541 ], [ 35.205765, -1.4358482 ], [ 35.2056248, -1.4355508 ], [ 35.2053992, -1.4353867 ], [ 35.2048625, -1.4357456 ], [ 35.2043258, -1.4361593 ], [ 35.2039702, -1.436508 ], [ 35.2036318, -1.4367097 ], [ 35.2032489, -1.4370857 ], [ 35.202784, -1.4372977 ], [ 35.2022302, -1.4373694 ], [ 35.2019533, -1.437284 ], [ 35.2019157, -1.436966 ], [ 35.2019088, -1.4367644 ], [ 35.2018507, -1.4361969 ], [ 35.201984, -1.4356294 ], [ 35.202008, -1.4354174 ], [ 35.2018131, -1.4351747 ], [ 35.2014542, -1.4347508 ], [ 35.2010644, -1.4343406 ], [ 35.2006816, -1.4342585 ], [ 35.2005243, -1.4341902 ], [ 35.2002884, -1.4341286 ], [ 35.1999944, -1.4341765 ], [ 35.1999295, -1.4342448 ], [ 35.1997346, -1.4346346 ], [ 35.1995227, -1.4349525 ], [ 35.1992868, -1.4351132 ], [ 35.1990099, -1.4350756 ], [ 35.1988765, -1.4352021 ], [ 35.1987124, -1.4352499 ], [ 35.1985791, -1.4351781 ], [ 35.1979159, -1.4348636 ], [ 35.1975604, -1.4348534 ], [ 35.1970578, -1.4347542 ], [ 35.1966579, -1.434597 ], [ 35.1961929, -1.4346517 ], [ 35.1958921, -1.4348123 ], [ 35.1957178, -1.4350106 ], [ 35.1955297, -1.4356225 ], [ 35.1953896, -1.4359234 ], [ 35.1950204, -1.4361695 ], [ 35.1945589, -1.4362311 ], [ 35.1943093, -1.4360328 ], [ 35.1938957, -1.4359063 ], [ 35.193482, -1.4354038 ], [ 35.1933145, -1.435267 ], [ 35.1930273, -1.4351986 ], [ 35.1926957, -1.4349696 ], [ 35.1924086, -1.434679 ], [ 35.1919539, -1.4345149 ], [ 35.1915437, -1.4342517 ], [ 35.1912702, -1.4341833 ], [ 35.1908839, -1.4340329 ], [ 35.1906206, -1.4339611 ], [ 35.1904702, -1.4340329 ], [ 35.1904292, -1.4342175 ], [ 35.1904668, -1.4347952 ], [ 35.1903779, -1.4350961 ], [ 35.1901147, -1.4352465 ], [ 35.1897318, -1.4353525 ], [ 35.1895301, -1.4352465 ], [ 35.1892942, -1.4349764 ], [ 35.1893489, -1.4346346 ], [ 35.1894993, -1.4342175 ], [ 35.1897045, -1.433609 ], [ 35.1898275, -1.43298 ], [ 35.1897728, -1.4326176 ], [ 35.1893968, -1.4321458 ], [ 35.1887199, -1.4319476 ], [ 35.1883849, -1.4316809 ], [ 35.1883097, -1.4311203 ], [ 35.1880362, -1.4307374 ], [ 35.1871952, -1.4306075 ], [ 35.1862448, -1.4307784 ], [ 35.1855611, -1.4311476 ], [ 35.185021, -1.4312638 ], [ 35.1843851, -1.4310587 ], [ 35.1842484, -1.4307716 ], [ 35.1850142, -1.4301152 ], [ 35.1852466, -1.4293699 ], [ 35.1852193, -1.4287272 ], [ 35.1848706, -1.4282076 ], [ 35.1839681, -1.4281803 ], [ 35.1816024, -1.4288093 ], [ 35.1809665, -1.4288845 ], [ 35.1807751, -1.4290281 ], [ 35.1803238, -1.4288845 ], [ 35.179688, -1.4284127 ], [ 35.1792231, -1.4279957 ], [ 35.1787487, -1.4269436 ], [ 35.1790188, -1.4266103 ], [ 35.1790701, -1.4264547 ], [ 35.1790581, -1.4262189 ], [ 35.1791949, -1.426159 ], [ 35.1793231, -1.4260667 ], [ 35.1793983, -1.4259249 ], [ 35.1791538, -1.4256702 ], [ 35.1790171, -1.4253061 ], [ 35.1789453, -1.424889 ], [ 35.1789197, -1.424807 ], [ 35.1787248, -1.4246839 ], [ 35.1787265, -1.4245557 ], [ 35.1788701, -1.4244873 ], [ 35.1791671, -1.4243694 ], [ 35.1793448, -1.4242651 ], [ 35.1796132, -1.4242873 ], [ 35.1796867, -1.4243797 ], [ 35.1796953, -1.4245643 ], [ 35.1798303, -1.4246019 ], [ 35.1799585, -1.4245215 ], [ 35.1799414, -1.4243591 ], [ 35.1798884, -1.4243062 ], [ 35.1798593, -1.4242327 ], [ 35.1799243, -1.424031 ], [ 35.1801089, -1.423901 ], [ 35.1802491, -1.4239318 ], [ 35.1803516, -1.4240891 ], [ 35.1804183, -1.4240651 ], [ 35.1804542, -1.4239147 ], [ 35.1805414, -1.4238378 ], [ 35.1807225, -1.4236361 ], [ 35.1809601, -1.4235541 ], [ 35.1811977, -1.4235284 ], [ 35.1812217, -1.4239079 ], [ 35.1813276, -1.4239523 ], [ 35.1815909, -1.4239865 ], [ 35.1817755, -1.4239079 ], [ 35.1819293, -1.4239455 ], [ 35.1822438, -1.4242224 ], [ 35.1824045, -1.4243711 ], [ 35.1825498, -1.4244446 ], [ 35.1826233, -1.4244173 ], [ 35.1827104, -1.4243267 ], [ 35.1827156, -1.4242822 ], [ 35.1826865, -1.4240942 ], [ 35.1828045, -1.4240566 ], [ 35.1828711, -1.4238976 ], [ 35.1830198, -1.42366 ], [ 35.1830797, -1.4234224 ], [ 35.1831378, -1.4232361 ], [ 35.183254, -1.4231609 ], [ 35.1834335, -1.4231079 ], [ 35.1835053, -1.4231336 ], [ 35.1835736, -1.423366 ], [ 35.1836865, -1.4234395 ], [ 35.1837617, -1.4234583 ], [ 35.1838129, -1.4234036 ], [ 35.1838523, -1.4231626 ], [ 35.1839104, -1.423043 ], [ 35.1841206, -1.4230669 ], [ 35.1841702, -1.4230242 ], [ 35.1841087, -1.4228379 ], [ 35.1840984, -1.4226498 ], [ 35.1842574, -1.4224806 ], [ 35.1842813, -1.4223114 ], [ 35.1842249, -1.4220618 ], [ 35.1842608, -1.4219439 ], [ 35.1844163, -1.4219525 ], [ 35.1844744, -1.4219952 ], [ 35.1845838, -1.4221302 ], [ 35.1847992, -1.4221559 ], [ 35.1848966, -1.4220943 ], [ 35.1849257, -1.421949 ], [ 35.1850265, -1.4218841 ], [ 35.1853103, -1.4220037 ], [ 35.1854248, -1.4219986 ], [ 35.185565, -1.4220191 ], [ 35.1856607, -1.4219849 ], [ 35.1856607, -1.4219251 ], [ 35.1855239, -1.4217935 ], [ 35.1855, -1.4216653 ], [ 35.1856898, -1.4215234 ], [ 35.1859564, -1.4215952 ], [ 35.1862299, -1.4216294 ], [ 35.1865102, -1.4216072 ], [ 35.1867546, -1.4215525 ], [ 35.1868444, -1.4216191 ], [ 35.1868546, -1.4217644 ], [ 35.1868837, -1.4219576 ], [ 35.1869999, -1.4220926 ], [ 35.1872751, -1.4221131 ], [ 35.1875161, -1.4220636 ], [ 35.1877315, -1.4220875 ], [ 35.1878836, -1.4220687 ], [ 35.1877606, -1.421879 ], [ 35.1878289, -1.4218003 ], [ 35.1879349, -1.421773 ], [ 35.1880409, -1.4218396 ], [ 35.1881332, -1.4218841 ], [ 35.1882409, -1.421855 ], [ 35.1883041, -1.4217781 ], [ 35.1883041, -1.4216926 ], [ 35.1882853, -1.4216208 ], [ 35.1886836, -1.4216174 ], [ 35.1889075, -1.4215986 ], [ 35.1891553, -1.4215303 ], [ 35.1894169, -1.4215781 ], [ 35.1896921, -1.4215115 ], [ 35.1898544, -1.4213559 ], [ 35.1900989, -1.4211525 ], [ 35.1902989, -1.4212277 ], [ 35.1903895, -1.4213132 ], [ 35.1903929, -1.4214072 ], [ 35.1904578, -1.4214892 ], [ 35.1905946, -1.4215012 ], [ 35.190921, -1.4214533 ], [ 35.1912373, -1.4214738 ], [ 35.1913279, -1.4215285 ], [ 35.1914492, -1.421561 ], [ 35.19148, -1.421332 ], [ 35.1915791, -1.421214 ], [ 35.1922543, -1.4210961 ], [ 35.1926868, -1.4209286 ], [ 35.1928731, -1.4210346 ], [ 35.1929517, -1.4211542 ], [ 35.1930406, -1.4211559 ], [ 35.1931346, -1.4210756 ], [ 35.1931072, -1.4209935 ], [ 35.1931243, -1.4208756 ], [ 35.1932645, -1.4208431 ], [ 35.1933534, -1.4208551 ], [ 35.1935277, -1.4209337 ], [ 35.1937704, -1.4209423 ], [ 35.1939516, -1.420797 ], [ 35.1940371, -1.4206978 ], [ 35.1941003, -1.4205337 ], [ 35.1941841, -1.4204654 ], [ 35.1941926, -1.420356 ], [ 35.1939875, -1.4203457 ], [ 35.1938833, -1.4202944 ], [ 35.1938508, -1.4201628 ], [ 35.1938969, -1.4199286 ], [ 35.1939739, -1.4197338 ], [ 35.1940029, -1.4196979 ], [ 35.1941174, -1.4197458 ], [ 35.1942217, -1.4197714 ], [ 35.1943072, -1.4197133 ], [ 35.1943978, -1.4195834 ], [ 35.1945807, -1.4194979 ], [ 35.1946678, -1.419433 ], [ 35.1947653, -1.4192466 ], [ 35.1948251, -1.4190945 ], [ 35.1948935, -1.4190193 ], [ 35.1949516, -1.4189458 ], [ 35.1949635, -1.4188364 ], [ 35.1950387, -1.4186586 ], [ 35.1950268, -1.4184877 ], [ 35.1948644, -1.4184569 ], [ 35.1948234, -1.4183817 ], [ 35.1949191, -1.4182552 ], [ 35.1951857, -1.4183151 ], [ 35.1952182, -1.4183287 ], [ 35.1953139, -1.4182672 ], [ 35.195343, -1.4181647 ], [ 35.1953977, -1.4181065 ], [ 35.1955669, -1.4177903 ], [ 35.1957532, -1.4175749 ], [ 35.1959601, -1.4174929 ], [ 35.1961447, -1.4174758 ], [ 35.1963378, -1.4174331 ], [ 35.1963207, -1.4173356 ], [ 35.1961737, -1.4172792 ], [ 35.196131, -1.417175 ], [ 35.1961583, -1.4170622 ], [ 35.19609, -1.4169647 ], [ 35.1958284, -1.4169545 ], [ 35.1956797, -1.4169357 ], [ 35.1957293, -1.416775 ], [ 35.195878, -1.4165169 ], [ 35.1959139, -1.4163528 ], [ 35.1957925, -1.4161443 ], [ 35.195743, -1.4159819 ], [ 35.1958079, -1.4157357 ], [ 35.1957259, -1.4153751 ], [ 35.1953327, -1.4153512 ], [ 35.1954814, -1.4150862 ], [ 35.1954182, -1.4149717 ], [ 35.1952883, -1.4149939 ], [ 35.1951533, -1.4145956 ], [ 35.1950268, -1.4144845 ], [ 35.1951242, -1.4143939 ], [ 35.1952182, -1.4144025 ], [ 35.1952558, -1.4142897 ], [ 35.1951584, -1.414129 ], [ 35.1952336, -1.4140811 ], [ 35.1953533, -1.4140726 ], [ 35.1954438, -1.4140282 ], [ 35.1954746, -1.4139393 ], [ 35.1952678, -1.4136213 ], [ 35.1951875, -1.4136624 ], [ 35.1951498, -1.4136128 ], [ 35.1951909, -1.4135444 ], [ 35.1951088, -1.4134402 ], [ 35.1949977, -1.413447 ], [ 35.1949311, -1.4135102 ], [ 35.1948866, -1.4135205 ], [ 35.194808, -1.4134931 ], [ 35.1947806, -1.4133889 ], [ 35.1948046, -1.4133188 ], [ 35.194955, -1.4132709 ], [ 35.1949909, -1.4132248 ], [ 35.1949772, -1.4131239 ], [ 35.1948695, -1.4130282 ], [ 35.1948217, -1.4129103 ], [ 35.1949054, -1.4128214 ], [ 35.1949806, -1.4128607 ], [ 35.1950285, -1.4128778 ], [ 35.1951396, -1.4128744 ], [ 35.1952319, -1.4129069 ], [ 35.1953191, -1.4128966 ], [ 35.1953242, -1.4128128 ], [ 35.1954216, -1.4127188 ], [ 35.1955003, -1.412553 ], [ 35.1957139, -1.412471 ], [ 35.195825, -1.4122197 ], [ 35.1959361, -1.4121428 ], [ 35.1959874, -1.4120522 ], [ 35.1960199, -1.4118232 ], [ 35.1961361, -1.4118368 ], [ 35.1962301, -1.4118197 ], [ 35.1963959, -1.4116488 ], [ 35.1965241, -1.4114847 ], [ 35.1965344, -1.4113993 ], [ 35.1965002, -1.4113053 ], [ 35.1966455, -1.4112625 ], [ 35.1967634, -1.4111155 ], [ 35.196748, -1.4110061 ], [ 35.1966421, -1.410919 ], [ 35.1964985, -1.4108796 ], [ 35.1964267, -1.4108711 ], [ 35.1963822, -1.4108061 ], [ 35.1963737, -1.4107566 ], [ 35.1963805, -1.4106574 ], [ 35.1965686, -1.4105309 ], [ 35.1967976, -1.4103703 ], [ 35.1968694, -1.4103361 ], [ 35.1969053, -1.4100626 ], [ 35.1969788, -1.4100096 ], [ 35.1970386, -1.4099207 ], [ 35.1970472, -1.4098489 ], [ 35.1969087, -1.4098472 ], [ 35.1968027, -1.4098028 ], [ 35.1967515, -1.4097242 ], [ 35.1967822, -1.4095857 ], [ 35.1969019, -1.4093276 ], [ 35.1969668, -1.4091994 ], [ 35.196989, -1.4091259 ], [ 35.1969771, -1.4089379 ], [ 35.196907, -1.4088644 ], [ 35.1968096, -1.4088541 ], [ 35.1968027, -1.4087704 ], [ 35.1968318, -1.4086456 ], [ 35.1969002, -1.4084678 ], [ 35.1969378, -1.4083294 ], [ 35.1970796, -1.40822 ], [ 35.1970711, -1.4081055 ], [ 35.1970113, -1.4080114 ], [ 35.1970489, -1.4079328 ], [ 35.1971207, -1.4078644 ], [ 35.1971608, -1.4077482 ], [ 35.1972446, -1.4077174 ], [ 35.1972976, -1.4076525 ], [ 35.1973625, -1.4076234 ], [ 35.1974001, -1.4075192 ], [ 35.197436, -1.4074559 ], [ 35.1973967, -1.4074491 ], [ 35.1973369, -1.4074252 ], [ 35.1973147, -1.4073653 ], [ 35.1973694, -1.407244 ], [ 35.1974377, -1.4071602 ], [ 35.1975181, -1.4071226 ], [ 35.1976001, -1.4071277 ], [ 35.1977095, -1.4070628 ], [ 35.197824, -1.4070166 ], [ 35.1979488, -1.4070286 ], [ 35.1980428, -1.4070799 ], [ 35.1981334, -1.4070559 ], [ 35.1981556, -1.4070218 ], [ 35.1981744, -1.4070115 ], [ 35.1982172, -1.4070354 ], [ 35.198277, -1.4070474 ], [ 35.1983249, -1.4070474 ], [ 35.1983761, -1.4070303 ], [ 35.1984394, -1.406991 ], [ 35.1984804, -1.4069927 ], [ 35.198518, -1.4069585 ], [ 35.1985625, -1.4069534 ], [ 35.1986035, -1.4069124 ], [ 35.1986753, -1.4068679 ], [ 35.1987419, -1.4068611 ], [ 35.198771, -1.4068064 ], [ 35.1987505, -1.406709 ], [ 35.1988018, -1.4066337 ], [ 35.1987847, -1.4065979 ], [ 35.1987983, -1.4065637 ], [ 35.1988787, -1.406538 ], [ 35.1989077, -1.4065568 ], [ 35.1989385, -1.4065466 ], [ 35.1989676, -1.406485 ], [ 35.1990393, -1.4065021 ], [ 35.1990718, -1.4064953 ], [ 35.1991214, -1.406497 ], [ 35.1991641, -1.406538 ], [ 35.1992222, -1.4065585 ], [ 35.1993094, -1.4065295 ], [ 35.1994086, -1.4065021 ], [ 35.1995538, -1.4064697 ], [ 35.1996017, -1.4063791 ], [ 35.1996333, -1.4063927 ], [ 35.1997256, -1.4063671 ], [ 35.1998008, -1.4063312 ], [ 35.199835, -1.4062098 ], [ 35.2000384, -1.4061876 ], [ 35.2001359, -1.4061688 ], [ 35.2001598, -1.4060269 ], [ 35.2002965, -1.4059928 ], [ 35.2003478, -1.4059517 ], [ 35.2002846, -1.4058731 ], [ 35.2003461, -1.4057757 ], [ 35.2004213, -1.4056834 ], [ 35.2002897, -1.4056424 ], [ 35.2002948, -1.4055637 ], [ 35.2004145, -1.4055176 ], [ 35.2004623, -1.4054612 ], [ 35.200541, -1.4054407 ], [ 35.2006264, -1.405574 ], [ 35.2006743, -1.4055723 ], [ 35.2007734, -1.4055894 ], [ 35.2008059, -1.4056783 ], [ 35.2008298, -1.4057244 ], [ 35.2009307, -1.4058441 ], [ 35.2009991, -1.4058919 ], [ 35.201117, -1.4058919 ], [ 35.2011939, -1.4059124 ], [ 35.2012862, -1.4059808 ], [ 35.2014315, -1.4059466 ], [ 35.2014948, -1.4059791 ], [ 35.2016178, -1.4060133 ], [ 35.2017118, -1.4059534 ], [ 35.2019281, -1.4057902 ], [ 35.2020298, -1.4057013 ], [ 35.2022033, -1.40568 ], [ 35.2022631, -1.4056065 ], [ 35.202352, -1.4055791 ], [ 35.2023964, -1.4054936 ], [ 35.2025913, -1.4053774 ], [ 35.2028135, -1.4052749 ], [ 35.2029741, -1.4051689 ], [ 35.2032408, -1.4049774 ], [ 35.2032647, -1.4048646 ], [ 35.2034015, -1.4048065 ], [ 35.2034664, -1.4045467 ], [ 35.2034015, -1.4044612 ], [ 35.2033057, -1.4043929 ], [ 35.2032647, -1.4043211 ], [ 35.2033263, -1.4041741 ], [ 35.2034527, -1.4038527 ], [ 35.203422, -1.4036955 ], [ 35.2034904, -1.4036374 ], [ 35.2035861, -1.403504 ], [ 35.2036681, -1.4034459 ], [ 35.2038254, -1.4031929 ], [ 35.2037775, -1.4030733 ], [ 35.2038254, -1.4030015 ], [ 35.2040066, -1.4027759 ], [ 35.2042083, -1.4026118 ], [ 35.2043211, -1.4026084 ], [ 35.2043929, -1.4025981 ], [ 35.2044783, -1.4025195 ], [ 35.2044458, -1.402299 ], [ 35.2045074, -1.4022545 ], [ 35.2045535, -1.4022648 ], [ 35.2045997, -1.4022614 ], [ 35.2046031, -1.4021554 ], [ 35.2046527, -1.4021298 ], [ 35.2047142, -1.4021964 ], [ 35.2047381, -1.4021639 ], [ 35.2047775, -1.4021827 ], [ 35.2048116, -1.4022374 ], [ 35.2049074, -1.4022221 ], [ 35.2050065, -1.402152 ], [ 35.2050766, -1.4019964 ], [ 35.205121, -1.4019434 ], [ 35.2052048, -1.4019263 ], [ 35.2052988, -1.4018631 ], [ 35.2056287, -1.4015349 ], [ 35.205321, -1.401846 ], [ 35.2053654, -1.4018358 ], [ 35.2054048, -1.4018135 ], [ 35.2054372, -1.4017879 ], [ 35.2054988, -1.4017076 ], [ 35.2056236, -1.4016426 ], [ 35.2056543, -1.4016341 ], [ 35.2056817, -1.4016546 ], [ 35.2057227, -1.4016682 ], [ 35.2057483, -1.4016477 ], [ 35.2057569, -1.4015742 ], [ 35.2057415, -1.4015093 ], [ 35.2057706, -1.4014153 ], [ 35.2059141, -1.4013401 ], [ 35.2060389, -1.4013589 ], [ 35.20615, -1.4013281 ], [ 35.206215, -1.4012905 ], [ 35.2062355, -1.4011743 ], [ 35.206297, -1.4011264 ], [ 35.2063449, -1.4011948 ], [ 35.2064064, -1.4012016 ], [ 35.2064714, -1.4011196 ], [ 35.206485, -1.4009999 ], [ 35.2065226, -1.4008974 ], [ 35.2064714, -1.4008016 ], [ 35.2065397, -1.4006581 ], [ 35.2066525, -1.4005897 ], [ 35.206656, -1.4003504 ], [ 35.2066218, -1.4002581 ], [ 35.2066491, -1.3999846 ], [ 35.2066628, -1.3998068 ], [ 35.2065295, -1.3998171 ], [ 35.2064782, -1.3997487 ], [ 35.2066218, -1.3996974 ], [ 35.2067243, -1.399735 ], [ 35.2068269, -1.3996769 ], [ 35.2069192, -1.3993898 ], [ 35.2069739, -1.399147 ], [ 35.2069397, -1.3989351 ], [ 35.2070799, -1.3989385 ], [ 35.2072508, -1.3988018 ], [ 35.2071209, -1.3987368 ], [ 35.2070559, -1.3986753 ], [ 35.2072235, -1.3984394 ], [ 35.2074764, -1.3983232 ], [ 35.2076508, -1.3982924 ], [ 35.2079106, -1.3982924 ], [ 35.2082012, -1.3984325 ], [ 35.2083208, -1.3983642 ], [ 35.2083994, -1.3982001 ], [ 35.208714, -1.3981249 ], [ 35.2090182, -1.3980599 ], [ 35.2090524, -1.3979779 ], [ 35.2093532, -1.397783 ], [ 35.2094558, -1.397701 ], [ 35.2095515, -1.3975437 ], [ 35.2095276, -1.3973591 ], [ 35.2094319, -1.3971437 ], [ 35.2094353, -1.3969762 ], [ 35.2096609, -1.3967609 ], [ 35.2100096, -1.3964737 ], [ 35.2103104, -1.3963711 ], [ 35.2104643, -1.3963062 ], [ 35.2106865, -1.3962617 ], [ 35.2108301, -1.3963711 ], [ 35.2110386, -1.3964395 ], [ 35.2112779, -1.3964737 ], [ 35.2113531, -1.3963575 ], [ 35.2113907, -1.3962378 ], [ 35.2114078, -1.3961113 ], [ 35.2115343, -1.3959609 ], [ 35.2116847, -1.3958447 ], [ 35.2117668, -1.3957353 ], [ 35.2117941, -1.3956567 ], [ 35.2118967, -1.3955404 ], [ 35.2120368, -1.3953421 ], [ 35.2122898, -1.3953045 ], [ 35.2124368, -1.3952225 ], [ 35.2127137, -1.3951746 ], [ 35.2131445, -1.3949456 ], [ 35.2135137, -1.3946003 ], [ 35.2137701, -1.3945046 ], [ 35.2140982, -1.3943063 ], [ 35.2143632, -1.3940961 ], [ 35.2145666, -1.3940209 ], [ 35.2146691, -1.3940328 ], [ 35.2147529, -1.3940311 ], [ 35.2148161, -1.3939764 ], [ 35.2147991, -1.3938807 ], [ 35.2147785, -1.3938226 ], [ 35.2147597, -1.393491 ], [ 35.2147973, -1.3933918 ], [ 35.2148777, -1.3932807 ], [ 35.2149649, -1.3931782 ], [ 35.2150554, -1.3930893 ], [ 35.215105, -1.3930004 ], [ 35.215158, -1.392985 ], [ 35.2152383, -1.3930312 ], [ 35.2152657, -1.3928773 ], [ 35.2152212, -1.3927645 ], [ 35.2152896, -1.3926859 ], [ 35.2153648, -1.3926415 ], [ 35.2154366, -1.3925731 ], [ 35.2155187, -1.39245 ], [ 35.2156144, -1.3922244 ], [ 35.2157067, -1.3920535 ], [ 35.2158024, -1.3918962 ], [ 35.2159802, -1.3917013 ], [ 35.2171341, -1.3880293 ], [ 35.1443728, -1.3312344 ], [ 35.0668002, -1.2688507 ], [ 35.0441247, -1.2505134 ], [ 35.0342998, -1.2505215 ], [ 35.0331009, -1.249622 ], [ 35.0282785, -1.2508087 ], [ 34.9979691, -1.2582635 ], [ 34.9975119, -1.2583759 ], [ 34.9903444, -1.2594954 ], [ 34.9890996, -1.2602013 ], [ 34.9885765, -1.2621936 ], [ 34.9876432, -1.2656785 ], [ 34.9858756, -1.2682932 ], [ 34.9852421, -1.2683866 ], [ 34.9838424, -1.2686006 ], [ 34.9824343, -1.2688158 ], [ 34.9806199, -1.269051 ], [ 34.9800471, -1.2701603 ], [ 34.9788112, -1.2724056 ], [ 34.9777296, -1.275367 ], [ 34.9783041, -1.2768113 ], [ 34.9784644, -1.2772727 ], [ 34.9783817, -1.2790481 ], [ 34.9796087, -1.2798882 ], [ 34.9799309, -1.2813932 ], [ 34.9800129, -1.2817619 ], [ 34.9802761, -1.2825806 ], [ 34.9804311, -1.2830111 ], [ 34.9805633, -1.283441 ], [ 34.9806218, -1.2835893 ], [ 34.9805567, -1.2843536 ], [ 34.9802188, -1.2846778 ], [ 34.9798008, -1.2850379 ], [ 34.9794786, -1.2853337 ], [ 34.9790585, -1.2857019 ], [ 34.9786615, -1.2860566 ], [ 34.977902, -1.2867419 ], [ 34.9770315, -1.2875005 ], [ 34.9762046, -1.2882431 ], [ 34.9749371, -1.288752 ], [ 34.9744064, -1.2889543 ], [ 34.9735535, -1.2893068 ], [ 34.9726673, -1.2896504 ], [ 34.9711387, -1.2895844 ], [ 34.9701685, -1.2893372 ], [ 34.9687714, -1.2889836 ], [ 34.9684893, -1.2877235 ], [ 34.9692668, -1.2864614 ], [ 34.9692868, -1.2855083 ], [ 34.9684214, -1.2848385 ], [ 34.9678985, -1.2850652 ], [ 34.9669654, -1.2857938 ], [ 34.9658738, -1.2866475 ], [ 34.9635726, -1.2887359 ], [ 34.9620052, -1.2901445 ], [ 34.9571495, -1.2937872 ], [ 34.9556348, -1.2962797 ], [ 34.9555425, -1.2979746 ], [ 34.9542107, -1.2998156 ], [ 34.9520916, -1.3027318 ], [ 34.9512883, -1.3040193 ], [ 34.9508596, -1.3046994 ], [ 34.9494006, -1.3070138 ], [ 34.948866, -1.3075816 ], [ 34.9479163, -1.3084409 ], [ 34.9470619, -1.3092018 ], [ 34.9454112, -1.3107728 ], [ 34.9432217, -1.3121444 ], [ 34.9401865, -1.3140083 ], [ 34.9387192, -1.3145984 ], [ 34.9371791, -1.3152324 ], [ 34.9358009, -1.3157828 ], [ 34.9347028, -1.3162328 ], [ 34.9330692, -1.3168499 ], [ 34.9324428, -1.3174617 ], [ 34.9309492, -1.318901 ], [ 34.9291233, -1.3205962 ], [ 34.9276854, -1.3215518 ], [ 34.925848, -1.322713 ], [ 34.9239698, -1.3239186 ], [ 34.9224191, -1.3249825 ], [ 34.9209406, -1.3258919 ], [ 34.9194158, -1.3268924 ], [ 34.9182632, -1.3275164 ], [ 34.9167914, -1.3284153 ], [ 34.9154757, -1.3292592 ], [ 34.9143569, -1.3299043 ], [ 34.913175, -1.3307672 ], [ 34.9108948, -1.3310443 ], [ 34.9097656, -1.3320278 ], [ 34.9087651, -1.3327533 ], [ 34.9067538, -1.3335929 ], [ 34.9042644, -1.3346716 ], [ 34.902029, -1.3350396 ], [ 34.9010011, -1.3351835 ], [ 34.900265, -1.3358286 ], [ 34.8992349, -1.3367275 ], [ 34.8972869, -1.3382567 ], [ 34.8964325, -1.3386776 ], [ 34.8949433, -1.3395215 ], [ 34.8938424, -1.3401696 ], [ 34.8931118, -1.3405791 ], [ 34.8926382, -1.3408646 ], [ 34.8921646, -1.3411608 ], [ 34.8913563, -1.3415034 ], [ 34.8905691, -1.3420236 ], [ 34.8893042, -1.3427597 ], [ 34.8881473, -1.343426 ], [ 34.8872885, -1.3440076 ], [ 34.8856787, -1.3449445 ], [ 34.8839384, -1.3459132 ], [ 34.882676, -1.3465583 ], [ 34.881278, -1.3474467 ], [ 34.879685, -1.3483012 ], [ 34.8776225, -1.3483942 ], [ 34.8780989, -1.3502407 ], [ 34.8770688, -1.3520068 ], [ 34.8746489, -1.3534599 ], [ 34.8723879, -1.3536143 ], [ 34.8696361, -1.3514335 ], [ 34.8682084, -1.3511733 ], [ 34.8670363, -1.3529691 ], [ 34.8660528, -1.3541345 ], [ 34.8653912, -1.3549425 ], [ 34.8645283, -1.3556955 ], [ 34.8631028, -1.3568588 ], [ 34.8617389, -1.358039 ], [ 34.8597338, -1.3590669 ], [ 34.8582828, -1.3598262 ], [ 34.8571914, -1.3604037 ], [ 34.8562165, -1.3607505 ], [ 34.8550088, -1.3613745 ], [ 34.8537164, -1.3621042 ], [ 34.8523986, -1.362707 ], [ 34.8516562, -1.3631744 ], [ 34.8511043, -1.363388 ], [ 34.8503957, -1.3636102 ], [ 34.8495962, -1.3640797 ], [ 34.8486443, -1.3645175 ], [ 34.8480691, -1.3649194 ], [ 34.8475299, -1.3651077 ], [ 34.8467664, -1.3655412 ], [ 34.8458543, -1.3660213 ], [ 34.8448768, -1.3664507 ], [ 34.844101, -1.3668039 ], [ 34.84305, -1.3678424 ], [ 34.8421278, -1.3686102 ], [ 34.8411844, -1.3693927 ], [ 34.8405733, -1.3699956 ], [ 34.8399347, -1.3704588 ], [ 34.8393128, -1.3712794 ], [ 34.8386231, -1.3717384 ], [ 34.8378852, -1.3724216 ], [ 34.8367875, -1.3733755 ], [ 34.8365275, -1.3746995 ], [ 34.8364004, -1.3756259 ], [ 34.8360555, -1.3767871 ], [ 34.8357492, -1.3778171 ], [ 34.8345966, -1.3782909 ], [ 34.8322464, -1.3783565 ], [ 34.8308187, -1.3783586 ], [ 34.8294671, -1.3784601 ], [ 34.8283208, -1.3792406 ], [ 34.8271364, -1.3797778 ], [ 34.8261211, -1.3805879 ], [ 34.8242766, -1.3814699 ], [ 34.8229821, -1.3822672 ], [ 34.8216159, -1.383035 ], [ 34.8204994, -1.3836823 ], [ 34.8198396, -1.3841899 ], [ 34.8190824, -1.3846468 ], [ 34.8175995, -1.3853743 ], [ 34.8161845, -1.3863557 ], [ 34.8149789, -1.3868125 ], [ 34.8127621, -1.3893231 ], [ 34.8114932, -1.3908227 ], [ 34.8106918, -1.391728 ], [ 34.8079039, -1.3930372 ], [ 34.8066921, -1.3937056 ], [ 34.8060194, -1.3942936 ], [ 34.805573, -1.3948033 ], [ 34.8047334, -1.3955753 ], [ 34.8039468, -1.3962902 ], [ 34.8030076, -1.3972113 ], [ 34.8024419, -1.3978141 ], [ 34.8016913, -1.3985502 ], [ 34.8009975, -1.3992111 ], [ 34.8000891, -1.4000773 ], [ 34.7994799, -1.4007541 ], [ 34.7984128, -1.4017451 ], [ 34.7976114, -1.4022157 ], [ 34.7970615, -1.4026144 ], [ 34.7966551, -1.4030384 ], [ 34.7961402, -1.4036719 ], [ 34.7953969, -1.404575 ], [ 34.7947087, -1.4054781 ], [ 34.79376, -1.4066097 ], [ 34.7925951, -1.4079802 ], [ 34.7916392, -1.4091932 ], [ 34.7910463, -1.4098574 ], [ 34.7903569, -1.4106918 ], [ 34.789754, -1.41132 ], [ 34.78897, -1.4122538 ], [ 34.7871301, -1.4143583 ], [ 34.7824205, -1.4172466 ], [ 34.7822513, -1.4175903 ], [ 34.7819349, -1.4178485 ], [ 34.7817826, -1.4181003 ], [ 34.7817219, -1.4183105 ] ] ] } },
{ "type": "Feature", "properties": { "query_name": "Amboseli National Park, Kenya", "display_name": "Amboseli National Park, Loitokitok, Kajiado County, Kenya" }, "geometry": { "type": "Polygon", "coordinates": [ [ [ 37.0894965, -2.6014988 ], [ 37.1521623, -2.6512076 ], [ 37.1520003, -2.6564097 ], [ 37.1512391, -2.6697156 ], [ 37.1505034, -2.6863626 ], [ 37.1516537, -2.6906228 ], [ 37.155165, -2.7036864 ], [ 37.1647575, -2.6947888 ], [ 37.1704415, -2.6898348 ], [ 37.1784784, -2.6828662 ], [ 37.1809133, -2.6802847 ], [ 37.1828917, -2.6810468 ], [ 37.1831989, -2.6811651 ], [ 37.1842364, -2.6815533 ], [ 37.1856413, -2.6820791 ], [ 37.1913777, -2.6842129 ], [ 37.1929163, -2.6848695 ], [ 37.1945446, -2.6853321 ], [ 37.1951272, -2.6854813 ], [ 37.1958667, -2.6854328 ], [ 37.1987535, -2.6856694 ], [ 37.2076083, -2.6863952 ], [ 37.2145135, -2.6868466 ], [ 37.2161269, -2.6877569 ], [ 37.2218894, -2.691409 ], [ 37.2230322, -2.6920992 ], [ 37.2285482, -2.6951432 ], [ 37.230774, -2.6965683 ], [ 37.2318495, -2.6973032 ], [ 37.2399387, -2.702399 ], [ 37.2485805, -2.7078268 ], [ 37.2533459, -2.7108447 ], [ 37.2674235, -2.7172498 ], [ 37.2686435, -2.7176185 ], [ 37.2702636, -2.7181413 ], [ 37.2741476, -2.717925 ], [ 37.2770083, -2.7178299 ], [ 37.2891308, -2.7173374 ], [ 37.3021683, -2.716942 ], [ 37.3297782, -2.716002 ], [ 37.3337966, -2.7189191 ], [ 37.3408027, -2.7239626 ], [ 37.3444029, -2.726559 ], [ 37.3511625, -2.7314234 ], [ 37.3546282, -2.7339376 ], [ 37.3633074, -2.7402046 ], [ 37.3639498, -2.7406298 ], [ 37.3650253, -2.7414356 ], [ 37.3671914, -2.7429501 ], [ 37.3678263, -2.7418832 ], [ 37.3685732, -2.7406821 ], [ 37.3710351, -2.7363193 ], [ 37.3824659, -2.7160616 ], [ 37.3911377, -2.7009012 ], [ 37.3938042, -2.6948578 ], [ 37.3968591, -2.6877774 ], [ 37.4008588, -2.6784138 ], [ 37.383788, -2.6690278 ], [ 37.3759154, -2.6648048 ], [ 37.3624111, -2.6575227 ], [ 37.3518945, -2.6518224 ], [ 37.3473831, -2.649405 ], [ 37.3461432, -2.6486738 ], [ 37.3416617, -2.6475247 ], [ 37.3331916, -2.645361 ], [ 37.3331319, -2.6445701 ], [ 37.3328555, -2.6377132 ], [ 37.3321907, -2.6227682 ], [ 37.3320638, -2.6185301 ], [ 37.331765, -2.6140085 ], [ 37.3222941, -2.6055323 ], [ 37.3092678, -2.5939818 ], [ 37.2884437, -2.5755965 ], [ 37.2837082, -2.5712985 ], [ 37.2600159, -2.5740146 ], [ 37.2580141, -2.5742086 ], [ 37.2529799, -2.5747682 ], [ 37.243972, -2.5757382 ], [ 37.2426351, -2.5758576 ], [ 37.2423624, -2.5753204 ], [ 37.2414064, -2.57394 ], [ 37.2404578, -2.5724253 ], [ 37.2399051, -2.5719776 ], [ 37.2392926, -2.5712762 ], [ 37.2387399, -2.5707837 ], [ 37.2380676, -2.5694854 ], [ 37.2365925, -2.5661276 ], [ 37.236163, -2.5650941 ], [ 37.2359763, -2.5645867 ], [ 37.2356402, -2.5636578 ], [ 37.2354646, -2.5630384 ], [ 37.2353787, -2.5628519 ], [ 37.2352069, -2.562587 ], [ 37.2348708, -2.562296 ], [ 37.2338177, -2.5618483 ], [ 37.2330035, -2.5616095 ], [ 37.2308897, -2.5608484 ], [ 37.2288357, -2.56005 ], [ 37.2279656, -2.5598262 ], [ 37.2275548, -2.5597515 ], [ 37.2267294, -2.559759 ], [ 37.2260385, -2.5598411 ], [ 37.2252841, -2.5598896 ], [ 37.2247538, -2.5597627 ], [ 37.2244849, -2.5597366 ], [ 37.2237455, -2.5594792 ], [ 37.2235998, -2.5591098 ], [ 37.2231349, -2.5581361 ], [ 37.2228436, -2.5577033 ], [ 37.2226157, -2.5574477 ], [ 37.2214057, -2.5570149 ], [ 37.220614, -2.5569403 ], [ 37.2195833, -2.5566419 ], [ 37.2164088, -2.5559031 ], [ 37.2158038, -2.5558211 ], [ 37.2152063, -2.5558285 ], [ 37.2145415, -2.5559106 ], [ 37.2135407, -2.5560524 ], [ 37.2130925, -2.5560449 ], [ 37.2121439, -2.5558434 ], [ 37.2112476, -2.5556196 ], [ 37.210553, -2.5553435 ], [ 37.2087903, -2.5547093 ], [ 37.2083869, -2.5545451 ], [ 37.2075056, -2.5545899 ], [ 37.2061387, -2.5547839 ], [ 37.2053843, -2.5548958 ], [ 37.2045328, -2.5550898 ], [ 37.2039428, -2.555254 ], [ 37.2028821, -2.5554704 ], [ 37.2017842, -2.5556121 ], [ 37.201209, -2.5557315 ], [ 37.1995509, -2.5558808 ], [ 37.1984006, -2.5560151 ], [ 37.1977284, -2.5561046 ], [ 37.1970412, -2.5561568 ], [ 37.1966603, -2.5560673 ], [ 37.1954652, -2.555739 ], [ 37.1951216, -2.5556793 ], [ 37.1948005, -2.5556121 ], [ 37.1937249, -2.5555151 ], [ 37.1916709, -2.5553734 ], [ 37.1908492, -2.5552465 ], [ 37.1904833, -2.5552092 ], [ 37.1898334, -2.5552017 ], [ 37.1892583, -2.5550898 ], [ 37.1888774, -2.5549779 ], [ 37.1883545, -2.5547018 ], [ 37.1875329, -2.5542839 ], [ 37.1869279, -2.5539556 ], [ 37.1862557, -2.5535154 ], [ 37.1855536, -2.5528587 ], [ 37.1847693, -2.552411 ], [ 37.183761, -2.5517917 ], [ 37.1829319, -2.5512694 ], [ 37.1823568, -2.5509933 ], [ 37.1810347, -2.5496054 ], [ 37.1807434, -2.5493517 ], [ 37.1802953, -2.5489189 ], [ 37.179877, -2.5485234 ], [ 37.1791674, -2.5478743 ], [ 37.1785923, -2.5473743 ], [ 37.1779873, -2.5469639 ], [ 37.177457, -2.5465759 ], [ 37.1770835, -2.5463595 ], [ 37.1765159, -2.5460834 ], [ 37.1755374, -2.5455909 ], [ 37.174529, -2.5449418 ], [ 37.1736029, -2.5442329 ], [ 37.1729979, -2.5437255 ], [ 37.1725572, -2.5433748 ], [ 37.1720493, -2.5430838 ], [ 37.1714144, -2.5428189 ], [ 37.1705442, -2.5425129 ], [ 37.1699392, -2.5423674 ], [ 37.1691139, -2.5421809 ], [ 37.168352, -2.5420913 ], [ 37.1678553, -2.5420578 ], [ 37.167213, -2.5419682 ], [ 37.1661299, -2.5417929 ], [ 37.1653494, -2.5416324 ], [ 37.1650357, -2.5415615 ], [ 37.1639191, -2.5412743 ], [ 37.1632954, -2.5411474 ], [ 37.1627725, -2.5410653 ], [ 37.1617791, -2.5408676 ], [ 37.161077, -2.5407482 ], [ 37.1605206, -2.540599 ], [ 37.1599604, -2.5404236 ], [ 37.1595309, -2.540349 ], [ 37.1588699, -2.5402595 ], [ 37.1579848, -2.5401998 ], [ 37.1574843, -2.5401326 ], [ 37.1570325, -2.5400431 ], [ 37.1562818, -2.5398416 ], [ 37.1556805, -2.539711 ], [ 37.1547095, -2.5393976 ], [ 37.1537834, -2.5391439 ], [ 37.1528796, -2.5388604 ], [ 37.1523194, -2.5386738 ], [ 37.1516023, -2.5384276 ], [ 37.1511019, -2.5382037 ], [ 37.1500413, -2.5378082 ], [ 37.1499292, -2.5377635 ], [ 37.1495408, -2.5377635 ], [ 37.1489508, -2.537756 ], [ 37.148286, -2.5376291 ], [ 37.1478229, -2.5375769 ], [ 37.1468146, -2.5375694 ], [ 37.1462171, -2.5376217 ], [ 37.1449105, -2.5378855 ], [ 37.1429209, -2.5376921 ], [ 37.1418907, -2.5375449 ], [ 37.1349355, -2.5460592 ], [ 37.0894965, -2.6014988 ] ] ] } },
{ "type": "Feature", "properties": { "query_name": "Chyulu Hills National Park, Kenya", "display_name": "Chyulu Hills National Park, Kibwezi East, Makueni, Kenya" }, "geometry": { "type": "Polygon", "coordinates": [ [ [ 37.5974933, -2.3134975 ], [ 37.5976044, -2.3137195 ], [ 37.5977559, -2.3140223 ], [ 37.5977918, -2.3145257 ], [ 37.6011405, -2.3190437 ], [ 37.6195234, -2.3401952 ], [ 37.6217094, -2.3426643 ], [ 37.6249982, -2.3465658 ], [ 37.6279349, -2.3500496 ], [ 37.6420951, -2.3661629 ], [ 37.6471, -2.3721443 ], [ 37.6727348, -2.4012581 ], [ 37.7243095, -2.4598518 ], [ 37.728704, -2.4651619 ], [ 37.7355399, -2.4728523 ], [ 37.7473736, -2.4871993 ], [ 37.7493339, -2.4895759 ], [ 37.7593214, -2.5013979 ], [ 37.7612968, -2.5037361 ], [ 37.7923026, -2.5392586 ], [ 37.7943168, -2.5418831 ], [ 37.7969413, -2.5446297 ], [ 37.8024955, -2.5512825 ], [ 37.8109183, -2.560865 ], [ 37.8234916, -2.5756355 ], [ 37.8319144, -2.5853401 ], [ 37.8347221, -2.5882698 ], [ 37.8405204, -2.5953499 ], [ 37.8494926, -2.6054817 ], [ 37.853704, -2.6116463 ], [ 37.8573051, -2.6184822 ], [ 37.8605794, -2.6230035 ], [ 37.8616996, -2.6256843 ], [ 37.8651176, -2.6329475 ], [ 37.8674979, -2.639051 ], [ 37.8695121, -2.6449714 ], [ 37.8725028, -2.6507698 ], [ 37.8755805, -2.6561559 ], [ 37.8804984, -2.6641365 ], [ 37.8851371, -2.6681648 ], [ 37.8927055, -2.6764656 ], [ 37.8942924, -2.6800667 ], [ 37.8950858, -2.6829353 ], [ 37.9014945, -2.7026497 ], [ 37.9067435, -2.7056404 ], [ 37.9111381, -2.7062507 ], [ 37.9219413, -2.7070442 ], [ 37.9241386, -2.7097298 ], [ 37.9291434, -2.7203499 ], [ 37.9307304, -2.7254768 ], [ 37.9296928, -2.739759 ], [ 37.9269462, -2.7433601 ], [ 37.9269462, -2.7504402 ], [ 37.9274955, -2.7539802 ], [ 37.9310966, -2.7659431 ], [ 37.9379325, -2.7732673 ], [ 37.9751029, -2.7898689 ], [ 38.0211346, -2.7653181 ], [ 38.0004615, -2.7119258 ], [ 38.0180498, -2.6945945 ], [ 37.9926181, -2.6388003 ], [ 37.9725342, -2.6282347 ], [ 37.9335547, -2.5681635 ], [ 37.9128766, -2.5364648 ], [ 37.9321286, -2.513551 ], [ 37.9432996, -2.5003724 ], [ 37.9453678, -2.4647327 ], [ 37.9428754, -2.4666768 ], [ 37.9406217, -2.4684642 ], [ 37.9382828, -2.4702985 ], [ 37.9356991, -2.4723378 ], [ 37.9337713, -2.4738344 ], [ 37.9313707, -2.4757343 ], [ 37.9292095, -2.4774392 ], [ 37.9270477, -2.4791629 ], [ 37.9248784, -2.4808632 ], [ 37.9200304, -2.4846831 ], [ 37.9177572, -2.4864557 ], [ 37.9170477, -2.48555 ], [ 37.9153995, -2.4834639 ], [ 37.9117021, -2.4784301 ], [ 37.9101209, -2.4762649 ], [ 37.9079577, -2.4733199 ], [ 37.9063913, -2.4711949 ], [ 37.9046962, -2.4689091 ], [ 37.8812027, -2.4366636 ], [ 37.805683, -2.4026567 ], [ 37.7898066, -2.389825 ], [ 37.7517786, -2.3597796 ], [ 37.7311981, -2.3453439 ], [ 37.6914818, -2.3147086 ], [ 37.6642437, -2.2936197 ], [ 37.6627705, -2.291891 ], [ 37.6623789, -2.2917945 ], [ 37.6619176, -2.2914622 ], [ 37.6615744, -2.2912182 ], [ 37.6611196, -2.2908949 ], [ 37.6608477, -2.2906148 ], [ 37.660446, -2.2904684 ], [ 37.65999, -2.2903974 ], [ 37.6596511, -2.2900629 ], [ 37.6594126, -2.2892602 ], [ 37.6589063, -2.2887586 ], [ 37.6586093, -2.2884408 ], [ 37.6584042, -2.2885328 ], [ 37.658216, -2.2889342 ], [ 37.6581448, -2.2893898 ], [ 37.657898, -2.2895111 ], [ 37.6572327, -2.2896031 ], [ 37.6566595, -2.2894484 ], [ 37.6562913, -2.289486 ], [ 37.6558604, -2.2898414 ], [ 37.6556386, -2.2900671 ], [ 37.6553792, -2.2902176 ], [ 37.6550331, -2.290796 ], [ 37.6548688, -2.2910705 ], [ 37.6542998, -2.2914718 ], [ 37.6535634, -2.2917686 ], [ 37.6529316, -2.2920069 ], [ 37.6525942, -2.2921128 ], [ 37.6521325, -2.2922577 ], [ 37.6517308, -2.2923915 ], [ 37.6509484, -2.2928556 ], [ 37.6502037, -2.2929225 ], [ 37.6496179, -2.293144 ], [ 37.6491493, -2.2937795 ], [ 37.6478356, -2.2968898 ], [ 37.6474674, -2.2971616 ], [ 37.647162, -2.2973706 ], [ 37.647049, -2.2977678 ], [ 37.6472122, -2.2981357 ], [ 37.6473019, -2.2982238 ], [ 37.6479234, -2.2988338 ], [ 37.6480406, -2.2990512 ], [ 37.6478942, -2.2992811 ], [ 37.6475218, -2.2998204 ], [ 37.6469779, -2.2999918 ], [ 37.6471285, -2.3014132 ], [ 37.6468482, -2.3016014 ], [ 37.644798, -2.3010244 ], [ 37.644434, -2.3009868 ], [ 37.6441077, -2.3007234 ], [ 37.6440514, -2.3003966 ], [ 37.6440198, -2.3002134 ], [ 37.6438818, -2.2994149 ], [ 37.6437897, -2.2992268 ], [ 37.6434257, -2.2991348 ], [ 37.6429288, -2.2991522 ], [ 37.6407684, -2.2992469 ], [ 37.6387218, -2.2993984 ], [ 37.6383558, -2.2997843 ], [ 37.638092, -2.2998495 ], [ 37.6378854, -2.2999006 ], [ 37.6375902, -2.2997826 ], [ 37.6358464, -2.2990855 ], [ 37.6345795, -2.2979177 ], [ 37.6344259, -2.2963918 ], [ 37.6335642, -2.295535 ], [ 37.6319134, -2.2949681 ], [ 37.6314655, -2.294559 ], [ 37.6308823, -2.2946608 ], [ 37.6304776, -2.2952565 ], [ 37.6305651, -2.2961691 ], [ 37.6325122, -2.2983769 ], [ 37.6330263, -2.2993552 ], [ 37.6330373, -2.3001257 ], [ 37.6329824, -2.3003717 ], [ 37.6325286, -2.3024046 ], [ 37.6320582, -2.3034593 ], [ 37.6316973, -2.3040112 ], [ 37.6311777, -2.304197 ], [ 37.6307838, -2.3036023 ], [ 37.6304393, -2.3030822 ], [ 37.6296955, -2.3025576 ], [ 37.6287438, -2.3024374 ], [ 37.6273546, -2.3034046 ], [ 37.6266883, -2.3040154 ], [ 37.6244395, -2.306077 ], [ 37.6226893, -2.3071699 ], [ 37.6222737, -2.307006 ], [ 37.6223612, -2.3051534 ], [ 37.6222052, -2.304509 ], [ 37.6220768, -2.3039785 ], [ 37.621147, -2.302645 ], [ 37.6195335, -2.3006066 ], [ 37.6190322, -2.299728 ], [ 37.6189243, -2.2991261 ], [ 37.6183399, -2.2989374 ], [ 37.6174768, -2.2989195 ], [ 37.6161551, -2.2993147 ], [ 37.6156786, -2.2996382 ], [ 37.6151301, -2.2996651 ], [ 37.6141052, -2.2989105 ], [ 37.6133139, -2.2991261 ], [ 37.6130352, -2.2996651 ], [ 37.6133949, -2.3009588 ], [ 37.6133391, -2.3012145 ], [ 37.6131971, -2.3018661 ], [ 37.6123879, -2.3035011 ], [ 37.6123609, -2.3042737 ], [ 37.6121901, -2.3048128 ], [ 37.6113269, -2.3048936 ], [ 37.6105042, -2.3046751 ], [ 37.6097715, -2.3044804 ], [ 37.6086117, -2.3044893 ], [ 37.6070293, -2.3050912 ], [ 37.6066966, -2.3056482 ], [ 37.607272, -2.3062142 ], [ 37.6081082, -2.3058818 ], [ 37.6084948, -2.3057111 ], [ 37.6089803, -2.3060795 ], [ 37.6091961, -2.3068431 ], [ 37.6091961, -2.3082355 ], [ 37.6092321, -2.3089991 ], [ 37.6089174, -2.30961 ], [ 37.6081981, -2.3104186 ], [ 37.6077396, -2.3109845 ], [ 37.6072182, -2.3107675 ], [ 37.6069843, -2.3106701 ], [ 37.6062424, -2.310824 ], [ 37.605635, -2.3113489 ], [ 37.6054216, -2.3120213 ], [ 37.6055446, -2.3123807 ], [ 37.605635, -2.3126446 ], [ 37.6061439, -2.3132351 ], [ 37.6059797, -2.3139567 ], [ 37.6059587, -2.3139698 ], [ 37.6051918, -2.3144488 ], [ 37.6042397, -2.3143175 ], [ 37.6041577, -2.3135467 ], [ 37.6041577, -2.3130979 ], [ 37.6041577, -2.312497 ], [ 37.6038458, -2.3117753 ], [ 37.6039115, -2.3111029 ], [ 37.6033698, -2.310496 ], [ 37.6026311, -2.3105452 ], [ 37.6018104, -2.3112505 ], [ 37.6013672, -2.3117753 ], [ 37.6014, -2.3120377 ], [ 37.601638, -2.3124573 ], [ 37.6019581, -2.3130218 ], [ 37.6021222, -2.3135467 ], [ 37.6018104, -2.3139075 ], [ 37.601203, -2.3136123 ], [ 37.6009606, -2.3133443 ], [ 37.6004315, -2.3127594 ], [ 37.6002944, -2.3125341 ], [ 37.5999226, -2.3119229 ], [ 37.5995943, -2.3115621 ], [ 37.5992168, -2.3115457 ], [ 37.5984781, -2.3123986 ], [ 37.5978051, -2.3126938 ], [ 37.5975261, -2.3132843 ], [ 37.5974933, -2.3134975 ] ] ] } },
{ "type": "Feature", "properties": { "query_name": "Tsavo East National Park, Kenya", "display_name": "Tsavo East National Park, Kenya" }, "geometry": { "type": "Polygon", "coordinates": [ [ [ 38.1352414, -2.3225577 ], [ 38.1354952, -2.3225487 ], [ 38.1372564, -2.3224646 ], [ 38.1377724, -2.3229014 ], [ 38.1382281, -2.3230978 ], [ 38.138504, -2.3232168 ], [ 38.1390595, -2.3231926 ], [ 38.1393349, -2.3231521 ], [ 38.1399703, -2.3231693 ], [ 38.1406142, -2.3234438 ], [ 38.1412925, -2.3237569 ], [ 38.1419665, -2.3237698 ], [ 38.1430397, -2.3237011 ], [ 38.1443362, -2.323654 ], [ 38.1454309, -2.323847 ], [ 38.1463624, -2.3240743 ], [ 38.1471867, -2.3240829 ], [ 38.1479079, -2.3242588 ], [ 38.1484832, -2.3244046 ], [ 38.1487752, -2.3244392 ], [ 38.1492945, -2.3243445 ], [ 38.1497109, -2.3245247 ], [ 38.150342, -2.3250309 ], [ 38.1505953, -2.3253097 ], [ 38.1508915, -2.3256142 ], [ 38.1509988, -2.3260775 ], [ 38.1509645, -2.3268667 ], [ 38.1510975, -2.3273557 ], [ 38.1514624, -2.3283294 ], [ 38.1519647, -2.3293202 ], [ 38.1524186, -2.3298845 ], [ 38.1530711, -2.3306223 ], [ 38.1540585, -2.3311113 ], [ 38.1557671, -2.3318224 ], [ 38.1577543, -2.3325049 ], [ 38.1588473, -2.3331999 ], [ 38.1602632, -2.334081 ], [ 38.1619026, -2.3348752 ], [ 38.1640264, -2.3359052 ], [ 38.1655541, -2.3369476 ], [ 38.1673053, -2.3374564 ], [ 38.1692926, -2.3379776 ], [ 38.1705924, -2.3385382 ], [ 38.1718746, -2.3396351 ], [ 38.1725948, -2.3402921 ], [ 38.1732886, -2.340925 ], [ 38.1745181, -2.3414778 ], [ 38.1764766, -2.341899 ], [ 38.1783472, -2.3419429 ], [ 38.1807975, -2.341548 ], [ 38.1827032, -2.3411883 ], [ 38.1841014, -2.3409681 ], [ 38.1854363, -2.3410032 ], [ 38.1866922, -2.3412402 ], [ 38.1875529, -2.3414946 ], [ 38.1882887, -2.3416838 ], [ 38.1893568, -2.3417458 ], [ 38.1900901, -2.3418444 ], [ 38.1902134, -2.3419639 ], [ 38.1904937, -2.342112 ], [ 38.1906607, -2.3423522 ], [ 38.190959, -2.3430613 ], [ 38.1912322, -2.3435204 ], [ 38.1917787, -2.343992 ], [ 38.1921017, -2.3444139 ], [ 38.1922631, -2.3450592 ], [ 38.1924743, -2.346263 ], [ 38.1927972, -2.3475163 ], [ 38.1932195, -2.3483354 ], [ 38.1935175, -2.3489062 ], [ 38.1941013, -2.3492661 ], [ 38.1944738, -2.3492403 ], [ 38.1949955, -2.3492041 ], [ 38.1958525, -2.3486953 ], [ 38.1968337, -2.3484595 ], [ 38.1974795, -2.348596 ], [ 38.1979018, -2.3489062 ], [ 38.1980509, -2.3494026 ], [ 38.1979888, -2.3502341 ], [ 38.1979639, -2.3509414 ], [ 38.1981502, -2.3519838 ], [ 38.1985849, -2.3534109 ], [ 38.1992929, -2.3546643 ], [ 38.2000753, -2.3554957 ], [ 38.2008578, -2.3559921 ], [ 38.2014054, -2.3561704 ], [ 38.2019632, -2.356352 ], [ 38.2042982, -2.3564637 ], [ 38.2070679, -2.356836 ], [ 38.2097506, -2.3570966 ], [ 38.2112162, -2.3574068 ], [ 38.2121601, -2.3578411 ], [ 38.2127811, -2.3585485 ], [ 38.2129922, -2.359231 ], [ 38.2125824, -2.3626933 ], [ 38.212719, -2.3636612 ], [ 38.2137747, -2.3668256 ], [ 38.216681, -2.3760955 ], [ 38.217923, -2.3806746 ], [ 38.2188794, -2.3830696 ], [ 38.2193389, -2.3842236 ], [ 38.2195004, -2.3853281 ], [ 38.2198854, -2.3889144 ], [ 38.2202456, -2.3903787 ], [ 38.2207424, -2.391694 ], [ 38.2216987, -2.3953299 ], [ 38.2221583, -2.3970424 ], [ 38.2228662, -2.4007155 ], [ 38.2232264, -2.4017703 ], [ 38.223748, -2.4026017 ], [ 38.2245181, -2.4029988 ], [ 38.2253254, -2.4032222 ], [ 38.2259588, -2.4035448 ], [ 38.2269772, -2.4034704 ], [ 38.2278839, -2.4034828 ], [ 38.2287533, -2.4035697 ], [ 38.230132, -2.4034828 ], [ 38.2313367, -2.4037186 ], [ 38.2324793, -2.4043266 ], [ 38.233622, -2.4047982 ], [ 38.2341809, -2.4054434 ], [ 38.2347771, -2.4065478 ], [ 38.2351869, -2.4077515 ], [ 38.2353981, -2.4089056 ], [ 38.2357582, -2.4101093 ], [ 38.2362302, -2.4111268 ], [ 38.2366525, -2.4116108 ], [ 38.2376585, -2.4121071 ], [ 38.2382636, -2.4121699 ], [ 38.2389751, -2.4122436 ], [ 38.2405337, -2.4123798 ], [ 38.2419162, -2.4115968 ], [ 38.242949, -2.4111589 ], [ 38.2435953, -2.4114867 ], [ 38.2440932, -2.412087 ], [ 38.2450361, -2.4119954 ], [ 38.2457564, -2.4123305 ], [ 38.2461414, -2.4129013 ], [ 38.2463526, -2.4138444 ], [ 38.2464271, -2.4148247 ], [ 38.2465265, -2.4159663 ], [ 38.246514, -2.4164751 ], [ 38.2465912, -2.4171413 ], [ 38.246837, -2.417927 ], [ 38.2471599, -2.4190934 ], [ 38.2478057, -2.4204336 ], [ 38.2481287, -2.4209424 ], [ 38.2487869, -2.4215256 ], [ 38.2502649, -2.4224935 ], [ 38.2514945, -2.4230519 ], [ 38.2527489, -2.4234614 ], [ 38.2541276, -2.4235482 ], [ 38.2550094, -2.4234242 ], [ 38.2561272, -2.4230147 ], [ 38.2577045, -2.4220716 ], [ 38.2590335, -2.4214263 ], [ 38.2596793, -2.4213022 ], [ 38.2604121, -2.4214015 ], [ 38.2611076, -2.4218234 ], [ 38.2613809, -2.4222205 ], [ 38.2620143, -2.4227541 ], [ 38.2628589, -2.4232504 ], [ 38.2639146, -2.4236599 ], [ 38.2653553, -2.4241315 ], [ 38.2674295, -2.4242307 ], [ 38.2695036, -2.4239453 ], [ 38.2708201, -2.4234862 ], [ 38.2721739, -2.4230147 ], [ 38.2732793, -2.4229154 ], [ 38.2739624, -2.4229278 ], [ 38.2742605, -2.423176 ], [ 38.2743847, -2.4236723 ], [ 38.2745462, -2.4251242 ], [ 38.2750927, -2.4267374 ], [ 38.2757261, -2.4285366 ], [ 38.2763222, -2.4300133 ], [ 38.2766203, -2.4313038 ], [ 38.2769184, -2.433525 ], [ 38.2773034, -2.4362302 ], [ 38.2778872, -2.4389353 ], [ 38.2783343, -2.4400893 ], [ 38.2794894, -2.4425338 ], [ 38.2798992, -2.443539 ], [ 38.2801352, -2.4447302 ], [ 38.2811324, -2.4500251 ], [ 38.2817873, -2.4518874 ], [ 38.2825598, -2.4530954 ], [ 38.2833994, -2.4545047 ], [ 38.2838696, -2.4557295 ], [ 38.2841383, -2.4570046 ], [ 38.2842055, -2.4590682 ], [ 38.2841215, -2.4610312 ], [ 38.2844238, -2.4625915 ], [ 38.2853642, -2.4666181 ], [ 38.2857336, -2.4684468 ], [ 38.285868, -2.4703594 ], [ 38.2861535, -2.471668 ], [ 38.2867244, -2.4729767 ], [ 38.2876984, -2.4745034 ], [ 38.2883197, -2.475963 ], [ 38.2884205, -2.4771878 ], [ 38.288303, -2.4790668 ], [ 38.2883365, -2.480711 ], [ 38.2888235, -2.4828417 ], [ 38.2890754, -2.4846872 ], [ 38.2896968, -2.4861133 ], [ 38.2905028, -2.4872373 ], [ 38.2915608, -2.4882104 ], [ 38.2925852, -2.4888647 ], [ 38.2938278, -2.4888815 ], [ 38.2947011, -2.4885292 ], [ 38.2960277, -2.4883111 ], [ 38.2971193, -2.4887473 ], [ 38.2980093, -2.4897371 ], [ 38.2986642, -2.4913981 ], [ 38.2990505, -2.4935623 ], [ 38.2994535, -2.4956259 ], [ 38.3001924, -2.4970184 ], [ 38.3007741, -2.497975 ], [ 38.3012839, -2.4988135 ], [ 38.3022411, -2.4997866 ], [ 38.303551, -2.5008939 ], [ 38.3057341, -2.5018669 ], [ 38.3093277, -2.5026554 ], [ 38.311175, -2.5030077 ], [ 38.3124512, -2.5036956 ], [ 38.3133748, -2.5048197 ], [ 38.3136435, -2.5059773 ], [ 38.3137107, -2.5073194 ], [ 38.3134252, -2.509383 ], [ 38.313185, -2.5100904 ], [ 38.3127871, -2.511262 ], [ 38.3126024, -2.5125873 ], [ 38.3128543, -2.5136107 ], [ 38.3132909, -2.5143321 ], [ 38.3141641, -2.5150368 ], [ 38.3153228, -2.5156072 ], [ 38.3165991, -2.5160769 ], [ 38.3174723, -2.5167648 ], [ 38.3180433, -2.518023 ], [ 38.3184799, -2.5197343 ], [ 38.3185807, -2.5212945 ], [ 38.3181776, -2.5231903 ], [ 38.3178586, -2.524784 ], [ 38.3179761, -2.525539 ], [ 38.3184463, -2.5265288 ], [ 38.3192692, -2.5273844 ], [ 38.3213347, -2.5293137 ], [ 38.3222415, -2.5303874 ], [ 38.3225438, -2.5313101 ], [ 38.3224766, -2.5323 ], [ 38.3218721, -2.5341286 ], [ 38.3206133, -2.536521 ], [ 38.3204951, -2.5367457 ], [ 38.3201424, -2.537853 ], [ 38.3202264, -2.5386918 ], [ 38.3205287, -2.5399668 ], [ 38.321066, -2.5407889 ], [ 38.3216706, -2.5412754 ], [ 38.3228629, -2.5418961 ], [ 38.3239208, -2.5426175 ], [ 38.3243407, -2.5433389 ], [ 38.3243574, -2.5442784 ], [ 38.3240216, -2.5453521 ], [ 38.3229972, -2.5471136 ], [ 38.322527, -2.5481202 ], [ 38.3224766, -2.5490429 ], [ 38.3228125, -2.5499656 ], [ 38.3234842, -2.5507876 ], [ 38.3245925, -2.551358 ], [ 38.3258352, -2.55166 ], [ 38.3283206, -2.5517439 ], [ 38.3299159, -2.5520794 ], [ 38.331528, -2.5520626 ], [ 38.3328715, -2.5523814 ], [ 38.3338959, -2.5531363 ], [ 38.3347187, -2.5541261 ], [ 38.3352561, -2.5549817 ], [ 38.3361293, -2.5557534 ], [ 38.3380605, -2.5567264 ], [ 38.3390849, -2.5572465 ], [ 38.3395383, -2.5579175 ], [ 38.3395383, -2.5587563 ], [ 38.3391856, -2.5596287 ], [ 38.3382788, -2.5605514 ], [ 38.336969, -2.5619103 ], [ 38.3358438, -2.5624974 ], [ 38.3337951, -2.563353 ], [ 38.3327707, -2.5640241 ], [ 38.3323173, -2.564779 ], [ 38.3322333, -2.5654836 ], [ 38.3324181, -2.5663056 ], [ 38.3330562, -2.5672954 ], [ 38.3340974, -2.5686039 ], [ 38.3353233, -2.5704661 ], [ 38.3358774, -2.571892 ], [ 38.3361629, -2.5737542 ], [ 38.3364988, -2.5753815 ], [ 38.3373048, -2.5779314 ], [ 38.3377414, -2.5803975 ], [ 38.3384971, -2.5830313 ], [ 38.338833, -2.5843398 ], [ 38.3392024, -2.5867388 ], [ 38.3395047, -2.5879634 ], [ 38.3400085, -2.5887854 ], [ 38.3407138, -2.5892048 ], [ 38.3418053, -2.5892719 ], [ 38.3430648, -2.5891545 ], [ 38.3447777, -2.588819 ], [ 38.3461547, -2.5888525 ], [ 38.3472798, -2.5894061 ], [ 38.3481195, -2.5902449 ], [ 38.3485057, -2.5912515 ], [ 38.3486569, -2.5920231 ], [ 38.3488584, -2.5932981 ], [ 38.348808, -2.5950428 ], [ 38.3490095, -2.59615 ], [ 38.3491103, -2.5971901 ], [ 38.3493454, -2.5977269 ], [ 38.3501011, -2.5991528 ], [ 38.3506216, -2.6004446 ], [ 38.3507224, -2.6018369 ], [ 38.3509071, -2.6027093 ], [ 38.3517443, -2.6044738 ], [ 38.3526368, -2.6060308 ], [ 38.3542657, -2.609386 ], [ 38.3556595, -2.6135295 ], [ 38.35749, -2.618126 ], [ 38.3587662, -2.6214308 ], [ 38.3609157, -2.6277551 ], [ 38.3620409, -2.6304391 ], [ 38.3626118, -2.6323683 ], [ 38.3629309, -2.6338948 ], [ 38.3628805, -2.6356227 ], [ 38.3627126, -2.6384409 ], [ 38.3628301, -2.63933 ], [ 38.3631828, -2.6403029 ], [ 38.3640056, -2.6414269 ], [ 38.364946, -2.6421985 ], [ 38.36592, -2.6427689 ], [ 38.3674146, -2.6433728 ], [ 38.3681199, -2.6440941 ], [ 38.3686741, -2.6451342 ], [ 38.3686909, -2.64604 ], [ 38.3684558, -2.6468955 ], [ 38.3674146, -2.649026 ], [ 38.3669612, -2.6500996 ], [ 38.366978, -2.651257 ], [ 38.3674314, -2.6525152 ], [ 38.3685901, -2.6537397 ], [ 38.3708572, -2.6556521 ], [ 38.3724525, -2.6570108 ], [ 38.373712, -2.6584032 ], [ 38.3761302, -2.6605168 ], [ 38.3771881, -2.6612549 ], [ 38.3788338, -2.6620265 ], [ 38.3806307, -2.6634356 ], [ 38.3822764, -2.6648112 ], [ 38.3829313, -2.6657505 ], [ 38.3832672, -2.6666396 ], [ 38.3832168, -2.6676293 ], [ 38.3826794, -2.6693068 ], [ 38.3822932, -2.6710681 ], [ 38.3822428, -2.6722256 ], [ 38.3824443, -2.6730811 ], [ 38.3828908, -2.6737843 ], [ 38.3834354, -2.6743954 ], [ 38.3845714, -2.6759855 ], [ 38.3852443, -2.6774815 ], [ 38.3865105, -2.6797365 ], [ 38.3868722, -2.6806833 ], [ 38.3870314, -2.6820421 ], [ 38.3873425, -2.6832274 ], [ 38.3894335, -2.6881059 ], [ 38.3900124, -2.6898404 ], [ 38.3902077, -2.6911414 ], [ 38.3900413, -2.6925435 ], [ 38.3899762, -2.6934613 ], [ 38.3902005, -2.6945888 ], [ 38.3906491, -2.6955067 ], [ 38.3915824, -2.6968148 ], [ 38.3921106, -2.6978917 ], [ 38.3924217, -2.6989108 ], [ 38.3927329, -2.70019 ], [ 38.3934202, -2.7020402 ], [ 38.3942089, -2.7034929 ], [ 38.3965314, -2.7069837 ], [ 38.3972911, -2.7084869 ], [ 38.3977687, -2.7098095 ], [ 38.3980364, -2.7109948 ], [ 38.3982751, -2.71205 ], [ 38.398731, -2.7133726 ], [ 38.3994256, -2.7150637 ], [ 38.4007207, -2.7182004 ], [ 38.4018205, -2.72172 ], [ 38.4025223, -2.7235485 ], [ 38.4041647, -2.7270103 ], [ 38.4049679, -2.728687 ], [ 38.4059736, -2.7311659 ], [ 38.4069142, -2.7330883 ], [ 38.4077969, -2.7345627 ], [ 38.4088026, -2.7365212 ], [ 38.4103075, -2.7388989 ], [ 38.4111107, -2.7398023 ], [ 38.4118197, -2.7413128 ], [ 38.4127386, -2.7442325 ], [ 38.4131149, -2.746126 ], [ 38.4136358, -2.7499419 ], [ 38.4139686, -2.7513873 ], [ 38.4145185, -2.7526448 ], [ 38.4156183, -2.7544732 ], [ 38.4182737, -2.7578699 ], [ 38.4201332, -2.7601175 ], [ 38.4209508, -2.7612449 ], [ 38.4216453, -2.7625963 ], [ 38.4222965, -2.764656 ], [ 38.4229984, -2.7676263 ], [ 38.4235844, -2.7691078 ], [ 38.4241054, -2.770134 ], [ 38.4247638, -2.7710879 ], [ 38.4260444, -2.7733283 ], [ 38.4265147, -2.7743834 ], [ 38.4268331, -2.775771 ], [ 38.427383, -2.7794711 ], [ 38.427752, -2.780837 ], [ 38.4281644, -2.7817982 ], [ 38.4286492, -2.7827304 ], [ 38.4296259, -2.784024 ], [ 38.4304218, -2.7853971 ], [ 38.4324043, -2.7885841 ], [ 38.4328674, -2.7894875 ], [ 38.4331206, -2.7904848 ], [ 38.4332509, -2.7914532 ], [ 38.4331568, -2.7923926 ], [ 38.4328312, -2.7932309 ], [ 38.4322307, -2.7939753 ], [ 38.4315867, -2.7945028 ], [ 38.4306895, -2.7948786 ], [ 38.4287649, -2.7954496 ], [ 38.4271153, -2.7959627 ], [ 38.4259142, -2.7964613 ], [ 38.4252775, -2.7968949 ], [ 38.4247276, -2.7974441 ], [ 38.4242645, -2.7980945 ], [ 38.4239607, -2.7986871 ], [ 38.4237436, -2.7993881 ], [ 38.4229839, -2.8020909 ], [ 38.4228102, -2.8031099 ], [ 38.4227524, -2.8041216 ], [ 38.4227958, -2.8049093 ], [ 38.4229405, -2.8061017 ], [ 38.4229694, -2.8070412 ], [ 38.4228898, -2.8075109 ], [ 38.422557, -2.8084576 ], [ 38.4216743, -2.8099752 ], [ 38.4205383, -2.8116012 ], [ 38.4195182, -2.8131477 ], [ 38.4192432, -2.813668 ], [ 38.419113, -2.8142245 ], [ 38.4191202, -2.8149038 ], [ 38.4193445, -2.8155686 ], [ 38.419665, -2.816331 ], [ 38.4202108, -2.81707 ], [ 38.421093, -2.817734 ], [ 38.4226425, -2.8184201 ], [ 38.4251026, -2.8188508 ], [ 38.4260131, -2.8190902 ], [ 38.4267, -2.8196965 ], [ 38.427323, -2.82126 ], [ 38.427962, -2.8242755 ], [ 38.4280259, -2.8255041 ], [ 38.4274827, -2.8293013 ], [ 38.4276105, -2.8304341 ], [ 38.428553, -2.8331784 ], [ 38.4295275, -2.8352844 ], [ 38.4318437, -2.8392252 ], [ 38.432275, -2.8411079 ], [ 38.4323869, -2.8429586 ], [ 38.4322271, -2.8445541 ], [ 38.4314923, -2.8463889 ], [ 38.4288246, -2.8508083 ], [ 38.4286968, -2.851606 ], [ 38.4288725, -2.8525793 ], [ 38.4297511, -2.8541428 ], [ 38.4317319, -2.8566796 ], [ 38.4326744, -2.8572858 ], [ 38.434192, -2.8578762 ], [ 38.4350865, -2.8581952 ], [ 38.4380098, -2.8581314 ], [ 38.4389843, -2.8584027 ], [ 38.439751, -2.8592004 ], [ 38.4401025, -2.8599981 ], [ 38.4400865, -2.8612585 ], [ 38.439176, -2.8633645 ], [ 38.4385849, -2.864593 ], [ 38.4386488, -2.8654545 ], [ 38.4389843, -2.866316 ], [ 38.439799, -2.8673371 ], [ 38.4408852, -2.8681667 ], [ 38.4424188, -2.8687252 ], [ 38.4442558, -2.8690921 ], [ 38.4443923, -2.8691693 ], [ 38.4455817, -2.869842 ], [ 38.4461568, -2.8705439 ], [ 38.4464922, -2.8716607 ], [ 38.446604, -2.8734157 ], [ 38.4463484, -2.8747878 ], [ 38.4455178, -2.8765427 ], [ 38.4448149, -2.8775957 ], [ 38.4443604, -2.8782721 ], [ 38.4440002, -2.8788082 ], [ 38.4437926, -2.8796698 ], [ 38.4437766, -2.8807227 ], [ 38.444128, -2.8817917 ], [ 38.444735, -2.8824298 ], [ 38.4454219, -2.8826691 ], [ 38.4464283, -2.8826372 ], [ 38.4494618, -2.881639 ], [ 38.4505976, -2.8812652 ], [ 38.4519235, -2.8811535 ], [ 38.4530577, -2.8814088 ], [ 38.4539682, -2.8819672 ], [ 38.4545433, -2.8825575 ], [ 38.4549426, -2.8835466 ], [ 38.4557733, -2.8852856 ], [ 38.4558851, -2.886211 ], [ 38.4554538, -2.8873597 ], [ 38.4546711, -2.8883807 ], [ 38.4534251, -2.8895613 ], [ 38.452211, -2.891045 ], [ 38.4516999, -2.8921618 ], [ 38.4512685, -2.8939327 ], [ 38.4512206, -2.8951293 ], [ 38.4514443, -2.8959748 ], [ 38.4519554, -2.896613 ], [ 38.4528181, -2.8970437 ], [ 38.4540321, -2.8971873 ], [ 38.4575305, -2.8973628 ], [ 38.4594225, -2.8976927 ], [ 38.4595433, -2.8977138 ], [ 38.4608212, -2.8981765 ], [ 38.4616519, -2.8987987 ], [ 38.4622429, -2.8997559 ], [ 38.4623388, -2.9006174 ], [ 38.4621311, -2.901782 ], [ 38.4616039, -2.9035689 ], [ 38.4615081, -2.9046059 ], [ 38.4617797, -2.9054993 ], [ 38.4625145, -2.9066001 ], [ 38.4639522, -2.9081795 ], [ 38.46654, -2.9108119 ], [ 38.4674346, -2.9120563 ], [ 38.4681055, -2.9136197 ], [ 38.4687445, -2.9157097 ], [ 38.4695212, -2.9177489 ], [ 38.4697349, -2.9183101 ], [ 38.470933, -2.9204639 ], [ 38.4737179, -2.9259015 ], [ 38.4737764, -2.9260157 ], [ 38.4748786, -2.9280897 ], [ 38.4754377, -2.9296691 ], [ 38.4755975, -2.931392 ], [ 38.4755666, -2.9348069 ], [ 38.4755655, -2.9349337 ], [ 38.4757572, -2.9362419 ], [ 38.4761885, -2.937901 ], [ 38.4766198, -2.9388423 ], [ 38.4771949, -2.9394006 ], [ 38.4779457, -2.9396399 ], [ 38.4788083, -2.9397037 ], [ 38.4813003, -2.9392411 ], [ 38.4860447, -2.9381244 ], [ 38.4869073, -2.9381882 ], [ 38.487722, -2.9387146 ], [ 38.4885367, -2.9396399 ], [ 38.4892236, -2.9412512 ], [ 38.4894313, -2.9427189 ], [ 38.4892236, -2.9445854 ], [ 38.4891597, -2.9456703 ], [ 38.4895271, -2.9467391 ], [ 38.4903418, -2.9479356 ], [ 38.4920031, -2.9498021 ], [ 38.4933929, -2.9509667 ], [ 38.4940319, -2.9518601 ], [ 38.4943673, -2.9530406 ], [ 38.4942236, -2.9538702 ], [ 38.4936006, -2.9548593 ], [ 38.4929616, -2.9559282 ], [ 38.492738, -2.9569172 ], [ 38.4929137, -2.9576989 ], [ 38.4935526, -2.9584487 ], [ 38.4946708, -2.9588157 ], [ 38.495853, -2.9586083 ], [ 38.4974025, -2.9577468 ], [ 38.4982012, -2.9577628 ], [ 38.49892, -2.9581616 ], [ 38.4997347, -2.9589433 ], [ 38.502067, -2.9627561 ], [ 38.5042555, -2.966154 ], [ 38.5053896, -2.967861 ], [ 38.505805, -2.9682917 ], [ 38.5062682, -2.9683077 ], [ 38.5064759, -2.9680684 ], [ 38.5064919, -2.9673027 ], [ 38.5063641, -2.9666645 ], [ 38.50638, -2.9661859 ], [ 38.5068273, -2.9660424 ], [ 38.5074983, -2.9662817 ], [ 38.5086963, -2.9663774 ], [ 38.5096708, -2.9666645 ], [ 38.5103097, -2.9673984 ], [ 38.5115717, -2.9677493 ], [ 38.5124982, -2.9684353 ], [ 38.5135206, -2.9699349 ], [ 38.5143353, -2.9719449 ], [ 38.5152778, -2.9738593 ], [ 38.5164599, -2.9752472 ], [ 38.5178976, -2.9763958 ], [ 38.5194151, -2.9770179 ], [ 38.5205115, -2.9773181 ], [ 38.5200457, -2.9779451 ], [ 38.5197423, -2.9785005 ], [ 38.5193176, -2.9789499 ], [ 38.5187261, -2.979278 ], [ 38.5176947, -2.9797022 ], [ 38.516633, -2.9802121 ], [ 38.5158898, -2.9808028 ], [ 38.5153993, -2.9813481 ], [ 38.5151465, -2.9819035 ], [ 38.5150505, -2.9824842 ], [ 38.5151314, -2.9832718 ], [ 38.5152881, -2.9838676 ], [ 38.5154954, -2.9842513 ], [ 38.5154903, -2.9847915 ], [ 38.5153993, -2.985246 ], [ 38.5152628, -2.9855186 ], [ 38.5149443, -2.9857509 ], [ 38.5144792, -2.9858569 ], [ 38.513918, -2.9859427 ], [ 38.5133568, -2.9858468 ], [ 38.512654, -2.9857256 ], [ 38.5117743, -2.9854631 ], [ 38.5104851, -2.9849329 ], [ 38.5100553, -2.9848269 ], [ 38.5094183, -2.9848673 ], [ 38.5084172, -2.9849077 ], [ 38.5066527, -2.9849733 ], [ 38.5053534, -2.9850945 ], [ 38.5047618, -2.9852359 ], [ 38.5038518, -2.9853823 ], [ 38.5025322, -2.9855388 ], [ 38.5011014, -2.9855792 ], [ 38.5000245, -2.9854732 ], [ 38.4991701, -2.9854631 ], [ 38.4981336, -2.9854934 ], [ 38.4975371, -2.9854732 ], [ 38.4969253, -2.9855388 ], [ 38.4961012, -2.9857811 ], [ 38.4957574, -2.9857811 ], [ 38.4952619, -2.9859124 ], [ 38.4947361, -2.9862557 ], [ 38.4941446, -2.9864022 ], [ 38.4936036, -2.986382 ], [ 38.4931739, -2.9862154 ], [ 38.4927795, -2.9858215 ], [ 38.4922941, -2.9851904 ], [ 38.4915307, -2.9835646 ], [ 38.4907774, -2.9823074 ], [ 38.4903426, -2.9813481 ], [ 38.4900797, -2.9805049 ], [ 38.4900746, -2.9801212 ], [ 38.4899735, -2.979995 ], [ 38.4897561, -2.979894 ], [ 38.4894022, -2.9799092 ], [ 38.4890635, -2.9800808 ], [ 38.4887702, -2.9804191 ], [ 38.4884163, -2.9809897 ], [ 38.4879208, -2.9814693 ], [ 38.4874405, -2.9818227 ], [ 38.4861816, -2.9824236 ], [ 38.4854435, -2.9828073 ], [ 38.4850946, -2.9831759 ], [ 38.4846699, -2.9838272 ], [ 38.4841745, -2.9844583 ], [ 38.4836133, -2.9846704 ], [ 38.4822937, -2.9849935 ], [ 38.4813735, -2.9853015 ], [ 38.4807668, -2.9856953 ], [ 38.479422, -2.986801 ], [ 38.4785321, -2.9874574 ], [ 38.4779912, -2.987831 ], [ 38.477435, -2.9880128 ], [ 38.4767019, -2.9879522 ], [ 38.4757969, -2.9879724 ], [ 38.4752913, -2.9881037 ], [ 38.4748565, -2.9881037 ], [ 38.4744824, -2.9881037 ], [ 38.4736988, -2.9882652 ], [ 38.4734207, -2.9881592 ], [ 38.4731123, -2.9878159 ], [ 38.4728544, -2.9875634 ], [ 38.472546, -2.987417 ], [ 38.4717624, -2.9873766 ], [ 38.4708776, -2.9873665 ], [ 38.4701091, -2.987316 ], [ 38.4693356, -2.9873867 ], [ 38.4687541, -2.9875887 ], [ 38.4684255, -2.9878512 ], [ 38.4682991, -2.9882147 ], [ 38.4683345, -2.98876 ], [ 38.4685165, -2.9892043 ], [ 38.4686126, -2.9895477 ], [ 38.4685924, -2.9899112 ], [ 38.4684912, -2.9901838 ], [ 38.4682334, -2.990401 ], [ 38.4678289, -2.9906181 ], [ 38.467288, -2.9907796 ], [ 38.4666914, -2.9909008 ], [ 38.466383, -2.9908099 ], [ 38.4658066, -2.9905423 ], [ 38.4653667, -2.9903606 ], [ 38.4647701, -2.990199 ], [ 38.4643808, -2.9901586 ], [ 38.4639915, -2.9902394 ], [ 38.4636174, -2.9904565 ], [ 38.4631371, -2.9909361 ], [ 38.4622059, -2.9922363 ], [ 38.4608571, -2.9946237 ], [ 38.4662494, -2.9958197 ], [ 38.469813, -3.0014905 ], [ 38.4702227, -3.0021425 ], [ 38.4771238, -3.0140643 ], [ 38.4812412, -3.0228693 ], [ 38.5023607, -3.1288592 ], [ 38.5001019, -3.1676674 ], [ 38.5053331, -3.2139231 ], [ 38.5290067, -3.3346778 ], [ 38.5343185, -3.3558766 ], [ 38.5349068, -3.3558025 ], [ 38.5365029, -3.3621859 ], [ 38.537059, -3.365829 ], [ 38.5371949, -3.3659162 ], [ 38.5456984, -3.3639099 ], [ 38.5634369, -3.3598743 ], [ 38.5844951, -3.362993 ], [ 38.586173, -3.3632317 ], [ 38.5875857, -3.3641231 ], [ 38.5889447, -3.3650452 ], [ 38.5902301, -3.3658945 ], [ 38.5942171, -3.3684861 ], [ 38.6020358, -3.3734883 ], [ 38.6049674, -3.3746725 ], [ 38.6215961, -3.3706543 ], [ 38.6460529, -3.4060235 ], [ 38.6662357, -3.4293637 ], [ 38.6476891, -3.445621 ], [ 38.6610608, -3.459248 ], [ 38.6892405, -3.4877361 ], [ 38.6973645, -3.495986 ], [ 38.7613043, -3.5606364 ], [ 38.7615754, -3.5612452 ], [ 38.9483323, -3.6717967 ], [ 38.9486202, -3.6716705 ], [ 38.9699592, -3.6352298 ], [ 38.9701781, -3.635112 ], [ 39.056486, -3.687612 ], [ 39.0875226, -3.5722052 ], [ 39.0877591, -3.5713257 ], [ 39.2187099, -3.0754578 ], [ 39.2233199, -3.0679321 ], [ 39.2635546, -2.9963891 ], [ 38.8904871, -2.0021379 ], [ 38.545524, -1.9974759 ], [ 38.5379623, -1.9971148 ], [ 38.4484504, -2.0670034 ], [ 38.3973436, -2.1068719 ], [ 38.3910775, -2.112094 ], [ 38.3416363, -2.1529461 ], [ 38.2892544, -2.1962323 ], [ 38.2838566, -2.2006322 ], [ 38.2717374, -2.2106547 ], [ 38.2593734, -2.2208598 ], [ 38.2590964, -2.2220196 ], [ 38.2580456, -2.2229878 ], [ 38.2552322, -2.2242301 ], [ 38.2547709, -2.224826 ], [ 38.254218, -2.2252329 ], [ 38.2272741, -2.2474033 ], [ 38.1858787, -2.2816212 ], [ 38.144619, -2.3156962 ], [ 38.1352414, -2.3225577 ] ] ] } },
{ "type": "Feature", "properties": { "query_name": "Tsavo West National Park, Kenya", "display_name": "Tsavo West National Park, Taita–Taveta, Kenya" }, "geometry": { "type": "Polygon", "coordinates": [ [ [ 37.7606277, -3.5986798 ], [ 37.7645572, -3.6175768 ], [ 37.7716872, -3.6353948 ], [ 37.7786585, -3.6513031 ], [ 37.785266, -3.670887 ], [ 38.4506995, -4.1429164 ], [ 38.5517663, -3.9410771 ], [ 38.5054519, -3.8255662 ], [ 38.5006856, -3.8135335 ], [ 38.2447684, -3.7706267 ], [ 38.2050938, -3.7643824 ], [ 38.1342013, -3.7524336 ], [ 38.1343551, -3.5411136 ], [ 38.1344385, -3.511547 ], [ 38.1345586, -3.4380636 ], [ 38.1202175, -3.4381267 ], [ 38.1202033, -3.4067916 ], [ 38.1201574, -3.3798841 ], [ 38.1276117, -3.3799661 ], [ 38.1290596, -3.3799863 ], [ 38.1303198, -3.380004 ], [ 38.1316345, -3.3800607 ], [ 38.134573, -3.3790324 ], [ 38.1345501, -3.3689877 ], [ 38.1345368, -3.3396232 ], [ 38.1345138, -3.2723561 ], [ 38.1347896, -3.1668194 ], [ 38.2916402, -3.1671598 ], [ 38.2984919, -3.1671543 ], [ 38.3872104, -3.1672341 ], [ 38.456836, -3.1672984 ], [ 38.4803617, -3.1672922 ], [ 38.4839296, -3.1673855 ], [ 38.4964069, -3.1672902 ], [ 38.4972625, -3.1299265 ], [ 38.4971752, -3.1276176 ], [ 38.4966119, -3.1237326 ], [ 38.4905275, -3.0813786 ], [ 38.4781575, -3.0228418 ], [ 38.474466, -3.0144613 ], [ 38.4659089, -2.9989007 ], [ 38.4646112, -2.9969056 ], [ 38.4608571, -2.9946237 ], [ 38.4622059, -2.9922363 ], [ 38.4631371, -2.9909361 ], [ 38.4636174, -2.9904565 ], [ 38.4639915, -2.9902394 ], [ 38.4643808, -2.9901586 ], [ 38.4647701, -2.990199 ], [ 38.4653667, -2.9903606 ], [ 38.4658066, -2.9905423 ], [ 38.466383, -2.9908099 ], [ 38.4666914, -2.9909008 ], [ 38.467288, -2.9907796 ], [ 38.4678289, -2.9906181 ], [ 38.4682334, -2.990401 ], [ 38.4684912, -2.9901838 ], [ 38.4685924, -2.9899112 ], [ 38.4686126, -2.9895477 ], [ 38.4685165, -2.9892043 ], [ 38.4683345, -2.98876 ], [ 38.4682991, -2.9882147 ], [ 38.4684255, -2.9878512 ], [ 38.4687541, -2.9875887 ], [ 38.4693356, -2.9873867 ], [ 38.4701091, -2.987316 ], [ 38.4708776, -2.9873665 ], [ 38.4717624, -2.9873766 ], [ 38.472546, -2.987417 ], [ 38.4728544, -2.9875634 ], [ 38.4731123, -2.9878159 ], [ 38.4734207, -2.9881592 ], [ 38.4736988, -2.9882652 ], [ 38.4744824, -2.9881037 ], [ 38.4748565, -2.9881037 ], [ 38.4752913, -2.9881037 ], [ 38.4757969, -2.9879724 ], [ 38.4767019, -2.9879522 ], [ 38.477435, -2.9880128 ], [ 38.4779912, -2.987831 ], [ 38.4785321, -2.9874574 ], [ 38.479422, -2.986801 ], [ 38.4807668, -2.9856953 ], [ 38.4813735, -2.9853015 ], [ 38.4822937, -2.9849935 ], [ 38.4836133, -2.9846704 ], [ 38.4841745, -2.9844583 ], [ 38.4846699, -2.9838272 ], [ 38.4850946, -2.9831759 ], [ 38.4854435, -2.9828073 ], [ 38.4861816, -2.9824236 ], [ 38.4874405, -2.9818227 ], [ 38.4879208, -2.9814693 ], [ 38.4884163, -2.9809897 ], [ 38.4887702, -2.9804191 ], [ 38.4890635, -2.9800808 ], [ 38.4894022, -2.9799092 ], [ 38.4897561, -2.979894 ], [ 38.4899735, -2.979995 ], [ 38.4900746, -2.9801212 ], [ 38.4900797, -2.9805049 ], [ 38.4903426, -2.9813481 ], [ 38.4907774, -2.9823074 ], [ 38.4915307, -2.9835646 ], [ 38.4922941, -2.9851904 ], [ 38.4927795, -2.9858215 ], [ 38.4931739, -2.9862154 ], [ 38.4936036, -2.986382 ], [ 38.4941446, -2.9864022 ], [ 38.4947361, -2.9862557 ], [ 38.4952619, -2.9859124 ], [ 38.4957574, -2.9857811 ], [ 38.4961012, -2.9857811 ], [ 38.4969253, -2.9855388 ], [ 38.4975371, -2.9854732 ], [ 38.4981336, -2.9854934 ], [ 38.4991701, -2.9854631 ], [ 38.5000245, -2.9854732 ], [ 38.5011014, -2.9855792 ], [ 38.5025322, -2.9855388 ], [ 38.5038518, -2.9853823 ], [ 38.5047618, -2.9852359 ], [ 38.5053534, -2.9850945 ], [ 38.5066527, -2.9849733 ], [ 38.5084172, -2.9849077 ], [ 38.5094183, -2.9848673 ], [ 38.5100553, -2.9848269 ], [ 38.5104851, -2.9849329 ], [ 38.5117743, -2.9854631 ], [ 38.512654, -2.9857256 ], [ 38.5133568, -2.9858468 ], [ 38.513918, -2.9859427 ], [ 38.5144792, -2.9858569 ], [ 38.5149443, -2.9857509 ], [ 38.5152628, -2.9855186 ], [ 38.5153993, -2.985246 ], [ 38.5154903, -2.9847915 ], [ 38.5154954, -2.9842513 ], [ 38.5152881, -2.9838676 ], [ 38.5151314, -2.9832718 ], [ 38.5150505, -2.9824842 ], [ 38.5151465, -2.9819035 ], [ 38.5153993, -2.9813481 ], [ 38.5158898, -2.9808028 ], [ 38.516633, -2.9802121 ], [ 38.5176947, -2.9797022 ], [ 38.5187261, -2.979278 ], [ 38.5193176, -2.9789499 ], [ 38.5197423, -2.9785005 ], [ 38.5200457, -2.9779451 ], [ 38.5205115, -2.9773181 ], [ 38.5194151, -2.9770179 ], [ 38.5178976, -2.9763958 ], [ 38.5164599, -2.9752472 ], [ 38.5152778, -2.9738593 ], [ 38.5143353, -2.9719449 ], [ 38.5135206, -2.9699349 ], [ 38.5124982, -2.9684353 ], [ 38.5115717, -2.9677493 ], [ 38.5103097, -2.9673984 ], [ 38.5096708, -2.9666645 ], [ 38.5086963, -2.9663774 ], [ 38.5074983, -2.9662817 ], [ 38.5068273, -2.9660424 ], [ 38.50638, -2.9661859 ], [ 38.5063641, -2.9666645 ], [ 38.5064919, -2.9673027 ], [ 38.5064759, -2.9680684 ], [ 38.5062682, -2.9683077 ], [ 38.505805, -2.9682917 ], [ 38.5053896, -2.967861 ], [ 38.5042555, -2.966154 ], [ 38.502067, -2.9627561 ], [ 38.4997347, -2.9589433 ], [ 38.49892, -2.9581616 ], [ 38.4982012, -2.9577628 ], [ 38.4974025, -2.9577468 ], [ 38.495853, -2.9586083 ], [ 38.4946708, -2.9588157 ], [ 38.4935526, -2.9584487 ], [ 38.4929137, -2.9576989 ], [ 38.492738, -2.9569172 ], [ 38.4929616, -2.9559282 ], [ 38.4936006, -2.9548593 ], [ 38.4942236, -2.9538702 ], [ 38.4943673, -2.9530406 ], [ 38.4940319, -2.9518601 ], [ 38.4933929, -2.9509667 ], [ 38.4920031, -2.9498021 ], [ 38.4903418, -2.9479356 ], [ 38.4895271, -2.9467391 ], [ 38.4891597, -2.9456703 ], [ 38.4892236, -2.9445854 ], [ 38.4894313, -2.9427189 ], [ 38.4892236, -2.9412512 ], [ 38.4885367, -2.9396399 ], [ 38.487722, -2.9387146 ], [ 38.4869073, -2.9381882 ], [ 38.4860447, -2.9381244 ], [ 38.4813003, -2.9392411 ], [ 38.4788083, -2.9397037 ], [ 38.4779457, -2.9396399 ], [ 38.4771949, -2.9394006 ], [ 38.4766198, -2.9388423 ], [ 38.4761885, -2.937901 ], [ 38.4757572, -2.9362419 ], [ 38.4755655, -2.9349337 ], [ 38.4755666, -2.9348069 ], [ 38.4755975, -2.931392 ], [ 38.4754377, -2.9296691 ], [ 38.4748786, -2.9280897 ], [ 38.4737764, -2.9260157 ], [ 38.4737179, -2.9259015 ], [ 38.470933, -2.9204639 ], [ 38.4697349, -2.9183101 ], [ 38.4695212, -2.9177489 ], [ 38.4687445, -2.9157097 ], [ 38.4681055, -2.9136197 ], [ 38.4674346, -2.9120563 ], [ 38.46654, -2.9108119 ], [ 38.4639522, -2.9081795 ], [ 38.4625145, -2.9066001 ], [ 38.4617797, -2.9054993 ], [ 38.4615081, -2.9046059 ], [ 38.4616039, -2.9035689 ], [ 38.4621311, -2.901782 ], [ 38.4623388, -2.9006174 ], [ 38.4622429, -2.8997559 ], [ 38.4616519, -2.8987987 ], [ 38.4608212, -2.8981765 ], [ 38.4595433, -2.8977138 ], [ 38.4594225, -2.8976927 ], [ 38.4575305, -2.8973628 ], [ 38.4540321, -2.8971873 ], [ 38.4528181, -2.8970437 ], [ 38.4519554, -2.896613 ], [ 38.4514443, -2.8959748 ], [ 38.4512206, -2.8951293 ], [ 38.4512685, -2.8939327 ], [ 38.4516999, -2.8921618 ], [ 38.452211, -2.891045 ], [ 38.4534251, -2.8895613 ], [ 38.4546711, -2.8883807 ], [ 38.4554538, -2.8873597 ], [ 38.4558851, -2.886211 ], [ 38.4557733, -2.8852856 ], [ 38.4549426, -2.8835466 ], [ 38.4545433, -2.8825575 ], [ 38.4539682, -2.8819672 ], [ 38.4530577, -2.8814088 ], [ 38.4519235, -2.8811535 ], [ 38.4505976, -2.8812652 ], [ 38.4494618, -2.881639 ], [ 38.4464283, -2.8826372 ], [ 38.4454219, -2.8826691 ], [ 38.444735, -2.8824298 ], [ 38.444128, -2.8817917 ], [ 38.4437766, -2.8807227 ], [ 38.4437926, -2.8796698 ], [ 38.4440002, -2.8788082 ], [ 38.4443604, -2.8782721 ], [ 38.4448149, -2.8775957 ], [ 38.4455178, -2.8765427 ], [ 38.4463484, -2.8747878 ], [ 38.446604, -2.8734157 ], [ 38.4464922, -2.8716607 ], [ 38.4461568, -2.8705439 ], [ 38.4455817, -2.869842 ], [ 38.4443923, -2.8691693 ], [ 38.4442558, -2.8690921 ], [ 38.4424188, -2.8687252 ], [ 38.4408852, -2.8681667 ], [ 38.439799, -2.8673371 ], [ 38.4389843, -2.866316 ], [ 38.4386488, -2.8654545 ], [ 38.4385849, -2.864593 ], [ 38.439176, -2.8633645 ], [ 38.4400865, -2.8612585 ], [ 38.4401025, -2.8599981 ], [ 38.439751, -2.8592004 ], [ 38.4389843, -2.8584027 ], [ 38.4380098, -2.8581314 ], [ 38.4350865, -2.8581952 ], [ 38.434192, -2.8578762 ], [ 38.4326744, -2.8572858 ], [ 38.4317319, -2.8566796 ], [ 38.4297511, -2.8541428 ], [ 38.4288725, -2.8525793 ], [ 38.4286968, -2.851606 ], [ 38.4288246, -2.8508083 ], [ 38.4314923, -2.8463889 ], [ 38.4322271, -2.8445541 ], [ 38.4323869, -2.8429586 ], [ 38.432275, -2.8411079 ], [ 38.4318437, -2.8392252 ], [ 38.4295275, -2.8352844 ], [ 38.428553, -2.8331784 ], [ 38.4276105, -2.8304341 ], [ 38.4274827, -2.8293013 ], [ 38.4280259, -2.8255041 ], [ 38.427962, -2.8242755 ], [ 38.427323, -2.82126 ], [ 38.4267, -2.8196965 ], [ 38.4260131, -2.8190902 ], [ 38.4251026, -2.8188508 ], [ 38.4226425, -2.8184201 ], [ 38.421093, -2.817734 ], [ 38.4202108, -2.81707 ], [ 38.419665, -2.816331 ], [ 38.4193445, -2.8155686 ], [ 38.4191202, -2.8149038 ], [ 38.419113, -2.8142245 ], [ 38.4192432, -2.813668 ], [ 38.4195182, -2.8131477 ], [ 38.4205383, -2.8116012 ], [ 38.4216743, -2.8099752 ], [ 38.422557, -2.8084576 ], [ 38.4228898, -2.8075109 ], [ 38.4229694, -2.8070412 ], [ 38.4229405, -2.8061017 ], [ 38.4227958, -2.8049093 ], [ 38.4227524, -2.8041216 ], [ 38.4228102, -2.8031099 ], [ 38.4229839, -2.8020909 ], [ 38.4237436, -2.7993881 ], [ 38.4239607, -2.7986871 ], [ 38.4242645, -2.7980945 ], [ 38.4247276, -2.7974441 ], [ 38.4252775, -2.7968949 ], [ 38.4259142, -2.7964613 ], [ 38.4271153, -2.7959627 ], [ 38.4287649, -2.7954496 ], [ 38.4306895, -2.7948786 ], [ 38.4315867, -2.7945028 ], [ 38.4322307, -2.7939753 ], [ 38.4328312, -2.7932309 ], [ 38.4331568, -2.7923926 ], [ 38.4332509, -2.7914532 ], [ 38.4331206, -2.7904848 ], [ 38.4328674, -2.7894875 ], [ 38.4324043, -2.7885841 ], [ 38.4304218, -2.7853971 ], [ 38.4296259, -2.784024 ], [ 38.4286492, -2.7827304 ], [ 38.4281644, -2.7817982 ], [ 38.427752, -2.780837 ], [ 38.427383, -2.7794711 ], [ 38.4268331, -2.775771 ], [ 38.4265147, -2.7743834 ], [ 38.4260444, -2.7733283 ], [ 38.4247638, -2.7710879 ], [ 38.4241054, -2.770134 ], [ 38.4235844, -2.7691078 ], [ 38.4229984, -2.7676263 ], [ 38.4222965, -2.764656 ], [ 38.4216453, -2.7625963 ], [ 38.4209508, -2.7612449 ], [ 38.4201332, -2.7601175 ], [ 38.4182737, -2.7578699 ], [ 38.4156183, -2.7544732 ], [ 38.4145185, -2.7526448 ], [ 38.4139686, -2.7513873 ], [ 38.4136358, -2.7499419 ], [ 38.4131149, -2.746126 ], [ 38.4127386, -2.7442325 ], [ 38.4118197, -2.7413128 ], [ 38.4111107, -2.7398023 ], [ 38.4103075, -2.7388989 ], [ 38.4088026, -2.7365212 ], [ 38.4077969, -2.7345627 ], [ 38.4069142, -2.7330883 ], [ 38.4059736, -2.7311659 ], [ 38.4049679, -2.728687 ], [ 38.4041647, -2.7270103 ], [ 38.4025223, -2.7235485 ], [ 38.4018205, -2.72172 ], [ 38.4007207, -2.7182004 ], [ 38.3994256, -2.7150637 ], [ 38.398731, -2.7133726 ], [ 38.3982751, -2.71205 ], [ 38.3980364, -2.7109948 ], [ 38.3977687, -2.7098095 ], [ 38.3972911, -2.7084869 ], [ 38.3965314, -2.7069837 ], [ 38.3942089, -2.7034929 ], [ 38.3934202, -2.7020402 ], [ 38.3927329, -2.70019 ], [ 38.3924217, -2.6989108 ], [ 38.3921106, -2.6978917 ], [ 38.3915824, -2.6968148 ], [ 38.3906491, -2.6955067 ], [ 38.3902005, -2.6945888 ], [ 38.3899762, -2.6934613 ], [ 38.3900413, -2.6925435 ], [ 38.3902077, -2.6911414 ], [ 38.3900124, -2.6898404 ], [ 38.3894335, -2.6881059 ], [ 38.3873425, -2.6832274 ], [ 38.3870314, -2.6820421 ], [ 38.3868722, -2.6806833 ], [ 38.3865105, -2.6797365 ], [ 38.3852443, -2.6774815 ], [ 38.3845714, -2.6759855 ], [ 38.3834354, -2.6743954 ], [ 38.3828908, -2.6737843 ], [ 38.3825673, -2.6739926 ], [ 38.3817551, -2.6742562 ], [ 38.3809105, -2.6744712 ], [ 38.380415, -2.6744672 ], [ 38.3797186, -2.6743125 ], [ 38.3790668, -2.6740887 ], [ 38.378369, -2.6735237 ], [ 38.3780388, -2.6732885 ], [ 38.3777919, -2.6728984 ], [ 38.377743, -2.6725657 ], [ 38.377654, -2.6723448 ], [ 38.3774588, -2.6722272 ], [ 38.3771774, -2.6722501 ], [ 38.3768529, -2.6724452 ], [ 38.3762728, -2.6731623 ], [ 38.3759771, -2.6733143 ], [ 38.375779, -2.6732397 ], [ 38.3755636, -2.6729644 ], [ 38.3753626, -2.6728869 ], [ 38.3750525, -2.6729213 ], [ 38.374148, -2.673277 ], [ 38.3737804, -2.6734548 ], [ 38.3734933, -2.67369 ], [ 38.3732291, -2.6740457 ], [ 38.372807, -2.6748804 ], [ 38.3727007, -2.6752734 ], [ 38.3727151, -2.6756463 ], [ 38.3730855, -2.6773443 ], [ 38.3733612, -2.6779209 ], [ 38.3735564, -2.6785748 ], [ 38.3735306, -2.6787785 ], [ 38.3734014, -2.678899 ], [ 38.3730654, -2.679028 ], [ 38.3725974, -2.6790825 ], [ 38.3722872, -2.6789764 ], [ 38.3718852, -2.6786896 ], [ 38.3706333, -2.6779094 ], [ 38.3701853, -2.6775336 ], [ 38.369522, -2.6772038 ], [ 38.3690224, -2.6770431 ], [ 38.3682241, -2.6769915 ], [ 38.3679456, -2.6769141 ], [ 38.3676986, -2.6766932 ], [ 38.3674603, -2.6766215 ], [ 38.3673138, -2.6764609 ], [ 38.3672736, -2.676283 ], [ 38.3673483, -2.6760851 ], [ 38.3676039, -2.6758442 ], [ 38.3682643, -2.6755401 ], [ 38.3691229, -2.6750812 ], [ 38.3696771, -2.6749378 ], [ 38.3699068, -2.6748173 ], [ 38.3700159, -2.6746137 ], [ 38.3700475, -2.67441 ], [ 38.3699499, -2.6742551 ], [ 38.369634, -2.674126 ], [ 38.3689133, -2.6739511 ], [ 38.3684222, -2.6739597 ], [ 38.3679599, -2.6739109 ], [ 38.3673885, -2.6736097 ], [ 38.3667195, -2.6733086 ], [ 38.3664122, -2.6731996 ], [ 38.3656967, -2.6730034 ], [ 38.3656901, -2.6730016 ], [ 38.3655393, -2.6729902 ], [ 38.3649679, -2.6730045 ], [ 38.3633598, -2.6731078 ], [ 38.3629033, -2.6731565 ], [ 38.3624323, -2.6733889 ], [ 38.3618954, -2.6738249 ], [ 38.3615537, -2.6742293 ], [ 38.3614991, -2.6744588 ], [ 38.3611775, -2.674912 ], [ 38.3604166, -2.6755631 ], [ 38.3600461, -2.676154 ], [ 38.3598164, -2.6767075 ], [ 38.3596901, -2.6775508 ], [ 38.3596958, -2.6782966 ], [ 38.3598222, -2.6788129 ], [ 38.3598193, -2.6791657 ], [ 38.359693, -2.6794956 ], [ 38.3594977, -2.679705 ], [ 38.3591933, -2.6797967 ], [ 38.3588717, -2.6797509 ], [ 38.3582831, -2.67953 ], [ 38.3576571, -2.679487 ], [ 38.3569478, -2.6792776 ], [ 38.3564281, -2.6791428 ], [ 38.3558452, -2.6790739 ], [ 38.3555839, -2.6791198 ], [ 38.3553283, -2.6793464 ], [ 38.3551991, -2.6796333 ], [ 38.3551876, -2.6800061 ], [ 38.35509, -2.6803417 ], [ 38.3548028, -2.6808093 ], [ 38.3547167, -2.6811879 ], [ 38.3547598, -2.6816153 ], [ 38.3546679, -2.6817931 ], [ 38.3543061, -2.6820283 ], [ 38.3537059, -2.6823582 ], [ 38.3533786, -2.6825819 ], [ 38.3530254, -2.682645 ], [ 38.3526205, -2.6825532 ], [ 38.3524396, -2.682536 ], [ 38.3522846, -2.6826651 ], [ 38.3520204, -2.6829089 ], [ 38.3515294, -2.6830925 ], [ 38.3508718, -2.6834424 ], [ 38.3504439, -2.6835284 ], [ 38.3501051, -2.6834567 ], [ 38.3497232, -2.6831642 ], [ 38.3494102, -2.682645 ], [ 38.349146, -2.6821144 ], [ 38.3490455, -2.681664 ], [ 38.3488732, -2.6814489 ], [ 38.3485947, -2.6813772 ], [ 38.34823, -2.6814805 ], [ 38.347986, -2.6816067 ], [ 38.3477562, -2.6815722 ], [ 38.347561, -2.6813629 ], [ 38.3472767, -2.680858 ], [ 38.347136, -2.6806974 ], [ 38.3469781, -2.6805167 ], [ 38.3463664, -2.6803475 ], [ 38.3452724, -2.6799316 ], [ 38.3442444, -2.6796275 ], [ 38.3439372, -2.6794325 ], [ 38.3437534, -2.6791026 ], [ 38.3437218, -2.6787814 ], [ 38.3436385, -2.6786064 ], [ 38.3433945, -2.6785347 ], [ 38.3430011, -2.6784113 ], [ 38.3425876, -2.6781302 ], [ 38.342332, -2.6781073 ], [ 38.342042, -2.6782192 ], [ 38.3418324, -2.678506 ], [ 38.3415826, -2.6786666 ], [ 38.3406522, -2.6788244 ], [ 38.3400291, -2.6788531 ], [ 38.3397477, -2.6787785 ], [ 38.3396328, -2.6786666 ], [ 38.3395984, -2.6783511 ], [ 38.3395381, -2.6779983 ], [ 38.3394117, -2.6777774 ], [ 38.3391878, -2.6777115 ], [ 38.3387599, -2.6777545 ], [ 38.3383952, -2.6777115 ], [ 38.3379473, -2.6775967 ], [ 38.3375596, -2.677482 ], [ 38.3371203, -2.6774992 ], [ 38.3365202, -2.6777975 ], [ 38.3363622, -2.6780499 ], [ 38.3363192, -2.6784257 ], [ 38.3362818, -2.6786523 ], [ 38.3358741, -2.6791342 ], [ 38.3356673, -2.6792632 ], [ 38.3352768, -2.679269 ], [ 38.334849, -2.6790883 ], [ 38.334088, -2.6787211 ], [ 38.333663, -2.6786064 ], [ 38.3332094, -2.6785748 ], [ 38.3326006, -2.6783282 ], [ 38.3321412, -2.678004 ], [ 38.3317047, -2.6775939 ], [ 38.3314491, -2.6774906 ], [ 38.3312625, -2.6775078 ], [ 38.3310098, -2.6777832 ], [ 38.3307571, -2.6782622 ], [ 38.3305733, -2.6789104 ], [ 38.3304843, -2.6793435 ], [ 38.3302029, -2.6797308 ], [ 38.329867, -2.6800692 ], [ 38.3294908, -2.6802069 ], [ 38.3288935, -2.6802557 ], [ 38.3285777, -2.6803819 ], [ 38.3283594, -2.6806027 ], [ 38.3281211, -2.6806659 ], [ 38.3275066, -2.6805569 ], [ 38.327208, -2.6804536 ], [ 38.3270012, -2.6802471 ], [ 38.3268088, -2.6799143 ], [ 38.3267083, -2.6796964 ], [ 38.326536, -2.6796562 ], [ 38.3263092, -2.6797537 ], [ 38.3260422, -2.6800778 ], [ 38.3259273, -2.6803102 ], [ 38.3259216, -2.6806888 ], [ 38.3258325, -2.6810904 ], [ 38.3253243, -2.681687 ], [ 38.3250027, -2.6819337 ], [ 38.3247557, -2.6821144 ], [ 38.3246437, -2.6823324 ], [ 38.3246208, -2.6825876 ], [ 38.3244399, -2.6826479 ], [ 38.3242676, -2.6825733 ], [ 38.3240695, -2.6823008 ], [ 38.3239977, -2.6818878 ], [ 38.3239776, -2.6815177 ], [ 38.3238225, -2.6812223 ], [ 38.3236387, -2.6810732 ], [ 38.3234349, -2.6810732 ], [ 38.3231334, -2.6811477 ], [ 38.3228003, -2.681337 ], [ 38.3224499, -2.6816669 ], [ 38.3221599, -2.6817788 ], [ 38.3218297, -2.6817702 ], [ 38.3215483, -2.6816526 ], [ 38.3212956, -2.6816325 ], [ 38.3210429, -2.6817587 ], [ 38.3208218, -2.6820054 ], [ 38.3206696, -2.6823352 ], [ 38.3206294, -2.6826278 ], [ 38.3206065, -2.6831068 ], [ 38.3205462, -2.6835543 ], [ 38.3204198, -2.6838526 ], [ 38.32017, -2.6839788 ], [ 38.319656, -2.6840046 ], [ 38.3191678, -2.6839759 ], [ 38.3188118, -2.6839357 ], [ 38.3185849, -2.6840046 ], [ 38.3183409, -2.6843 ], [ 38.318025, -2.6846729 ], [ 38.3178556, -2.6847848 ], [ 38.3176804, -2.6847733 ], [ 38.3175512, -2.6846327 ], [ 38.3174277, -2.6841882 ], [ 38.3172296, -2.6839157 ], [ 38.316974, -2.6837579 ], [ 38.3166811, -2.6836948 ], [ 38.3164859, -2.68356 ], [ 38.3163854, -2.6833104 ], [ 38.316394, -2.6830724 ], [ 38.3165605, -2.6826106 ], [ 38.3165893, -2.682209 ], [ 38.316506, -2.681925 ], [ 38.3163595, -2.6817529 ], [ 38.3161384, -2.6817185 ], [ 38.3160092, -2.6817702 ], [ 38.3159317, -2.6819164 ], [ 38.3157824, -2.6820254 ], [ 38.3155354, -2.6819394 ], [ 38.3152196, -2.6816698 ], [ 38.3151306, -2.6813829 ], [ 38.315099, -2.6808179 ], [ 38.3150042, -2.6806486 ], [ 38.3147975, -2.6805913 ], [ 38.3146194, -2.6807003 ], [ 38.3143438, -2.6811047 ], [ 38.3141313, -2.6812022 ], [ 38.3138987, -2.6811678 ], [ 38.3135914, -2.6809642 ], [ 38.3132497, -2.6807978 ], [ 38.3129511, -2.680772 ], [ 38.3127472, -2.6808982 ], [ 38.3124974, -2.6811219 ], [ 38.312262, -2.6815263 ], [ 38.3120121, -2.6815981 ], [ 38.3115584, -2.6818103 ], [ 38.3111392, -2.6821746 ], [ 38.310809, -2.682427 ], [ 38.3105735, -2.68247 ], [ 38.3104271, -2.6823926 ], [ 38.3103582, -2.682232 ], [ 38.3103725, -2.6820312 ], [ 38.3107027, -2.6816124 ], [ 38.3108521, -2.6811822 ], [ 38.3109784, -2.6805855 ], [ 38.3109612, -2.6802155 ], [ 38.3108836, -2.6800004 ], [ 38.3106539, -2.6797767 ], [ 38.3103725, -2.6795874 ], [ 38.310206, -2.6791743 ], [ 38.3099389, -2.6785031 ], [ 38.3098872, -2.6781417 ], [ 38.3098442, -2.6779868 ], [ 38.3097207, -2.6778807 ], [ 38.3095197, -2.6778893 ], [ 38.3092124, -2.6780843 ], [ 38.3088535, -2.6784515 ], [ 38.3084601, -2.6786265 ], [ 38.3081299, -2.6785834 ], [ 38.3079232, -2.6786035 ], [ 38.3077365, -2.6787699 ], [ 38.3075068, -2.678942 ], [ 38.3067803, -2.6792374 ], [ 38.3065018, -2.6793349 ], [ 38.306252, -2.6793321 ], [ 38.3060682, -2.6792288 ], [ 38.3057581, -2.6789449 ], [ 38.3054192, -2.6787756 ], [ 38.3051149, -2.6785548 ], [ 38.304776, -2.6783196 ], [ 38.3045061, -2.6779381 ], [ 38.3042132, -2.6775451 ], [ 38.303995, -2.6773587 ], [ 38.3038169, -2.6773013 ], [ 38.3036045, -2.6773787 ], [ 38.3034035, -2.6775537 ], [ 38.3031852, -2.6781675 ], [ 38.3030531, -2.6788502 ], [ 38.3029612, -2.679203 ], [ 38.3027689, -2.6795156 ], [ 38.3024415, -2.6799861 ], [ 38.3020596, -2.6808207 ], [ 38.3017351, -2.6813141 ], [ 38.3014882, -2.6818275 ], [ 38.3013274, -2.6819509 ], [ 38.3009943, -2.682014 ], [ 38.3004286, -2.6821086 ], [ 38.3000352, -2.6823438 ], [ 38.2998687, -2.6825044 ], [ 38.2996591, -2.6824672 ], [ 38.2992427, -2.6821775 ], [ 38.2987431, -2.6820599 ], [ 38.2982578, -2.682123 ], [ 38.2978328, -2.682341 ], [ 38.2976146, -2.6826364 ], [ 38.2974021, -2.6826938 ], [ 38.2970144, -2.6825303 ], [ 38.2964976, -2.6823553 ], [ 38.2961932, -2.6823266 ], [ 38.2960668, -2.6822348 ], [ 38.296041, -2.6820943 ], [ 38.2961358, -2.6818017 ], [ 38.2963741, -2.6814518 ], [ 38.2964172, -2.6812252 ], [ 38.2962851, -2.6809728 ], [ 38.2963023, -2.6807318 ], [ 38.296443, -2.680488 ], [ 38.296779, -2.6801123 ], [ 38.296957, -2.6798512 ], [ 38.2970403, -2.6794669 ], [ 38.2970173, -2.6792374 ], [ 38.2968077, -2.6790309 ], [ 38.296532, -2.678899 ], [ 38.2962075, -2.6789047 ], [ 38.2956275, -2.6791571 ], [ 38.2951566, -2.6794124 ], [ 38.2946598, -2.6797881 ], [ 38.2943009, -2.6801582 ], [ 38.2940913, -2.6802471 ], [ 38.2938845, -2.6802098 ], [ 38.2932126, -2.6797709 ], [ 38.2928278, -2.6796734 ], [ 38.2924919, -2.6797222 ], [ 38.2920295, -2.6799316 ], [ 38.2916563, -2.6800262 ], [ 38.2912083, -2.6799258 ], [ 38.2905881, -2.6796361 ], [ 38.2904158, -2.6794439 ], [ 38.2903497, -2.679246 ], [ 38.2904301, -2.6789592 ], [ 38.2904387, -2.6786724 ], [ 38.2903382, -2.6784113 ], [ 38.2901545, -2.6781532 ], [ 38.2898788, -2.6780155 ], [ 38.2895457, -2.6779295 ], [ 38.2891265, -2.6780184 ], [ 38.2884172, -2.6783798 ], [ 38.288087, -2.678615 ], [ 38.2879779, -2.678919 ], [ 38.2880066, -2.6791743 ], [ 38.2881531, -2.6796505 ], [ 38.2886268, -2.680597 ], [ 38.2888508, -2.6810846 ], [ 38.2888623, -2.6813514 ], [ 38.2887331, -2.681535 ], [ 38.2882076, -2.6817472 ], [ 38.2875299, -2.6818591 ], [ 38.2869327, -2.6818476 ], [ 38.2864675, -2.6817529 ], [ 38.286031, -2.6817874 ], [ 38.2857094, -2.6819795 ], [ 38.2852787, -2.68247 ], [ 38.2850174, -2.6826364 ], [ 38.2847532, -2.6826909 ], [ 38.2841732, -2.6826249 ], [ 38.2835731, -2.682427 ], [ 38.2828581, -2.6821803 ], [ 38.2823929, -2.6820799 ], [ 38.2817411, -2.6819308 ], [ 38.2814826, -2.6816956 ], [ 38.2812414, -2.681403 ], [ 38.2810576, -2.6813141 ], [ 38.2806643, -2.6813313 ], [ 38.2799729, -2.6815131 ], [ 38.2796707, -2.6817042 ], [ 38.2788323, -2.6821603 ], [ 38.2781804, -2.6825532 ], [ 38.2776291, -2.6828343 ], [ 38.2773793, -2.6831556 ], [ 38.2772558, -2.6835112 ], [ 38.2772357, -2.6837866 ], [ 38.2770749, -2.6839788 ], [ 38.2768366, -2.6840361 ], [ 38.2766212, -2.6839271 ], [ 38.27638, -2.6835686 ], [ 38.2758746, -2.6828056 ], [ 38.275174, -2.6820369 ], [ 38.2748294, -2.6817042 ], [ 38.2745394, -2.6814575 ], [ 38.2739823, -2.6812481 ], [ 38.273342, -2.6810072 ], [ 38.2727763, -2.6809756 ], [ 38.2723111, -2.6810932 ], [ 38.2715243, -2.6812883 ], [ 38.2710821, -2.6814489 ], [ 38.2709041, -2.6816009 ], [ 38.2708409, -2.6818734 ], [ 38.2709759, -2.682384 ], [ 38.2713061, -2.6827913 ], [ 38.271576, -2.6833449 ], [ 38.2718287, -2.6838095 ], [ 38.2718431, -2.6840361 ], [ 38.2717885, -2.6841394 ], [ 38.2714669, -2.6842025 ], [ 38.2710908, -2.6841709 ], [ 38.2708151, -2.6841365 ], [ 38.2705337, -2.6842054 ], [ 38.2701661, -2.684234 ], [ 38.2696119, -2.6841164 ], [ 38.2687907, -2.6840247 ], [ 38.2676536, -2.6837464 ], [ 38.2671769, -2.6834539 ], [ 38.2669386, -2.6830982 ], [ 38.2668237, -2.6827052 ], [ 38.2667031, -2.6821488 ], [ 38.2665711, -2.6819279 ], [ 38.2663358, -2.6818103 ], [ 38.2658851, -2.6817089 ], [ 38.2652637, -2.6817616 ], [ 38.2644516, -2.6821997 ], [ 38.264082, -2.6822889 ], [ 38.2636719, -2.6823011 ], [ 38.263079, -2.6824228 ], [ 38.2621531, -2.6824228 ], [ 38.2618364, -2.6823903 ], [ 38.2617145, -2.6822443 ], [ 38.2615846, -2.6816926 ], [ 38.261479, -2.681506 ], [ 38.2613206, -2.6814736 ], [ 38.2611826, -2.6815669 ], [ 38.2610039, -2.681863 ], [ 38.2606709, -2.6821551 ], [ 38.2605816, -2.6827433 ], [ 38.2604597, -2.6829501 ], [ 38.2602323, -2.6829542 ], [ 38.2599887, -2.6827879 ], [ 38.2594892, -2.6825567 ], [ 38.2586323, -2.6821794 ], [ 38.2583156, -2.6821835 ], [ 38.257942, -2.6821794 ], [ 38.2577389, -2.6820415 ], [ 38.2576699, -2.6817575 ], [ 38.2575481, -2.681502 ], [ 38.2573166, -2.681429 ], [ 38.2569105, -2.6814655 ], [ 38.2565775, -2.6813965 ], [ 38.2563298, -2.681214 ], [ 38.256074, -2.6809584 ], [ 38.2558384, -2.6808814 ], [ 38.2554445, -2.6809341 ], [ 38.2552049, -2.6809706 ], [ 38.2549207, -2.6808327 ], [ 38.2547055, -2.6805568 ], [ 38.2543603, -2.6801593 ], [ 38.2540963, -2.6799443 ], [ 38.2538324, -2.6799443 ], [ 38.2537065, -2.6800579 ], [ 38.2537309, -2.6802648 ], [ 38.2539177, -2.6805203 ], [ 38.2540638, -2.680784 ], [ 38.2539786, -2.6810558 ], [ 38.2537593, -2.6812992 ], [ 38.2537105, -2.681506 ], [ 38.2537958, -2.6816642 ], [ 38.2540029, -2.6819563 ], [ 38.2540517, -2.6823173 ], [ 38.2539867, -2.6826297 ], [ 38.2537755, -2.682865 ], [ 38.2536131, -2.6830962 ], [ 38.25354, -2.6835099 ], [ 38.2534263, -2.6839805 ], [ 38.2532192, -2.6842806 ], [ 38.2529755, -2.6843253 ], [ 38.2527359, -2.6842401 ], [ 38.2525491, -2.6842157 ], [ 38.2523014, -2.6843537 ], [ 38.2522243, -2.6846295 ], [ 38.2520293, -2.6848323 ], [ 38.2517573, -2.6848485 ], [ 38.2515096, -2.6847431 ], [ 38.2510141, -2.6843699 ], [ 38.2506608, -2.6842563 ], [ 38.2501532, -2.6842563 ], [ 38.2499664, -2.6841306 ], [ 38.2499217, -2.6839724 ], [ 38.2500598, -2.6836438 ], [ 38.2501289, -2.6833842 ], [ 38.2501126, -2.6830191 ], [ 38.250007, -2.6824877 ], [ 38.2498243, -2.6821632 ], [ 38.2494629, -2.6819279 ], [ 38.2490162, -2.6818833 ], [ 38.2487278, -2.6819766 ], [ 38.2485857, -2.6822159 ], [ 38.2486588, -2.6824715 ], [ 38.2489999, -2.6829055 ], [ 38.2490324, -2.6831773 ], [ 38.2487522, -2.6837168 ], [ 38.2485329, -2.6843739 ], [ 38.2482081, -2.6847066 ], [ 38.2477086, -2.6848769 ], [ 38.2468111, -2.6850189 ], [ 38.2463441, -2.6849905 ], [ 38.2459665, -2.6848404 ], [ 38.2457512, -2.6845808 ], [ 38.2456375, -2.6841062 ], [ 38.2457837, -2.6837452 ], [ 38.2460355, -2.6835343 ], [ 38.2460192, -2.6833639 ], [ 38.2458, -2.6832016 ], [ 38.2454264, -2.6830029 ], [ 38.245203, -2.6827392 ], [ 38.2449512, -2.6825039 ], [ 38.2441594, -2.6821835 ], [ 38.2436924, -2.6818143 ], [ 38.2434934, -2.6815304 ], [ 38.2430873, -2.6812018 ], [ 38.2424985, -2.6807799 ], [ 38.2422264, -2.6805284 ], [ 38.2422101, -2.6802769 ], [ 38.2423563, -2.67992 ], [ 38.2423645, -2.6797415 ], [ 38.2421655, -2.6795549 ], [ 38.2416213, -2.6792223 ], [ 38.2410609, -2.6789059 ], [ 38.2406483, -2.6784232 ], [ 38.2402607, -2.6781507 ], [ 38.239942, -2.6780475 ], [ 38.2396861, -2.6780676 ], [ 38.2394679, -2.6782741 ], [ 38.2393932, -2.6786756 ], [ 38.239264, -2.6789739 ], [ 38.2389567, -2.6791977 ], [ 38.238638, -2.6792464 ], [ 38.2384284, -2.6791002 ], [ 38.2382303, -2.6788764 ], [ 38.2379747, -2.67869 ], [ 38.2375756, -2.6785322 ], [ 38.2372367, -2.6783773 ], [ 38.2369812, -2.6779987 ], [ 38.2369065, -2.6777004 ], [ 38.2369869, -2.6773476 ], [ 38.2372884, -2.6768571 ], [ 38.2374291, -2.6765244 ], [ 38.2375469, -2.6761658 ], [ 38.237521, -2.6758905 ], [ 38.2373631, -2.675704 ], [ 38.2371649, -2.6756926 ], [ 38.2368606, -2.6760683 ], [ 38.2365677, -2.6763638 ], [ 38.2363552, -2.6764728 ], [ 38.2360192, -2.6764555 ], [ 38.2356258, -2.6764039 ], [ 38.2353645, -2.6764269 ], [ 38.2349051, -2.6766506 ], [ 38.2345318, -2.6769919 ], [ 38.2343394, -2.6773333 ], [ 38.2341241, -2.6775943 ], [ 38.2337508, -2.6778323 ], [ 38.233567, -2.6778467 ], [ 38.2334636, -2.6777291 ], [ 38.2334435, -2.6773361 ], [ 38.2333602, -2.6770579 ], [ 38.233254, -2.6768944 ], [ 38.2329984, -2.676728 ], [ 38.2327429, -2.6766793 ], [ 38.2323323, -2.6768284 ], [ 38.231712, -2.6772501 ], [ 38.2315972, -2.6774279 ], [ 38.2315713, -2.6778668 ], [ 38.231422, -2.6781364 ], [ 38.2310229, -2.6785523 ], [ 38.2306553, -2.678994 ], [ 38.2304285, -2.6793841 ], [ 38.2302074, -2.6795419 ], [ 38.2299633, -2.6795218 ], [ 38.2296474, -2.679255 ], [ 38.2294866, -2.6789166 ], [ 38.2294062, -2.6785064 ], [ 38.2293029, -2.6781995 ], [ 38.2290961, -2.6779872 ], [ 38.2288405, -2.6779442 ], [ 38.2285649, -2.6779901 ], [ 38.2283036, -2.6781852 ], [ 38.2280222, -2.6785494 ], [ 38.2277063, -2.6787072 ], [ 38.2272354, -2.6787846 ], [ 38.2269798, -2.6788707 ], [ 38.2267042, -2.6791403 ], [ 38.2263739, -2.6796337 ], [ 38.2260983, -2.6798861 ], [ 38.2254551, -2.6803507 ], [ 38.2249956, -2.6805515 ], [ 38.2243869, -2.6807523 ], [ 38.2235254, -2.6811109 ], [ 38.2231866, -2.6811854 ], [ 38.2230775, -2.6813202 ], [ 38.2231522, -2.6818337 ], [ 38.2233388, -2.6823701 ], [ 38.2233733, -2.6825594 ], [ 38.2232469, -2.6827601 ], [ 38.2229081, -2.6829495 ], [ 38.2222821, -2.6831388 ], [ 38.2219059, -2.683351 ], [ 38.2215585, -2.6836465 ], [ 38.2214178, -2.6840997 ], [ 38.2212283, -2.6843521 ], [ 38.2209842, -2.6844496 ], [ 38.2207861, -2.6843779 ], [ 38.2206942, -2.6841628 ], [ 38.2207229, -2.6837354 ], [ 38.2206511, -2.6834858 ], [ 38.220496, -2.6833252 ], [ 38.2199935, -2.6829437 ], [ 38.2197495, -2.6826626 ], [ 38.2196892, -2.6823729 ], [ 38.2197265, -2.6820373 ], [ 38.220005, -2.6816214 ], [ 38.2200998, -2.6814235 ], [ 38.2200682, -2.6812887 ], [ 38.2198528, -2.680956 ], [ 38.2195686, -2.6808613 ], [ 38.2192872, -2.6809244 ], [ 38.2186669, -2.6812026 ], [ 38.2180065, -2.6812858 ], [ 38.2174494, -2.68126 ], [ 38.2169096, -2.6811424 ], [ 38.2165506, -2.6812428 ], [ 38.2158845, -2.6817161 ], [ 38.2154767, -2.6820287 ], [ 38.2152814, -2.6823299 ], [ 38.2152068, -2.6827028 ], [ 38.21527, -2.6829753 ], [ 38.2154853, -2.6831961 ], [ 38.2158299, -2.6833654 ], [ 38.2159419, -2.6836493 ], [ 38.2160022, -2.6845987 ], [ 38.2159448, -2.6849515 ], [ 38.2157294, -2.685204 ], [ 38.2154509, -2.6852298 ], [ 38.215112, -2.6850204 ], [ 38.2146382, -2.6844352 ], [ 38.2144056, -2.684223 ], [ 38.2141443, -2.6841455 ], [ 38.2134609, -2.6841685 ], [ 38.212967, -2.6841914 ], [ 38.2127287, -2.6843119 ], [ 38.2125334, -2.6845299 ], [ 38.2122808, -2.6846504 ], [ 38.2119189, -2.6846877 ], [ 38.2114566, -2.6845987 ], [ 38.2111437, -2.6844295 ], [ 38.2109771, -2.6841972 ], [ 38.2108996, -2.6838128 ], [ 38.210822, -2.6834485 ], [ 38.2107129, -2.6830384 ], [ 38.2104832, -2.6827774 ], [ 38.2102305, -2.6826454 ], [ 38.209975, -2.682588 ], [ 38.2095844, -2.6824561 ], [ 38.2091233, -2.6821968 ], [ 38.2088563, -2.6821279 ], [ 38.2086294, -2.6821623 ], [ 38.2079747, -2.6823631 ], [ 38.2071592, -2.6824348 ], [ 38.2064299, -2.6825897 ], [ 38.2060652, -2.6827102 ], [ 38.2058527, -2.6829425 ], [ 38.2055799, -2.6835994 ], [ 38.2053646, -2.6838088 ], [ 38.2050229, -2.6838661 ], [ 38.2046008, -2.6838116 ], [ 38.2040408, -2.6837657 ], [ 38.2033746, -2.6838805 ], [ 38.2028233, -2.6840841 ], [ 38.2026079, -2.6842849 ], [ 38.2020652, -2.6843796 ], [ 38.2015541, -2.6844742 ], [ 38.2010602, -2.6847324 ], [ 38.2007243, -2.6850106 ], [ 38.2000897, -2.685088 ], [ 38.1994752, -2.6852716 ], [ 38.1990703, -2.6855756 ], [ 38.1989612, -2.6859055 ], [ 38.199099, -2.6865107 ], [ 38.1993574, -2.6871331 ], [ 38.1993689, -2.68742 ], [ 38.1991737, -2.687658 ], [ 38.1988808, -2.6877929 ], [ 38.1980337, -2.6878416 ], [ 38.1973934, -2.6876466 ], [ 38.1961758, -2.6871274 ], [ 38.1955757, -2.6867402 ], [ 38.1951651, -2.6865451 ], [ 38.1946425, -2.6865308 ], [ 38.1942979, -2.6867488 ], [ 38.1941974, -2.6870959 ], [ 38.1938241, -2.6874056 ], [ 38.1929655, -2.6876408 ], [ 38.1923101, -2.6876881 ], [ 38.1921375, -2.6876414 ], [ 38.191967, -2.6874061 ], [ 38.1916421, -2.6864488 ], [ 38.1915264, -2.68567 ], [ 38.1914695, -2.685236 ], [ 38.1913599, -2.6851427 ], [ 38.1910939, -2.685167 ], [ 38.190633, -2.6853597 ], [ 38.1900908, -2.6856964 ], [ 38.1886797, -2.6862176 ], [ 38.188032, -2.6863302 ], [ 38.1876482, -2.6862673 ], [ 38.1874695, -2.6860929 ], [ 38.1872178, -2.6852532 ], [ 38.1870411, -2.6847827 ], [ 38.1868604, -2.6845697 ], [ 38.1866269, -2.6844642 ], [ 38.1862289, -2.684446 ], [ 38.1858959, -2.6845697 ], [ 38.185632, -2.6847847 ], [ 38.1851467, -2.6851599 ], [ 38.1849416, -2.6851984 ], [ 38.1847142, -2.685093 ], [ 38.1840929, -2.6844054 ], [ 38.1837741, -2.6842269 ], [ 38.182895, -2.6839775 ], [ 38.1825782, -2.6839551 ], [ 38.1821478, -2.6840018 ], [ 38.1818696, -2.6839815 ], [ 38.1817335, -2.6838984 ], [ 38.1817072, -2.6836773 ], [ 38.1815244, -2.6835394 ], [ 38.1813884, -2.6832656 ], [ 38.1812544, -2.6831743 ], [ 38.1810858, -2.6832128 ], [ 38.1809904, -2.6831439 ], [ 38.1809539, -2.6829816 ], [ 38.180842, -2.6828788 ], [ 38.1802117, -2.6826973 ], [ 38.179692, -2.6825166 ], [ 38.1790574, -2.6824908 ], [ 38.1781787, -2.682528 ], [ 38.177636, -2.6826198 ], [ 38.177122, -2.682855 ], [ 38.1764013, -2.683139 ], [ 38.176094, -2.6831562 ], [ 38.1758097, -2.6830099 ], [ 38.1754853, -2.6826456 ], [ 38.1751637, -2.6821724 ], [ 38.1748995, -2.6817421 ], [ 38.1747904, -2.6814897 ], [ 38.1746037, -2.6814438 ], [ 38.1743367, -2.6815069 ], [ 38.1741271, -2.6817507 ], [ 38.1737222, -2.6821121 ], [ 38.173323, -2.6823674 ], [ 38.1727545, -2.682528 ], [ 38.1719964, -2.6826141 ], [ 38.1715528, -2.6827658 ], [ 38.1715423, -2.684731 ], [ 38.1711682, -2.6861643 ], [ 38.1731902, -2.6913041 ], [ 38.1746403, -2.6914722 ], [ 38.1756913, -2.6916972 ], [ 38.1764624, -2.6922436 ], [ 38.1766944, -2.6925641 ], [ 38.1768482, -2.6928689 ], [ 38.1769887, -2.6933471 ], [ 38.1769887, -2.6936621 ], [ 38.176935, -2.694082 ], [ 38.1767004, -2.6955593 ], [ 38.1731649, -2.6997218 ], [ 38.1676843, -2.6945752 ], [ 38.1630414, -2.6944906 ], [ 38.1629602, -2.6930021 ], [ 38.1587446, -2.6890427 ], [ 38.1578389, -2.6893814 ], [ 38.1575473, -2.6905463 ], [ 38.1582257, -2.6911133 ], [ 38.1585308, -2.6919423 ], [ 38.1584812, -2.6925131 ], [ 38.1581885, -2.6929237 ], [ 38.1572753, -2.6935091 ], [ 38.1579533, -2.6943977 ], [ 38.1569168, -2.6969002 ], [ 38.1555058, -2.6974315 ], [ 38.1545892, -2.6981934 ], [ 38.1540202, -2.6988331 ], [ 38.1536463, -2.6998271 ], [ 38.1528142, -2.6998245 ], [ 38.1512584, -2.7000061 ], [ 38.150439, -2.7004413 ], [ 38.1493963, -2.7004363 ], [ 38.1478445, -2.7008377 ], [ 38.14582, -2.7007003 ], [ 38.1441302, -2.7004001 ], [ 38.1433127, -2.6999781 ], [ 38.1426402, -2.7001443 ], [ 38.1409871, -2.7014024 ], [ 38.1400631, -2.7019072 ], [ 38.1392959, -2.701947 ], [ 38.1376826, -2.7017312 ], [ 38.1342016, -2.7029425 ], [ 38.1311191, -2.7025229 ], [ 38.1308827, -2.7005514 ], [ 38.1294477, -2.7005016 ], [ 38.1293089, -2.701717 ], [ 38.1275905, -2.7015464 ], [ 38.1244739, -2.7035188 ], [ 38.1234217, -2.7057145 ], [ 38.1219433, -2.7061595 ], [ 38.1206075, -2.7062801 ], [ 38.1191509, -2.7061671 ], [ 38.1184867, -2.7062425 ], [ 38.1170981, -2.7100872 ], [ 38.1173245, -2.7108185 ], [ 38.1169704, -2.7126334 ], [ 38.1158411, -2.7142695 ], [ 38.115166, -2.714618 ], [ 38.1142603, -2.7148592 ], [ 38.1121123, -2.7156181 ], [ 38.1088755, -2.7171853 ], [ 38.1084716, -2.7176561 ], [ 38.1075511, -2.7178838 ], [ 38.1061002, -2.718754 ], [ 38.1038377, -2.7191563 ], [ 38.1016892, -2.7198139 ], [ 38.101415, -2.7201514 ], [ 38.1002925, -2.7224413 ], [ 38.0988352, -2.7223527 ], [ 37.9743123, -2.7893676 ], [ 37.9379389, -2.7732799 ], [ 37.9354513, -2.7875663 ], [ 37.9307587, -2.8111444 ], [ 37.9224578, -2.8524218 ], [ 37.9215335, -2.8562479 ], [ 37.9197597, -2.8628734 ], [ 37.919382, -2.86744 ], [ 37.9185263, -2.870864 ], [ 37.8954611, -2.8882148 ], [ 37.8819058, -2.99712 ], [ 37.8781411, -3.0236356 ], [ 37.8777132, -3.0267957 ], [ 37.8772004, -3.0305764 ], [ 37.8766216, -3.0349142 ], [ 37.8764927, -3.035867 ], [ 37.8756793, -3.0419666 ], [ 37.8756763, -3.041987 ], [ 37.872325, -3.071363 ], [ 37.8715274, -3.0796647 ], [ 37.8660963, -3.0817478 ], [ 37.8573088, -3.0817431 ], [ 37.8562987, -3.0845249 ], [ 37.8559078, -3.0854656 ], [ 37.8547743, -3.0893671 ], [ 37.8547825, -3.102546 ], [ 37.8547904, -3.1173795 ], [ 37.8545454, -3.1241425 ], [ 37.854808, -3.1316026 ], [ 37.8547401, -3.1351414 ], [ 37.8545556, -3.1451347 ], [ 37.854552, -3.1559684 ], [ 37.8545151, -3.1652873 ], [ 37.8545183, -3.1704972 ], [ 37.8541822, -3.1732523 ], [ 37.8542551, -3.1771121 ], [ 37.853473, -3.1811369 ], [ 37.8337436, -3.1888532 ], [ 37.8116674, -3.1703661 ], [ 37.7940858, -3.1736416 ], [ 37.7932168, -3.1766488 ], [ 37.797466, -3.1993365 ], [ 37.799925, -3.2119402 ], [ 37.8075948, -3.2500522 ], [ 37.7955347, -3.2857485 ], [ 37.79938, -3.3315089 ], [ 37.7988044, -3.3363916 ], [ 37.7983807, -3.3426074 ], [ 37.7981002, -3.3478755 ], [ 37.7964377, -3.3612633 ], [ 37.7936342, -3.3827069 ], [ 37.7938235, -3.3863898 ], [ 37.7940921, -3.3935463 ], [ 37.7944035, -3.4017936 ], [ 37.7947675, -3.4099364 ], [ 37.795021, -3.4179979 ], [ 37.7950367, -3.4184661 ], [ 37.7953438, -3.4280027 ], [ 37.795644, -3.437182 ], [ 37.795869, -3.4443153 ], [ 37.7960546, -3.4508094 ], [ 37.7963471, -3.4597392 ], [ 37.7966955, -3.473682 ], [ 37.7970837, -3.4877091 ], [ 37.7975293, -3.5017692 ], [ 37.7985164, -3.5362461 ], [ 37.8130873, -3.5375411 ], [ 37.8135304, -3.5507045 ], [ 37.8157524, -3.6004001 ], [ 37.7793268, -3.5997719 ], [ 37.774095, -3.6002534 ], [ 37.7606277, -3.5986798 ] ] ] } },
{ "type": "Feature", "properties": { "query_name": "Ol Pejeta Conservancy, Kenya", "display_name": "Ol Pejeta Conservancy, Laikipia East, Laikipia County, Kenya" }, "geometry": { "type": "Polygon", "coordinates": [ [ [ 36.7272379, 0.0098256 ], [ 36.7326848, 0.0017437 ], [ 36.7332629, 0.0008849 ], [ 36.7342652, -0.0004169 ], [ 36.7348278, -0.0149265 ], [ 36.7333563, -0.0152971 ], [ 36.7345726, -0.0164995 ], [ 36.7367372, -0.0186511 ], [ 36.7396921, -0.0215801 ], [ 36.7416803, -0.0237805 ], [ 36.7427204, -0.0249212 ], [ 36.7452534, -0.028511 ], [ 36.7507514, -0.0370034 ], [ 36.7531335, -0.0402493 ], [ 36.7535696, -0.0405681 ], [ 36.758577, -0.042514 ], [ 36.7554316, -0.0206058 ], [ 36.7567066, -0.0202703 ], [ 36.7676313, -0.0171334 ], [ 36.7741162, -0.0154033 ], [ 36.7728315, -0.0068335 ], [ 36.771976, -0.0014235 ], [ 36.7712379, 0.0035838 ], [ 36.7700972, 0.0112206 ], [ 36.7688055, 0.0202833 ], [ 36.7676795, 0.0279498 ], [ 36.7838669, 0.0390749 ], [ 36.8033839, 0.0347694 ], [ 36.8031505, 0.0348048 ], [ 36.803173, 0.0347789 ], [ 36.8149498, -0.0350483 ], [ 36.8161288, -0.0421323 ], [ 36.8177339, -0.0512202 ], [ 36.8178273, -0.0513032 ], [ 36.8178532, -0.0513706 ], [ 36.8179466, -0.0514484 ], [ 36.8180503, -0.0514173 ], [ 36.8180762, -0.0513084 ], [ 36.8180866, -0.0512462 ], [ 36.8181281, -0.0511891 ], [ 36.8182059, -0.0511165 ], [ 36.8182733, -0.0510854 ], [ 36.8185118, -0.0511113 ], [ 36.8186519, -0.0511528 ], [ 36.8187608, -0.0510958 ], [ 36.8188022, -0.0510387 ], [ 36.818823, -0.050961 ], [ 36.8188178, -0.0508313 ], [ 36.8187659, -0.050795 ], [ 36.8186519, -0.0508832 ], [ 36.8185015, -0.0509091 ], [ 36.8185429, -0.0508157 ], [ 36.8185287, -0.0507017 ], [ 36.8184457, -0.0505616 ], [ 36.8183835, -0.0505513 ], [ 36.8183264, -0.0505202 ], [ 36.8182901, -0.0504683 ], [ 36.8183472, -0.0503698 ], [ 36.8184561, -0.0502816 ], [ 36.8185131, -0.0502505 ], [ 36.8185805, -0.0501416 ], [ 36.8185754, -0.0500119 ], [ 36.8184976, -0.0499445 ], [ 36.8184457, -0.0498667 ], [ 36.8185494, -0.0497526 ], [ 36.8186168, -0.0497889 ], [ 36.8186791, -0.0498875 ], [ 36.8187724, -0.0499497 ], [ 36.8188658, -0.0498771 ], [ 36.8189124, -0.0498252 ], [ 36.8189073, -0.0497215 ], [ 36.8188813, -0.049623 ], [ 36.8186998, -0.0496022 ], [ 36.8186687, -0.0494311 ], [ 36.8187413, -0.0493309 ], [ 36.818724, -0.0491926 ], [ 36.818724, -0.0490819 ], [ 36.8188347, -0.0489886 ], [ 36.818845, -0.0488987 ], [ 36.8188796, -0.0488157 ], [ 36.8189384, -0.0487673 ], [ 36.8189003, -0.0486982 ], [ 36.8189626, -0.0486325 ], [ 36.8191112, -0.0485461 ], [ 36.8192184, -0.0486256 ], [ 36.8193463, -0.0487051 ], [ 36.8194155, -0.0487915 ], [ 36.8194673, -0.0487293 ], [ 36.8195192, -0.0485979 ], [ 36.8195883, -0.048508 ], [ 36.8196229, -0.0484458 ], [ 36.8195676, -0.0483628 ], [ 36.819616, -0.0483213 ], [ 36.8197543, -0.0483905 ], [ 36.8198545, -0.0484112 ], [ 36.8200136, -0.048349 ], [ 36.8201173, -0.0483663 ], [ 36.8201761, -0.0484596 ], [ 36.8202383, -0.0484907 ], [ 36.8203282, -0.0484804 ], [ 36.8204146, -0.0484665 ], [ 36.8204941, -0.0484769 ], [ 36.8206635, -0.0484804 ], [ 36.8208226, -0.0484354 ], [ 36.8209021, -0.0484596 ], [ 36.8210024, -0.0484942 ], [ 36.8210542, -0.0484147 ], [ 36.8211579, -0.0484078 ], [ 36.8213135, -0.0483801 ], [ 36.8215374, -0.0481485 ], [ 36.821731, -0.0481277 ], [ 36.8218589, -0.0480897 ], [ 36.8220283, -0.0479825 ], [ 36.8221389, -0.0479341 ], [ 36.822253, -0.0479168 ], [ 36.8222911, -0.0478304 ], [ 36.8222046, -0.0477716 ], [ 36.8221389, -0.0477267 ], [ 36.822056, -0.0475988 ], [ 36.8221389, -0.0475331 ], [ 36.822215, -0.047457 ], [ 36.8223325, -0.0473844 ], [ 36.8224501, -0.0473014 ], [ 36.8223498, -0.0471493 ], [ 36.8221839, -0.0470836 ], [ 36.822298, -0.046935 ], [ 36.8223464, -0.0467863 ], [ 36.8225192, -0.0466411 ], [ 36.8227543, -0.0467448 ], [ 36.8228857, -0.0468382 ], [ 36.8230275, -0.0470802 ], [ 36.8230344, -0.0472945 ], [ 36.8232003, -0.0474294 ], [ 36.8232176, -0.0475642 ], [ 36.8232211, -0.0477267 ], [ 36.8233109, -0.0477889 ], [ 36.8233732, -0.0478788 ], [ 36.8236273, -0.0479842 ], [ 36.8238382, -0.0482401 ], [ 36.8241113, -0.0483403 ], [ 36.8242945, -0.0486722 ], [ 36.8244155, -0.0487345 ], [ 36.8246818, -0.0486584 ], [ 36.824706, -0.0484925 ], [ 36.8246748, -0.0483438 ], [ 36.8245365, -0.0482228 ], [ 36.8244397, -0.0480603 ], [ 36.8245296, -0.0479047 ], [ 36.8246748, -0.0477976 ], [ 36.8247993, -0.0477388 ], [ 36.8249514, -0.047718 ], [ 36.8250586, -0.0477284 ], [ 36.8259851, -0.0477906 ], [ 36.8261061, -0.0479186 ], [ 36.8261822, -0.0480292 ], [ 36.826266, -0.0479912 ], [ 36.8263698, -0.04796 ], [ 36.8264666, -0.0478702 ], [ 36.8265219, -0.0477664 ], [ 36.8265737, -0.0477111 ], [ 36.826674, -0.0476627 ], [ 36.8268123, -0.0476212 ], [ 36.8269022, -0.0476385 ], [ 36.8270232, -0.0476282 ], [ 36.8270854, -0.0476109 ], [ 36.8271476, -0.0475625 ], [ 36.8272375, -0.0474657 ], [ 36.8272756, -0.0474207 ], [ 36.8273378, -0.0473481 ], [ 36.8274, -0.0472893 ], [ 36.8275072, -0.0471787 ], [ 36.827566, -0.0470715 ], [ 36.8274173, -0.0470335 ], [ 36.8273067, -0.0469505 ], [ 36.8273413, -0.0468537 ], [ 36.8275107, -0.0467535 ], [ 36.8276247, -0.0466878 ], [ 36.8275833, -0.0465115 ], [ 36.8277665, -0.0463974 ], [ 36.8280353, -0.0462625 ], [ 36.828177, -0.046107 ], [ 36.8281598, -0.0459341 ], [ 36.8282116, -0.0458304 ], [ 36.8283361, -0.0457405 ], [ 36.828426, -0.0457889 ], [ 36.8284502, -0.0458926 ], [ 36.8284225, -0.0460102 ], [ 36.8285228, -0.0461035 ], [ 36.8286887, -0.0460897 ], [ 36.8288063, -0.0460862 ], [ 36.8288581, -0.0460586 ], [ 36.8288339, -0.0459721 ], [ 36.8288063, -0.0459099 ], [ 36.8287267, -0.0458235 ], [ 36.8287717, -0.0457509 ], [ 36.82891, -0.0456955 ], [ 36.8290241, -0.0457163 ], [ 36.8290586, -0.0458027 ], [ 36.8291278, -0.0458926 ], [ 36.82919, -0.0459203 ], [ 36.8292384, -0.0458926 ], [ 36.8292661, -0.0457923 ], [ 36.8291797, -0.045616 ], [ 36.829311, -0.0455192 ], [ 36.8294009, -0.0455538 ], [ 36.8295392, -0.0456506 ], [ 36.829598, -0.0456057 ], [ 36.829636, -0.0454535 ], [ 36.8297397, -0.0453636 ], [ 36.8299091, -0.045374 ], [ 36.8300613, -0.0454777 ], [ 36.8300958, -0.0454362 ], [ 36.8302134, -0.0453222 ], [ 36.8302376, -0.0452703 ], [ 36.8302825, -0.0451908 ], [ 36.830286, -0.0451147 ], [ 36.8302479, -0.0450525 ], [ 36.8301892, -0.0449695 ], [ 36.8302203, -0.0449246 ], [ 36.8302272, -0.0448243 ], [ 36.8301546, -0.044769 ], [ 36.8300405, -0.0447759 ], [ 36.8299748, -0.0446929 ], [ 36.829923, -0.0445546 ], [ 36.8299333, -0.0444198 ], [ 36.829961, -0.0443057 ], [ 36.8301097, -0.0442331 ], [ 36.8302168, -0.0441985 ], [ 36.8302791, -0.0441916 ], [ 36.8302756, -0.0443195 ], [ 36.8302998, -0.0443783 ], [ 36.8303932, -0.0444924 ], [ 36.8304277, -0.0445512 ], [ 36.8305349, -0.044527 ], [ 36.8306179, -0.0444682 ], [ 36.830604, -0.044361 ], [ 36.8306317, -0.044285 ], [ 36.830725, -0.0442227 ], [ 36.8307181, -0.0441467 ], [ 36.8308979, -0.044043 ], [ 36.8310293, -0.0440568 ], [ 36.8310777, -0.0441398 ], [ 36.8310189, -0.0441985 ], [ 36.8309843, -0.0443092 ], [ 36.8308945, -0.0443887 ], [ 36.8308184, -0.044489 ], [ 36.8308979, -0.0445477 ], [ 36.8309636, -0.0445408 ], [ 36.8310811, -0.0445858 ], [ 36.8311295, -0.0445858 ], [ 36.8312021, -0.0445581 ], [ 36.8314442, -0.0444578 ], [ 36.831579, -0.0443956 ], [ 36.8317519, -0.0444129 ], [ 36.8319109, -0.0444544 ], [ 36.8319697, -0.0445512 ], [ 36.8320146, -0.0446169 ], [ 36.8320838, -0.0447448 ], [ 36.8320768, -0.0448209 ], [ 36.8320492, -0.0449903 ], [ 36.8321425, -0.045094 ], [ 36.832305, -0.0451078 ], [ 36.8324554, -0.0450248 ], [ 36.8325176, -0.0450767 ], [ 36.8325418, -0.045177 ], [ 36.8326248, -0.0452703 ], [ 36.8327182, -0.0453464 ], [ 36.8327804, -0.045457 ], [ 36.8327009, -0.0455987 ], [ 36.8327804, -0.0455538 ], [ 36.8328495, -0.0456229 ], [ 36.8328115, -0.0457474 ], [ 36.8327873, -0.0457889 ], [ 36.8328772, -0.0458062 ], [ 36.8328945, -0.0457612 ], [ 36.8329325, -0.045661 ], [ 36.833057, -0.0456506 ], [ 36.8331261, -0.0457232 ], [ 36.8331641, -0.0457681 ], [ 36.8332229, -0.0458027 ], [ 36.8332955, -0.0458165 ], [ 36.8332817, -0.0459237 ], [ 36.8332195, -0.0459479 ], [ 36.8331157, -0.0460205 ], [ 36.8330604, -0.0461 ], [ 36.8330708, -0.0462038 ], [ 36.8331261, -0.0462522 ], [ 36.8332437, -0.0462314 ], [ 36.8333612, -0.0462072 ], [ 36.833458, -0.0462418 ], [ 36.8336067, -0.0462383 ], [ 36.8336551, -0.0461968 ], [ 36.8336897, -0.0461519 ], [ 36.8337069, -0.0460793 ], [ 36.8337242, -0.0460309 ], [ 36.8338279, -0.0458719 ], [ 36.8339317, -0.0458338 ], [ 36.8340181, -0.0458753 ], [ 36.8340596, -0.0459272 ], [ 36.8341495, -0.0458891 ], [ 36.8342013, -0.0458235 ], [ 36.834229, -0.0457612 ], [ 36.8343638, -0.0458027 ], [ 36.8344122, -0.0459548 ], [ 36.8344157, -0.0460862 ], [ 36.834592, -0.046183 ], [ 36.8346802, -0.0462038 ], [ 36.8346974, -0.0463109 ], [ 36.8347147, -0.0464043 ], [ 36.8347735, -0.0464285 ], [ 36.8349256, -0.0463662 ], [ 36.8350501, -0.0462764 ], [ 36.8352057, -0.0462971 ], [ 36.8353336, -0.0464907 ], [ 36.8354442, -0.0465426 ], [ 36.8354857, -0.04647 ], [ 36.8355237, -0.0462038 ], [ 36.8356689, -0.0461865 ], [ 36.8360527, -0.0464631 ], [ 36.8360527, -0.0465806 ], [ 36.8360043, -0.0467535 ], [ 36.8358798, -0.047037 ], [ 36.8358107, -0.0471199 ], [ 36.8358522, -0.0472306 ], [ 36.8359766, -0.0472893 ], [ 36.8360942, -0.0472409 ], [ 36.8361357, -0.0472029 ], [ 36.8362117, -0.0471199 ], [ 36.8362394, -0.047075 ], [ 36.8363224, -0.0469816 ], [ 36.8364192, -0.0468987 ], [ 36.8365332, -0.0468537 ], [ 36.8365678, -0.0469367 ], [ 36.836637, -0.0470197 ], [ 36.8367096, -0.0470681 ], [ 36.8367338, -0.0471026 ], [ 36.8367925, -0.047196 ], [ 36.836955, -0.0472755 ], [ 36.837076, -0.0472859 ], [ 36.8371244, -0.0472202 ], [ 36.8371556, -0.0471199 ], [ 36.8371659, -0.0469989 ], [ 36.8372835, -0.0469644 ], [ 36.8374425, -0.0469782 ], [ 36.837522, -0.0468848 ], [ 36.8374563, -0.0467569 ], [ 36.8373388, -0.0466636 ], [ 36.8371763, -0.0465218 ], [ 36.8370726, -0.0464008 ], [ 36.8370933, -0.0462522 ], [ 36.8372835, -0.046145 ], [ 36.8375013, -0.0460862 ], [ 36.8376015, -0.0460828 ], [ 36.8376154, -0.046024 ], [ 36.8376603, -0.045941 ], [ 36.8377295, -0.045782 ], [ 36.8378124, -0.0457543 ], [ 36.8379507, -0.0458062 ], [ 36.8380683, -0.0458338 ], [ 36.8381703, -0.0458563 ], [ 36.8383449, -0.0458546 ], [ 36.8384555, -0.0459445 ], [ 36.838452, -0.046081 ], [ 36.8383535, -0.0463369 ], [ 36.8384745, -0.0464613 ], [ 36.8386491, -0.0464596 ], [ 36.8387736, -0.0463714 ], [ 36.8389222, -0.0463351 ], [ 36.8390743, -0.0462694 ], [ 36.8391811, -0.0461874 ], [ 36.8393027, -0.046057 ], [ 36.839433, -0.0459991 ], [ 36.8395488, -0.0460136 ], [ 36.8396502, -0.0460599 ], [ 36.8397544, -0.0460136 ], [ 36.839766, -0.0459094 ], [ 36.8397197, -0.0458717 ], [ 36.839682, -0.0458398 ], [ 36.839656, -0.0457617 ], [ 36.839711, -0.0456256 ], [ 36.839795, -0.0455532 ], [ 36.839879, -0.0455705 ], [ 36.8399658, -0.0456024 ], [ 36.8400585, -0.0456748 ], [ 36.8400933, -0.0457356 ], [ 36.8401801, -0.0458109 ], [ 36.8402409, -0.0458283 ], [ 36.8403336, -0.0457761 ], [ 36.8403423, -0.0456806 ], [ 36.8403828, -0.0456371 ], [ 36.8405392, -0.0456284 ], [ 36.840713, -0.045724 ], [ 36.8407535, -0.0457472 ], [ 36.8407825, -0.0458312 ], [ 36.8407999, -0.0458775 ], [ 36.840936, -0.0459586 ], [ 36.841075, -0.045947 ], [ 36.8413008, -0.045892 ], [ 36.8414022, -0.0458167 ], [ 36.8415151, -0.0457037 ], [ 36.8415499, -0.0455676 ], [ 36.8415325, -0.0454866 ], [ 36.8414341, -0.0453447 ], [ 36.8414109, -0.0452433 ], [ 36.8414717, -0.0451506 ], [ 36.8415846, -0.0451101 ], [ 36.8416715, -0.0450811 ], [ 36.8417989, -0.0450522 ], [ 36.8419264, -0.0450348 ], [ 36.8421551, -0.0450464 ], [ 36.8422246, -0.0450435 ], [ 36.8423578, -0.0450927 ], [ 36.8424621, -0.0452114 ], [ 36.8425142, -0.0453562 ], [ 36.8425634, -0.0454344 ], [ 36.8426561, -0.0454837 ], [ 36.8429718, -0.0456082 ], [ 36.8430963, -0.045724 ], [ 36.8431687, -0.0459094 ], [ 36.8432208, -0.0459673 ], [ 36.8433077, -0.0461265 ], [ 36.843328, -0.0462279 ], [ 36.8433627, -0.0463466 ], [ 36.843383, -0.0465146 ], [ 36.8434438, -0.046781 ], [ 36.8436002, -0.0469026 ], [ 36.8437855, -0.0468853 ], [ 36.8437623, -0.0467202 ], [ 36.8437479, -0.0465435 ], [ 36.8440027, -0.046697 ], [ 36.8440925, -0.0469084 ], [ 36.8438203, -0.0470938 ], [ 36.8438608, -0.0473891 ], [ 36.8438927, -0.0475397 ], [ 36.843939, -0.0476353 ], [ 36.8441098, -0.0476672 ], [ 36.8442749, -0.0475079 ], [ 36.8444226, -0.0474123 ], [ 36.8444979, -0.0473341 ], [ 36.8445761, -0.0472907 ], [ 36.844718, -0.0472183 ], [ 36.8447238, -0.0471604 ], [ 36.8447527, -0.0470706 ], [ 36.8448396, -0.0470474 ], [ 36.8450192, -0.0471575 ], [ 36.8450858, -0.0472038 ], [ 36.8451292, -0.0472357 ], [ 36.8452103, -0.047227 ], [ 36.8452914, -0.0471401 ], [ 36.8453261, -0.0470416 ], [ 36.8454217, -0.0469866 ], [ 36.8454825, -0.04692 ], [ 36.8455636, -0.0469171 ], [ 36.8456534, -0.0469837 ], [ 36.8457055, -0.0471169 ], [ 36.8457315, -0.0471691 ], [ 36.8459864, -0.047143 ], [ 36.8461457, -0.0470619 ], [ 36.8465419, -0.0470505 ], [ 36.8470492, -0.0470358 ], [ 36.8471911, -0.0470532 ], [ 36.8472693, -0.0470706 ], [ 36.8473967, -0.0471343 ], [ 36.8475849, -0.0471169 ], [ 36.8476428, -0.047033 ], [ 36.8476139, -0.0469519 ], [ 36.8477297, -0.0468911 ], [ 36.8477992, -0.0468968 ], [ 36.8479179, -0.0468708 ], [ 36.8479903, -0.0467636 ], [ 36.8480309, -0.0467926 ], [ 36.8481004, -0.0468766 ], [ 36.8481062, -0.0469924 ], [ 36.8480772, -0.0470967 ], [ 36.8481149, -0.0472067 ], [ 36.8482104, -0.0472125 ], [ 36.8482307, -0.047088 ], [ 36.8483176, -0.0469982 ], [ 36.8483984, -0.0468366 ], [ 36.8485636, -0.0465061 ], [ 36.8486609, -0.0477098 ], [ 36.8487007, -0.0481144 ], [ 36.8490629, -0.0530023 ], [ 36.8493006, -0.0566753 ], [ 36.8495595, -0.0591448 ], [ 36.8497005, -0.0633761 ], [ 36.8500854, -0.0669623 ], [ 36.8502061, -0.0684263 ], [ 36.8502589, -0.0694186 ], [ 36.8513314, -0.0803386 ], [ 36.85065, -0.0881137 ], [ 36.8503494, -0.0915493 ], [ 36.850126, -0.0940988 ], [ 36.849444, -0.1027737 ], [ 36.8538772, -0.1026643 ], [ 36.8594877, -0.102536 ], [ 36.87321, -0.102287 ], [ 36.8752286, -0.1022266 ], [ 36.8799524, -0.1021587 ], [ 36.880873, -0.102121 ], [ 36.9078914, -0.1016078 ], [ 36.9132792, -0.1014418 ], [ 36.9146677, -0.1014192 ], [ 36.9148825, -0.1014288 ], [ 36.9159197, -0.1009909 ], [ 36.9158535, -0.1008807 ], [ 36.9157615, -0.1007723 ], [ 36.915571, -0.1007051 ], [ 36.9157841, -0.100299 ], [ 36.916169, -0.100074 ], [ 36.9161256, -0.1002532 ], [ 36.916132, -0.1005491 ], [ 36.9162986, -0.1005299 ], [ 36.9165446, -0.100383 ], [ 36.916664, -0.1003498 ], [ 36.9168903, -0.1004472 ], [ 36.9170096, -0.1002774 ], [ 36.9170144, -0.1000326 ], [ 36.9170159, -0.0998187 ], [ 36.9172974, -0.0995112 ], [ 36.9174554, -0.0990224 ], [ 36.9174835, -0.0987575 ], [ 36.9175394, -0.0985193 ], [ 36.917666, -0.0982577 ], [ 36.9177053, -0.0980782 ], [ 36.9173505, -0.0980619 ], [ 36.9170288, -0.098094 ], [ 36.9170062, -0.0978789 ], [ 36.9169555, -0.0975721 ], [ 36.9171158, -0.0971551 ], [ 36.9171993, -0.0967374 ], [ 36.9173262, -0.0963933 ], [ 36.9170214, -0.0959981 ], [ 36.9168883, -0.0957612 ], [ 36.9170882, -0.0957611 ], [ 36.9171914, -0.0956207 ], [ 36.9170156, -0.0955905 ], [ 36.9168609, -0.0954526 ], [ 36.9169105, -0.0952112 ], [ 36.9166433, -0.095343 ], [ 36.916413, -0.0954964 ], [ 36.9162297, -0.0953747 ], [ 36.915987, -0.0955472 ], [ 36.9158231, -0.0952502 ], [ 36.9156245, -0.0950927 ], [ 36.9153486, -0.0945966 ], [ 36.9149916, -0.094377 ], [ 36.9148489, -0.0938522 ], [ 36.9148412, -0.093328 ], [ 36.9147402, -0.0929025 ], [ 36.9143702, -0.092496 ], [ 36.9141215, -0.0921767 ], [ 36.9139396, -0.0918094 ], [ 36.914017, -0.09141 ], [ 36.9136134, -0.0913118 ], [ 36.9134488, -0.0906205 ], [ 36.9134324, -0.0898341 ], [ 36.913478, -0.0892155 ], [ 36.9131411, -0.0889445 ], [ 36.912714, -0.0889522 ], [ 36.9125, -0.0885458 ], [ 36.9124295, -0.0879015 ], [ 36.9122262, -0.0874127 ], [ 36.9121053, -0.086933 ], [ 36.9121079, -0.0863952 ], [ 36.9118122, -0.0859476 ], [ 36.9115499, -0.0856448 ], [ 36.9115466, -0.0851106 ], [ 36.9117454, -0.0843739 ], [ 36.9118947, -0.0836575 ], [ 36.9123884, -0.0832438 ], [ 36.9129716, -0.0829974 ], [ 36.9134116, -0.0828068 ], [ 36.9136304, -0.0823948 ], [ 36.9140967, -0.0819166 ], [ 36.914338, -0.0816718 ], [ 36.913914, -0.081697 ], [ 36.9135882, -0.0816927 ], [ 36.9134928, -0.0814911 ], [ 36.9138065, -0.0812376 ], [ 36.9139176, -0.0806582 ], [ 36.9136216, -0.0799582 ], [ 36.9132888, -0.0792837 ], [ 36.9130163, -0.078834 ], [ 36.9129079, -0.0783149 ], [ 36.9126976, -0.0778215 ], [ 36.9126104, -0.0773378 ], [ 36.9127091, -0.0768853 ], [ 36.912493, -0.0764742 ], [ 36.9122318, -0.0762256 ], [ 36.9121818, -0.0759802 ], [ 36.912158, -0.0757312 ], [ 36.9119852, -0.0755799 ], [ 36.9119949, -0.075343 ], [ 36.9118441, -0.0751908 ], [ 36.9116023, -0.0745498 ], [ 36.911012, -0.073303 ], [ 36.9104659, -0.0723098 ], [ 36.9106024, -0.0712865 ], [ 36.910657, -0.0702956 ], [ 36.9100632, -0.0697836 ], [ 36.9096368, -0.0691714 ], [ 36.9095433, -0.0689136 ], [ 36.9093819, -0.068841 ], [ 36.9090937, -0.0689094 ], [ 36.9086207, -0.0687317 ], [ 36.9084752, -0.0685329 ], [ 36.9086448, -0.0683098 ], [ 36.9084567, -0.0682492 ], [ 36.9082225, -0.0682141 ], [ 36.9081497, -0.0679954 ], [ 36.9079838, -0.067776 ], [ 36.9082808, -0.0675705 ], [ 36.9087028, -0.0674702 ], [ 36.9085404, -0.0671275 ], [ 36.9082955, -0.0669919 ], [ 36.9082506, -0.0668782 ], [ 36.9084065, -0.0666721 ], [ 36.9082867, -0.0666205 ], [ 36.9081055, -0.0667497 ], [ 36.9079552, -0.0665557 ], [ 36.9078603, -0.0664084 ], [ 36.9076896, -0.0663753 ], [ 36.907616, -0.0661166 ], [ 36.9075099, -0.0660043 ], [ 36.9073077, -0.0660346 ], [ 36.9072675, -0.0658235 ], [ 36.9074046, -0.0656109 ], [ 36.907235, -0.0653452 ], [ 36.9069753, -0.0652253 ], [ 36.9066502, -0.0650944 ], [ 36.9066772, -0.0648126 ], [ 36.9068036, -0.0647719 ], [ 36.9070035, -0.0647415 ], [ 36.9071095, -0.0645661 ], [ 36.9071839, -0.0643398 ], [ 36.9071231, -0.0641621 ], [ 36.9069044, -0.0641511 ], [ 36.9066823, -0.0640323 ], [ 36.9066362, -0.0637705 ], [ 36.9065606, -0.0633506 ], [ 36.9067999, -0.0631709 ], [ 36.9067438, -0.062862 ], [ 36.9066472, -0.0625952 ], [ 36.9069381, -0.0623905 ], [ 36.9069239, -0.0622539 ], [ 36.9067349, -0.0622675 ], [ 36.9066297, -0.0619882 ], [ 36.9066597, -0.0617058 ], [ 36.9067374, -0.0614876 ], [ 36.9069706, -0.0614708 ], [ 36.9068394, -0.0612493 ], [ 36.9067417, -0.0609963 ], [ 36.9067562, -0.0607115 ], [ 36.9068803, -0.0604599 ], [ 36.9070403, -0.0603641 ], [ 36.9071777, -0.0602531 ], [ 36.9072329, -0.0600667 ], [ 36.907472, -0.0599095 ], [ 36.9075803, -0.059749 ], [ 36.9077372, -0.0597213 ], [ 36.9078638, -0.0597652 ], [ 36.9080591, -0.0597314 ], [ 36.9081554, -0.0595476 ], [ 36.9082787, -0.0593316 ], [ 36.9083555, -0.0594077 ], [ 36.9085684, -0.0595388 ], [ 36.908766, -0.0594324 ], [ 36.908457, -0.0591898 ], [ 36.9085846, -0.0589676 ], [ 36.9090627, -0.058786 ], [ 36.9092095, -0.0585749 ], [ 36.9090241, -0.0582699 ], [ 36.9092629, -0.0582601 ], [ 36.9096365, -0.0584338 ], [ 36.9098644, -0.058293 ], [ 36.9097964, -0.0581225 ], [ 36.9100728, -0.0580863 ], [ 36.9099206, -0.0576658 ], [ 36.9100866, -0.0572813 ], [ 36.9099119, -0.0569102 ], [ 36.9102009, -0.056504 ], [ 36.9100518, -0.0563473 ], [ 36.9096243, -0.0564712 ], [ 36.9095868, -0.0559553 ], [ 36.9096367, -0.0554599 ], [ 36.9097507, -0.0549186 ], [ 36.9097247, -0.0545191 ], [ 36.9096339, -0.0541758 ], [ 36.9096658, -0.0540761 ], [ 36.9096333, -0.0538684 ], [ 36.9096257, -0.0536981 ], [ 36.9096032, -0.0534471 ], [ 36.9093544, -0.0531814 ], [ 36.9091093, -0.0529517 ], [ 36.9089785, -0.0525701 ], [ 36.909039, -0.0522592 ], [ 36.9090954, -0.0520691 ], [ 36.9088748, -0.0519898 ], [ 36.9087258, -0.0516458 ], [ 36.9086522, -0.0514174 ], [ 36.9085648, -0.0512754 ], [ 36.9083933, -0.0510878 ], [ 36.9083389, -0.0507051 ], [ 36.9083631, -0.0505131 ], [ 36.9085583, -0.0504737 ], [ 36.9086739, -0.0503903 ], [ 36.9086468, -0.0500792 ], [ 36.9086246, -0.0498314 ], [ 36.9087953, -0.0498423 ], [ 36.908982, -0.0499537 ], [ 36.9090963, -0.0499318 ], [ 36.9090601, -0.0497633 ], [ 36.9089418, -0.0496235 ], [ 36.9086279, -0.0495216 ], [ 36.9083759, -0.0493335 ], [ 36.9082851, -0.0491596 ], [ 36.908459, -0.0490921 ], [ 36.9086501, -0.0489566 ], [ 36.9087987, -0.0489757 ], [ 36.9088859, -0.0490428 ], [ 36.908993, -0.0489354 ], [ 36.9090573, -0.0487725 ], [ 36.9089673, -0.0486033 ], [ 36.9086531, -0.0485006 ], [ 36.9086988, -0.0482974 ], [ 36.9088833, -0.048196 ], [ 36.9090085, -0.0481358 ], [ 36.9089698, -0.0479534 ], [ 36.9091764, -0.0479448 ], [ 36.9094186, -0.0479861 ], [ 36.909729, -0.0477762 ], [ 36.9097308, -0.047595 ], [ 36.9093304, -0.0476107 ], [ 36.9091105, -0.0474507 ], [ 36.9091698, -0.0471185 ], [ 36.9091096, -0.0469496 ], [ 36.9089432, -0.0470138 ], [ 36.9086492, -0.0471815 ], [ 36.9085746, -0.046955 ], [ 36.9086942, -0.0467738 ], [ 36.9088619, -0.0466967 ], [ 36.9090772, -0.0466967 ], [ 36.909299, -0.0467329 ], [ 36.9094791, -0.0466849 ], [ 36.9097661, -0.0464991 ], [ 36.9097352, -0.0463252 ], [ 36.9096358, -0.0461252 ], [ 36.9097336, -0.045958 ], [ 36.9098798, -0.0458154 ], [ 36.9100327, -0.045805 ], [ 36.9101987, -0.0458213 ], [ 36.9102501, -0.0457091 ], [ 36.910158, -0.0456404 ], [ 36.9099905, -0.0455849 ], [ 36.9099547, -0.0454535 ], [ 36.9102032, -0.0454883 ], [ 36.9104098, -0.0455069 ], [ 36.9104816, -0.0453213 ], [ 36.9104877, -0.0450815 ], [ 36.9101539, -0.0451069 ], [ 36.9099153, -0.0452089 ], [ 36.9096204, -0.0452226 ], [ 36.9095059, -0.0451151 ], [ 36.9091832, -0.044992 ], [ 36.9092278, -0.0447188 ], [ 36.9092822, -0.0443653 ], [ 36.9093526, -0.0440624 ], [ 36.9090683, -0.0440763 ], [ 36.9088352, -0.0440852 ], [ 36.9086892, -0.0440777 ], [ 36.9086031, -0.0442327 ], [ 36.9083407, -0.0441358 ], [ 36.9082698, -0.043954 ], [ 36.9083954, -0.0439447 ], [ 36.9085105, -0.0438913 ], [ 36.9083913, -0.0435473 ], [ 36.9083474, -0.0432775 ], [ 36.9082241, -0.0432448 ], [ 36.908072, -0.0434226 ], [ 36.9078273, -0.0432632 ], [ 36.9076331, -0.0429449 ], [ 36.907557, -0.0425976 ], [ 36.9075983, -0.0422665 ], [ 36.9077905, -0.0420239 ], [ 36.9076179, -0.0417196 ], [ 36.9075212, -0.0413784 ], [ 36.9075123, -0.0410474 ], [ 36.9078494, -0.0408991 ], [ 36.9082198, -0.0407704 ], [ 36.90816, -0.040558 ], [ 36.9078698, -0.0402444 ], [ 36.9078366, -0.0400073 ], [ 36.9078517, -0.0398715 ], [ 36.9076525, -0.0398626 ], [ 36.9073698, -0.0397946 ], [ 36.907362, -0.040009 ], [ 36.907406, -0.0402043 ], [ 36.9073329, -0.040331 ], [ 36.9071682, -0.0403649 ], [ 36.9070058, -0.0401179 ], [ 36.9067388, -0.0400164 ], [ 36.906538, -0.0401858 ], [ 36.9065871, -0.0403149 ], [ 36.9065798, -0.0404703 ], [ 36.9064387, -0.0406953 ], [ 36.9062671, -0.0409538 ], [ 36.9059728, -0.0408936 ], [ 36.9057698, -0.0404417 ], [ 36.9056563, -0.0401037 ], [ 36.9055901, -0.0397082 ], [ 36.9054351, -0.0395232 ], [ 36.9052798, -0.039708 ], [ 36.9051046, -0.0395511 ], [ 36.9048674, -0.03929 ], [ 36.9046156, -0.0394097 ], [ 36.9044587, -0.0397106 ], [ 36.904334, -0.039754 ], [ 36.9042842, -0.0394588 ], [ 36.9042467, -0.0391141 ], [ 36.9039914, -0.0390002 ], [ 36.9037492, -0.0392558 ], [ 36.9036756, -0.0394413 ], [ 36.9035124, -0.0393342 ], [ 36.9034639, -0.03901 ], [ 36.9032736, -0.0387889 ], [ 36.9029444, -0.0388031 ], [ 36.9026831, -0.0387727 ], [ 36.9025886, -0.0384266 ], [ 36.9027727, -0.0381901 ], [ 36.9030797, -0.0380188 ], [ 36.9033205, -0.0377998 ], [ 36.9034392, -0.0375004 ], [ 36.903451, -0.0371234 ], [ 36.9035671, -0.0368705 ], [ 36.9037239, -0.0366187 ], [ 36.9036921, -0.0362849 ], [ 36.903697, -0.0360944 ], [ 36.9034457, -0.0360777 ], [ 36.9031467, -0.0361167 ], [ 36.9028222, -0.0359504 ], [ 36.9025362, -0.0357515 ], [ 36.9023858, -0.0355315 ], [ 36.902173, -0.0352736 ], [ 36.9019743, -0.0349508 ], [ 36.9019396, -0.0345692 ], [ 36.90191, -0.034267 ], [ 36.9017787, -0.0338963 ], [ 36.9018503, -0.0336137 ], [ 36.9020827, -0.0334676 ], [ 36.9024462, -0.033428 ], [ 36.9027824, -0.0333212 ], [ 36.9030432, -0.0330853 ], [ 36.9032888, -0.0328515 ], [ 36.9034714, -0.0325825 ], [ 36.9035118, -0.0323295 ], [ 36.903404, -0.0319911 ], [ 36.90335, -0.0316121 ], [ 36.9033982, -0.0313069 ], [ 36.9033098, -0.0309094 ], [ 36.9034531, -0.0306279 ], [ 36.9037422, -0.030412 ], [ 36.9040639, -0.0302792 ], [ 36.904215, -0.0301033 ], [ 36.9042564, -0.0298361 ], [ 36.9043508, -0.0296026 ], [ 36.9041365, -0.0293278 ], [ 36.9039763, -0.029212 ], [ 36.9037616, -0.0290891 ], [ 36.903451, -0.0289707 ], [ 36.9032639, -0.0286492 ], [ 36.9033013, -0.0282965 ], [ 36.9031827, -0.0278928 ], [ 36.9030065, -0.0277963 ], [ 36.9028351, -0.0278779 ], [ 36.9028416, -0.0280635 ], [ 36.9028868, -0.028333 ], [ 36.9025637, -0.0285078 ], [ 36.9023585, -0.028587 ], [ 36.9020898, -0.0287539 ], [ 36.9018981, -0.0287949 ], [ 36.9017028, -0.0286395 ], [ 36.9015635, -0.028808 ], [ 36.901503, -0.029021 ], [ 36.9013547, -0.0290624 ], [ 36.9012533, -0.0287273 ], [ 36.9012601, -0.028309 ], [ 36.9014233, -0.0280151 ], [ 36.9014452, -0.0277677 ], [ 36.901567, -0.0276347 ], [ 36.9017816, -0.0274305 ], [ 36.9019125, -0.0271712 ], [ 36.901953, -0.0269868 ], [ 36.9020797, -0.0269866 ], [ 36.9023473, -0.0271386 ], [ 36.9023325, -0.0269098 ], [ 36.9021637, -0.0265545 ], [ 36.9021092, -0.0262073 ], [ 36.9020436, -0.026009 ], [ 36.9018439, -0.0261148 ], [ 36.9016316, -0.0262489 ], [ 36.9013765, -0.0261329 ], [ 36.9013368, -0.0257956 ], [ 36.9011845, -0.0255406 ], [ 36.9011142, -0.0251576 ], [ 36.9012527, -0.0248108 ], [ 36.9011781, -0.0245255 ], [ 36.9009478, -0.0242853 ], [ 36.9009597, -0.0241287 ], [ 36.9009953, -0.0239566 ], [ 36.9007951, -0.0235916 ], [ 36.9005601, -0.0232308 ], [ 36.9007447, -0.0230294 ], [ 36.9007279, -0.0228448 ], [ 36.9006021, -0.0225678 ], [ 36.9007363, -0.0222238 ], [ 36.9008454, -0.022014 ], [ 36.9006692, -0.0218042 ], [ 36.9007123, -0.0214439 ], [ 36.9007951, -0.0210405 ], [ 36.9010972, -0.0208307 ], [ 36.9012668, -0.0202761 ], [ 36.9011674, -0.0200639 ], [ 36.900847, -0.0200283 ], [ 36.9007817, -0.0198265 ], [ 36.9008236, -0.0196099 ], [ 36.9008767, -0.0191976 ], [ 36.9007224, -0.0189543 ], [ 36.9007397, -0.0186197 ], [ 36.9004019, -0.0177615 ], [ 36.9001819, -0.017406 ], [ 36.8996187, -0.0172156 ], [ 36.8991284, -0.016656 ], [ 36.8989102, -0.0158168 ], [ 36.8994137, -0.0156825 ], [ 36.8998187, -0.0159395 ], [ 36.9006725, -0.0163539 ], [ 36.9017665, -0.0165585 ], [ 36.9029277, -0.0165873 ], [ 36.903123, -0.0161357 ], [ 36.9032443, -0.0158508 ], [ 36.9035137, -0.0157869 ], [ 36.9040625, -0.0156693 ], [ 36.9038279, -0.0152126 ], [ 36.9039208, -0.0148183 ], [ 36.9035707, -0.0145809 ], [ 36.9035761, -0.014323 ], [ 36.9038645, -0.013996 ], [ 36.904065, -0.0140343 ], [ 36.9042816, -0.0138664 ], [ 36.9043189, -0.0133693 ], [ 36.9044618, -0.0130399 ], [ 36.9048409, -0.012928 ], [ 36.9050708, -0.0131207 ], [ 36.9053505, -0.0132823 ], [ 36.9054913, -0.013193 ], [ 36.9052892, -0.0129733 ], [ 36.9051398, -0.0127272 ], [ 36.905298, -0.0126042 ], [ 36.9055913, -0.0125147 ], [ 36.9055034, -0.0121632 ], [ 36.9055825, -0.0118293 ], [ 36.9055185, -0.0115262 ], [ 36.9055098, -0.0112154 ], [ 36.9056987, -0.011259 ], [ 36.9057857, -0.0114081 ], [ 36.9059692, -0.0113898 ], [ 36.9060902, -0.0112279 ], [ 36.9062944, -0.0112053 ], [ 36.906479, -0.0113635 ], [ 36.9067426, -0.0114426 ], [ 36.9068919, -0.0111409 ], [ 36.9068111, -0.0109172 ], [ 36.9070473, -0.010681 ], [ 36.9073642, -0.0106002 ], [ 36.9074326, -0.0103765 ], [ 36.9073021, -0.0101901 ], [ 36.9072461, -0.0098856 ], [ 36.9078179, -0.0100099 ], [ 36.908141, -0.0099664 ], [ 36.9082378, -0.0097411 ], [ 36.9080416, -0.0094754 ], [ 36.907793, -0.0093573 ], [ 36.9075009, -0.009407 ], [ 36.9073891, -0.0091709 ], [ 36.9079111, -0.0083133 ], [ 36.9078365, -0.0082263 ], [ 36.9076625, -0.0081393 ], [ 36.9075755, -0.0080274 ], [ 36.9079422, -0.0077664 ], [ 36.9081286, -0.0075365 ], [ 36.9080727, -0.0073563 ], [ 36.90788, -0.0072879 ], [ 36.9077371, -0.0070953 ], [ 36.907532, -0.0068715 ], [ 36.9073207, -0.0067908 ], [ 36.907191, -0.0067016 ], [ 36.9071778, -0.0065171 ], [ 36.9073891, -0.0064862 ], [ 36.907496, -0.0061625 ], [ 36.9076876, -0.0060644 ], [ 36.9078036, -0.0061537 ], [ 36.9078124, -0.0063998 ], [ 36.9080761, -0.006558 ], [ 36.9083528, -0.0065036 ], [ 36.9085734, -0.0066698 ], [ 36.9087381, -0.0067646 ], [ 36.9089059, -0.0066839 ], [ 36.909024, -0.0065596 ], [ 36.9089991, -0.0062861 ], [ 36.908881, -0.0061308 ], [ 36.9086884, -0.0061246 ], [ 36.9085206, -0.0061494 ], [ 36.9083777, -0.0061991 ], [ 36.9082907, -0.0061308 ], [ 36.9083714, -0.00582 ], [ 36.9083093, -0.0055031 ], [ 36.9085392, -0.0052794 ], [ 36.9086014, -0.0050743 ], [ 36.9086262, -0.0048692 ], [ 36.9088375, -0.0047698 ], [ 36.909024, -0.0048879 ], [ 36.9092663, -0.0050059 ], [ 36.9094528, -0.0048506 ], [ 36.909546, -0.0046206 ], [ 36.9095087, -0.0039246 ], [ 36.9095771, -0.003558 ], [ 36.9098132, -0.0032162 ], [ 36.9096827, -0.0030484 ], [ 36.9096143, -0.0028682 ], [ 36.9097573, -0.0026879 ], [ 36.9099064, -0.0025512 ], [ 36.9101799, -0.002719 ], [ 36.9103477, -0.0026693 ], [ 36.9103849, -0.0024021 ], [ 36.9105838, -0.0023337 ], [ 36.9106708, -0.0020789 ], [ 36.9108324, -0.0019546 ], [ 36.9107019, -0.0017185 ], [ 36.9102855, -0.0016128 ], [ 36.9100742, -0.0016688 ], [ 36.9100494, -0.0014637 ], [ 36.9102047, -0.001271 ], [ 36.9102979, -0.0010908 ], [ 36.9104719, -0.0010473 ], [ 36.9106149, -0.0012586 ], [ 36.91082, -0.0014948 ], [ 36.9111245, -0.0014761 ], [ 36.9113233, -0.0015196 ], [ 36.9114165, -0.0013021 ], [ 36.9114041, -0.0011592 ], [ 36.9111804, -0.001097 ], [ 36.9111617, -0.0009479 ], [ 36.9113979, -0.0005875 ], [ 36.9117273, 0.0000549 ], [ 36.9116092, 0.0003882 ], [ 36.91146, 0.0004566 ], [ 36.9113358, 0.0004317 ], [ 36.9111866, 0.0003323 ], [ 36.9110499, 0.0004939 ], [ 36.9110685, 0.0006492 ], [ 36.9109767, 0.0008833 ], [ 36.9106397, 0.0010532 ], [ 36.9102296, 0.0011899 ], [ 36.9102109, 0.001395 ], [ 36.9110561, 0.0028554 ], [ 36.9116278, 0.0035452 ], [ 36.9118578, 0.003831 ], [ 36.912125, 0.0037751 ], [ 36.9123984, 0.0036633 ], [ 36.9126097, 0.003483 ], [ 36.9127899, 0.0033463 ], [ 36.9129204, 0.0033277 ], [ 36.9127569, 0.0036788 ], [ 36.9124916, 0.0041853 ], [ 36.9122431, 0.0041728 ], [ 36.911951, 0.0044214 ], [ 36.9118951, 0.0047446 ], [ 36.9121436, 0.0049186 ], [ 36.9120877, 0.0050926 ], [ 36.9118888, 0.0051547 ], [ 36.9119386, 0.0054779 ], [ 36.9116962, 0.0058383 ], [ 36.9115593, 0.0062669 ], [ 36.9162777, 0.0038189 ], [ 36.9162844, 0.0038022 ], [ 36.916213, 0.0037492 ], [ 36.9162314, 0.0036685 ], [ 36.9162867, 0.0035233 ], [ 36.9162775, 0.0034403 ], [ 36.9163789, 0.0033827 ], [ 36.9163651, 0.0032029 ], [ 36.9164135, 0.0031338 ], [ 36.9165403, 0.0032168 ], [ 36.9166786, 0.0031499 ], [ 36.9167846, 0.0030693 ], [ 36.9169459, 0.0033366 ], [ 36.9171541, 0.0032511 ], [ 36.9174242, 0.0032241 ], [ 36.9174514, 0.00321 ], [ 36.9175866, 0.0032079 ], [ 36.9207007, 0.0028965 ], [ 36.9232437, 0.0028059 ], [ 36.9255603, 0.0027078 ], [ 36.9276505, 0.0027757 ], [ 36.9280806, 0.0027757 ], [ 36.9301935, 0.0034096 ], [ 36.9331289, 0.0031832 ], [ 36.9359436, 0.0013118 ], [ 36.9406296, -0.0048759 ], [ 36.9409239, -0.0052117 ], [ 36.9410824, -0.0053022 ], [ 36.9412559, -0.0053249 ], [ 36.9415125, -0.005272 ], [ 36.9452704, -0.0040005 ], [ 36.9504243, -0.005589 ], [ 36.9536993, -0.006619 ], [ 36.9543784, -0.0077056 ], [ 36.9556461, -0.0086489 ], [ 36.9581816, -0.0105957 ], [ 36.9593135, -0.0109428 ], [ 36.9600228, -0.0111843 ], [ 36.9600983, -0.0111617 ], [ 36.9601964, -0.0111164 ], [ 36.9612027, -0.0092111 ], [ 36.9616829, -0.0083018 ], [ 36.9628399, -0.0060115 ], [ 36.9629657, -0.0057625 ], [ 36.9645599, -0.0026869 ], [ 36.9652813, -0.0012693 ], [ 36.9659024, -0.0000795 ], [ 36.9686952, 0.0052836 ], [ 36.9690218, 0.0059157 ], [ 36.9701004, 0.0079854 ], [ 36.9709051, 0.009514 ], [ 36.9714066, 0.0106016 ], [ 36.9731336, 0.0139328 ], [ 36.9733502, 0.0142902 ], [ 36.977107, 0.0215947 ], [ 36.9771207, 0.0216208 ], [ 36.9778132, 0.0229395 ], [ 36.9779204, 0.0231713 ], [ 36.9785133, 0.0232299 ], [ 36.9835145, 0.0243381 ], [ 36.9839356, 0.0244159 ], [ 36.9841548, 0.0244564 ], [ 36.9824649, 0.0296684 ], [ 36.9814899, 0.0326753 ], [ 36.9803693, 0.0361313 ], [ 36.9800633, 0.037075 ], [ 36.9799608, 0.0373915 ], [ 36.9799095, 0.0375497 ], [ 36.97953, 0.0387201 ], [ 36.9792376, 0.0396219 ], [ 36.9783787, 0.0422706 ], [ 36.9783042, 0.0425005 ], [ 36.9667419, 0.0781424 ], [ 36.966704, 0.0782771 ], [ 36.9590583, 0.0778401 ], [ 36.9590521, 0.0778472 ], [ 36.9507047, 0.0774088 ], [ 36.9371431, 0.0812933 ], [ 36.9231593, 0.080298 ], [ 36.9184259, 0.0799611 ], [ 36.915159, 0.0797286 ], [ 36.9077727, 0.0792029 ], [ 36.9047054, 0.079014 ], [ 36.9045294, 0.0794603 ], [ 36.9044304, 0.0797111 ], [ 36.9042894, 0.0800685 ], [ 36.9042888, 0.0801951 ], [ 36.9042984, 0.0804844 ], [ 36.9043093, 0.080611 ], [ 36.9043421, 0.080837 ], [ 36.9043067, 0.0810269 ], [ 36.9042714, 0.0812167 ], [ 36.9041221, 0.0812619 ], [ 36.9039497, 0.0814156 ], [ 36.9038234, 0.0814789 ], [ 36.9036057, 0.0815241 ], [ 36.9034684, 0.0815241 ], [ 36.9033076, 0.0816145 ], [ 36.903089, 0.0818134 ], [ 36.9029966, 0.0819761 ], [ 36.9028122, 0.082157 ], [ 36.9026859, 0.0822654 ], [ 36.9025473, 0.0824643 ], [ 36.9024667, 0.0825638 ], [ 36.9023974, 0.0826723 ], [ 36.9022705, 0.0828441 ], [ 36.9021894, 0.0830158 ], [ 36.9021083, 0.0831876 ], [ 36.9020729, 0.0833232 ], [ 36.90198, 0.0835945 ], [ 36.9020016, 0.0837753 ], [ 36.9020232, 0.0840104 ], [ 36.9021821, 0.0842274 ], [ 36.902376, 0.0843449 ], [ 36.9025475, 0.084372 ], [ 36.9026738, 0.0843178 ], [ 36.9028682, 0.0843269 ], [ 36.9030967, 0.0843902 ], [ 36.9032802, 0.0843088 ], [ 36.9034868, 0.0842455 ], [ 36.9036016, 0.0841732 ], [ 36.9037506, 0.0841099 ], [ 36.9038988, 0.0842365 ], [ 36.9040012, 0.0843179 ], [ 36.9041951, 0.0844083 ], [ 36.9043209, 0.0844806 ], [ 36.9044808, 0.0845168 ], [ 36.9046287, 0.0846434 ], [ 36.9047766, 0.0848061 ], [ 36.90473, 0.0849237 ], [ 36.904638, 0.085005 ], [ 36.9044084, 0.0851316 ], [ 36.9042479, 0.085213 ], [ 36.9040186, 0.0852762 ], [ 36.9038808, 0.0853486 ], [ 36.9037772, 0.0854571 ], [ 36.9036846, 0.0856198 ], [ 36.9035465, 0.0857825 ], [ 36.9034542, 0.0858729 ], [ 36.9033615, 0.0860718 ], [ 36.9032692, 0.0862255 ], [ 36.9033138, 0.0864154 ], [ 36.9033811, 0.0866234 ], [ 36.9035181, 0.0867138 ], [ 36.903723, 0.0868675 ], [ 36.9037109, 0.0869941 ], [ 36.9035153, 0.0871568 ], [ 36.9034229, 0.0873015 ], [ 36.9034327, 0.0875817 ], [ 36.9033858, 0.0877806 ], [ 36.9032593, 0.0878891 ], [ 36.9031333, 0.0879343 ], [ 36.9029722, 0.0880519 ], [ 36.9028574, 0.0881423 ], [ 36.9026865, 0.0880066 ], [ 36.9026073, 0.0878439 ], [ 36.9024937, 0.0876811 ], [ 36.9024027, 0.0875998 ], [ 36.9023009, 0.0874099 ], [ 36.9022097, 0.0873285 ], [ 36.9019942, 0.0870121 ], [ 36.901835, 0.0868131 ], [ 36.9016406, 0.086795 ], [ 36.9014115, 0.0868493 ], [ 36.9012625, 0.0868945 ], [ 36.9010675, 0.0869758 ], [ 36.9009297, 0.0870301 ], [ 36.9007467, 0.0870029 ], [ 36.90061, 0.0868944 ], [ 36.9004388, 0.0868131 ], [ 36.9002446, 0.0867678 ], [ 36.9001523, 0.0869306 ], [ 36.9001051, 0.0871204 ], [ 36.9000358, 0.087247 ], [ 36.9000004, 0.0874097 ], [ 36.8999538, 0.0875634 ], [ 36.8999302, 0.0876991 ], [ 36.8999176, 0.087907 ], [ 36.8999507, 0.088115 ], [ 36.9000756, 0.0882777 ], [ 36.9002931, 0.0882777 ], [ 36.9004303, 0.0882596 ], [ 36.900544, 0.0884134 ], [ 36.9005774, 0.0885761 ], [ 36.900668, 0.0887479 ], [ 36.9007238, 0.0889468 ], [ 36.9007227, 0.0891547 ], [ 36.9007219, 0.0892994 ], [ 36.9006862, 0.0895254 ], [ 36.9006351, 0.0895856 ], [ 36.9005941, 0.0896339 ], [ 36.9004676, 0.0897334 ], [ 36.9002725, 0.0897966 ], [ 36.9001428, 0.0898364 ], [ 36.9000662, 0.0898599 ], [ 36.8997918, 0.0898509 ], [ 36.8996197, 0.0899141 ], [ 36.8994819, 0.0899774 ], [ 36.8993444, 0.0900045 ], [ 36.8992857, 0.0902396 ], [ 36.8993769, 0.09033 ], [ 36.8995706, 0.0904566 ], [ 36.8992819, 0.0903757 ], [ 36.8990602, 0.0903842 ], [ 36.8946291, 0.090599 ], [ 36.8947883, 0.0920137 ], [ 36.8948698, 0.0925909 ], [ 36.894198, 0.0930421 ], [ 36.8592032, 0.110272 ], [ 36.8421768, 0.1115184 ], [ 36.8354485, 0.1118415 ], [ 36.8281095, 0.1099123 ], [ 36.8112442, 0.1034068 ], [ 36.8091191, 0.1026561 ], [ 36.8068238, 0.1020137 ], [ 36.804768, 0.1013877 ], [ 36.8003924, 0.0997898 ], [ 36.7972396, 0.0986334 ], [ 36.7897822, 0.0959358 ], [ 36.786473, 0.0946819 ], [ 36.7809931, 0.0926773 ], [ 36.7771171, 0.0909622 ], [ 36.7752599, 0.0900861 ], [ 36.7730081, 0.0890527 ], [ 36.7696981, 0.0875541 ], [ 36.7653537, 0.0856431 ], [ 36.7592094, 0.0830726 ], [ 36.7565811, 0.0820498 ], [ 36.75625, 0.0819391 ], [ 36.7552034, 0.08174 ], [ 36.7532004, 0.0816426 ], [ 36.7462094, 0.081474 ], [ 36.7305367, 0.0810959 ], [ 36.730451, 0.0787296 ], [ 36.7300785, 0.077704 ], [ 36.7282947, 0.0665844 ], [ 36.7417731, 0.0571323 ], [ 36.749953, 0.0515407 ], [ 36.7508434, 0.050922 ], [ 36.7537254, 0.0490227 ], [ 36.7509778, 0.0449113 ], [ 36.7374287, 0.0239737 ], [ 36.7346283, 0.0196433 ], [ 36.7344458, 0.0192727 ], [ 36.7272379, 0.0098256 ] ] ] } },
{ "type": "Feature", "properties": { "query_name": "Lewa Wildlife Conservancy, Kenya", "display_name": "Lewa Wildlife Conservancy, Buuri, Meru County, Kenya" }, "geometry": { "type": "Polygon", "coordinates": [ [ [ 37.3544238, 0.2231636 ], [ 37.3548308, 0.2217825 ], [ 37.356315, 0.2213613 ], [ 37.3563078, 0.2202022 ], [ 37.355582, 0.2184157 ], [ 37.3554865, 0.2181056 ], [ 37.3552878, 0.2173365 ], [ 37.3550134, 0.2165196 ], [ 37.3547023, 0.2156503 ], [ 37.3550126, 0.2156257 ], [ 37.3560689, 0.2157077 ], [ 37.3586656, 0.2148227 ], [ 37.3646756, 0.2129275 ], [ 37.3663552, 0.2123883 ], [ 37.3662141, 0.2111068 ], [ 37.3659495, 0.208657 ], [ 37.3668821, 0.2085872 ], [ 37.3703169, 0.2083604 ], [ 37.3720793, 0.2081888 ], [ 37.3722708, 0.2081816 ], [ 37.3726857, 0.208166 ], [ 37.3730647, 0.208147 ], [ 37.3770935, 0.2078765 ], [ 37.3788228, 0.2077459 ], [ 37.3804022, 0.2076421 ], [ 37.384423, 0.2073573 ], [ 37.3884638, 0.207042 ], [ 37.3923032, 0.2067525 ], [ 37.3959909, 0.2064934 ], [ 37.3974385, 0.206432 ], [ 37.3964984, 0.2050579 ], [ 37.394458, 0.2021123 ], [ 37.3931077, 0.2001675 ], [ 37.3916995, 0.1981371 ], [ 37.3889445, 0.1941428 ], [ 37.3864853, 0.1905947 ], [ 37.3840043, 0.1869937 ], [ 37.3838065, 0.1867003 ], [ 37.3808561, 0.187323 ], [ 37.3737622, 0.1889868 ], [ 37.3667763, 0.1906562 ], [ 37.3650757, 0.1910048 ], [ 37.3631668, 0.1914813 ], [ 37.3630496, 0.1915105 ], [ 37.3626578, 0.1890849 ], [ 37.3618675, 0.1843617 ], [ 37.3611536, 0.1805405 ], [ 37.4437103, 0.145472 ], [ 37.456186, 0.1394595 ], [ 37.4567042, 0.1455244 ], [ 37.4567847, 0.146423 ], [ 37.4572095, 0.1513736 ], [ 37.4574598, 0.15501 ], [ 37.4577436, 0.1587423 ], [ 37.4580854, 0.1626392 ], [ 37.4583813, 0.1657043 ], [ 37.4586289, 0.1686709 ], [ 37.4588012, 0.1703064 ], [ 37.4590174, 0.1725481 ], [ 37.4594119, 0.1797345 ], [ 37.4599292, 0.1869317 ], [ 37.4600151, 0.1877916 ], [ 37.4605659, 0.187639 ], [ 37.4609045, 0.187583 ], [ 37.461324, 0.1875271 ], [ 37.4615918, 0.1875424 ], [ 37.4622235, 0.1876798 ], [ 37.462232, 0.1876786 ], [ 37.462937, 0.1871407 ], [ 37.4636903, 0.1865827 ], [ 37.4646484, 0.1858788 ], [ 37.4656377, 0.185109 ], [ 37.4675471, 0.1835674 ], [ 37.4695182, 0.182076 ], [ 37.4724314, 0.1798016 ], [ 37.4754474, 0.1776468 ], [ 37.4780536, 0.17556 ], [ 37.4806717, 0.1735857 ], [ 37.4837023, 0.1712363 ], [ 37.4866913, 0.1689219 ], [ 37.490264, 0.1661224 ], [ 37.4908215, 0.1665708 ], [ 37.4909769, 0.166626 ], [ 37.4913318, 0.1668204 ], [ 37.4914965, 0.1669816 ], [ 37.491836, 0.167314 ], [ 37.4920707, 0.167525 ], [ 37.4928328, 0.1678146 ], [ 37.4962733, 0.171802 ], [ 37.4959847, 0.1722444 ], [ 37.4957701, 0.1725408 ], [ 37.4956807, 0.1730266 ], [ 37.4955593, 0.1737599 ], [ 37.4948147, 0.1746263 ], [ 37.4947021, 0.1747639 ], [ 37.4943803, 0.1757882 ], [ 37.4938198, 0.1762402 ], [ 37.4936624, 0.1765586 ], [ 37.4932879, 0.1769179 ], [ 37.4931072, 0.1772533 ], [ 37.4929462, 0.1776369 ], [ 37.4928845, 0.1782457 ], [ 37.4932628, 0.1787859 ], [ 37.493243, 0.1790509 ], [ 37.4932, 0.1792748 ], [ 37.4931209, 0.1795256 ], [ 37.4930369, 0.1797518 ], [ 37.4931702, 0.1804223 ], [ 37.4931401, 0.1805411 ], [ 37.4931152, 0.180944 ], [ 37.4931246, 0.1810795 ], [ 37.4931849, 0.1811868 ], [ 37.4931658, 0.1814642 ], [ 37.4931686, 0.1817238 ], [ 37.4932131, 0.182385 ], [ 37.4932681, 0.1824776 ], [ 37.493362, 0.1825433 ], [ 37.4934349, 0.182859 ], [ 37.4935766, 0.1831635 ], [ 37.4936396, 0.1832547 ], [ 37.4936087, 0.1833692 ], [ 37.4933083, 0.1842735 ], [ 37.4930521, 0.1847773 ], [ 37.492935, 0.1852371 ], [ 37.4929474, 0.1854785 ], [ 37.4928884, 0.1855815 ], [ 37.4927742, 0.1862187 ], [ 37.4926452, 0.1867644 ], [ 37.4926178, 0.1869866 ], [ 37.4926098, 0.1871594 ], [ 37.4926375, 0.1873014 ], [ 37.4926775, 0.1876915 ], [ 37.492695, 0.1878344 ], [ 37.4927068, 0.1880012 ], [ 37.4927464, 0.1882804 ], [ 37.492789, 0.188543 ], [ 37.4927588, 0.1886827 ], [ 37.4927483, 0.1888716 ], [ 37.4926934, 0.1892005 ], [ 37.4926135, 0.1893095 ], [ 37.4925832, 0.1894659 ], [ 37.492549, 0.1896949 ], [ 37.4924846, 0.1899238 ], [ 37.4923936, 0.1901833 ], [ 37.4923253, 0.1904542 ], [ 37.492295, 0.1906335 ], [ 37.4905881, 0.195216 ], [ 37.4904478, 0.1954907 ], [ 37.490391, 0.1955709 ], [ 37.4903493, 0.1956205 ], [ 37.4903114, 0.1957006 ], [ 37.4903379, 0.195796 ], [ 37.4906594, 0.1959629 ], [ 37.4909096, 0.1964361 ], [ 37.4915007, 0.1975808 ], [ 37.49155, 0.1976762 ], [ 37.4918916, 0.1987501 ], [ 37.4920868, 0.1993338 ], [ 37.4921735, 0.1995746 ], [ 37.4922703, 0.1999048 ], [ 37.4924981, 0.2009173 ], [ 37.4925955, 0.2013137 ], [ 37.4923729, 0.2021483 ], [ 37.4925198, 0.2024581 ], [ 37.4922947, 0.2027465 ], [ 37.4921735, 0.2029044 ], [ 37.4920484, 0.2031791 ], [ 37.4920067, 0.2033241 ], [ 37.4919499, 0.203534 ], [ 37.4919044, 0.2037019 ], [ 37.4918578, 0.2040157 ], [ 37.4918917, 0.2043217 ], [ 37.4920088, 0.2046821 ], [ 37.4921451, 0.2048982 ], [ 37.4926086, 0.2049712 ], [ 37.4928311, 0.2060417 ], [ 37.4933527, 0.2070158 ], [ 37.4934443, 0.2075007 ], [ 37.4934801, 0.2081418 ], [ 37.4934033, 0.2085557 ], [ 37.4933462, 0.2089326 ], [ 37.4933479, 0.2091748 ], [ 37.4933631, 0.2093084 ], [ 37.4934199, 0.2094076 ], [ 37.4936208, 0.209606 ], [ 37.4938239, 0.2102016 ], [ 37.4939698, 0.210608 ], [ 37.494089, 0.2109406 ], [ 37.494196, 0.2112372 ], [ 37.4942764, 0.2113681 ], [ 37.4943492, 0.2114816 ], [ 37.4943946, 0.211527 ], [ 37.4944775, 0.2115626 ], [ 37.4945078, 0.2116763 ], [ 37.4945837, 0.2117658 ], [ 37.4946401, 0.2118745 ], [ 37.494791, 0.2121073 ], [ 37.4949059, 0.2122462 ], [ 37.4950376, 0.2124472 ], [ 37.4951711, 0.2127424 ], [ 37.4952868, 0.2131924 ], [ 37.4953133, 0.2132954 ], [ 37.4953739, 0.2133717 ], [ 37.4954308, 0.2134137 ], [ 37.4955293, 0.2134671 ], [ 37.4957416, 0.2135549 ], [ 37.4967914, 0.2140144 ], [ 37.4969175, 0.214206 ], [ 37.4970951, 0.2144694 ], [ 37.497768, 0.2150903 ], [ 37.4980105, 0.2158044 ], [ 37.4981363, 0.2162013 ], [ 37.4981717, 0.2164539 ], [ 37.4984026, 0.2169693 ], [ 37.4988558, 0.2178393 ], [ 37.4990841, 0.2182352 ], [ 37.4995899, 0.2190635 ], [ 37.5004714, 0.2193541 ], [ 37.500793, 0.2194396 ], [ 37.5008915, 0.2195045 ], [ 37.5009976, 0.2195999 ], [ 37.5011151, 0.2196724 ], [ 37.5014207, 0.219882 ], [ 37.5018467, 0.2199316 ], [ 37.5035411, 0.2207274 ], [ 37.503897, 0.2210795 ], [ 37.5043613, 0.2215475 ], [ 37.5051693, 0.22201 ], [ 37.5056094, 0.2224794 ], [ 37.5056518, 0.2225729 ], [ 37.5059942, 0.2228718 ], [ 37.5072616, 0.2234256 ], [ 37.5084379, 0.2233514 ], [ 37.5088248, 0.2237244 ], [ 37.5094102, 0.2239724 ], [ 37.5097822, 0.2239054 ], [ 37.5113149, 0.2244461 ], [ 37.5124126, 0.2247672 ], [ 37.5136566, 0.2260946 ], [ 37.5150793, 0.2275756 ], [ 37.5154569, 0.2287164 ], [ 37.516548, 0.2296037 ], [ 37.5180167, 0.2301954 ], [ 37.5192338, 0.230618 ], [ 37.5202408, 0.2320123 ], [ 37.5202827, 0.2325193 ], [ 37.5187299, 0.2331952 ], [ 37.5200308, 0.2340403 ], [ 37.5205762, 0.2350544 ], [ 37.5213315, 0.2362374 ], [ 37.5228841, 0.2378854 ], [ 37.5239332, 0.2388995 ], [ 37.5249399, 0.2397526 ], [ 37.526451, 0.24097 ], [ 37.5274581, 0.2424911 ], [ 37.5283812, 0.2443502 ], [ 37.5277691, 0.2445401 ], [ 37.5173365, 0.2474224 ], [ 37.5176371, 0.248236 ], [ 37.5172592, 0.2495457 ], [ 37.517301, 0.2510667 ], [ 37.5173429, 0.2522497 ], [ 37.5168811, 0.2528834 ], [ 37.5165326, 0.2533803 ], [ 37.5170526, 0.254155 ], [ 37.516797, 0.2548268 ], [ 37.5159995, 0.255883 ], [ 37.5165449, 0.2573195 ], [ 37.5158314, 0.2577842 ], [ 37.5165027, 0.2587983 ], [ 37.5167125, 0.2596433 ], [ 37.5178874, 0.2609109 ], [ 37.5186007, 0.2620518 ], [ 37.5189364, 0.2628545 ], [ 37.5201114, 0.2636997 ], [ 37.5212024, 0.2650518 ], [ 37.5214541, 0.2657701 ], [ 37.5211736, 0.2659721 ], [ 37.5202283, 0.2666527 ], [ 37.5188845, 0.266996 ], [ 37.516095, 0.2677416 ], [ 37.5143221, 0.2682325 ], [ 37.5105837, 0.2691516 ], [ 37.5036078, 0.2709358 ], [ 37.4975774, 0.2723696 ], [ 37.4948633, 0.2730529 ], [ 37.4923411, 0.2736419 ], [ 37.4895959, 0.2743531 ], [ 37.4841553, 0.2756898 ], [ 37.4787416, 0.2771135 ], [ 37.4760389, 0.2777712 ], [ 37.4733904, 0.2784073 ], [ 37.4676114, 0.2798713 ], [ 37.466619, 0.2801395 ], [ 37.4654871, 0.2805794 ], [ 37.463158, 0.2815719 ], [ 37.4595742, 0.283028 ], [ 37.4579751, 0.283707 ], [ 37.4560661, 0.2844337 ], [ 37.4539118, 0.2853754 ], [ 37.4526662, 0.2858794 ], [ 37.4514217, 0.2864635 ], [ 37.4509029, 0.2866598 ], [ 37.4499062, 0.2869871 ], [ 37.4488901, 0.2873832 ], [ 37.4483338, 0.2876413 ], [ 37.4475658, 0.2879976 ], [ 37.4463936, 0.288483 ], [ 37.4453706, 0.288811 ], [ 37.4440626, 0.2893448 ], [ 37.4433813, 0.2897635 ], [ 37.4427385, 0.2899965 ], [ 37.4421713, 0.2902179 ], [ 37.440734, 0.2909812 ], [ 37.4401268, 0.2912089 ], [ 37.4394509, 0.2914234 ], [ 37.4390995, 0.2915415 ], [ 37.4387216, 0.2917014 ], [ 37.4378684, 0.2919465 ], [ 37.4374352, 0.2921178 ], [ 37.4372665, 0.2924005 ], [ 37.436154, 0.2928214 ], [ 37.435148, 0.2932912 ], [ 37.4325425, 0.2943482 ], [ 37.4309556, 0.2950331 ], [ 37.430703, 0.2951772 ], [ 37.4301354, 0.2952573 ], [ 37.4297502, 0.29533 ], [ 37.4286972, 0.2952501 ], [ 37.4267284, 0.2950855 ], [ 37.4252757, 0.2950002 ], [ 37.4243384, 0.2949433 ], [ 37.423028, 0.2948546 ], [ 37.4220282, 0.2948485 ], [ 37.4204499, 0.2947712 ], [ 37.4187095, 0.2945975 ], [ 37.4168705, 0.2944819 ], [ 37.4159189, 0.2944214 ], [ 37.4151406, 0.2944575 ], [ 37.4140098, 0.2943711 ], [ 37.4129292, 0.2943777 ], [ 37.4103376, 0.2941209 ], [ 37.40826, 0.2939653 ], [ 37.4062853, 0.2938485 ], [ 37.4036815, 0.2936593 ], [ 37.4016284, 0.2936245 ], [ 37.4017015, 0.2919345 ], [ 37.4016817, 0.2885459 ], [ 37.4016275, 0.2860302 ], [ 37.4015848, 0.2815082 ], [ 37.3996255, 0.2800859 ], [ 37.3976179, 0.2787012 ], [ 37.3968923, 0.2782808 ], [ 37.395975, 0.2776505 ], [ 37.3941927, 0.2764243 ], [ 37.3938047, 0.2756556 ], [ 37.3934413, 0.2752659 ], [ 37.3932776, 0.2750876 ], [ 37.3929788, 0.2743974 ], [ 37.3929525, 0.2735948 ], [ 37.3924903, 0.2731299 ], [ 37.3921207, 0.2727623 ], [ 37.3918276, 0.2725603 ], [ 37.3917053, 0.2723762 ], [ 37.3912948, 0.271694 ], [ 37.3911632, 0.2714803 ], [ 37.3910501, 0.2708076 ], [ 37.3902531, 0.2703403 ], [ 37.389539, 0.269899 ], [ 37.3888975, 0.2694591 ], [ 37.3885518, 0.2695178 ], [ 37.3884469, 0.2697688 ], [ 37.3877515, 0.269995 ], [ 37.387336, 0.2696866 ], [ 37.3877854, 0.2689838 ], [ 37.3875671, 0.2684197 ], [ 37.3871726, 0.2680647 ], [ 37.3871512, 0.2667398 ], [ 37.3868493, 0.2661247 ], [ 37.3869672, 0.2652299 ], [ 37.3865051, 0.2644078 ], [ 37.3861596, 0.2643203 ], [ 37.3855892, 0.2645806 ], [ 37.384652, 0.2642733 ], [ 37.3839633, 0.2643254 ], [ 37.3837613, 0.2649662 ], [ 37.3838231, 0.2656456 ], [ 37.3828936, 0.2659892 ], [ 37.3829497, 0.2669269 ], [ 37.3823422, 0.2673616 ], [ 37.3819373, 0.2671455 ], [ 37.3804967, 0.2670884 ], [ 37.3798857, 0.2667007 ], [ 37.3780296, 0.265617 ], [ 37.3767275, 0.2664574 ], [ 37.3752442, 0.2621097 ], [ 37.3746507, 0.2615414 ], [ 37.3728014, 0.2598044 ], [ 37.371755, 0.2595005 ], [ 37.3708833, 0.2592027 ], [ 37.3682254, 0.2582941 ], [ 37.3680068, 0.2580454 ], [ 37.3663458, 0.2562639 ], [ 37.3655736, 0.254 ], [ 37.3653959, 0.2534044 ], [ 37.3636413, 0.2531732 ], [ 37.3629825, 0.2530878 ], [ 37.3624455, 0.253011 ], [ 37.3624936, 0.2510965 ], [ 37.3625078, 0.2504205 ], [ 37.3628544, 0.2502434 ], [ 37.3633227, 0.2500369 ], [ 37.3642122, 0.2498004 ], [ 37.3648277, 0.2485373 ], [ 37.3660078, 0.2483497 ], [ 37.3666535, 0.2482352 ], [ 37.3684118, 0.2485955 ], [ 37.3687715, 0.2469596 ], [ 37.3688293, 0.2464898 ], [ 37.3690044, 0.2457248 ], [ 37.3690779, 0.2456265 ], [ 37.3700119, 0.2446558 ], [ 37.3705721, 0.2440552 ], [ 37.370125, 0.2424419 ], [ 37.3693032, 0.2393876 ], [ 37.3697103, 0.2389504 ], [ 37.3692851, 0.2345438 ], [ 37.3691703, 0.2333191 ], [ 37.3691169, 0.2327494 ], [ 37.3672931, 0.2322264 ], [ 37.3664354, 0.2291383 ], [ 37.3659564, 0.2274678 ], [ 37.3638571, 0.2276518 ], [ 37.3592975, 0.2280281 ], [ 37.3584899, 0.2280965 ], [ 37.3581308, 0.2281493 ], [ 37.3572231, 0.2269772 ], [ 37.3551392, 0.2241739 ], [ 37.3544238, 0.2231636 ] ] ] } },
{ "type": "Feature", "properties": { "query_name": "Borana Conservancy, Kenya", "display_name": "Borana Conservancy, Kisima ward, Laikipia North, Laikipia County, Kenya" }, "geometry": { "type": "Polygon", "coordinates": [ [ [ 37.2229506, 0.2194527 ], [ 37.2236954, 0.2193141 ], [ 37.227501, 0.2185727 ], [ 37.228913, 0.2183129 ], [ 37.2321389, 0.217696 ], [ 37.2372867, 0.2167116 ], [ 37.2406899, 0.2160479 ], [ 37.2422036, 0.2158672 ], [ 37.2440789, 0.2153983 ], [ 37.2484225, 0.2145228 ], [ 37.2563358, 0.2130048 ], [ 37.260301, 0.2121915 ], [ 37.2682906, 0.2106834 ], [ 37.2696123, 0.2104122 ], [ 37.2715438, 0.2101376 ], [ 37.2728723, 0.2099191 ], [ 37.2737356, 0.2097796 ], [ 37.2758001, 0.2094068 ], [ 37.2779351, 0.20926 ], [ 37.2790648, 0.2090228 ], [ 37.2846962, 0.2081783 ], [ 37.2925305, 0.2070063 ], [ 37.2938409, 0.2068933 ], [ 37.2960155, 0.2065234 ], [ 37.2991899, 0.2052468 ], [ 37.3008753, 0.204572 ], [ 37.3036743, 0.2034777 ], [ 37.3175347, 0.1980796 ], [ 37.3207011, 0.196769 ], [ 37.3255255, 0.1945683 ], [ 37.3383528, 0.1890824 ], [ 37.3398439, 0.1884345 ], [ 37.3398333, 0.188451 ], [ 37.3394006, 0.1891208 ], [ 37.3388498, 0.1897393 ], [ 37.3379517, 0.1904792 ], [ 37.3376241, 0.1906825 ], [ 37.3369068, 0.1909367 ], [ 37.3366922, 0.1910384 ], [ 37.3366809, 0.1912022 ], [ 37.3368277, 0.1913265 ], [ 37.337144, 0.1912813 ], [ 37.3373474, 0.1911627 ], [ 37.3377202, 0.1910892 ], [ 37.3393017, 0.1909932 ], [ 37.3411035, 0.1908915 ], [ 37.3417166, 0.1908632 ], [ 37.341649, 0.1914981 ], [ 37.341494, 0.1927378 ], [ 37.3413077, 0.193972 ], [ 37.3410028, 0.1962226 ], [ 37.3402079, 0.2025362 ], [ 37.339611, 0.207109 ], [ 37.3485589, 0.2076454 ], [ 37.3489302, 0.2076928 ], [ 37.3490442, 0.2077102 ], [ 37.3491461, 0.2077216 ], [ 37.3492539, 0.2078854 ], [ 37.3495453, 0.2083318 ], [ 37.3497825, 0.208457 ], [ 37.3498927, 0.2084981 ], [ 37.3499469, 0.2083337 ], [ 37.3501635, 0.2083327 ], [ 37.3509621, 0.2085101 ], [ 37.3511568, 0.2085274 ], [ 37.3515192, 0.2083647 ], [ 37.3518988, 0.2084189 ], [ 37.3521724, 0.2088256 ], [ 37.3526382, 0.2093925 ], [ 37.3528107, 0.2097746 ], [ 37.3526136, 0.2104524 ], [ 37.352404, 0.2107728 ], [ 37.3525051, 0.2110612 ], [ 37.3521378, 0.211739 ], [ 37.3520171, 0.2118056 ], [ 37.3518248, 0.2120669 ], [ 37.351815, 0.2122862 ], [ 37.3519259, 0.2125475 ], [ 37.3521181, 0.2127965 ], [ 37.3522537, 0.2129074 ], [ 37.3524755, 0.2130553 ], [ 37.3526629, 0.2129813 ], [ 37.3528872, 0.2127496 ], [ 37.353003, 0.212582 ], [ 37.3530967, 0.2125327 ], [ 37.3531805, 0.2125253 ], [ 37.3532415, 0.2125476 ], [ 37.3533229, 0.2127619 ], [ 37.3532478, 0.2130274 ], [ 37.3531405, 0.2133869 ], [ 37.3531217, 0.2136497 ], [ 37.3532263, 0.2137999 ], [ 37.3532183, 0.2139903 ], [ 37.3531754, 0.2140896 ], [ 37.3532263, 0.2144436 ], [ 37.3533578, 0.2146099 ], [ 37.3537172, 0.2148218 ], [ 37.3541812, 0.2150015 ], [ 37.3546077, 0.2151946 ], [ 37.3547498, 0.2152697 ], [ 37.3548062, 0.2153636 ], [ 37.3548598, 0.2154039 ], [ 37.354959, 0.2155567 ], [ 37.3550019, 0.2156119 ], [ 37.3550126, 0.2156257 ], [ 37.3547023, 0.2156503 ], [ 37.3550134, 0.2165196 ], [ 37.3552878, 0.2173365 ], [ 37.3554865, 0.2181056 ], [ 37.355582, 0.2184157 ], [ 37.3563078, 0.2202022 ], [ 37.356315, 0.2213613 ], [ 37.3548308, 0.2217825 ], [ 37.3544238, 0.2231636 ], [ 37.3551392, 0.2241739 ], [ 37.3572231, 0.2269772 ], [ 37.3581308, 0.2281493 ], [ 37.3584899, 0.2280965 ], [ 37.358552, 0.2284697 ], [ 37.3586281, 0.2285859 ], [ 37.3587347, 0.2292466 ], [ 37.3589746, 0.2296365 ], [ 37.3592992, 0.2300991 ], [ 37.3595022, 0.2302867 ], [ 37.3595104, 0.2303321 ], [ 37.3596624, 0.2304746 ], [ 37.3597302, 0.230641 ], [ 37.359715, 0.230738 ], [ 37.3594827, 0.230925 ], [ 37.3591382, 0.2311311 ], [ 37.3589399, 0.2313552 ], [ 37.3588453, 0.2316086 ], [ 37.3589809, 0.232195 ], [ 37.3589706, 0.2328608 ], [ 37.3589017, 0.2332499 ], [ 37.3586754, 0.233471 ], [ 37.3583151, 0.2336699 ], [ 37.35802, 0.2338677 ], [ 37.3579036, 0.2339457 ], [ 37.3576801, 0.2345405 ], [ 37.3578616, 0.2349768 ], [ 37.3577522, 0.2353019 ], [ 37.3577903, 0.2353838 ], [ 37.3582157, 0.2356879 ], [ 37.3585739, 0.2359019 ], [ 37.3595074, 0.2357218 ], [ 37.359752, 0.235499 ], [ 37.360804, 0.2355545 ], [ 37.3611683, 0.235563 ], [ 37.3610285, 0.2360847 ], [ 37.3616186, 0.2364709 ], [ 37.3620397, 0.2367284 ], [ 37.3626432, 0.2370369 ], [ 37.3628497, 0.2371602 ], [ 37.3629302, 0.2372702 ], [ 37.3629677, 0.2373829 ], [ 37.363472, 0.2418916 ], [ 37.3646441, 0.2436109 ], [ 37.364687, 0.2451612 ], [ 37.3669374, 0.2455689 ], [ 37.367042, 0.2463145 ], [ 37.3675168, 0.2464969 ], [ 37.3677715, 0.2465921 ], [ 37.3688293, 0.2464898 ], [ 37.3687715, 0.2469596 ], [ 37.3684118, 0.2485955 ], [ 37.3666535, 0.2482352 ], [ 37.3660078, 0.2483497 ], [ 37.3648277, 0.2485373 ], [ 37.3642122, 0.2498004 ], [ 37.3633227, 0.2500369 ], [ 37.3628544, 0.2502434 ], [ 37.3625078, 0.2504205 ], [ 37.3624936, 0.2510965 ], [ 37.3624455, 0.253011 ], [ 37.3629825, 0.2530878 ], [ 37.3636413, 0.2531732 ], [ 37.3653959, 0.2534044 ], [ 37.3655736, 0.254 ], [ 37.3663458, 0.2562639 ], [ 37.3680068, 0.2580454 ], [ 37.3682254, 0.2582941 ], [ 37.3708833, 0.2592027 ], [ 37.371755, 0.2595005 ], [ 37.3728014, 0.2598044 ], [ 37.3746507, 0.2615414 ], [ 37.3752442, 0.2621097 ], [ 37.3767275, 0.2664574 ], [ 37.3757188, 0.2670237 ], [ 37.375, 0.2672758 ], [ 37.3748991, 0.2675675 ], [ 37.3746674, 0.2682575 ], [ 37.3743938, 0.2685793 ], [ 37.374147, 0.2687295 ], [ 37.373675, 0.2687993 ], [ 37.3733477, 0.268987 ], [ 37.3728649, 0.269384 ], [ 37.3723796, 0.2696254 ], [ 37.3723446, 0.2699472 ], [ 37.3719208, 0.2704569 ], [ 37.3712127, 0.270768 ], [ 37.3707567, 0.2710899 ], [ 37.3698126, 0.2714654 ], [ 37.3692118, 0.2716263 ], [ 37.3686755, 0.2719106 ], [ 37.3656714, 0.2729513 ], [ 37.35726, 0.2761806 ], [ 37.3489129, 0.2795065 ], [ 37.3357165, 0.2846295 ], [ 37.3338014, 0.2853698 ], [ 37.3330665, 0.2856273 ], [ 37.3308241, 0.2865553 ], [ 37.3259693, 0.2884328 ], [ 37.3222007, 0.2899443 ], [ 37.3219836, 0.2900314 ], [ 37.318722, 0.2914422 ], [ 37.3160505, 0.2925634 ], [ 37.3122418, 0.294178 ], [ 37.3088193, 0.2921289 ], [ 37.3060405, 0.2904659 ], [ 37.3059794, 0.2904341 ], [ 37.3059171, 0.2903854 ], [ 37.3014861, 0.2877837 ], [ 37.3005583, 0.2872198 ], [ 37.3004292, 0.2872084 ], [ 37.2998741, 0.2868686 ], [ 37.2984795, 0.2860063 ], [ 37.297878, 0.2857808 ], [ 37.297785, 0.2857459 ], [ 37.2977159, 0.2857244 ], [ 37.2941132, 0.2845957 ], [ 37.2931149, 0.2842558 ], [ 37.2915756, 0.283706 ], [ 37.2903083, 0.283353 ], [ 37.2826651, 0.2807749 ], [ 37.2763067, 0.2786901 ], [ 37.268117, 0.2760054 ], [ 37.2471504, 0.2792645 ], [ 37.2417732, 0.280094 ], [ 37.2417801, 0.2800594 ], [ 37.2417948, 0.2800279 ], [ 37.2421424, 0.2796261 ], [ 37.2423392, 0.2793254 ], [ 37.2423392, 0.2789413 ], [ 37.2420907, 0.2781505 ], [ 37.2419551, 0.2773372 ], [ 37.2415936, 0.2768175 ], [ 37.2411643, 0.2678027 ], [ 37.2410288, 0.2651367 ], [ 37.2400008, 0.2441926 ], [ 37.2387055, 0.2422677 ], [ 37.2261623, 0.2254796 ], [ 37.224287, 0.2252424 ], [ 37.2241289, 0.2247114 ], [ 37.2241289, 0.2232203 ], [ 37.2242193, 0.2221923 ], [ 37.2240046, 0.2215709 ], [ 37.2234172, 0.2210852 ], [ 37.2232209, 0.2205966 ], [ 37.2229506, 0.2194527 ] ] ] } },
{ "type": "Feature", "properties": { "query_name": "Solio Game Reserve, Kenya", "display_name": "Solio Game Reserve, Laikipia East, Laikipia County, Kenya" }, "geometry": { "type": "Polygon", "coordinates": [ [ [ 36.8831177, -0.2437237 ], [ 36.8877537, -0.2461556 ], [ 36.8913355, -0.2521836 ], [ 36.8958846, -0.2500808 ], [ 36.9031606, -0.2414892 ], [ 36.9140866, -0.2398532 ], [ 36.9255772, -0.2265951 ], [ 36.9314969, -0.2038528 ], [ 36.9324142, -0.2003901 ], [ 36.9498378, -0.1870623 ], [ 36.9518576, -0.1871883 ], [ 36.9540432, -0.1837666 ], [ 36.9657311, -0.1749184 ], [ 36.983968, -0.1609637 ], [ 36.9853127, -0.1600633 ], [ 36.9942042, -0.1533766 ], [ 36.9819464, -0.1450169 ], [ 36.9811375, -0.1445993 ], [ 36.9785192, -0.1441545 ], [ 36.9680522, -0.1424636 ], [ 36.9577606, -0.1408093 ], [ 36.9431886, -0.1404886 ], [ 36.9335458, -0.1384407 ], [ 36.9304991, -0.1417653 ], [ 36.9281498, -0.1416537 ], [ 36.9078755, -0.1406964 ], [ 36.907477, -0.1409473 ], [ 36.9073351, -0.1403503 ], [ 36.8998466, -0.138767 ], [ 36.8831177, -0.2437237 ] ] ] } },
{ "type": "Feature", "properties": { "query_name": "Samburu National Reserve, Kenya", "display_name": "Samburu National Reserve, Samburu East, Samburu, Kenya" }, "geometry": { "type": "Polygon", "coordinates": [ [ [ 37.4312536, 0.593065 ], [ 37.4312751, 0.5915845 ], [ 37.4329273, 0.5881944 ], [ 37.4328937, 0.5877067 ], [ 37.4328415, 0.5869499 ], [ 37.4315111, 0.5844395 ], [ 37.4315467, 0.5839852 ], [ 37.4316571, 0.5828391 ], [ 37.4313842, 0.5817464 ], [ 37.431968, 0.5817802 ], [ 37.4329762, 0.5813444 ], [ 37.4339455, 0.5806224 ], [ 37.4355265, 0.5793085 ], [ 37.4368271, 0.5786242 ], [ 37.4380803, 0.5784246 ], [ 37.4395046, 0.5796032 ], [ 37.4407862, 0.5807633 ], [ 37.441812, 0.5813574 ], [ 37.4431264, 0.5812798 ], [ 37.4451837, 0.5805064 ], [ 37.4470447, 0.579703 ], [ 37.4482957, 0.5793576 ], [ 37.4498942, 0.5796874 ], [ 37.4513675, 0.5804731 ], [ 37.4540419, 0.5818131 ], [ 37.4559378, 0.5836596 ], [ 37.4576762, 0.5841213 ], [ 37.4609176, 0.584416 ], [ 37.4619489, 0.584416 ], [ 37.4626856, 0.5847106 ], [ 37.4633241, 0.5854964 ], [ 37.4647975, 0.5878537 ], [ 37.4662708, 0.5899654 ], [ 37.4686773, 0.5915369 ], [ 37.4704454, 0.5918807 ], [ 37.4723117, 0.5916351 ], [ 37.4737359, 0.5903583 ], [ 37.4752093, 0.5885412 ], [ 37.4766827, 0.5874117 ], [ 37.4804033, 0.5864965 ], [ 37.4834111, 0.5870679 ], [ 37.4849336, 0.5877554 ], [ 37.4874383, 0.5881974 ], [ 37.4900552, 0.5881974 ], [ 37.4907288, 0.5881974 ], [ 37.4923294, 0.5877217 ], [ 37.4930536, 0.586897 ], [ 37.4935967, 0.585851 ], [ 37.4940594, 0.5841211 ], [ 37.4937577, 0.5826526 ], [ 37.4930033, 0.5815212 ], [ 37.4927938, 0.5811798 ], [ 37.4921546, 0.5801382 ], [ 37.4909998, 0.5783523 ], [ 37.4910227, 0.5777984 ], [ 37.4913486, 0.576925 ], [ 37.4929441, 0.5759093 ], [ 37.4948425, 0.5751747 ], [ 37.4981045, 0.5747427 ], [ 37.5005155, 0.5746379 ], [ 37.5027416, 0.5739748 ], [ 37.5050732, 0.5728778 ], [ 37.5063933, 0.5709606 ], [ 37.5071163, 0.5692947 ], [ 37.5086564, 0.5682261 ], [ 37.5106694, 0.5665502 ], [ 37.5128163, 0.566059 ], [ 37.5144098, 0.565293 ], [ 37.5172059, 0.5659003 ], [ 37.5188404, 0.5672518 ], [ 37.520412, 0.5684461 ], [ 37.5229894, 0.5691376 ], [ 37.5259126, 0.568509 ], [ 37.5273023, 0.5665979 ], [ 37.5291149, 0.5650411 ], [ 37.5292655, 0.5649386 ], [ 37.5297421, 0.5645785 ], [ 37.5304211, 0.5643923 ], [ 37.5310761, 0.5642127 ], [ 37.5318453, 0.5641 ], [ 37.5323116, 0.5641207 ], [ 37.5328904, 0.5643602 ], [ 37.5348078, 0.5652402 ], [ 37.5359393, 0.5670632 ], [ 37.5373852, 0.5696719 ], [ 37.5389568, 0.5718406 ], [ 37.5402141, 0.5728149 ], [ 37.5422257, 0.5741036 ], [ 37.5442688, 0.575738 ], [ 37.5459347, 0.5765866 ], [ 37.5470117, 0.576447 ], [ 37.547632, 0.5763666 ], [ 37.5494551, 0.5740407 ], [ 37.5511838, 0.5715577 ], [ 37.5531955, 0.5703634 ], [ 37.5556157, 0.5698605 ], [ 37.5589161, 0.5692633 ], [ 37.5616507, 0.5695462 ], [ 37.5640081, 0.5705205 ], [ 37.5659144, 0.5701069 ], [ 37.5675759, 0.5695964 ], [ 37.5686939, 0.5696119 ], [ 37.5700135, 0.5698357 ], [ 37.5719491, 0.5707645 ], [ 37.5726052, 0.5712315 ], [ 37.5732157, 0.5719149 ], [ 37.5734976, 0.572048 ], [ 37.5752122, 0.5736453 ], [ 37.5765097, 0.5741018 ], [ 37.5781316, 0.5740927 ], [ 37.5798707, 0.5734791 ], [ 37.5818311, 0.572489 ], [ 37.5822008, 0.5724662 ], [ 37.5827407, 0.5725614 ], [ 37.583207, 0.5729081 ], [ 37.5834075, 0.5745847 ], [ 37.5832434, 0.5763069 ], [ 37.5835441, 0.5767202 ], [ 37.5825757, 0.580182 ], [ 37.5822169, 0.5822922 ], [ 37.5819558, 0.5844661 ], [ 37.5821418, 0.5853712 ], [ 37.5830357, 0.5862341 ], [ 37.584585, 0.5867183 ], [ 37.5868606, 0.586452 ], [ 37.5925012, 0.5868151 ], [ 37.5978512, 0.5904463 ], [ 37.599449, 0.5904221 ], [ 37.6030076, 0.5886791 ], [ 37.6053316, 0.5883886 ], [ 37.6073893, 0.5894054 ], [ 37.6116984, 0.5935934 ], [ 37.6167338, 0.5956269 ], [ 37.6187188, 0.5980478 ], [ 37.6198808, 0.5984593 ], [ 37.6217207, 0.5978057 ], [ 37.6233208, 0.5969732 ], [ 37.6246983, 0.5962564 ], [ 37.6278696, 0.5987014 ], [ 37.6285717, 0.5984593 ], [ 37.6295884, 0.5974184 ], [ 37.6312104, 0.5953364 ], [ 37.6328323, 0.595167 ], [ 37.6349627, 0.5959659 ], [ 37.6363183, 0.597491 ], [ 37.6374803, 0.5995729 ], [ 37.6375288, 0.6012675 ], [ 37.637093, 0.6043904 ], [ 37.6373351, 0.6057945 ], [ 37.6385697, 0.6079006 ], [ 37.6400706, 0.6088931 ], [ 37.6418161, 0.610212 ], [ 37.6432362, 0.6113918 ], [ 37.6430725, 0.611895 ], [ 37.6424188, 0.6127181 ], [ 37.6415716, 0.6129601 ], [ 37.6403127, 0.6124276 ], [ 37.6391749, 0.6125244 ], [ 37.6386423, 0.613759 ], [ 37.6391265, 0.6173903 ], [ 37.6402643, 0.6200532 ], [ 37.6413779, 0.6209489 ], [ 37.6439198, 0.6202953 ], [ 37.6449849, 0.6203679 ], [ 37.6456628, 0.6213847 ], [ 37.6456628, 0.623055 ], [ 37.6461711, 0.6249917 ], [ 37.6465098, 0.6254481 ], [ 37.6468244, 0.6258721 ], [ 37.6468994, 0.6259776 ], [ 37.6465501, 0.6261382 ], [ 37.6462273, 0.6263636 ], [ 37.6458963, 0.6264595 ], [ 37.6454675, 0.6264693 ], [ 37.6450331, 0.6262424 ], [ 37.6443804, 0.6260807 ], [ 37.6440531, 0.626057 ], [ 37.6437141, 0.6261393 ], [ 37.6435388, 0.6261981 ], [ 37.6431997, 0.6264216 ], [ 37.6428256, 0.626598 ], [ 37.6421007, 0.627198 ], [ 37.6416915, 0.6276333 ], [ 37.6415097, 0.6281043 ], [ 37.6413054, 0.6286334 ], [ 37.6412235, 0.6290453 ], [ 37.6410364, 0.6292688 ], [ 37.6408494, 0.6293158 ], [ 37.640639, 0.629304 ], [ 37.6404169, 0.6292451 ], [ 37.6401831, 0.6292097 ], [ 37.6399142, 0.629245 ], [ 37.639622, 0.6293626 ], [ 37.6394105, 0.6295787 ], [ 37.6392468, 0.6298611 ], [ 37.6391649, 0.6300611 ], [ 37.6367683, 0.6312255 ], [ 37.6314697, 0.6338376 ], [ 37.6266107, 0.6362329 ], [ 37.6223262, 0.638345 ], [ 37.6194922, 0.6397421 ], [ 37.6161141, 0.6414239 ], [ 37.5898668, 0.655637 ], [ 37.5680302, 0.6643259 ], [ 37.5623537, 0.6668027 ], [ 37.5263733, 0.6531038 ], [ 37.5197924, 0.6505859 ], [ 37.5046018, 0.6447731 ], [ 37.4896209, 0.6403995 ], [ 37.4795646, 0.6364847 ], [ 37.4649996, 0.6305814 ], [ 37.436674, 0.6239876 ], [ 37.4326484, 0.5964337 ], [ 37.4324552, 0.5959831 ], [ 37.432584, 0.5947172 ], [ 37.4316398, 0.5939662 ], [ 37.4312536, 0.593065 ] ] ] } },
{ "type": "Feature", "properties": { "query_name": "Buffalo Springs National Reserve, Kenya", "display_name": "Buffalo Springs National Reserve, Isiolo Central, Isiolo, Kenya" }, "geometry": { "type": "Polygon", "coordinates": [ [ [ 37.5218009, 0.5088146 ], [ 37.5233618, 0.5084379 ], [ 37.5244382, 0.5067156 ], [ 37.5598832, 0.5141848 ], [ 37.5744287, 0.5172499 ], [ 37.5926188, 0.5213953 ], [ 37.5942948, 0.5217443 ], [ 37.5946444, 0.5218442 ], [ 37.5973428, 0.5224696 ], [ 37.5996288, 0.5229687 ], [ 37.6035631, 0.5238618 ], [ 37.6061934, 0.5244093 ], [ 37.6093759, 0.5251974 ], [ 37.6137961, 0.526214 ], [ 37.6171336, 0.5269094 ], [ 37.6214516, 0.5279048 ], [ 37.6251244, 0.5287315 ], [ 37.6291433, 0.5296038 ], [ 37.6327333, 0.5304607 ], [ 37.6356216, 0.5310708 ], [ 37.6377608, 0.5315226 ], [ 37.6408691, 0.532281 ], [ 37.6438043, 0.5329409 ], [ 37.6480867, 0.5339193 ], [ 37.6489146, 0.5340407 ], [ 37.6526325, 0.5349356 ], [ 37.6566063, 0.5358684 ], [ 37.6609565, 0.5369302 ], [ 37.6632491, 0.5376704 ], [ 37.6640618, 0.5390517 ], [ 37.6648343, 0.5403498 ], [ 37.6655692, 0.5415889 ], [ 37.6660587, 0.542415 ], [ 37.666575, 0.5432934 ], [ 37.6669304, 0.5439022 ], [ 37.667271, 0.5444708 ], [ 37.6676385, 0.5450944 ], [ 37.6679832, 0.5456818 ], [ 37.6683734, 0.5463456 ], [ 37.6687838, 0.547043 ], [ 37.6691043, 0.5475727 ], [ 37.6695053, 0.548262 ], [ 37.6698956, 0.5489312 ], [ 37.6702993, 0.549599 ], [ 37.6706278, 0.5501542 ], [ 37.6710127, 0.550814 ], [ 37.6713453, 0.5513772 ], [ 37.6716712, 0.5519324 ], [ 37.6720172, 0.5525117 ], [ 37.6723941, 0.5531541 ], [ 37.6727441, 0.5537468 ], [ 37.6731719, 0.5544656 ], [ 37.6736104, 0.5552059 ], [ 37.673998, 0.555863 ], [ 37.6744258, 0.5565885 ], [ 37.6748389, 0.5572912 ], [ 37.6751353, 0.5577941 ], [ 37.6755027, 0.5584177 ], [ 37.6758474, 0.5589917 ], [ 37.6764268, 0.5599827 ], [ 37.6771216, 0.5611857 ], [ 37.6773682, 0.5616643 ], [ 37.6775897, 0.5621434 ], [ 37.6777866, 0.5625763 ], [ 37.6779462, 0.5629906 ], [ 37.6781112, 0.563452 ], [ 37.6782463, 0.5638639 ], [ 37.6783714, 0.5643531 ], [ 37.6784679, 0.5647595 ], [ 37.6785312, 0.5650503 ], [ 37.678657, 0.5656754 ], [ 37.6787013, 0.5659637 ], [ 37.6787429, 0.5662641 ], [ 37.678767, 0.5665176 ], [ 37.6787847, 0.5668736 ], [ 37.678802, 0.5673308 ], [ 37.6788084, 0.5679261 ], [ 37.6787804, 0.568584 ], [ 37.6787373, 0.5692138 ], [ 37.6786852, 0.5697066 ], [ 37.6786396, 0.5699882 ], [ 37.678487, 0.5706827 ], [ 37.6783555, 0.5712867 ], [ 37.6782196, 0.5718777 ], [ 37.6780643, 0.5724989 ], [ 37.6759011, 0.5814339 ], [ 37.6744071, 0.5876241 ], [ 37.6731652, 0.5927737 ], [ 37.6728085, 0.5942193 ], [ 37.6724602, 0.5957443 ], [ 37.6723567, 0.5963504 ], [ 37.6722769, 0.5969586 ], [ 37.6722229, 0.5974504 ], [ 37.6721949, 0.598022 ], [ 37.6721539, 0.6004205 ], [ 37.6720957, 0.6040743 ], [ 37.672072, 0.6053944 ], [ 37.6720655, 0.6058441 ], [ 37.6720569, 0.6067414 ], [ 37.6720072, 0.6091928 ], [ 37.671914, 0.6152655 ], [ 37.6718804, 0.6171349 ], [ 37.6718509, 0.6186516 ], [ 37.6718482, 0.6195836 ], [ 37.6718523, 0.6200301 ], [ 37.6718627, 0.620301 ], [ 37.6718979, 0.6206028 ], [ 37.671949, 0.6209739 ], [ 37.6720223, 0.6213578 ], [ 37.6721151, 0.6218065 ], [ 37.6722305, 0.6222227 ], [ 37.6723686, 0.622629 ], [ 37.6725577, 0.6231453 ], [ 37.6727709, 0.6236844 ], [ 37.6730351, 0.624359 ], [ 37.6732913, 0.6250107 ], [ 37.6736198, 0.6258891 ], [ 37.6737674, 0.6263343 ], [ 37.6738451, 0.6266358 ], [ 37.6739335, 0.6270349 ], [ 37.6740068, 0.6274318 ], [ 37.6740845, 0.6279796 ], [ 37.6741233, 0.6284175 ], [ 37.6741406, 0.6288014 ], [ 37.6741415, 0.6292752 ], [ 37.6741321, 0.6295957 ], [ 37.6741, 0.6300865 ], [ 37.6740584, 0.630407 ], [ 37.6740061, 0.6307489 ], [ 37.6739216, 0.6312089 ], [ 37.6738505, 0.6315214 ], [ 37.6737338, 0.6319425 ], [ 37.6735595, 0.6324668 ], [ 37.6734629, 0.632735 ], [ 37.6733036, 0.6331131 ], [ 37.6732014, 0.6333371 ], [ 37.6729587, 0.6338051 ], [ 37.6727454, 0.6341887 ], [ 37.6724464, 0.634662 ], [ 37.6722828, 0.6349061 ], [ 37.6720683, 0.635205 ], [ 37.6718612, 0.6354361 ], [ 37.6718276, 0.6354011 ], [ 37.6690965, 0.6333436 ], [ 37.6673535, 0.6315038 ], [ 37.6656347, 0.6313827 ], [ 37.6627297, 0.6322784 ], [ 37.6587111, 0.6296881 ], [ 37.6572586, 0.6295913 ], [ 37.6557577, 0.6300755 ], [ 37.6525137, 0.6304144 ], [ 37.650832, 0.6296797 ], [ 37.6503108, 0.6294218 ], [ 37.6478415, 0.6272431 ], [ 37.6468994, 0.6259776 ], [ 37.6468244, 0.6258721 ], [ 37.6465098, 0.6254481 ], [ 37.6461711, 0.6249917 ], [ 37.6456628, 0.623055 ], [ 37.6456628, 0.6213847 ], [ 37.6449849, 0.6203679 ], [ 37.6439198, 0.6202953 ], [ 37.6413779, 0.6209489 ], [ 37.6402643, 0.6200532 ], [ 37.6391265, 0.6173903 ], [ 37.6386423, 0.613759 ], [ 37.6391749, 0.6125244 ], [ 37.6403127, 0.6124276 ], [ 37.6415716, 0.6129601 ], [ 37.6424188, 0.6127181 ], [ 37.6430725, 0.611895 ], [ 37.6432362, 0.6113918 ], [ 37.6418161, 0.610212 ], [ 37.6400706, 0.6088931 ], [ 37.6385697, 0.6079006 ], [ 37.6373351, 0.6057945 ], [ 37.637093, 0.6043904 ], [ 37.6375288, 0.6012675 ], [ 37.6374803, 0.5995729 ], [ 37.6363183, 0.597491 ], [ 37.6349627, 0.5959659 ], [ 37.6328323, 0.595167 ], [ 37.6312104, 0.5953364 ], [ 37.6295884, 0.5974184 ], [ 37.6285717, 0.5984593 ], [ 37.6278696, 0.5987014 ], [ 37.6246983, 0.5962564 ], [ 37.6233208, 0.5969732 ], [ 37.6217207, 0.5978057 ], [ 37.6198808, 0.5984593 ], [ 37.6187188, 0.5980478 ], [ 37.6167338, 0.5956269 ], [ 37.6116984, 0.5935934 ], [ 37.6073893, 0.5894054 ], [ 37.6053316, 0.5883886 ], [ 37.6030076, 0.5886791 ], [ 37.599449, 0.5904221 ], [ 37.5978512, 0.5904463 ], [ 37.5925012, 0.5868151 ], [ 37.5868606, 0.586452 ], [ 37.584585, 0.5867183 ], [ 37.5830357, 0.5862341 ], [ 37.5821418, 0.5853712 ], [ 37.5819558, 0.5844661 ], [ 37.5822169, 0.5822922 ], [ 37.5825757, 0.580182 ], [ 37.5835441, 0.5767202 ], [ 37.5832434, 0.5763069 ], [ 37.5834075, 0.5745847 ], [ 37.583207, 0.5729081 ], [ 37.5827407, 0.5725614 ], [ 37.5822008, 0.5724662 ], [ 37.5818311, 0.572489 ], [ 37.5798707, 0.5734791 ], [ 37.5781316, 0.5740927 ], [ 37.5765097, 0.5741018 ], [ 37.5752122, 0.5736453 ], [ 37.5734976, 0.572048 ], [ 37.5732157, 0.5719149 ], [ 37.5726052, 0.5712315 ], [ 37.5719491, 0.5707645 ], [ 37.5700135, 0.5698357 ], [ 37.5686939, 0.5696119 ], [ 37.5675759, 0.5695964 ], [ 37.5659144, 0.5701069 ], [ 37.5640081, 0.5705205 ], [ 37.5616507, 0.5695462 ], [ 37.5589161, 0.5692633 ], [ 37.5556157, 0.5698605 ], [ 37.5531955, 0.5703634 ], [ 37.5511838, 0.5715577 ], [ 37.5494551, 0.5740407 ], [ 37.547632, 0.5763666 ], [ 37.5470117, 0.576447 ], [ 37.5459347, 0.5765866 ], [ 37.5442688, 0.575738 ], [ 37.5422257, 0.5741036 ], [ 37.5402141, 0.5728149 ], [ 37.5389568, 0.5718406 ], [ 37.5373852, 0.5696719 ], [ 37.5359393, 0.5670632 ], [ 37.5348078, 0.5652402 ], [ 37.5328904, 0.5643602 ], [ 37.5323116, 0.5641207 ], [ 37.5318453, 0.5641 ], [ 37.5310761, 0.5642127 ], [ 37.5304211, 0.5643923 ], [ 37.5297421, 0.5645785 ], [ 37.5292655, 0.5649386 ], [ 37.5291149, 0.5650411 ], [ 37.5290148, 0.5649171 ], [ 37.5288785, 0.5646788 ], [ 37.5284479, 0.5636024 ], [ 37.5285555, 0.5627413 ], [ 37.5299011, 0.5616111 ], [ 37.5301163, 0.5605347 ], [ 37.5298472, 0.558382 ], [ 37.530224, 0.5570903 ], [ 37.5301163, 0.5559063 ], [ 37.5293628, 0.553175 ], [ 37.5295781, 0.5511837 ], [ 37.5295781, 0.5503226 ], [ 37.529632, 0.5487619 ], [ 37.5296858, 0.548116 ], [ 37.5294167, 0.5473087 ], [ 37.5292552, 0.5438643 ], [ 37.5298472, 0.5410657 ], [ 37.5292014, 0.5402585 ], [ 37.529632, 0.5388053 ], [ 37.5272638, 0.5358991 ], [ 37.5271023, 0.5343922 ], [ 37.525703, 0.5314321 ], [ 37.5241422, 0.5303826 ], [ 37.5218009, 0.5088146 ] ] ] } },
{ "type": "Feature", "properties": { "query_name": "Shaba National Reserve, Kenya", "display_name": "Shaba National Reserve, Isiolo Central, Isiolo, Kenya" }, "geometry": { "type": "Polygon", "coordinates": [ [ [ 37.705358, 0.6654482 ], [ 37.7053627, 0.6653185 ], [ 37.7053659, 0.6652316 ], [ 37.7058254, 0.6525645 ], [ 37.7059111, 0.6507229 ], [ 37.7062395, 0.6502471 ], [ 37.7082573, 0.6463642 ], [ 37.7098345, 0.643413 ], [ 37.7117028, 0.6398831 ], [ 37.7121216, 0.6388648 ], [ 37.7124262, 0.637856 ], [ 37.7127117, 0.6369328 ], [ 37.713187, 0.6350678 ], [ 37.7155196, 0.626683 ], [ 37.7156623, 0.6263975 ], [ 37.7160599, 0.6262938 ], [ 37.7171663, 0.6255205 ], [ 37.7183383, 0.6248246 ], [ 37.7524961, 0.6024596 ], [ 37.7550422, 0.6020908 ], [ 37.7588435, 0.6014841 ], [ 37.7619249, 0.6009131 ], [ 37.7649231, 0.6005741 ], [ 37.7698784, 0.599783 ], [ 37.7745542, 0.5989978 ], [ 37.7786826, 0.5985041 ], [ 37.7825017, 0.5977963 ], [ 37.7881729, 0.5969663 ], [ 37.8082655, 0.5941493 ], [ 37.8088841, 0.5938447 ], [ 37.8139858, 0.5931024 ], [ 37.8174504, 0.5926932 ], [ 37.8229232, 0.5918271 ], [ 37.8265591, 0.5910943 ], [ 37.8293384, 0.590885 ], [ 37.8353824, 0.5898381 ], [ 37.8406553, 0.5890958 ], [ 37.8643981, 0.5854032 ], [ 37.8654591, 0.5853324 ], [ 37.8681205, 0.586622 ], [ 37.8740051, 0.5891559 ], [ 37.8780526, 0.5909474 ], [ 37.8815362, 0.5925534 ], [ 37.8854196, 0.5942522 ], [ 37.8921012, 0.5974357 ], [ 37.896056, 0.5991273 ], [ 37.9143949, 0.6073286 ], [ 37.9171432, 0.6084635 ], [ 37.9279081, 0.6132386 ], [ 37.9295791, 0.6137549 ], [ 37.9301888, 0.6151123 ], [ 37.9302835, 0.6154272 ], [ 37.9303059, 0.6161358 ], [ 37.930368, 0.6163721 ], [ 37.9306068, 0.6167301 ], [ 37.9306938, 0.6168345 ], [ 37.9307759, 0.6171155 ], [ 37.9308281, 0.6173716 ], [ 37.9309176, 0.6180132 ], [ 37.9308405, 0.6181574 ], [ 37.9308356, 0.6185876 ], [ 37.9309226, 0.6191719 ], [ 37.9308952, 0.6197662 ], [ 37.930843, 0.6201765 ], [ 37.9308505, 0.6204077 ], [ 37.9309151, 0.6208602 ], [ 37.9309972, 0.621089 ], [ 37.9310718, 0.6213576 ], [ 37.9311539, 0.6216783 ], [ 37.931216, 0.6217554 ], [ 37.9313727, 0.6227227 ], [ 37.9314299, 0.6228818 ], [ 37.9314598, 0.6230832 ], [ 37.9314523, 0.6232523 ], [ 37.9315269, 0.6233741 ], [ 37.9316015, 0.6236675 ], [ 37.9316214, 0.6240007 ], [ 37.9315692, 0.6242245 ], [ 37.9314747, 0.6244583 ], [ 37.9313876, 0.6248312 ], [ 37.9312956, 0.62507 ], [ 37.9311414, 0.6252589 ], [ 37.9310395, 0.6254031 ], [ 37.9309425, 0.6255673 ], [ 37.9308654, 0.6257314 ], [ 37.9306764, 0.6262535 ], [ 37.9306192, 0.6264251 ], [ 37.9306142, 0.626537 ], [ 37.9306988, 0.6266638 ], [ 37.930756, 0.6270467 ], [ 37.9308331, 0.6273501 ], [ 37.9309251, 0.6275913 ], [ 37.9310121, 0.6277554 ], [ 37.9310022, 0.6279817 ], [ 37.9309276, 0.6281856 ], [ 37.9308505, 0.6283522 ], [ 37.9308405, 0.6287053 ], [ 37.9308405, 0.6290758 ], [ 37.9309276, 0.6292722 ], [ 37.9309823, 0.6295308 ], [ 37.9309997, 0.629946 ], [ 37.9309983, 0.6304292 ], [ 37.9309947, 0.6316841 ], [ 37.9309997, 0.6322784 ], [ 37.9309549, 0.632542 ], [ 37.930853, 0.6328553 ], [ 37.9307411, 0.633094 ], [ 37.9305525, 0.6335533 ], [ 37.9303909, 0.6340929 ], [ 37.930279, 0.6344882 ], [ 37.93008, 0.6350377 ], [ 37.929988, 0.6353983 ], [ 37.9297806, 0.6358619 ], [ 37.9296647, 0.6361725 ], [ 37.9294677, 0.6365017 ], [ 37.929317, 0.6368262 ], [ 37.9291895, 0.6370371 ], [ 37.9290829, 0.6372805 ], [ 37.9289809, 0.6375934 ], [ 37.9288472, 0.6378655 ], [ 37.9287235, 0.638088 ], [ 37.9285875, 0.6383888 ], [ 37.928365, 0.6389328 ], [ 37.9282578, 0.6390028 ], [ 37.9282414, 0.6391223 ], [ 37.928126, 0.6394478 ], [ 37.9279282, 0.6397239 ], [ 37.9276768, 0.6400124 ], [ 37.9272976, 0.640375 ], [ 37.927141, 0.6406057 ], [ 37.9269267, 0.6409889 ], [ 37.9267743, 0.6412197 ], [ 37.9266465, 0.6413351 ], [ 37.9265394, 0.641537 ], [ 37.9265105, 0.6421097 ], [ 37.9265847, 0.6424971 ], [ 37.9264611, 0.642732 ], [ 37.9261685, 0.6430616 ], [ 37.9258965, 0.6435066 ], [ 37.9256863, 0.6437415 ], [ 37.9255338, 0.6441124 ], [ 37.9253813, 0.6446604 ], [ 37.9251588, 0.6452332 ], [ 37.9249445, 0.6456741 ], [ 37.924722, 0.6459831 ], [ 37.9244788, 0.6462757 ], [ 37.9243305, 0.6463746 ], [ 37.9241244, 0.6466094 ], [ 37.9238524, 0.6467166 ], [ 37.9236423, 0.6469885 ], [ 37.9234115, 0.647174 ], [ 37.9232054, 0.6473718 ], [ 37.9229664, 0.6476932 ], [ 37.9228881, 0.6478827 ], [ 37.9228675, 0.6480146 ], [ 37.9229046, 0.6482288 ], [ 37.9230035, 0.6485173 ], [ 37.9233455, 0.6488799 ], [ 37.9235969, 0.6491189 ], [ 37.9239843, 0.649395 ], [ 37.9240502, 0.6495062 ], [ 37.9241285, 0.6496628 ], [ 37.9241244, 0.6504169 ], [ 37.92406, 0.6514015 ], [ 37.9239673, 0.6520875 ], [ 37.9239186, 0.652412 ], [ 37.9239882, 0.6526253 ], [ 37.9241262, 0.652989 ], [ 37.9241787, 0.653159 ], [ 37.9242931, 0.6533259 ], [ 37.9243394, 0.6534155 ], [ 37.9244538, 0.6535206 ], [ 37.9246176, 0.653706 ], [ 37.9245682, 0.6538698 ], [ 37.9246238, 0.6539594 ], [ 37.9247258, 0.6540491 ], [ 37.9248463, 0.6543087 ], [ 37.9249885, 0.6544168 ], [ 37.9252203, 0.6547568 ], [ 37.9252945, 0.6549175 ], [ 37.9252914, 0.6553192 ], [ 37.9252265, 0.6554738 ], [ 37.9252141, 0.6558353 ], [ 37.9251369, 0.6560795 ], [ 37.9251492, 0.6568119 ], [ 37.925075, 0.6571271 ], [ 37.9250225, 0.6573775 ], [ 37.9249205, 0.6577112 ], [ 37.9247629, 0.6579059 ], [ 37.9245743, 0.6580605 ], [ 37.9244878, 0.6581594 ], [ 37.9241633, 0.6583911 ], [ 37.9239531, 0.6584653 ], [ 37.9238202, 0.6585549 ], [ 37.9235606, 0.6586693 ], [ 37.9233627, 0.6588516 ], [ 37.9231031, 0.6591112 ], [ 37.9230506, 0.6592565 ], [ 37.9228311, 0.6595624 ], [ 37.9225777, 0.6597942 ], [ 37.9223459, 0.6599796 ], [ 37.9222253, 0.6600291 ], [ 37.922031, 0.6601596 ], [ 37.9217273, 0.6602384 ], [ 37.9216114, 0.6602593 ], [ 37.9214236, 0.6604007 ], [ 37.9213402, 0.6605027 ], [ 37.9212591, 0.6607159 ], [ 37.9209739, 0.6613301 ], [ 37.9206587, 0.6618818 ], [ 37.9204547, 0.6623222 ], [ 37.9203851, 0.6625517 ], [ 37.9203504, 0.6629109 ], [ 37.9202878, 0.66324 ], [ 37.9202182, 0.6635043 ], [ 37.9201301, 0.6636943 ], [ 37.920049, 0.6638543 ], [ 37.9200606, 0.6645659 ], [ 37.9200328, 0.6647443 ], [ 37.9200536, 0.6649043 ], [ 37.9201209, 0.6651175 ], [ 37.9201255, 0.665245 ], [ 37.9201649, 0.665347 ], [ 37.9202182, 0.6654281 ], [ 37.9202947, 0.6655996 ], [ 37.9203735, 0.6656761 ], [ 37.9204755, 0.6658384 ], [ 37.9205752, 0.6659612 ], [ 37.9209137, 0.6663344 ], [ 37.9209786, 0.6664433 ], [ 37.9210551, 0.6665499 ], [ 37.9211385, 0.6667516 ], [ 37.9212196, 0.6670297 ], [ 37.9213077, 0.6672592 ], [ 37.9214278, 0.6674842 ], [ 37.9216504, 0.6678334 ], [ 37.9218111, 0.667923 ], [ 37.9219564, 0.6680745 ], [ 37.9220738, 0.6683155 ], [ 37.9227631, 0.6691932 ], [ 37.923032, 0.6694683 ], [ 37.92327, 0.6697835 ], [ 37.923375, 0.669972 ], [ 37.9234995, 0.6703467 ], [ 37.9235695, 0.6706799 ], [ 37.9235417, 0.6707865 ], [ 37.9235347, 0.6708862 ], [ 37.9236043, 0.6709951 ], [ 37.9236831, 0.6710925 ], [ 37.9237271, 0.6712478 ], [ 37.9238059, 0.671417 ], [ 37.9238592, 0.6714935 ], [ 37.9239457, 0.6716333 ], [ 37.9241216, 0.6718603 ], [ 37.9242168, 0.6720435 ], [ 37.9242974, 0.6722632 ], [ 37.924312, 0.6734573 ], [ 37.9243089, 0.6739742 ], [ 37.9243029, 0.6749841 ], [ 37.9242974, 0.6758967 ], [ 37.9243413, 0.6764241 ], [ 37.9243926, 0.6767391 ], [ 37.9242901, 0.676915 ], [ 37.9240483, 0.6771054 ], [ 37.9237626, 0.6772519 ], [ 37.9234915, 0.6774497 ], [ 37.9232204, 0.6776768 ], [ 37.9227003, 0.6783434 ], [ 37.9224365, 0.6784387 ], [ 37.9218246, 0.6788912 ], [ 37.921449, 0.6793383 ], [ 37.9208253, 0.6800808 ], [ 37.9210156, 0.6826504 ], [ 37.9210394, 0.6902402 ], [ 37.9210394, 0.6993289 ], [ 37.9208966, 0.7062763 ], [ 37.9213725, 0.7146275 ], [ 37.921346, 0.7176162 ], [ 37.920961, 0.7175734 ], [ 37.9196344, 0.7167867 ], [ 37.9192684, 0.7163384 ], [ 37.9188018, 0.7157438 ], [ 37.918564, 0.7146551 ], [ 37.9176765, 0.7128895 ], [ 37.9167708, 0.711435 ], [ 37.916231, 0.7108404 ], [ 37.9153893, 0.7104561 ], [ 37.9145842, 0.7104561 ], [ 37.9136144, 0.7105934 ], [ 37.9129283, 0.7112612 ], [ 37.9125074, 0.711682 ], [ 37.9121781, 0.712487 ], [ 37.9120866, 0.7133195 ], [ 37.9121323, 0.7136397 ], [ 37.9127636, 0.7141886 ], [ 37.9128002, 0.7145819 ], [ 37.9125532, 0.715387 ], [ 37.9121598, 0.716439 ], [ 37.9115651, 0.7180765 ], [ 37.9101836, 0.7191743 ], [ 37.9097536, 0.719339 ], [ 37.9089943, 0.7191743 ], [ 37.9079422, 0.7184882 ], [ 37.9064509, 0.7181223 ], [ 37.9058288, 0.7181497 ], [ 37.9052158, 0.7186254 ], [ 37.9047035, 0.7192109 ], [ 37.9039144, 0.7192992 ], [ 37.9031002, 0.7196743 ], [ 37.9025558, 0.7199853 ], [ 37.9023225, 0.7205616 ], [ 37.9025466, 0.721138 ], [ 37.9025741, 0.7217829 ], [ 37.9030224, 0.7224278 ], [ 37.9038321, 0.723425 ], [ 37.904349, 0.724015 ], [ 37.9043535, 0.7242483 ], [ 37.9042483, 0.7247515 ], [ 37.9042621, 0.7252272 ], [ 37.9043352, 0.7255428 ], [ 37.904166, 0.7258264 ], [ 37.9031962, 0.7268555 ], [ 37.9027251, 0.7270934 ], [ 37.9022859, 0.7271574 ], [ 37.9015769, 0.7269562 ], [ 37.9005705, 0.7263021 ], [ 37.89934, 0.7258767 ], [ 37.8980546, 0.7253552 ], [ 37.8975102, 0.7253735 ], [ 37.8970482, 0.7255153 ], [ 37.8967737, 0.7259636 ], [ 37.8965999, 0.7266863 ], [ 37.8963346, 0.7269562 ], [ 37.8955844, 0.7272489 ], [ 37.8948525, 0.7274364 ], [ 37.8945323, 0.7277612 ], [ 37.8940885, 0.7293438 ], [ 37.8938598, 0.7304919 ], [ 37.8938644, 0.7314845 ], [ 37.8934344, 0.7329253 ], [ 37.8924417, 0.7343616 ], [ 37.8912112, 0.7356652 ], [ 37.8898343, 0.7369093 ], [ 37.8882607, 0.7374856 ], [ 37.8874831, 0.7379842 ], [ 37.8862571, 0.7384782 ], [ 37.8855252, 0.7386154 ], [ 37.8838235, 0.7392512 ], [ 37.8819709, 0.7398001 ], [ 37.8806809, 0.7406189 ], [ 37.880034, 0.7417417 ], [ 37.8793705, 0.7418357 ], [ 37.8780734, 0.741095 ], [ 37.8776778, 0.7407271 ], [ 37.8776641, 0.7396522 ], [ 37.8774948, 0.7379507 ], [ 37.8765433, 0.7368346 ], [ 37.8755598, 0.7354944 ], [ 37.8751024, 0.734328 ], [ 37.8751619, 0.7335824 ], [ 37.8759212, 0.7328369 ], [ 37.8769642, 0.732073 ], [ 37.8773805, 0.7312085 ], [ 37.8772707, 0.7304812 ], [ 37.8760127, 0.7280661 ], [ 37.8751481, 0.72679 ], [ 37.8746633, 0.7264698 ], [ 37.8728975, 0.7259346 ], [ 37.8704456, 0.7255275 ], [ 37.869238, 0.72534 ], [ 37.8678245, 0.7246127 ], [ 37.8666763, 0.7233503 ], [ 37.8639637, 0.7209169 ], [ 37.8628801, 0.7200553 ], [ 37.8618869, 0.7192656 ], [ 37.861123, 0.7180947 ], [ 37.8603819, 0.7176052 ], [ 37.8591697, 0.7177104 ], [ 37.8583966, 0.7180398 ], [ 37.8579483, 0.7180123 ], [ 37.8575366, 0.7172164 ], [ 37.8561048, 0.7156567 ], [ 37.8528753, 0.7143302 ], [ 37.8523706, 0.7141447 ], [ 37.8506475, 0.7135115 ], [ 37.8499385, 0.7131455 ], [ 37.849353, 0.7125921 ], [ 37.8486897, 0.7109134 ], [ 37.8476787, 0.7085943 ], [ 37.8460639, 0.7066915 ], [ 37.8449432, 0.704839 ], [ 37.8440969, 0.7000179 ], [ 37.8435081, 0.6974374 ], [ 37.8432004, 0.6960888 ], [ 37.8433193, 0.6951877 ], [ 37.8444583, 0.693198 ], [ 37.8456614, 0.691565 ], [ 37.8458627, 0.6896622 ], [ 37.8451491, 0.6881482 ], [ 37.8424044, 0.6857833 ], [ 37.840195, 0.68292 ], [ 37.8396323, 0.6821973 ], [ 37.8390925, 0.6820509 ], [ 37.8387357, 0.6811589 ], [ 37.8381456, 0.6805826 ], [ 37.8376836, 0.6801618 ], [ 37.8376104, 0.6788673 ], [ 37.8372444, 0.6786615 ], [ 37.8365263, 0.679096 ], [ 37.8359682, 0.6788124 ], [ 37.8358035, 0.6785837 ], [ 37.8354055, 0.6778381 ], [ 37.8349344, 0.6776597 ], [ 37.8345501, 0.6773716 ], [ 37.8319518, 0.677152 ], [ 37.8300317, 0.6769505 ], [ 37.8295548, 0.6769004 ], [ 37.8276061, 0.6763836 ], [ 37.8268788, 0.6762875 ], [ 37.82563, 0.6770651 ], [ 37.8244223, 0.677797 ], [ 37.8239695, 0.677797 ], [ 37.823512, 0.6775774 ], [ 37.8231095, 0.6771383 ], [ 37.822373, 0.6768364 ], [ 37.8220208, 0.6768821 ], [ 37.8215267, 0.6770926 ], [ 37.8211974, 0.6770743 ], [ 37.8208406, 0.6769096 ], [ 37.8205615, 0.6769096 ], [ 37.8202505, 0.6768227 ], [ 37.8198296, 0.6757478 ], [ 37.8195917, 0.6755236 ], [ 37.8191564, 0.675636 ], [ 37.8190757, 0.6755061 ], [ 37.8187424, 0.6749697 ], [ 37.8175326, 0.6743163 ], [ 37.8157859, 0.674077 ], [ 37.8145374, 0.6742775 ], [ 37.812409, 0.6741675 ], [ 37.8121515, 0.674115 ], [ 37.8108241, 0.6738441 ], [ 37.8098472, 0.6739088 ], [ 37.8076412, 0.6745815 ], [ 37.8066716, 0.6744052 ], [ 37.8055064, 0.6741934 ], [ 37.8032292, 0.6741158 ], [ 37.8021877, 0.6737341 ], [ 37.8003892, 0.6726862 ], [ 37.7990501, 0.6726409 ], [ 37.7977174, 0.6721687 ], [ 37.7946187, 0.6695747 ], [ 37.7934089, 0.6694518 ], [ 37.7928267, 0.6697106 ], [ 37.7913323, 0.6705774 ], [ 37.7906272, 0.6713666 ], [ 37.7900061, 0.6720264 ], [ 37.7895921, 0.6722851 ], [ 37.7885894, 0.6723434 ], [ 37.7876966, 0.6726215 ], [ 37.787289, 0.6733137 ], [ 37.7866357, 0.6742258 ], [ 37.7863704, 0.6748338 ], [ 37.7855812, 0.6751443 ], [ 37.784669, 0.6753513 ], [ 37.7832717, 0.6751379 ], [ 37.7822819, 0.6748468 ], [ 37.77983, 0.6750214 ], [ 37.7784068, 0.6755713 ], [ 37.7772812, 0.6756295 ], [ 37.7759938, 0.6750732 ], [ 37.7756056, 0.6743357 ], [ 37.7748164, 0.6738765 ], [ 37.7701521, 0.6721946 ], [ 37.7674156, 0.6717612 ], [ 37.7637799, 0.6711078 ], [ 37.7609141, 0.6701181 ], [ 37.7601248, 0.6698335 ], [ 37.7587727, 0.6701634 ], [ 37.756198, 0.6717029 ], [ 37.7535068, 0.6735789 ], [ 37.7523145, 0.6743006 ], [ 37.7515725, 0.6747497 ], [ 37.7497223, 0.6745363 ], [ 37.7476651, 0.6739605 ], [ 37.7464036, 0.6732684 ], [ 37.7454009, 0.6721816 ], [ 37.7440294, 0.6700534 ], [ 37.7418169, 0.667026 ], [ 37.7400767, 0.6648396 ], [ 37.7379677, 0.662569 ], [ 37.7364863, 0.6600268 ], [ 37.7355418, 0.6593864 ], [ 37.7342221, 0.659561 ], [ 37.7333099, 0.6599427 ], [ 37.7329218, 0.6604861 ], [ 37.7317314, 0.6602467 ], [ 37.7302759, 0.6582544 ], [ 37.7294413, 0.655628 ], [ 37.7282316, 0.6536486 ], [ 37.7265819, 0.6529176 ], [ 37.7255663, 0.6530146 ], [ 37.7248805, 0.6535645 ], [ 37.7245312, 0.6542696 ], [ 37.7231597, 0.6546383 ], [ 37.7176585, 0.6568434 ], [ 37.7153881, 0.6586103 ], [ 37.714146, 0.6594383 ], [ 37.7136285, 0.6626468 ], [ 37.7132348, 0.6635995 ], [ 37.7113743, 0.6649078 ], [ 37.710395, 0.6654139 ], [ 37.7082319, 0.6654104 ], [ 37.7073145, 0.6652343 ], [ 37.705358, 0.6654482 ] ] ] } },
{ "type": "Feature", "properties": { "query_name": "Meru National Park, Kenya", "display_name": "Meru National Park, Igembe Central, Meru County, Kenya" }, "geometry": { "type": "Polygon", "coordinates": [ [ [ 38.0054885, 0.0621853 ], [ 38.0055675, 0.0618996 ], [ 38.0061027, 0.0618702 ], [ 38.0075448, 0.0611696 ], [ 38.0082637, 0.0606949 ], [ 38.0082622, 0.0604674 ], [ 38.008367, 0.0602455 ], [ 38.0086226, 0.060088 ], [ 38.0089556, 0.0599695 ], [ 38.0091572, 0.059925 ], [ 38.0096639, 0.0599585 ], [ 38.0099358, 0.0600355 ], [ 38.0100853, 0.0600998 ], [ 38.0103825, 0.0602005 ], [ 38.0107636, 0.0603474 ], [ 38.0111485, 0.0602083 ], [ 38.0118332, 0.0595246 ], [ 38.0140035, 0.0583936 ], [ 38.0144372, 0.0578877 ], [ 38.0149921, 0.0562823 ], [ 38.0153032, 0.0560074 ], [ 38.015527, 0.0561384 ], [ 38.0157636, 0.0564736 ], [ 38.015876, 0.0571802 ], [ 38.0159663, 0.057752 ], [ 38.0165236, 0.0578546 ], [ 38.0172706, 0.0573669 ], [ 38.0192559, 0.0566643 ], [ 38.0196296, 0.0562648 ], [ 38.0196447, 0.0559102 ], [ 38.0191782, 0.0553548 ], [ 38.0190938, 0.0551552 ], [ 38.0192522, 0.054439 ], [ 38.0201231, 0.0534294 ], [ 38.0209688, 0.0525829 ], [ 38.0211041, 0.052308 ], [ 38.0212251, 0.0520677 ], [ 38.0210156, 0.0517654 ], [ 38.0207889, 0.0513584 ], [ 38.0206454, 0.0511577 ], [ 38.0207475, 0.0502196 ], [ 38.0211275, 0.0497683 ], [ 38.0219398, 0.0494069 ], [ 38.0223823, 0.049443 ], [ 38.0225265, 0.0496785 ], [ 38.0229108, 0.0498791 ], [ 38.0233022, 0.049598 ], [ 38.0238179, 0.0496927 ], [ 38.0240066, 0.0495913 ], [ 38.0243229, 0.0484981 ], [ 38.0239588, 0.0482385 ], [ 38.023924, 0.0481078 ], [ 38.0240002, 0.048026 ], [ 38.0244942, 0.0479947 ], [ 38.0251107, 0.047728 ], [ 38.0253888, 0.0477481 ], [ 38.0256167, 0.048154 ], [ 38.0271021, 0.0498945 ], [ 38.0272562, 0.0497504 ], [ 38.0271713, 0.0489315 ], [ 38.0272733, 0.0486572 ], [ 38.0274646, 0.0484438 ], [ 38.0281738, 0.0481242 ], [ 38.0285145, 0.0479184 ], [ 38.0296653, 0.046362 ], [ 38.0299826, 0.0463992 ], [ 38.0302674, 0.0461533 ], [ 38.0303769, 0.0459578 ], [ 38.0303673, 0.0456042 ], [ 38.0302773, 0.0450764 ], [ 38.0304022, 0.0448477 ], [ 38.0305134, 0.0443274 ], [ 38.0305261, 0.0440651 ], [ 38.0306178, 0.0436984 ], [ 38.0307403, 0.0435732 ], [ 38.0307432, 0.0433167 ], [ 38.031075, 0.0428405 ], [ 38.0316586, 0.0421144 ], [ 38.0318564, 0.042067 ], [ 38.0325129, 0.0415871 ], [ 38.0327405, 0.0415003 ], [ 38.0332123, 0.0415541 ], [ 38.0337433, 0.0414748 ], [ 38.0341323, 0.0412241 ], [ 38.0343113, 0.0407618 ], [ 38.0345305, 0.0400452 ], [ 38.0345939, 0.0392388 ], [ 38.0345078, 0.0389104 ], [ 38.0346447, 0.0382112 ], [ 38.0348943, 0.0377285 ], [ 38.035195, 0.0375897 ], [ 38.0354479, 0.0372532 ], [ 38.035715, 0.0368411 ], [ 38.0354886, 0.0367356 ], [ 38.0351463, 0.0367007 ], [ 38.0342679, 0.0366694 ], [ 38.0341547, 0.0364949 ], [ 38.0340502, 0.0361778 ], [ 38.0340798, 0.0356996 ], [ 38.0338884, 0.0352739 ], [ 38.0339943, 0.0348974 ], [ 38.0343289, 0.0350321 ], [ 38.0354419, 0.0346339 ], [ 38.0363398, 0.0341667 ], [ 38.0364173, 0.0338343 ], [ 38.0367005, 0.0334747 ], [ 38.03687, 0.033291 ], [ 38.0369741, 0.0326567 ], [ 38.0369869, 0.0322071 ], [ 38.0371562, 0.0320094 ], [ 38.037294, 0.0316513 ], [ 38.0378217, 0.0310895 ], [ 38.0380869, 0.0301777 ], [ 38.0384256, 0.02983 ], [ 38.0387646, 0.0297394 ], [ 38.0390586, 0.0297289 ], [ 38.0396257, 0.0299644 ], [ 38.040144, 0.0298364 ], [ 38.0408858, 0.0296261 ], [ 38.0410695, 0.0294372 ], [ 38.0410845, 0.0287501 ], [ 38.0407644, 0.0284683 ], [ 38.0403888, 0.0278635 ], [ 38.0404176, 0.0272743 ], [ 38.040946, 0.026824 ], [ 38.0416757, 0.0263608 ], [ 38.0422469, 0.0263347 ], [ 38.0434813, 0.0259109 ], [ 38.0441107, 0.0252403 ], [ 38.04458, 0.0240055 ], [ 38.0447292, 0.023095 ], [ 38.0447206, 0.0227142 ], [ 38.0449972, 0.0221376 ], [ 38.0452511, 0.022119 ], [ 38.0455803, 0.0221808 ], [ 38.0458145, 0.0224148 ], [ 38.0455262, 0.0232768 ], [ 38.0450382, 0.0238439 ], [ 38.0449188, 0.0243628 ], [ 38.0454021, 0.0250796 ], [ 38.0461486, 0.0254979 ], [ 38.0471372, 0.0255697 ], [ 38.0480558, 0.0253926 ], [ 38.0483352, 0.0251118 ], [ 38.0483329, 0.0245821 ], [ 38.0490499, 0.0243724 ], [ 38.0494233, 0.0244369 ], [ 38.0496966, 0.0242649 ], [ 38.0497096, 0.0239433 ], [ 38.0495884, 0.0235092 ], [ 38.0497009, 0.0231902 ], [ 38.0498591, 0.0228278 ], [ 38.0498623, 0.0225084 ], [ 38.05025, 0.0221429 ], [ 38.0503888, 0.0222533 ], [ 38.0504631, 0.022798 ], [ 38.0504541, 0.0232756 ], [ 38.0504053, 0.0234921 ], [ 38.0504596, 0.0238231 ], [ 38.0509118, 0.0241699 ], [ 38.0521813, 0.0246394 ], [ 38.0522974, 0.0248403 ], [ 38.052103, 0.0254786 ], [ 38.0521198, 0.0258804 ], [ 38.052627, 0.0260315 ], [ 38.0531759, 0.0259026 ], [ 38.0541001, 0.0250976 ], [ 38.0547901, 0.0248996 ], [ 38.0553973, 0.0248423 ], [ 38.0555146, 0.0244948 ], [ 38.0553691, 0.0242525 ], [ 38.0544722, 0.0240332 ], [ 38.0543579, 0.023817 ], [ 38.0546033, 0.0235359 ], [ 38.0549106, 0.0232859 ], [ 38.0561812, 0.023072 ], [ 38.0572777, 0.0226287 ], [ 38.0577959, 0.0224096 ], [ 38.0592301, 0.0212222 ], [ 38.0596472, 0.021175 ], [ 38.060138, 0.0211978 ], [ 38.0606042, 0.0217236 ], [ 38.0609751, 0.0219135 ], [ 38.0616587, 0.0219957 ], [ 38.0619144, 0.0222066 ], [ 38.0617049, 0.0226044 ], [ 38.0617223, 0.023061 ], [ 38.0620013, 0.0234169 ], [ 38.0627582, 0.023971 ], [ 38.0630696, 0.0238172 ], [ 38.0634894, 0.0246769 ], [ 38.0636841, 0.0250184 ], [ 38.0641253, 0.0251316 ], [ 38.0645004, 0.0250162 ], [ 38.0648214, 0.0245103 ], [ 38.0650783, 0.0231461 ], [ 38.0655841, 0.0227937 ], [ 38.0658072, 0.0227495 ], [ 38.065948, 0.022768 ], [ 38.0662877, 0.0227676 ], [ 38.0667159, 0.0226777 ], [ 38.0669501, 0.0227211 ], [ 38.0670957, 0.0228224 ], [ 38.0675102, 0.0236738 ], [ 38.0678464, 0.0240697 ], [ 38.0682939, 0.0241885 ], [ 38.0686931, 0.0239748 ], [ 38.0687312, 0.0232657 ], [ 38.0684691, 0.0224221 ], [ 38.0686428, 0.0221362 ], [ 38.0694102, 0.0219314 ], [ 38.0698944, 0.0216723 ], [ 38.070377, 0.0215953 ], [ 38.070742, 0.0217627 ], [ 38.0708874, 0.0222978 ], [ 38.07072, 0.0239962 ], [ 38.0709906, 0.0243568 ], [ 38.0715508, 0.024214 ], [ 38.0720064, 0.0238088 ], [ 38.0722219, 0.0235435 ], [ 38.0726774, 0.0225282 ], [ 38.0730241, 0.0224565 ], [ 38.0731522, 0.0226416 ], [ 38.0730254, 0.0235514 ], [ 38.0725729, 0.0245575 ], [ 38.0726514, 0.0248978 ], [ 38.073569, 0.0252044 ], [ 38.0739338, 0.0251775 ], [ 38.0745178, 0.0252832 ], [ 38.0745953, 0.0254388 ], [ 38.0742199, 0.0261226 ], [ 38.0729615, 0.0271001 ], [ 38.0728495, 0.0275396 ], [ 38.073046, 0.0279179 ], [ 38.0734817, 0.0279385 ], [ 38.0750618, 0.0277852 ], [ 38.0756341, 0.0279579 ], [ 38.0759154, 0.0282086 ], [ 38.0759998, 0.028633 ], [ 38.0757773, 0.0288819 ], [ 38.0743341, 0.0295165 ], [ 38.0741777, 0.0298615 ], [ 38.0743468, 0.0302541 ], [ 38.0748255, 0.0302413 ], [ 38.0752852, 0.0298046 ], [ 38.077178, 0.029178 ], [ 38.0775718, 0.0286397 ], [ 38.0787581, 0.0283388 ], [ 38.0791466, 0.0278579 ], [ 38.0799545, 0.0275468 ], [ 38.0802535, 0.0271938 ], [ 38.0804075, 0.027085 ], [ 38.0806465, 0.0275207 ], [ 38.0806147, 0.0277918 ], [ 38.0808073, 0.027976 ], [ 38.081149, 0.0279054 ], [ 38.0817114, 0.0270388 ], [ 38.0815898, 0.0268081 ], [ 38.0814633, 0.0263854 ], [ 38.0815633, 0.0261694 ], [ 38.0819976, 0.0255833 ], [ 38.0824364, 0.0251985 ], [ 38.0828155, 0.0251627 ], [ 38.0831632, 0.0253777 ], [ 38.0834774, 0.0261732 ], [ 38.0845871, 0.0273685 ], [ 38.0847893, 0.0281676 ], [ 38.0846759, 0.029026 ], [ 38.0843468, 0.0298729 ], [ 38.0844022, 0.0303261 ], [ 38.0846412, 0.030723 ], [ 38.0850609, 0.0310114 ], [ 38.085271, 0.0314974 ], [ 38.0854217, 0.0316219 ], [ 38.0856511, 0.0316182 ], [ 38.0860055, 0.0315138 ], [ 38.0860434, 0.0316792 ], [ 38.0862915, 0.0321963 ], [ 38.0862452, 0.0327729 ], [ 38.0861347, 0.0330977 ], [ 38.0864786, 0.0334748 ], [ 38.0867023, 0.0338593 ], [ 38.0867569, 0.0342917 ], [ 38.0869638, 0.0345688 ], [ 38.0869973, 0.0347174 ], [ 38.0871224, 0.0349308 ], [ 38.087611, 0.0346472 ], [ 38.0878249, 0.0346434 ], [ 38.0878536, 0.0349653 ], [ 38.0880129, 0.0353611 ], [ 38.088358, 0.0354758 ], [ 38.0886462, 0.0356887 ], [ 38.0887449, 0.036514 ], [ 38.088779, 0.0367649 ], [ 38.0887939, 0.0373417 ], [ 38.0889282, 0.0376695 ], [ 38.0890297, 0.0382743 ], [ 38.0892003, 0.0385719 ], [ 38.0894974, 0.0390091 ], [ 38.0896813, 0.039697 ], [ 38.0897022, 0.0397051 ], [ 38.0900883, 0.0395574 ], [ 38.0901321, 0.0394143 ], [ 38.090287, 0.0392943 ], [ 38.0905064, 0.0392862 ], [ 38.0907297, 0.0394484 ], [ 38.0908638, 0.0395752 ], [ 38.0914211, 0.0396185 ], [ 38.0916836, 0.0397579 ], [ 38.0919193, 0.0402954 ], [ 38.0923245, 0.0406076 ], [ 38.0929915, 0.0407769 ], [ 38.0938254, 0.0405699 ], [ 38.0943795, 0.0406063 ], [ 38.0945899, 0.040589 ], [ 38.0947645, 0.0407513 ], [ 38.0949048, 0.0409884 ], [ 38.0949113, 0.0415113 ], [ 38.0948527, 0.0417113 ], [ 38.0945305, 0.0421679 ], [ 38.094631, 0.0425739 ], [ 38.0953036, 0.0434355 ], [ 38.0955101, 0.0434863 ], [ 38.0957066, 0.0436982 ], [ 38.0957181, 0.0442066 ], [ 38.0958296, 0.0448978 ], [ 38.0959376, 0.045309 ], [ 38.0960578, 0.0454795 ], [ 38.0964029, 0.0454388 ], [ 38.0967627, 0.0451504 ], [ 38.0969578, 0.0451413 ], [ 38.0973098, 0.0453626 ], [ 38.0977663, 0.046166 ], [ 38.0980854, 0.0460322 ], [ 38.0981813, 0.0465322 ], [ 38.0986479, 0.0466169 ], [ 38.099171, 0.0463352 ], [ 38.0995088, 0.0463135 ], [ 38.0999265, 0.0464658 ], [ 38.1003653, 0.0463752 ], [ 38.1008679, 0.0466113 ], [ 38.1012451, 0.0464964 ], [ 38.1016039, 0.0464007 ], [ 38.1022581, 0.0456491 ], [ 38.102813, 0.0454267 ], [ 38.1036608, 0.0453076 ], [ 38.1041745, 0.0447019 ], [ 38.1047743, 0.0443468 ], [ 38.1049438, 0.0442296 ], [ 38.1049734, 0.0440518 ], [ 38.1055711, 0.0439383 ], [ 38.106083, 0.0440515 ], [ 38.1066565, 0.0445832 ], [ 38.1067964, 0.0453197 ], [ 38.1062669, 0.0456455 ], [ 38.1065605, 0.0464497 ], [ 38.106878, 0.0468742 ], [ 38.1074344, 0.0468038 ], [ 38.1075941, 0.0471701 ], [ 38.1078299, 0.0473828 ], [ 38.1087092, 0.0473739 ], [ 38.1094214, 0.0472162 ], [ 38.1097645, 0.0472939 ], [ 38.1099697, 0.0475586 ], [ 38.1101322, 0.0480702 ], [ 38.1104331, 0.0481134 ], [ 38.1105199, 0.0487887 ], [ 38.1109125, 0.0496271 ], [ 38.1112671, 0.0499033 ], [ 38.1113523, 0.0501447 ], [ 38.1113414, 0.0504646 ], [ 38.111416, 0.0505722 ], [ 38.1112715, 0.0507836 ], [ 38.1116606, 0.0513299 ], [ 38.1119668, 0.0514758 ], [ 38.1123344, 0.0513533 ], [ 38.1125571, 0.0514158 ], [ 38.1127468, 0.0517289 ], [ 38.1130072, 0.0518732 ], [ 38.1135991, 0.0518833 ], [ 38.1137612, 0.0519971 ], [ 38.1143666, 0.0525991 ], [ 38.1153164, 0.0525884 ], [ 38.1160509, 0.0521715 ], [ 38.1161289, 0.051832 ], [ 38.115877, 0.0510858 ], [ 38.1159298, 0.050826 ], [ 38.1162276, 0.0504534 ], [ 38.1164912, 0.050394 ], [ 38.1170597, 0.0506807 ], [ 38.1174736, 0.0505816 ], [ 38.1176204, 0.0500645 ], [ 38.1181488, 0.0498108 ], [ 38.1182564, 0.049411 ], [ 38.118016, 0.049049 ], [ 38.117911, 0.0486959 ], [ 38.1181707, 0.0484359 ], [ 38.1181063, 0.0479479 ], [ 38.1185817, 0.0471631 ], [ 38.1194323, 0.0466277 ], [ 38.1200576, 0.0465038 ], [ 38.1205607, 0.0466559 ], [ 38.1210199, 0.0466219 ], [ 38.1219219, 0.0467079 ], [ 38.1224608, 0.0474177 ], [ 38.1224905, 0.0481566 ], [ 38.1227371, 0.0483744 ], [ 38.1233262, 0.0482477 ], [ 38.1238958, 0.0475015 ], [ 38.1244978, 0.0472185 ], [ 38.1252493, 0.0472162 ], [ 38.1258996, 0.0474059 ], [ 38.126173, 0.0476584 ], [ 38.1265705, 0.047646 ], [ 38.1273171, 0.0472268 ], [ 38.127515, 0.0470411 ], [ 38.1280007, 0.0470769 ], [ 38.1281425, 0.0470405 ], [ 38.1286851, 0.0470858 ], [ 38.1288546, 0.0472644 ], [ 38.1288488, 0.0475829 ], [ 38.1290223, 0.047895 ], [ 38.1293953, 0.0480365 ], [ 38.1301482, 0.0478509 ], [ 38.1303655, 0.0476501 ], [ 38.1305626, 0.0474485 ], [ 38.1308087, 0.0473378 ], [ 38.1314137, 0.0472599 ], [ 38.1318903, 0.0472543 ], [ 38.1323054, 0.0471662 ], [ 38.132818, 0.0469974 ], [ 38.1332029, 0.0466499 ], [ 38.1334658, 0.0463583 ], [ 38.1337785, 0.0460874 ], [ 38.1342297, 0.0459697 ], [ 38.1355338, 0.0460867 ], [ 38.1364388, 0.0458434 ], [ 38.1371266, 0.0458464 ], [ 38.1377187, 0.0455132 ], [ 38.1382456, 0.0451063 ], [ 38.1387025, 0.044787 ], [ 38.1392534, 0.0443733 ], [ 38.1394526, 0.0441569 ], [ 38.1396093, 0.0440467 ], [ 38.1398598, 0.0439488 ], [ 38.1401882, 0.0437278 ], [ 38.1409745, 0.0434092 ], [ 38.1413939, 0.0433685 ], [ 38.1419144, 0.0431565 ], [ 38.1421213, 0.0429459 ], [ 38.142585, 0.0426308 ], [ 38.1432613, 0.0420721 ], [ 38.1439354, 0.0413128 ], [ 38.1441428, 0.0411307 ], [ 38.1444995, 0.0406947 ], [ 38.1452694, 0.0399888 ], [ 38.1459969, 0.0394068 ], [ 38.146575, 0.0388558 ], [ 38.1469513, 0.0379863 ], [ 38.1472536, 0.0376624 ], [ 38.1483566, 0.0362945 ], [ 38.1490269, 0.0355779 ], [ 38.149492, 0.0351294 ], [ 38.1501554, 0.0344166 ], [ 38.150524, 0.0341197 ], [ 38.1507966, 0.0340915 ], [ 38.1511571, 0.0339034 ], [ 38.1513279, 0.03389 ], [ 38.1518144, 0.0338034 ], [ 38.1522096, 0.0335438 ], [ 38.1523732, 0.0330933 ], [ 38.1525863, 0.0326782 ], [ 38.1528114, 0.0324397 ], [ 38.1536227, 0.0315875 ], [ 38.1541531, 0.0309784 ], [ 38.1545828, 0.0304949 ], [ 38.155052, 0.0303551 ], [ 38.1556844, 0.0302339 ], [ 38.1560379, 0.0299963 ], [ 38.1566649, 0.0298804 ], [ 38.157467, 0.0298622 ], [ 38.1580262, 0.0296468 ], [ 38.1586398, 0.029289 ], [ 38.1589742, 0.0286861 ], [ 38.1591563, 0.0282764 ], [ 38.159467, 0.027147 ], [ 38.1597253, 0.0262055 ], [ 38.1597219, 0.0258836 ], [ 38.1598387, 0.0257349 ], [ 38.1601783, 0.0254728 ], [ 38.1607628, 0.0251621 ], [ 38.1619525, 0.0241005 ], [ 38.162271, 0.0241054 ], [ 38.1627594, 0.0237974 ], [ 38.1640724, 0.0239658 ], [ 38.1647241, 0.024135 ], [ 38.1652909, 0.0240554 ], [ 38.1659006, 0.0240178 ], [ 38.1667148, 0.0233385 ], [ 38.1672006, 0.0232301 ], [ 38.1679441, 0.023275 ], [ 38.1687154, 0.023047 ], [ 38.1695008, 0.0228156 ], [ 38.170066, 0.0224821 ], [ 38.1703241, 0.0222772 ], [ 38.1707837, 0.0220226 ], [ 38.1710043, 0.0218607 ], [ 38.1712191, 0.0218555 ], [ 38.1713992, 0.0217911 ], [ 38.1714879, 0.0217374 ], [ 38.1715464, 0.0216131 ], [ 38.1717192, 0.0215107 ], [ 38.1718819, 0.0215557 ], [ 38.1719398, 0.0216777 ], [ 38.1719598, 0.021929 ], [ 38.1720423, 0.0221521 ], [ 38.1721879, 0.0222412 ], [ 38.1723359, 0.0221963 ], [ 38.1725501, 0.0223414 ], [ 38.1728914, 0.0224491 ], [ 38.1731339, 0.0224506 ], [ 38.1733402, 0.0224281 ], [ 38.1743637, 0.0220794 ], [ 38.1750081, 0.0219795 ], [ 38.1757013, 0.0219613 ], [ 38.1763065, 0.0217502 ], [ 38.1765102, 0.0216132 ], [ 38.1771654, 0.0211835 ], [ 38.1771226, 0.0208109 ], [ 38.1771381, 0.0205365 ], [ 38.1771825, 0.0203369 ], [ 38.1773068, 0.0202475 ], [ 38.1775193, 0.0201919 ], [ 38.1777087, 0.0203202 ], [ 38.177941, 0.0205776 ], [ 38.1784312, 0.0204112 ], [ 38.1788627, 0.0201627 ], [ 38.1792598, 0.0199176 ], [ 38.1793521, 0.0195931 ], [ 38.1794894, 0.0194457 ], [ 38.1797221, 0.019496 ], [ 38.1799424, 0.0195038 ], [ 38.1800988, 0.0194105 ], [ 38.1803982, 0.0191922 ], [ 38.180752, 0.0188042 ], [ 38.1808889, 0.0184184 ], [ 38.1810579, 0.017761 ], [ 38.1812152, 0.0176544 ], [ 38.1814781, 0.0166157 ], [ 38.1818656, 0.0159692 ], [ 38.1821331, 0.0156857 ], [ 38.1824419, 0.0156269 ], [ 38.1825651, 0.0153209 ], [ 38.1828222, 0.0150045 ], [ 38.1832165, 0.014873 ], [ 38.1834003, 0.0153424 ], [ 38.1839166, 0.0150993 ], [ 38.1844612, 0.0152528 ], [ 38.1846487, 0.0154455 ], [ 38.1849577, 0.0155657 ], [ 38.1850859, 0.0155016 ], [ 38.1852183, 0.01526 ], [ 38.1854758, 0.0150094 ], [ 38.1857851, 0.0145581 ], [ 38.1861408, 0.0143432 ], [ 38.1863647, 0.0140891 ], [ 38.1867166, 0.0137963 ], [ 38.1870992, 0.0138319 ], [ 38.1874844, 0.0140159 ], [ 38.1878809, 0.0139953 ], [ 38.1882395, 0.0138032 ], [ 38.1886367, 0.0136545 ], [ 38.1889349, 0.0134801 ], [ 38.1893761, 0.0133895 ], [ 38.1898281, 0.0134745 ], [ 38.1901137, 0.013285 ], [ 38.1905097, 0.0133442 ], [ 38.1909648, 0.0133259 ], [ 38.1911098, 0.0127506 ], [ 38.1910101, 0.0120735 ], [ 38.1910673, 0.0117259 ], [ 38.1913712, 0.0113044 ], [ 38.1923187, 0.0107538 ], [ 38.1927272, 0.0108563 ], [ 38.1929721, 0.0109644 ], [ 38.1933727, 0.0113725 ], [ 38.1935885, 0.0113809 ], [ 38.1940198, 0.0113471 ], [ 38.1948676, 0.011359 ], [ 38.1952036, 0.0113964 ], [ 38.1953724, 0.0113943 ], [ 38.1954596, 0.0114608 ], [ 38.1954668, 0.0116297 ], [ 38.1955239, 0.0120389 ], [ 38.1957253, 0.0121758 ], [ 38.1958277, 0.0123866 ], [ 38.1959803, 0.0125836 ], [ 38.1962169, 0.0127136 ], [ 38.1964252, 0.0127391 ], [ 38.1967018, 0.0127062 ], [ 38.1970563, 0.0125294 ], [ 38.1973331, 0.0124157 ], [ 38.197513, 0.0122248 ], [ 38.1976906, 0.0121023 ], [ 38.1979613, 0.0120548 ], [ 38.1981633, 0.0121329 ], [ 38.1983863, 0.012328 ], [ 38.1987598, 0.0125534 ], [ 38.1990373, 0.0127575 ], [ 38.1994088, 0.0129099 ], [ 38.2002142, 0.013135 ], [ 38.2007423, 0.0131318 ], [ 38.2014572, 0.0131155 ], [ 38.2016729, 0.0131685 ], [ 38.202027, 0.0132529 ], [ 38.2024374, 0.0133189 ], [ 38.2027012, 0.0133731 ], [ 38.2029568, 0.0134997 ], [ 38.2030492, 0.0136071 ], [ 38.2035128, 0.0139432 ], [ 38.20388, 0.014214 ], [ 38.2042491, 0.0144767 ], [ 38.2046481, 0.0145849 ], [ 38.2052462, 0.0147029 ], [ 38.2057228, 0.0148092 ], [ 38.2062356, 0.0148589 ], [ 38.2063961, 0.0149765 ], [ 38.2064932, 0.0152083 ], [ 38.2066444, 0.015239 ], [ 38.2068063, 0.0152052 ], [ 38.2068509, 0.0149161 ], [ 38.2070424, 0.0148081 ], [ 38.207204, 0.0148472 ], [ 38.2073936, 0.0150465 ], [ 38.2075679, 0.0150092 ], [ 38.2080252, 0.0149416 ], [ 38.2083024, 0.014784 ], [ 38.2086789, 0.0144192 ], [ 38.2091133, 0.0141977 ], [ 38.2094783, 0.0139155 ], [ 38.2096812, 0.0133052 ], [ 38.210067, 0.0129617 ], [ 38.210134, 0.0125528 ], [ 38.2103294, 0.0122934 ], [ 38.2106117, 0.0119977 ], [ 38.2106281, 0.0115864 ], [ 38.210562, 0.0114344 ], [ 38.2107477, 0.0112767 ], [ 38.2109305, 0.011246 ], [ 38.2110962, 0.0112712 ], [ 38.2112766, 0.0112273 ], [ 38.2114199, 0.0111101 ], [ 38.2115678, 0.0109129 ], [ 38.21192, 0.0107183 ], [ 38.2121392, 0.010647 ], [ 38.2125254, 0.0106653 ], [ 38.2128879, 0.0105303 ], [ 38.2133265, 0.0104848 ], [ 38.2135057, 0.0102398 ], [ 38.2135091, 0.0098906 ], [ 38.2135698, 0.0096612 ], [ 38.213691, 0.0095522 ], [ 38.2137963, 0.0095366 ], [ 38.2142141, 0.0096126 ], [ 38.2148403, 0.0099707 ], [ 38.2150049, 0.0101849 ], [ 38.2152073, 0.0102084 ], [ 38.2156128, 0.0105218 ], [ 38.215935, 0.0105972 ], [ 38.2167971, 0.0107979 ], [ 38.2172828, 0.0107195 ], [ 38.2176527, 0.0107988 ], [ 38.2180818, 0.0108088 ], [ 38.2186292, 0.0107076 ], [ 38.2189846, 0.0106508 ], [ 38.2196146, 0.0103399 ], [ 38.2198214, 0.010002 ], [ 38.2201, 0.0098646 ], [ 38.2203558, 0.009699 ], [ 38.2206479, 0.0095355 ], [ 38.2207876, 0.0093112 ], [ 38.2209335, 0.0091308 ], [ 38.2212731, 0.0089935 ], [ 38.2217701, 0.0087031 ], [ 38.2219852, 0.0084508 ], [ 38.2223249, 0.0081319 ], [ 38.2227065, 0.0077793 ], [ 38.2229891, 0.0076812 ], [ 38.2231698, 0.0074127 ], [ 38.223121, 0.0069826 ], [ 38.2230755, 0.0067271 ], [ 38.2229776, 0.0064099 ], [ 38.2231034, 0.0060656 ], [ 38.2232213, 0.0059025 ], [ 38.2232283, 0.0056106 ], [ 38.2231537, 0.0054168 ], [ 38.2231468, 0.0051594 ], [ 38.223094, 0.0047877 ], [ 38.2229276, 0.0044876 ], [ 38.2229152, 0.0041839 ], [ 38.2227193, 0.0039114 ], [ 38.2224319, 0.0036433 ], [ 38.2219754, 0.0034065 ], [ 38.2215452, 0.0031378 ], [ 38.2213231, 0.0028918 ], [ 38.2211268, 0.0025766 ], [ 38.2211266, 0.00228 ], [ 38.2213826, 0.0020362 ], [ 38.221695, 0.0017074 ], [ 38.2220853, 0.0016332 ], [ 38.222565, 0.0015915 ], [ 38.2229205, 0.0014689 ], [ 38.2234766, 0.0013528 ], [ 38.224128, 0.0012147 ], [ 38.2247462, 0.0008567 ], [ 38.2256858, 0.0006714 ], [ 38.2261093, 0.0006555 ], [ 38.2267693, 0.0006161 ], [ 38.2275642, 0.0004279 ], [ 38.2286651, 0.0001969 ], [ 38.2289389, 0.0000403 ], [ 38.2291182, -0.000686 ], [ 38.2294901, -0.0010931 ], [ 38.2296916, -0.0014032 ], [ 38.2296779, -0.0016319 ], [ 38.2301434, -0.0029988 ], [ 38.2300929, -0.0033363 ], [ 38.2301188, -0.0040354 ], [ 38.2301272, -0.0044591 ], [ 38.2300495, -0.0049281 ], [ 38.2300746, -0.0052938 ], [ 38.230126, -0.0060508 ], [ 38.2300717, -0.0064491 ], [ 38.2300877, -0.0067617 ], [ 38.2301745, -0.0070656 ], [ 38.2303421, -0.0075043 ], [ 38.2305083, -0.0082829 ], [ 38.2307256, -0.0090827 ], [ 38.2309262, -0.0098151 ], [ 38.2309249, -0.0100082 ], [ 38.2309782, -0.0103921 ], [ 38.2310659, -0.0105643 ], [ 38.2311608, -0.0112831 ], [ 38.2312642, -0.0116852 ], [ 38.2314128, -0.0120218 ], [ 38.2315232, -0.0121141 ], [ 38.2316394, -0.0121332 ], [ 38.2317695, -0.0120018 ], [ 38.231971, -0.0119713 ], [ 38.2322426, -0.0121349 ], [ 38.232452, -0.0122109 ], [ 38.2327209, -0.0121827 ], [ 38.233004, -0.0122504 ], [ 38.2332363, -0.0123438 ], [ 38.2335203, -0.0123324 ], [ 38.2339278, -0.0122664 ], [ 38.234468, -0.0124234 ], [ 38.2349332, -0.0126343 ], [ 38.2351187, -0.0126028 ], [ 38.2355885, -0.0125967 ], [ 38.2358237, -0.0128267 ], [ 38.2358802, -0.0129328 ], [ 38.2361028, -0.0130199 ], [ 38.2362165, -0.0130277 ], [ 38.2363572, -0.0131953 ], [ 38.2367385, -0.0133295 ], [ 38.2370148, -0.0133286 ], [ 38.2372437, -0.0133122 ], [ 38.2374385, -0.0131874 ], [ 38.2376764, -0.0130539 ], [ 38.2379524, -0.0130418 ], [ 38.2382584, -0.0132712 ], [ 38.2384473, -0.0134369 ], [ 38.2385781, -0.0137553 ], [ 38.23853, -0.0145573 ], [ 38.2385515, -0.0151938 ], [ 38.2384158, -0.0157256 ], [ 38.2384325, -0.0166346 ], [ 38.2385317, -0.0173255 ], [ 38.2386085, -0.01752 ], [ 38.2395232, -0.0179111 ], [ 38.2399622, -0.0182603 ], [ 38.2405881, -0.0185478 ], [ 38.2409429, -0.018582 ], [ 38.2410791, -0.0186604 ], [ 38.241429, -0.0187186 ], [ 38.2418068, -0.0186613 ], [ 38.2420893, -0.0187143 ], [ 38.2422971, -0.0188476 ], [ 38.2425517, -0.0192953 ], [ 38.2427291, -0.0194193 ], [ 38.2429137, -0.0197342 ], [ 38.2430466, -0.020136 ], [ 38.2430861, -0.0207808 ], [ 38.2429694, -0.0210896 ], [ 38.2430719, -0.0211828 ], [ 38.2433189, -0.021274 ], [ 38.2433074, -0.0213948 ], [ 38.2434088, -0.0216247 ], [ 38.2436242, -0.021876 ], [ 38.2439865, -0.0222049 ], [ 38.2443106, -0.0224013 ], [ 38.2447169, -0.0225967 ], [ 38.244954, -0.0227953 ], [ 38.2451019, -0.0228161 ], [ 38.2452761, -0.0229192 ], [ 38.2453811, -0.0230932 ], [ 38.245679, -0.0232729 ], [ 38.2458731, -0.0233941 ], [ 38.2460334, -0.0233685 ], [ 38.2462595, -0.0235567 ], [ 38.2468002, -0.0237412 ], [ 38.2475506, -0.0237846 ], [ 38.2481333, -0.0237817 ], [ 38.2484317, -0.0234859 ], [ 38.2489364, -0.0229455 ], [ 38.2490638, -0.022827 ], [ 38.249011, -0.0226017 ], [ 38.2489516, -0.0223571 ], [ 38.2489037, -0.0217368 ], [ 38.2489289, -0.021003 ], [ 38.2492354, -0.0204243 ], [ 38.2494348, -0.0198014 ], [ 38.2495974, -0.0189499 ], [ 38.2496808, -0.0184553 ], [ 38.2497503, -0.0179543 ], [ 38.2497841, -0.0174523 ], [ 38.2499715, -0.0171666 ], [ 38.2503166, -0.0171156 ], [ 38.2505512, -0.0168779 ], [ 38.2510823, -0.0168119 ], [ 38.2514342, -0.0170197 ], [ 38.2516426, -0.0171478 ], [ 38.252397, -0.0172022 ], [ 38.2527615, -0.0170321 ], [ 38.2539056, -0.0166952 ], [ 38.2544748, -0.016589 ], [ 38.2549976, -0.0165993 ], [ 38.255437, -0.0166416 ], [ 38.2559476, -0.0165902 ], [ 38.2563282, -0.0163713 ], [ 38.2570204, -0.0166798 ], [ 38.2574374, -0.0170296 ], [ 38.257537, -0.017544 ], [ 38.2579315, -0.0178334 ], [ 38.2583258, -0.0177126 ], [ 38.2612244, -0.0185368 ], [ 38.2616888, -0.0188671 ], [ 38.2620079, -0.018975 ], [ 38.2624129, -0.0189853 ], [ 38.2625749, -0.0188294 ], [ 38.2627309, -0.0185047 ], [ 38.2630308, -0.0182078 ], [ 38.2636134, -0.0179427 ], [ 38.2641982, -0.0178387 ], [ 38.2649364, -0.0178548 ], [ 38.2659954, -0.0183046 ], [ 38.2666516, -0.0187342 ], [ 38.2672015, -0.0191655 ], [ 38.2682065, -0.0198206 ], [ 38.2688386, -0.0200608 ], [ 38.2692927, -0.020253 ], [ 38.2693394, -0.0207612 ], [ 38.2698947, -0.0212022 ], [ 38.2704017, -0.0215141 ], [ 38.2710766, -0.0215567 ], [ 38.2717029, -0.0212169 ], [ 38.2724394, -0.021118 ], [ 38.2728457, -0.0211462 ], [ 38.2735554, -0.0213945 ], [ 38.2739756, -0.0215539 ], [ 38.2745469, -0.0217338 ], [ 38.2748035, -0.0218128 ], [ 38.2750252, -0.0218829 ], [ 38.2761189, -0.0219278 ], [ 38.2765079, -0.0217347 ], [ 38.2771028, -0.0216913 ], [ 38.27746, -0.0217535 ], [ 38.277962, -0.022054 ], [ 38.2782602, -0.0224845 ], [ 38.278252, -0.023092 ], [ 38.2781932, -0.023682 ], [ 38.2785518, -0.0242473 ], [ 38.2792547, -0.0245249 ], [ 38.2800033, -0.0245413 ], [ 38.2804873, -0.0243716 ], [ 38.281393, -0.0240684 ], [ 38.281867, -0.0238672 ], [ 38.2822631, -0.0238516 ], [ 38.2829945, -0.0241044 ], [ 38.2831986, -0.0243386 ], [ 38.2836248, -0.0250874 ], [ 38.2838156, -0.0253172 ], [ 38.2843581, -0.0259964 ], [ 38.2845064, -0.0261994 ], [ 38.2847987, -0.0263059 ], [ 38.2851071, -0.0263458 ], [ 38.2854314, -0.0263535 ], [ 38.2855992, -0.0262361 ], [ 38.2860835, -0.026417 ], [ 38.2872352, -0.0267522 ], [ 38.2879223, -0.0267647 ], [ 38.2882837, -0.0271468 ], [ 38.2891602, -0.0279961 ], [ 38.2896597, -0.0287011 ], [ 38.2903856, -0.0294707 ], [ 38.2907922, -0.030037 ], [ 38.2907071, -0.0307303 ], [ 38.2905521, -0.0313324 ], [ 38.2905124, -0.0317568 ], [ 38.2905027, -0.032056 ], [ 38.290781, -0.0326408 ], [ 38.2913436, -0.033803 ], [ 38.2917576, -0.0348942 ], [ 38.2919806, -0.0355776 ], [ 38.2922035, -0.0359702 ], [ 38.2927849, -0.0365672 ], [ 38.2933602, -0.0372201 ], [ 38.2939149, -0.03767 ], [ 38.2943297, -0.0381628 ], [ 38.2948079, -0.0386181 ], [ 38.2951398, -0.0388212 ], [ 38.2953455, -0.0388914 ], [ 38.2956499, -0.0388862 ], [ 38.2959816, -0.0388273 ], [ 38.2962618, -0.0387191 ], [ 38.2968286, -0.0384814 ], [ 38.2972173, -0.0383143 ], [ 38.2976222, -0.0384146 ], [ 38.2979807, -0.0389468 ], [ 38.2984279, -0.0405844 ], [ 38.2983994, -0.0418862 ], [ 38.2983066, -0.0425589 ], [ 38.2985331, -0.0429628 ], [ 38.2993525, -0.0429707 ], [ 38.2998174, -0.0430783 ], [ 38.3005488, -0.0432308 ], [ 38.3011536, -0.0434404 ], [ 38.3015635, -0.0438244 ], [ 38.3017418, -0.044076 ], [ 38.3019873, -0.0440852 ], [ 38.3027414, -0.0444706 ], [ 38.3028905, -0.0448449 ], [ 38.3030544, -0.0451788 ], [ 38.3031529, -0.0456987 ], [ 38.3032858, -0.0460604 ], [ 38.3036798, -0.0463898 ], [ 38.3037713, -0.0466565 ], [ 38.3037107, -0.0470636 ], [ 38.3036759, -0.047417 ], [ 38.3035582, -0.0476665 ], [ 38.3035579, -0.0478733 ], [ 38.3037167, -0.0480068 ], [ 38.3036403, -0.0485683 ], [ 38.3034905, -0.0489301 ], [ 38.3031915, -0.0492979 ], [ 38.3031181, -0.049435 ], [ 38.3030716, -0.0498561 ], [ 38.3029342, -0.0500944 ], [ 38.302672, -0.0502091 ], [ 38.302353, -0.0505245 ], [ 38.3015846, -0.0509522 ], [ 38.3012274, -0.0512041 ], [ 38.3009425, -0.0513806 ], [ 38.3006267, -0.051644 ], [ 38.3003768, -0.0520631 ], [ 38.3003637, -0.0522097 ], [ 38.3004136, -0.0523797 ], [ 38.3004884, -0.0525387 ], [ 38.3006424, -0.0526719 ], [ 38.3007626, -0.0528358 ], [ 38.3008827, -0.0530327 ], [ 38.3010447, -0.0531721 ], [ 38.301205, -0.0532062 ], [ 38.3017523, -0.0530644 ], [ 38.3022006, -0.0530072 ], [ 38.3028089, -0.0530016 ], [ 38.3030609, -0.0530835 ], [ 38.3034115, -0.0533271 ], [ 38.3037473, -0.053661 ], [ 38.3042355, -0.0540816 ], [ 38.3044197, -0.0542826 ], [ 38.3046489, -0.054544 ], [ 38.3048584, -0.0547003 ], [ 38.3051109, -0.0547679 ], [ 38.3053514, -0.0547982 ], [ 38.3055396, -0.0548594 ], [ 38.3057566, -0.0549019 ], [ 38.30674, -0.0547596 ], [ 38.3073929, -0.0547025 ], [ 38.3075915, -0.0547374 ], [ 38.3077996, -0.0548295 ], [ 38.3080217, -0.0549029 ], [ 38.308328, -0.0548925 ], [ 38.3087162, -0.0548427 ], [ 38.3088667, -0.0548839 ], [ 38.3097152, -0.0558692 ], [ 38.3104255, -0.0555513 ], [ 38.3113412, -0.055495 ], [ 38.3123492, -0.0556125 ], [ 38.3160137, -0.0580656 ], [ 38.3232951, -0.0641155 ], [ 38.3269, -0.0693512 ], [ 38.3281231, -0.070424 ], [ 38.3299178, -0.0709398 ], [ 38.3317065, -0.0710892 ], [ 38.3330704, -0.0704316 ], [ 38.3341098, -0.0699305 ], [ 38.3369625, -0.0665193 ], [ 38.3380556, -0.0655172 ], [ 38.3387529, -0.0650285 ], [ 38.3398178, -0.0647073 ], [ 38.340835, -0.0646174 ], [ 38.3432446, -0.0645774 ], [ 38.3455874, -0.0647519 ], [ 38.3475865, -0.0652647 ], [ 38.3535387, -0.0698028 ], [ 38.3564901, -0.0718188 ], [ 38.3627462, -0.0760173 ], [ 38.3658614, -0.0795694 ], [ 38.3681187, -0.0813421 ], [ 38.371014, -0.0826955 ], [ 38.3743844, -0.0830122 ], [ 38.3759384, -0.0832295 ], [ 38.3786506, -0.0845115 ], [ 38.3807286, -0.0877863 ], [ 38.3809747, -0.08873 ], [ 38.3820168, -0.0897387 ], [ 38.3835795, -0.0900807 ], [ 38.3846857, -0.0901539 ], [ 38.3859812, -0.0897443 ], [ 38.3881923, -0.0872486 ], [ 38.3895122, -0.0858126 ], [ 38.3915122, -0.0827739 ], [ 38.3914396, -0.0827143 ], [ 38.3917289, -0.0794807 ], [ 38.3928886, -0.0766731 ], [ 38.3944227, -0.0760648 ], [ 38.3964896, -0.0760628 ], [ 38.3986611, -0.0768957 ], [ 38.4009452, -0.0777717 ], [ 38.4050956, -0.0785652 ], [ 38.4080195, -0.0781591 ], [ 38.4094901, -0.0779548 ], [ 38.4139457, -0.076551 ], [ 38.4173657, -0.0747971 ], [ 38.4186172, -0.0736298 ], [ 38.4197711, -0.0728289 ], [ 38.4208288, -0.0725268 ], [ 38.4209248, -0.0718987 ], [ 38.4210847, -0.0714483 ], [ 38.4211546, -0.0711236 ], [ 38.4208599, -0.0707389 ], [ 38.4200456, -0.0701694 ], [ 38.4194011, -0.0699596 ], [ 38.4190905, -0.0695014 ], [ 38.418477, -0.0693951 ], [ 38.4175977, -0.0696498 ], [ 38.4167684, -0.0696798 ], [ 38.4156195, -0.0694051 ], [ 38.4144255, -0.0690953 ], [ 38.4121675, -0.067167 ], [ 38.4118128, -0.0668673 ], [ 38.4112433, -0.0662778 ], [ 38.4111334, -0.066073 ], [ 38.4112133, -0.0657932 ], [ 38.4117179, -0.0652837 ], [ 38.4124772, -0.0648191 ], [ 38.4128619, -0.0643395 ], [ 38.4129468, -0.0639698 ], [ 38.4130767, -0.0632554 ], [ 38.4130317, -0.0626909 ], [ 38.4130767, -0.0617617 ], [ 38.4129967, -0.0607926 ], [ 38.412707, -0.0605778 ], [ 38.4121924, -0.0604429 ], [ 38.4112283, -0.0605428 ], [ 38.4105589, -0.060283 ], [ 38.4103041, -0.0597685 ], [ 38.4108436, -0.0594188 ], [ 38.4118228, -0.059239 ], [ 38.412288, -0.0590076 ], [ 38.4124422, -0.0586295 ], [ 38.4125371, -0.0577852 ], [ 38.4129068, -0.0569759 ], [ 38.4133015, -0.0563815 ], [ 38.4146703, -0.0550926 ], [ 38.41497, -0.0544781 ], [ 38.4145404, -0.0536938 ], [ 38.4139909, -0.0534041 ], [ 38.4133115, -0.0536388 ], [ 38.4124822, -0.0543183 ], [ 38.4116479, -0.0543033 ], [ 38.4110235, -0.0537787 ], [ 38.4106588, -0.0533041 ], [ 38.4106738, -0.0528196 ], [ 38.4108936, -0.0523999 ], [ 38.4113732, -0.0520602 ], [ 38.4118078, -0.0514857 ], [ 38.4120076, -0.0504966 ], [ 38.4116404, -0.0494001 ], [ 38.4108115, -0.0484084 ], [ 38.4105182, -0.0478004 ], [ 38.410384, -0.0470515 ], [ 38.4099318, -0.0468043 ], [ 38.4089659, -0.0467737 ], [ 38.407558, -0.046451 ], [ 38.4068304, -0.046013 ], [ 38.4069363, -0.0452429 ], [ 38.4070249, -0.0433573 ], [ 38.4067083, -0.0420729 ], [ 38.4068475, -0.0409077 ], [ 38.4070909, -0.0403685 ], [ 38.4070518, -0.0393036 ], [ 38.4070562, -0.0386642 ], [ 38.4068127, -0.0382468 ], [ 38.4064127, -0.0383511 ], [ 38.4058736, -0.038212 ], [ 38.4055605, -0.037812 ], [ 38.4056127, -0.0372903 ], [ 38.4057654, -0.0360353 ], [ 38.4059605, -0.0349425 ], [ 38.4059605, -0.0340207 ], [ 38.4056823, -0.0328555 ], [ 38.4052823, -0.032212 ], [ 38.4052127, -0.0317251 ], [ 38.405591, -0.0314335 ], [ 38.4063083, -0.0316555 ], [ 38.4071779, -0.0317772 ], [ 38.4076812, -0.0314268 ], [ 38.4077518, -0.030699 ], [ 38.407168, -0.0300064 ], [ 38.4062214, -0.0296381 ], [ 38.4048301, -0.0293772 ], [ 38.4036649, -0.0293772 ], [ 38.4031257, -0.0295164 ], [ 38.4027257, -0.0295164 ], [ 38.4025692, -0.0291338 ], [ 38.4025344, -0.028612 ], [ 38.4020649, -0.0281946 ], [ 38.4016236, -0.0276985 ], [ 38.4007923, -0.0253115 ], [ 38.401404, -0.0226816 ], [ 38.4017555, -0.0227972 ], [ 38.4021692, -0.0225946 ], [ 38.4024127, -0.0221251 ], [ 38.402117, -0.0214468 ], [ 38.401804, -0.0208729 ], [ 38.4016649, -0.0204033 ], [ 38.4017866, -0.0200381 ], [ 38.4021518, -0.0196381 ], [ 38.4027953, -0.0194816 ], [ 38.4029101, -0.0190155 ], [ 38.4024649, -0.0188381 ], [ 38.4018408, -0.0181482 ], [ 38.398683, -0.0186672 ], [ 38.3976284, -0.0170325 ], [ 38.3942007, -0.0158196 ], [ 38.3940425, -0.0136576 ], [ 38.3950445, -0.0131303 ], [ 38.3962573, -0.0131303 ], [ 38.3964682, -0.0124447 ], [ 38.3954136, -0.0119701 ], [ 38.3924531, -0.0109721 ], [ 38.3909823, -0.0103981 ], [ 38.3899294, -0.009439 ], [ 38.3897388, -0.0085327 ], [ 38.3883696, -0.0077376 ], [ 38.3869885, -0.007038 ], [ 38.3843279, -0.0061412 ], [ 38.381201, -0.0058841 ], [ 38.3800591, -0.0053042 ], [ 38.3792878, -0.0043834 ], [ 38.3788454, -0.0033013 ], [ 38.3790786, -0.0021175 ], [ 38.3795628, -0.0013522 ], [ 38.379521, -0.000288 ], [ 38.3790427, 0.0005491 ], [ 38.3777572, 0.0018883 ], [ 38.3764299, 0.0026895 ], [ 38.3747977, 0.0029944 ], [ 38.3716745, 0.0033484 ], [ 38.3706222, 0.0036952 ], [ 38.3704309, 0.0044007 ], [ 38.3697373, 0.0062003 ], [ 38.3698509, 0.0073243 ], [ 38.3700289, 0.0081625 ], [ 38.3691622, 0.008628 ], [ 38.366819, 0.0099922 ], [ 38.3668029, 0.0112681 ], [ 38.3667387, 0.0119021 ], [ 38.3659924, 0.0123595 ], [ 38.3645078, 0.0126805 ], [ 38.3622929, 0.0137318 ], [ 38.3612657, 0.0148151 ], [ 38.3585614, 0.016693 ], [ 38.3569564, 0.018009 ], [ 38.3556723, 0.0197444 ], [ 38.3551415, 0.0210983 ], [ 38.3551254, 0.0225107 ], [ 38.354981, 0.0233533 ], [ 38.3542989, 0.024541 ], [ 38.3543551, 0.026154 ], [ 38.3540341, 0.0280639 ], [ 38.3542186, 0.0294121 ], [ 38.354997, 0.0305355 ], [ 38.3562971, 0.0317312 ], [ 38.3573965, 0.032935 ], [ 38.3583274, 0.0339301 ], [ 38.358199, 0.0350455 ], [ 38.3570996, 0.0357036 ], [ 38.3569414, 0.0357977 ], [ 38.3553742, 0.0367307 ], [ 38.3538013, 0.0379265 ], [ 38.3531834, 0.0386808 ], [ 38.3525013, 0.0389617 ], [ 38.3512976, 0.038761 ], [ 38.3504229, 0.0395395 ], [ 38.3498531, 0.0405506 ], [ 38.3489623, 0.0408876 ], [ 38.3476222, 0.040671 ], [ 38.3462258, 0.0401975 ], [ 38.3454474, 0.0407592 ], [ 38.3450382, 0.0416018 ], [ 38.3439548, 0.0428537 ], [ 38.3442277, 0.0435358 ], [ 38.3452388, 0.0446834 ], [ 38.3464826, 0.0455019 ], [ 38.3471246, 0.0472112 ], [ 38.3474938, 0.0489526 ], [ 38.3463783, 0.0505576 ], [ 38.3460975, 0.0513119 ], [ 38.3465308, 0.0521626 ], [ 38.3472932, 0.0534305 ], [ 38.348521, 0.0540003 ], [ 38.3494037, 0.0552923 ], [ 38.350142, 0.0570337 ], [ 38.3491068, 0.0579084 ], [ 38.3465914, 0.0588317 ], [ 38.3410962, 0.0581181 ], [ 38.3392577, 0.0582429 ], [ 38.3385062, 0.0588832 ], [ 38.3381909, 0.0598204 ], [ 38.3383952, 0.0607964 ], [ 38.3398138, 0.0616476 ], [ 38.3415388, 0.0622718 ], [ 38.3416069, 0.0632024 ], [ 38.3409094, 0.0645481 ], [ 38.3395641, 0.0656537 ], [ 38.3375852, 0.0669539 ], [ 38.3368555, 0.0673523 ], [ 38.3366162, 0.067483 ], [ 38.3364764, 0.0675593 ], [ 38.3347522, 0.0681051 ], [ 38.3324143, 0.0682753 ], [ 38.3294069, 0.0691832 ], [ 38.3269669, 0.0706359 ], [ 38.3254007, 0.0721793 ], [ 38.3241864, 0.0741768 ], [ 38.3235622, 0.0754478 ], [ 38.3240956, 0.0768664 ], [ 38.3250262, 0.0788411 ], [ 38.3265923, 0.0839708 ], [ 38.3266264, 0.0854008 ], [ 38.3261186, 0.0857775 ], [ 38.3259228, 0.0859228 ], [ 38.3250521, 0.0862827 ], [ 38.3242996, 0.0863512 ], [ 38.3236726, 0.0869227 ], [ 38.3238328, 0.0873695 ], [ 38.3242718, 0.0878333 ], [ 38.3240921, 0.0885088 ], [ 38.3228132, 0.089441 ], [ 38.3215648, 0.0902581 ], [ 38.3206682, 0.0911093 ], [ 38.3191256, 0.0947089 ], [ 38.3170657, 0.1015754 ], [ 38.3163344, 0.1026067 ], [ 38.3135991, 0.1027223 ], [ 38.3116729, 0.1028764 ], [ 38.3097344, 0.1057095 ], [ 38.3096696, 0.1058042 ], [ 38.3083212, 0.10931 ], [ 38.3084753, 0.1121608 ], [ 38.3077048, 0.1138944 ], [ 38.3063179, 0.1152813 ], [ 38.3058171, 0.1168223 ], [ 38.3057786, 0.1224854 ], [ 38.3065876, 0.1254518 ], [ 38.3065876, 0.1272625 ], [ 38.3062794, 0.1301519 ], [ 38.3053163, 0.1330797 ], [ 38.3053163, 0.1344666 ], [ 38.3043532, 0.1363543 ], [ 38.3037753, 0.1390511 ], [ 38.3028122, 0.1418634 ], [ 38.3013097, 0.1451765 ], [ 38.3006548, 0.1470257 ], [ 38.3007318, 0.1486437 ], [ 38.3003081, 0.1498765 ], [ 38.2997687, 0.1512249 ], [ 38.2998843, 0.1523806 ], [ 38.2991523, 0.1536905 ], [ 38.296782, 0.1570982 ], [ 38.2954744, 0.1579699 ], [ 38.2941668, 0.157643 ], [ 38.2932951, 0.1581878 ], [ 38.2929682, 0.1591685 ], [ 38.2913338, 0.1600402 ], [ 38.2891, 0.1617837 ], [ 38.2874655, 0.1628733 ], [ 38.2874655, 0.1642898 ], [ 38.2874655, 0.1658153 ], [ 38.2867028, 0.1662512 ], [ 38.2851773, 0.1663601 ], [ 38.2846324, 0.1671229 ], [ 38.2835428, 0.1687574 ], [ 38.2833249, 0.1696291 ], [ 38.282, 0.1701969 ], [ 38.2817994, 0.1702829 ], [ 38.2804117, 0.1704264 ], [ 38.2797347, 0.1705584 ], [ 38.2789663, 0.1713725 ], [ 38.2782035, 0.1726801 ], [ 38.277676, 0.1728863 ], [ 38.2773559, 0.1731042 ], [ 38.2772061, 0.1733494 ], [ 38.276995, 0.1734788 ], [ 38.276777, 0.1735333 ], [ 38.2765659, 0.1736014 ], [ 38.2763684, 0.1738125 ], [ 38.2761437, 0.1740917 ], [ 38.2759326, 0.1743097 ], [ 38.2756465, 0.1745003 ], [ 38.2753537, 0.1745821 ], [ 38.2750336, 0.1745753 ], [ 38.2748497, 0.1744527 ], [ 38.2747544, 0.1743028 ], [ 38.2746863, 0.1739079 ], [ 38.2745637, 0.1736899 ], [ 38.2742777, 0.173615 ], [ 38.2738146, 0.1736423 ], [ 38.273154, 0.1738329 ], [ 38.2728271, 0.1740985 ], [ 38.2725955, 0.1743914 ], [ 38.2724661, 0.1745276 ], [ 38.2721733, 0.1745821 ], [ 38.2718941, 0.1745889 ], [ 38.2717034, 0.1747251 ], [ 38.2716012, 0.1749566 ], [ 38.2715331, 0.1752971 ], [ 38.271465, 0.175624 ], [ 38.2712948, 0.1757943 ], [ 38.2708589, 0.1760531 ], [ 38.2703277, 0.1763595 ], [ 38.2698714, 0.1768022 ], [ 38.2693606, 0.1772381 ], [ 38.2688839, 0.1774832 ], [ 38.2685774, 0.1777012 ], [ 38.2682982, 0.1779055 ], [ 38.2679305, 0.1782528 ], [ 38.2678298, 0.1784544 ], [ 38.2678011, 0.1785116 ], [ 38.2676308, 0.1789406 ], [ 38.2675695, 0.1792199 ], [ 38.2675014, 0.1793901 ], [ 38.2673856, 0.1794786 ], [ 38.2671541, 0.1795059 ], [ 38.2670111, 0.1795536 ], [ 38.2668136, 0.1797306 ], [ 38.2665616, 0.1799213 ], [ 38.2663913, 0.179969 ], [ 38.2662415, 0.1800643 ], [ 38.2661121, 0.1803708 ], [ 38.2659351, 0.180507 ], [ 38.2656899, 0.1806023 ], [ 38.2653357, 0.1806228 ], [ 38.2651042, 0.1805819 ], [ 38.2649476, 0.1804798 ], [ 38.2647977, 0.180541 ], [ 38.2647364, 0.1807658 ], [ 38.2646888, 0.1810859 ], [ 38.2647977, 0.1813719 ], [ 38.2647773, 0.1816103 ], [ 38.264682, 0.1817328 ], [ 38.2645253, 0.1817805 ], [ 38.2643414, 0.1817328 ], [ 38.2642665, 0.1819099 ], [ 38.2642052, 0.1824207 ], [ 38.2641644, 0.182625 ], [ 38.2639533, 0.1828361 ], [ 38.2638102, 0.183054 ], [ 38.2636127, 0.1833401 ], [ 38.2634425, 0.1835307 ], [ 38.2634629, 0.1837146 ], [ 38.2635787, 0.1839938 ], [ 38.2635651, 0.1843207 ], [ 38.2634152, 0.184886 ], [ 38.2631565, 0.1851516 ], [ 38.2629453, 0.185424 ], [ 38.2629181, 0.1857236 ], [ 38.2630543, 0.1859824 ], [ 38.2632722, 0.1859688 ], [ 38.2634765, 0.1858667 ], [ 38.2635787, 0.1859416 ], [ 38.2638375, 0.1863979 ], [ 38.2639124, 0.1867724 ], [ 38.2638171, 0.187004 ], [ 38.2635583, 0.1872219 ], [ 38.2634683, 0.1874291 ], [ 38.2635165, 0.1878529 ], [ 38.2634635, 0.1881659 ], [ 38.2632854, 0.1883248 ], [ 38.2631987, 0.1884789 ], [ 38.263295, 0.1886234 ], [ 38.263425, 0.1887582 ], [ 38.263372, 0.1889364 ], [ 38.2633094, 0.189076 ], [ 38.263348, 0.189206 ], [ 38.2633576, 0.1893361 ], [ 38.2632035, 0.1894131 ], [ 38.263006, 0.1893987 ], [ 38.2628519, 0.1894805 ], [ 38.2627845, 0.1896154 ], [ 38.262693, 0.1897646 ], [ 38.2625197, 0.189808 ], [ 38.2622355, 0.1897839 ], [ 38.2620718, 0.1897887 ], [ 38.2619177, 0.1899476 ], [ 38.2618214, 0.190068 ], [ 38.2616721, 0.1901162 ], [ 38.2614169, 0.1900777 ], [ 38.2613254, 0.1899573 ], [ 38.2612387, 0.1899332 ], [ 38.2609546, 0.1899476 ], [ 38.2606608, 0.1898898 ], [ 38.2603671, 0.1899813 ], [ 38.2602274, 0.1901692 ], [ 38.2600878, 0.1905496 ], [ 38.2598085, 0.1907518 ], [ 38.2595003, 0.1907855 ], [ 38.2592643, 0.1908433 ], [ 38.2590091, 0.1910697 ], [ 38.2587972, 0.1911708 ], [ 38.2587298, 0.1912815 ], [ 38.2587924, 0.1914308 ], [ 38.2588405, 0.1917246 ], [ 38.2587491, 0.1919028 ], [ 38.2585179, 0.1920087 ], [ 38.2582868, 0.192052 ], [ 38.2579593, 0.1919846 ], [ 38.2577474, 0.1920328 ], [ 38.2575452, 0.1921628 ], [ 38.2573525, 0.1924614 ], [ 38.2571262, 0.1929718 ], [ 38.2569336, 0.1934052 ], [ 38.2568854, 0.1936171 ], [ 38.2566832, 0.1938723 ], [ 38.2566109, 0.1940264 ], [ 38.2566061, 0.1942239 ], [ 38.256505, 0.1944887 ], [ 38.2563942, 0.1947391 ], [ 38.256216, 0.1948595 ], [ 38.2560042, 0.1949606 ], [ 38.2557345, 0.1950762 ], [ 38.2554504, 0.1952688 ], [ 38.2553733, 0.1953844 ], [ 38.2554215, 0.1956204 ], [ 38.2553733, 0.1958515 ], [ 38.2552337, 0.1959816 ], [ 38.2549592, 0.1961212 ], [ 38.2546847, 0.1961838 ], [ 38.2544102, 0.1960971 ], [ 38.2542031, 0.1961886 ], [ 38.2542079, 0.196362 ], [ 38.2542031, 0.1965594 ], [ 38.2541261, 0.1966943 ], [ 38.2539286, 0.1968869 ], [ 38.2537119, 0.1971132 ], [ 38.2536204, 0.1972432 ], [ 38.2535289, 0.1974455 ], [ 38.2534134, 0.197614 ], [ 38.2531244, 0.1977055 ], [ 38.2529559, 0.1975948 ], [ 38.2527633, 0.1974118 ], [ 38.2524454, 0.1971999 ], [ 38.2522673, 0.1971614 ], [ 38.2520554, 0.1973058 ], [ 38.2520313, 0.1975033 ], [ 38.2521083, 0.1976959 ], [ 38.2521035, 0.1979174 ], [ 38.2519687, 0.1980763 ], [ 38.2516749, 0.1982882 ], [ 38.2514245, 0.1983604 ], [ 38.2510393, 0.1982978 ], [ 38.2505577, 0.1981437 ], [ 38.2504421, 0.19811 ], [ 38.250158, 0.1982593 ], [ 38.250105, 0.1984375 ], [ 38.2501436, 0.1986397 ], [ 38.2502351, 0.1987794 ], [ 38.2502543, 0.1989287 ], [ 38.2501917, 0.199078 ], [ 38.2499365, 0.1993621 ], [ 38.2496813, 0.1994728 ], [ 38.2492527, 0.1996558 ], [ 38.2490649, 0.1997859 ], [ 38.2489156, 0.2000411 ], [ 38.248747, 0.2002722 ], [ 38.2485881, 0.2003493 ], [ 38.2483811, 0.2004263 ], [ 38.2480103, 0.2005901 ], [ 38.2478658, 0.2006575 ], [ 38.2475817, 0.2006671 ], [ 38.2473698, 0.2005612 ], [ 38.247259, 0.2005756 ], [ 38.247182, 0.2006864 ], [ 38.2470182, 0.2010042 ], [ 38.2469027, 0.2011246 ], [ 38.24671, 0.2012594 ], [ 38.2466234, 0.2015098 ], [ 38.2463585, 0.2018084 ], [ 38.2460744, 0.2020877 ], [ 38.2457951, 0.2027811 ], [ 38.2457951, 0.2032675 ], [ 38.2457903, 0.2035998 ], [ 38.2457325, 0.2038213 ], [ 38.245535, 0.2039947 ], [ 38.2452461, 0.2040958 ], [ 38.245039, 0.2040573 ], [ 38.2448031, 0.2040573 ], [ 38.2445816, 0.2042884 ], [ 38.2442204, 0.2046785 ], [ 38.2438399, 0.2050107 ], [ 38.2434451, 0.2051504 ], [ 38.2430839, 0.2051841 ], [ 38.2426601, 0.2050637 ], [ 38.2423616, 0.2048711 ], [ 38.2421015, 0.204587 ], [ 38.2419619, 0.2043221 ], [ 38.2418896, 0.2039802 ], [ 38.2418367, 0.2036431 ], [ 38.2416103, 0.2035853 ], [ 38.2412347, 0.2036672 ], [ 38.2410036, 0.2039224 ], [ 38.2407435, 0.2042306 ], [ 38.2404979, 0.204404 ], [ 38.240209, 0.2044425 ], [ 38.2399538, 0.2043318 ], [ 38.2398815, 0.2041873 ], [ 38.2397226, 0.2040621 ], [ 38.2395685, 0.2040525 ], [ 38.2392459, 0.2040284 ], [ 38.2389906, 0.2040525 ], [ 38.2388028, 0.204274 ], [ 38.2387306, 0.2046351 ], [ 38.2386343, 0.2052034 ], [ 38.2386487, 0.2055549 ], [ 38.2385476, 0.2058776 ], [ 38.2383405, 0.2060943 ], [ 38.2381431, 0.2062676 ], [ 38.2379986, 0.2064988 ], [ 38.2378734, 0.2066914 ], [ 38.2376134, 0.2067877 ], [ 38.2370933, 0.20712 ], [ 38.236944, 0.2073752 ], [ 38.2368381, 0.2077508 ], [ 38.236684, 0.2080831 ], [ 38.2364865, 0.2082468 ], [ 38.2362602, 0.208478 ], [ 38.2361157, 0.2087187 ], [ 38.2359327, 0.2089306 ], [ 38.2357546, 0.2094218 ], [ 38.2356486, 0.2099323 ], [ 38.2345892, 0.2107268 ], [ 38.2341943, 0.2108857 ], [ 38.2339776, 0.2107702 ], [ 38.2337272, 0.2106161 ], [ 38.2335201, 0.2106353 ], [ 38.233289, 0.2107509 ], [ 38.2329856, 0.2110302 ], [ 38.2327978, 0.2113866 ], [ 38.2327833, 0.2120078 ], [ 38.2326726, 0.2121619 ], [ 38.2323644, 0.2122389 ], [ 38.2320562, 0.2122437 ], [ 38.2318106, 0.2121763 ], [ 38.2315313, 0.2120704 ], [ 38.231435, 0.2121908 ], [ 38.2314927, 0.2123352 ], [ 38.2316131, 0.212576 ], [ 38.231512, 0.2128794 ], [ 38.231199, 0.2130528 ], [ 38.2309967, 0.2130046 ], [ 38.2307511, 0.2127734 ], [ 38.2305296, 0.2127205 ], [ 38.2304092, 0.2128216 ], [ 38.2303803, 0.2129901 ], [ 38.2305152, 0.2131876 ], [ 38.2306741, 0.2134958 ], [ 38.2306452, 0.2137751 ], [ 38.2304429, 0.214117 ], [ 38.2301685, 0.2143963 ], [ 38.2301107, 0.21456 ], [ 38.2300818, 0.2147575 ], [ 38.2299566, 0.2148827 ], [ 38.2297736, 0.2148634 ], [ 38.2296436, 0.214666 ], [ 38.2295665, 0.2145167 ], [ 38.2294413, 0.2144011 ], [ 38.2292053, 0.2143915 ], [ 38.2289212, 0.2144059 ], [ 38.2286034, 0.2142133 ], [ 38.2268698, 0.213857 ], [ 38.2263978, 0.2135488 ], [ 38.2261956, 0.2134043 ], [ 38.2259837, 0.2134091 ], [ 38.2258585, 0.2136162 ], [ 38.2257044, 0.2139966 ], [ 38.2255407, 0.2141459 ], [ 38.2251939, 0.2141892 ], [ 38.2249098, 0.2141411 ], [ 38.2245535, 0.2139147 ], [ 38.2242838, 0.2135825 ], [ 38.2240912, 0.2134091 ], [ 38.2239467, 0.2134236 ], [ 38.2234748, 0.2139003 ], [ 38.2232244, 0.2142326 ], [ 38.2230703, 0.214353 ], [ 38.2228198, 0.2144445 ], [ 38.2226272, 0.2146949 ], [ 38.2222949, 0.2149116 ], [ 38.2219241, 0.2150127 ], [ 38.2216256, 0.2149501 ], [ 38.2212403, 0.2148056 ], [ 38.220961, 0.2146563 ], [ 38.2207443, 0.2145648 ], [ 38.2205276, 0.2146178 ], [ 38.2203928, 0.2147864 ], [ 38.220335, 0.2150416 ], [ 38.2202676, 0.2154124 ], [ 38.2201472, 0.2156917 ], [ 38.2199883, 0.2157735 ], [ 38.2196753, 0.2157687 ], [ 38.2194586, 0.2158313 ], [ 38.2192322, 0.2160336 ], [ 38.2190685, 0.2163225 ], [ 38.2189144, 0.2166259 ], [ 38.2186495, 0.2167944 ], [ 38.2183269, 0.216833 ], [ 38.2180042, 0.2169389 ], [ 38.2178501, 0.2170689 ], [ 38.2176623, 0.2174927 ], [ 38.2174946, 0.2176709 ], [ 38.2171677, 0.2178446 ], [ 38.2169259, 0.2180182 ], [ 38.2167046, 0.2181374 ], [ 38.2163675, 0.2182668 ], [ 38.2161257, 0.2184132 ], [ 38.2156635, 0.2186477 ], [ 38.2154853, 0.2188981 ], [ 38.2152541, 0.2190618 ], [ 38.2149604, 0.2191629 ], [ 38.2147437, 0.2191629 ], [ 38.2144114, 0.2191581 ], [ 38.2142188, 0.219187 ], [ 38.2141658, 0.2192978 ], [ 38.2142284, 0.2194374 ], [ 38.2142958, 0.2196493 ], [ 38.2141851, 0.2198419 ], [ 38.2139732, 0.2200201 ], [ 38.2136842, 0.2201116 ], [ 38.2132942, 0.2203331 ], [ 38.2131256, 0.2204535 ], [ 38.212933, 0.2205016 ], [ 38.2126922, 0.2206076 ], [ 38.2122733, 0.2209254 ], [ 38.2119843, 0.2210988 ], [ 38.2117147, 0.2211325 ], [ 38.2114739, 0.2212047 ], [ 38.2112716, 0.2212047 ], [ 38.2110405, 0.2210506 ], [ 38.2106938, 0.2209639 ], [ 38.210347, 0.2209013 ], [ 38.209981, 0.2209639 ], [ 38.2094176, 0.2212047 ], [ 38.2088542, 0.2215514 ], [ 38.2085604, 0.2217874 ], [ 38.2081752, 0.2218693 ], [ 38.2077755, 0.2218789 ], [ 38.2073084, 0.2218645 ], [ 38.2071627, 0.2218704 ], [ 38.206952, 0.2218789 ], [ 38.2066487, 0.2219078 ], [ 38.206379, 0.2219945 ], [ 38.2062056, 0.2222352 ], [ 38.2060756, 0.222476 ], [ 38.2057241, 0.2228998 ], [ 38.2054448, 0.2232224 ], [ 38.205228, 0.2233765 ], [ 38.2050739, 0.2233862 ], [ 38.2049921, 0.2233284 ], [ 38.2049439, 0.2232128 ], [ 38.2047802, 0.2231117 ], [ 38.204212, 0.2229961 ], [ 38.2039038, 0.2229672 ], [ 38.2036293, 0.222895 ], [ 38.2034463, 0.2228276 ], [ 38.2032248, 0.2228276 ], [ 38.2029695, 0.2229142 ], [ 38.2029117, 0.2230057 ], [ 38.2029888, 0.2231358 ], [ 38.2031284, 0.2232995 ], [ 38.2032392, 0.2234921 ], [ 38.2032585, 0.2236221 ], [ 38.2032585, 0.223781 ], [ 38.2031718, 0.2238677 ], [ 38.2030321, 0.2238966 ], [ 38.2028684, 0.2238677 ], [ 38.2027625, 0.2238774 ], [ 38.2026661, 0.2239063 ], [ 38.202512, 0.2240459 ], [ 38.2023098, 0.2242482 ], [ 38.2021075, 0.2243926 ], [ 38.2018234, 0.2245756 ], [ 38.2015345, 0.2245901 ], [ 38.2013467, 0.224383 ], [ 38.2012311, 0.2239544 ], [ 38.2012263, 0.2236318 ], [ 38.2011781, 0.2233188 ], [ 38.2011059, 0.2230491 ], [ 38.2008988, 0.2227698 ], [ 38.2007014, 0.2226349 ], [ 38.2003306, 0.2226157 ], [ 38.1999646, 0.2226398 ], [ 38.1997507, 0.2227194 ], [ 38.1994885, 0.2229441 ], [ 38.1992263, 0.2232233 ], [ 38.1990935, 0.2234719 ], [ 38.1989982, 0.2236353 ], [ 38.1988518, 0.2236898 ], [ 38.1986475, 0.2237 ], [ 38.198467, 0.2237647 ], [ 38.1983751, 0.2238499 ], [ 38.198307, 0.2240235 ], [ 38.1981742, 0.2241733 ], [ 38.1980107, 0.2242244 ], [ 38.1978541, 0.224313 ], [ 38.1977792, 0.2245241 ], [ 38.1977315, 0.2246637 ], [ 38.1976123, 0.2247727 ], [ 38.1974557, 0.2248544 ], [ 38.1973399, 0.2249599 ], [ 38.1972684, 0.2251064 ], [ 38.1971526, 0.2254571 ], [ 38.1969006, 0.2257499 ], [ 38.1966555, 0.2259883 ], [ 38.1964171, 0.226196 ], [ 38.1963081, 0.2263594 ], [ 38.1963149, 0.2264922 ], [ 38.196349, 0.2268225 ], [ 38.1962332, 0.2271324 ], [ 38.195954, 0.2273537 ], [ 38.1954739, 0.2277283 ], [ 38.1951776, 0.2279871 ], [ 38.1950095, 0.2281006 ], [ 38.1948303, 0.2281676 ], [ 38.1943706, 0.2283855 ], [ 38.1941935, 0.2285183 ], [ 38.1940029, 0.2286953 ], [ 38.1939279, 0.2288928 ], [ 38.1936317, 0.2290427 ], [ 38.1935001, 0.2291811 ], [ 38.1934728, 0.2293581 ], [ 38.193575, 0.2296135 ], [ 38.1938065, 0.2298417 ], [ 38.194004, 0.2300392 ], [ 38.1940789, 0.2302809 ], [ 38.1940789, 0.2304614 ], [ 38.1940381, 0.2306998 ], [ 38.19397, 0.2309586 ], [ 38.193861, 0.2310641 ], [ 38.1937078, 0.2310914 ], [ 38.1936619, 0.2345142 ], [ 38.1935779, 0.2365845 ], [ 38.1935714, 0.2395857 ], [ 38.1935392, 0.2422273 ], [ 38.1934685, 0.2442846 ], [ 38.1934333, 0.2462253 ], [ 38.1933953, 0.2483007 ], [ 38.1933886, 0.2486696 ], [ 38.1930411, 0.2676884 ], [ 38.1930295, 0.2683353 ], [ 38.1930294, 0.2684907 ], [ 38.1930225, 0.2687076 ], [ 38.1930216, 0.2688118 ], [ 38.1930062, 0.2705809 ], [ 38.1929899, 0.2715583 ], [ 38.1929337, 0.2737646 ], [ 38.1929104, 0.2742847 ], [ 38.1928504, 0.2760635 ], [ 38.1927711, 0.278738 ], [ 38.1926066, 0.2864805 ], [ 38.1923035, 0.3044509 ], [ 38.1921692, 0.3056346 ], [ 38.1922983, 0.3060547 ], [ 38.1920812, 0.3187126 ], [ 38.1918342, 0.3187383 ], [ 38.1706428, 0.3009522 ], [ 38.1576462, 0.2900832 ], [ 38.152578, 0.2858741 ], [ 38.1474101, 0.2815164 ], [ 38.136556, 0.2725786 ], [ 38.1323618, 0.2690771 ], [ 38.1245613, 0.2782737 ], [ 38.1204658, 0.2696215 ], [ 38.1162102, 0.260386 ], [ 38.1128473, 0.2587476 ], [ 38.1098468, 0.2574924 ], [ 38.1068186, 0.2564451 ], [ 38.1021346, 0.2548443 ], [ 38.0920995, 0.2468653 ], [ 38.0775466, 0.2353434 ], [ 38.0742514, 0.2298235 ], [ 38.0723897, 0.2284087 ], [ 38.0702643, 0.2263505 ], [ 38.0690521, 0.2236758 ], [ 38.0653867, 0.2214306 ], [ 38.0640116, 0.219985 ], [ 38.0630632, 0.2175079 ], [ 38.0617999, 0.2156531 ], [ 38.0615875, 0.2129873 ], [ 38.0606706, 0.2119193 ], [ 38.0574417, 0.2080907 ], [ 38.0568116, 0.2074249 ], [ 38.0562329, 0.2066423 ], [ 38.0550442, 0.2045701 ], [ 38.0546583, 0.2029018 ], [ 38.0526863, 0.19311 ], [ 38.0512694, 0.1850151 ], [ 38.0478417, 0.170493 ], [ 38.045361, 0.1698478 ], [ 38.0435071, 0.1688184 ], [ 38.0421388, 0.1674873 ], [ 38.0419061, 0.1670405 ], [ 38.0418409, 0.1665472 ], [ 38.0421574, 0.1655232 ], [ 38.0421667, 0.1547907 ], [ 38.0420769, 0.1544212 ], [ 38.0420271, 0.1538319 ], [ 38.0412359, 0.1518027 ], [ 38.0383968, 0.1450541 ], [ 38.0375311, 0.1440861 ], [ 38.0338876, 0.1391557 ], [ 38.0289625, 0.1330552 ], [ 38.0297312, 0.1307144 ], [ 38.0303343, 0.1285299 ], [ 38.0304606, 0.1279109 ], [ 38.031162, 0.1242838 ], [ 38.0310635, 0.1220984 ], [ 38.0309082, 0.1209442 ], [ 38.0305959, 0.1185719 ], [ 38.0305979, 0.114341 ], [ 38.0286525, 0.112104 ], [ 38.0271446, 0.1102982 ], [ 38.0266179, 0.1094093 ], [ 38.0263518, 0.1087251 ], [ 38.0263736, 0.1085443 ], [ 38.0265329, 0.1070065 ], [ 38.0266467, 0.1062804 ], [ 38.0266531, 0.1061387 ], [ 38.0266876, 0.105372 ], [ 38.0267237, 0.1045685 ], [ 38.026744, 0.1041185 ], [ 38.0267739, 0.1034528 ], [ 38.0267857, 0.1031915 ], [ 38.0266898, 0.1021846 ], [ 38.0254511, 0.1004244 ], [ 38.0269828, 0.0988119 ], [ 38.0278224, 0.0981946 ], [ 38.0282487, 0.0978811 ], [ 38.0282316, 0.0976917 ], [ 38.0281961, 0.097298 ], [ 38.0281016, 0.0962493 ], [ 38.027969, 0.0947778 ], [ 38.0278401, 0.093348 ], [ 38.027757, 0.092426 ], [ 38.0277461, 0.0923054 ], [ 38.027612, 0.0912308 ], [ 38.0275114, 0.090424 ], [ 38.0272723, 0.088508 ], [ 38.0266257, 0.0833247 ], [ 38.026252, 0.0798501 ], [ 38.0221855, 0.0776349 ], [ 38.0201554, 0.076522 ], [ 38.0199053, 0.0762764 ], [ 38.0199118, 0.0758572 ], [ 38.0197943, 0.0737083 ], [ 38.0197802, 0.0724214 ], [ 38.0196749, 0.0721252 ], [ 38.0193787, 0.0718027 ], [ 38.018444, 0.0711116 ], [ 38.0160691, 0.0691828 ], [ 38.0140341, 0.067913 ], [ 38.011734, 0.0663256 ], [ 38.0108174, 0.0657043 ], [ 38.0102978, 0.0655447 ], [ 38.0093751, 0.0653161 ], [ 38.0079176, 0.0646468 ], [ 38.0059434, 0.0637197 ], [ 38.0055289, 0.0625735 ], [ 38.0054885, 0.0621853 ] ] ] } }
]
}
