gbifID,scientificName,species,genus,family,decimalLatitude,decimalLongitude,coordinateUncertaintyInMeters,stateProvince,county,locality,eventDate,year,month,day,basisOfRecord,institutionCode,datasetName
5938488168,"Loxodonta africana (Blumenbach, 1797)",Loxodonta africana,Loxodonta,Elephantidae,-2.741898,38.084716,31434.0,Taita Taveta,,,2026-01-03T11:43,2026.0,1.0,3.0,HUMAN_OBSERVATION,iNaturalist,iNaturalist research-grade observations
5938637684,"Loxodonta africana (Blumenbach, 1797)",Loxodonta africana,Loxodonta,Elephantidae,-1.16831,35.249041,31448.0,Narok,,,2026-01-04T19:59,2026.0,1.0,4.0,HUMAN_OBSERVATION,iNaturalist,iNaturalist research-grade observations
6129941983,"Loxodonta africana (Blumenbach, 1797)",Loxodonta africana,Loxodonta,Elephantidae,-1.537847,35.384679,52437.0,Narok,,,2026-01-07T01:26:56,2026.0,1.0,7.0,HUMAN_OBSERVATION,iNaturalist,iNaturalist research-grade observations
6130006508,"Loxodonta africana (Blumenbach, 1797)",Loxodonta africana,Loxodonta,Elephantidae,0.01424,36.903744,31451.0,Laikipia,,,2026-01-17T09:22:44,2026.0,1.0,17.0,HUMAN_OBSERVATION,iNaturalist,iNaturalist research-grade observations
6130100789,"Loxodonta africana (Blumenbach, 1797)",Loxodonta africana,Loxodonta,Elephantidae,-1.204499,35.020055,31447.0,Narok,,,2026-01-20T10:16:52,2026.0,1.0,20.0,HUMAN_OBSERVATION,iNaturalist,iNaturalist research-grade observations
6130191175,"Loxodonta africana (Blumenbach, 1797)",Loxodonta africana,Loxodonta,Elephantidae,0.268233,37.215136,31451.0,Laikipia,,,2026-01-06T10:03:34,2026.0,1.0,6.0,HUMAN_OBSERVATION,iNaturalist,iNaturalist research-grade observations
6130469400,"Loxodonta africana (Blumenbach, 1797)",Loxodonta africana,Loxodonta,Elephantidae,-1.197049,35.356465,31448.0,Narok,,,2026-01-22T18:58:09,2026.0,1.0,22.0,HUMAN_OBSERVATION,iNaturalist,iNaturalist research-grade observations
6130549386,"Loxodonta africana (Blumenbach, 1797)",Loxodonta africana,Loxodonta,Elephantidae,-1.340958,35.153014,31447.0,Narok,,,2026-01-20T11:25:52,2026.0,1.0,20.0,HUMAN_OBSERVATION,iNaturalist,iNaturalist research-grade observations
6130633337,"Loxodonta africana (Blumenbach, 1797)",Loxodonta africana,Loxodonta,Elephantidae,-1.590241,35.103948,31446.0,Narok,,,2026-01-06T22:25:43,2026.0,1.0,6.0,HUMAN_OBSERVATION,iNaturalist,iNaturalist research-grade observations
6130817319,"Loxodonta africana (Blumenbach, 1797)",Loxodonta africana,Loxodonta,Elephantidae,-1.249948,35.082911,31447.0,Narok,,,2026-01-21T15:04:06,2026.0,1.0,21.0,HUMAN_OBSERVATION,iNaturalist,iNaturalist research-grade observations
6130971205,"Loxodonta africana (Blumenbach, 1797)",Loxodonta africana,Loxodonta,Elephantidae,-1.454111,35.064575,31446.0,Narok,,,2026-01-06T08:05:57,2026.0,1.0,6.0,HUMAN_OBSERVATION,iNaturalist,iNaturalist research-grade observations
6131218148,"Loxodonta africana (Blumenbach, 1797)",Loxodonta africana,Loxodonta,Elephantidae,-1.387277,35.049735,31447.0,Narok,,,2026-01-09T10:57:46,2026.0,1.0,9.0,HUMAN_OBSERVATION,iNaturalist,iNaturalist research-grade observations
6131358235,"Loxodonta africana (Blumenbach, 1797)",Loxodonta africana,Loxodonta,Elephantidae,-2.758911,37.343227,31434.0,Kajiado,,,2026-01-08T17:55:24,2026.0,1.0,8.0,HUMAN_OBSERVATION,iNaturalist,iNaturalist research-grade observations
6133129400,"Loxodonta africana (Blumenbach, 1797)",Loxodonta africana,Loxodonta,Elephantidae,0.506207,36.776999,31451.0,Laikipia,,,2026-01-31T17:46:22,2026.0,1.0,31.0,HUMAN_OBSERVATION,iNaturalist,iNaturalist research-grade observations
6133135129,"Loxodonta africana (Blumenbach, 1797)",Loxodonta africana,Loxodonta,Elephantidae,0.555509,37.618765,31451.0,Isiolo,,,2026-01-31T15:44:24,2026.0,1.0,31.0,HUMAN_OBSERVATION,iNaturalist,iNaturalist research-grade observations
6133184591,"Loxodonta africana (Blumenbach, 1797)",Loxodonta africana,Loxodonta,Elephantidae,-0.232593,36.661186,31451.0,Nyeri,,,2026-01-07T10:36,2026.0,1.0,7.0,HUMAN_OBSERVATION,iNaturalist,iNaturalist research-grade observations
6133605591,"Loxodonta africana (Blumenbach, 1797)",Loxodonta africana,Loxodonta,Elephantidae,-3.316078,39.990069,31425.0,Kilifi,,,2026-01-27T14:26:02,2026.0,1.0,27.0,HUMAN_OBSERVATION,iNaturalist,iNaturalist research-grade observations
6147190691,"Loxodonta africana (Blumenbach, 1797)",Loxodonta africana,Loxodonta,Elephantidae,-2.829948,38.357778,31431.0,Taita Taveta,,,2026-01-04T13:14,2026.0,1.0,4.0,HUMAN_OBSERVATION,iNaturalist,iNaturalist research-grade observations
6147447795,"Loxodonta africana (Blumenbach, 1797)",Loxodonta africana,Loxodonta,Elephantidae,-3.06225,38.375425,31428.0,Taita Taveta,,,2026-01-04T11:59,2026.0,1.0,4.0,HUMAN_OBSERVATION,iNaturalist,iNaturalist research-grade observations
6147483463,"Loxodonta africana (Blumenbach, 1797)",Loxodonta africana,Loxodonta,Elephantidae,-1.684394,35.317001,31444.0,Narok,,,2026-01-25T15:43,2026.0,1.0,25.0,HUMAN_OBSERVATION,iNaturalist,iNaturalist research-grade observations
6147673401,"Loxodonta africana (Blumenbach, 1797)",Loxodonta africana,Loxodonta,Elephantidae,0.513997,36.801324,31451.0,Laikipia,,,2026-01-27T12:21,2026.0,1.0,27.0,HUMAN_OBSERVATION,iNaturalist,iNaturalist research-grade observations
6159226377,"Loxodonta africana (Blumenbach, 1797)",Loxodonta africana,Loxodonta,Elephantidae,-1.215667,35.395046,51156.0,Narok,,,2026-01-18T13:10,2026.0,1.0,18.0,HUMAN_OBSERVATION,iNaturalist,iNaturalist research-grade observations
6159345992,"Loxodonta africana (Blumenbach, 1797)",Loxodonta africana,Loxodonta,Elephantidae,-1.496991,35.146109,31446.0,Narok,,,2026-01-18T07:23,2026.0,1.0,18.0,HUMAN_OBSERVATION,iNaturalist,iNaturalist research-grade observations
6159530664,"Loxodonta africana (Blumenbach, 1797)",Loxodonta africana,Loxodonta,Elephantidae,-2.67381,37.319369,31434.0,Kajiado,,,2026-01-21T11:43,2026.0,1.0,21.0,HUMAN_OBSERVATION,iNaturalist,iNaturalist research-grade observations
6159604081,"Loxodonta africana (Blumenbach, 1797)",Loxodonta africana,Loxodonta,Elephantidae,0.791764,37.581803,31450.0,Samburu,,,2026-01-13T20:13,2026.0,1.0,13.0,HUMAN_OBSERVATION,iNaturalist,iNaturalist research-grade observations
6163224982,"Loxodonta africana (Blumenbach, 1797)",Loxodonta africana,Loxodonta,Elephantidae,-1.259399,34.861377,31447.0,Narok,,,2026-01-30T07:39,2026.0,1.0,30.0,HUMAN_OBSERVATION,iNaturalist,iNaturalist research-grade observations
6163272792,"Loxodonta africana (Blumenbach, 1797)",Loxodonta africana,Loxodonta,Elephantidae,-1.203481,34.945923,31447.0,Narok,,,2026-01-29T07:33,2026.0,1.0,29.0,HUMAN_OBSERVATION,iNaturalist,iNaturalist research-grade observations
6170913928,"Loxodonta africana (Blumenbach, 1797)",Loxodonta africana,Loxodonta,Elephantidae,0.486491,36.847565,31451.0,Laikipia,,,2026-01-28T08:11,2026.0,1.0,28.0,HUMAN_OBSERVATION,iNaturalist,iNaturalist research-grade observations
6171227500,"Loxodonta africana (Blumenbach, 1797)",Loxodonta africana,Loxodonta,Elephantidae,0.444562,36.931438,31451.0,Laikipia,,,2026-01-28T08:39,2026.0,1.0,28.0,HUMAN_OBSERVATION,iNaturalist,iNaturalist research-grade observations
6171339543,"Loxodonta africana (Blumenbach, 1797)",Loxodonta africana,Loxodonta,Elephantidae,0.784527,36.82062,31450.0,Laikipia,,,2026-01-28T08:43,2026.0,1.0,28.0,HUMAN_OBSERVATION,iNaturalist,iNaturalist research-grade observations
6178297130,"Loxodonta africana (Blumenbach, 1797)",Loxodonta africana,Loxodonta,Elephantidae,0.76126,36.932727,31450.0,Laikipia,,,2026-01-29T09:25,2026.0,1.0,29.0,HUMAN_OBSERVATION,iNaturalist,iNaturalist research-grade observations
6178350000,"Loxodonta africana (Blumenbach, 1797)",Loxodonta africana,Loxodonta,Elephantidae,0.617268,36.885003,31450.0,Laikipia,,,2026-01-29T09:55,2026.0,1.0,29.0,HUMAN_OBSERVATION,iNaturalist,iNaturalist research-grade observations
6178600187,"Loxodonta africana (Blumenbach, 1797)",Loxodonta africana,Loxodonta,Elephantidae,0.707363,36.903674,31450.0,Laikipia,,,2026-01-29T09:49,2026.0,1.0,29.0,HUMAN_OBSERVATION,iNaturalist,iNaturalist research-grade observations
6178738725,"Loxodonta africana (Blumenbach, 1797)",Loxodonta africana,Loxodonta,Elephantidae,0.719588,36.912306,31450.0,Laikipia,,,2026-01-29T09:06,2026.0,1.0,29.0,HUMAN_OBSERVATION,iNaturalist,iNaturalist research-grade observations
6179441424,"Loxodonta africana (Blumenbach, 1797)",Loxodonta africana,Loxodonta,Elephantidae,0.733434,36.951277,31450.0,Laikipia,,,2026-01-29T06:52,2026.0,1.0,29.0,HUMAN_OBSERVATION,iNaturalist,iNaturalist research-grade observations
6184954047,"Loxodonta africana (Blumenbach, 1797)",Loxodonta africana,Loxodonta,Elephantidae,0.410775,36.910314,31451.0,Laikipia,,,2026-01-30T09:00,2026.0,1.0,30.0,HUMAN_OBSERVATION,iNaturalist,iNaturalist research-grade observations
6185043843,"Loxodonta africana (Blumenbach, 1797)",Loxodonta africana,Loxodonta,Elephantidae,0.733873,36.91837,31450.0,Laikipia,,,2026-01-30T06:34,2026.0,1.0,30.0,HUMAN_OBSERVATION,iNaturalist,iNaturalist research-grade observations
6185045425,"Loxodonta africana (Blumenbach, 1797)",Loxodonta africana,Loxodonta,Elephantidae,0.774268,36.970703,31450.0,Laikipia,,,2026-01-29T18:04,2026.0,1.0,29.0,HUMAN_OBSERVATION,iNaturalist,iNaturalist research-grade observations
6185604864,"Loxodonta africana (Blumenbach, 1797)",Loxodonta africana,Loxodonta,Elephantidae,0.795791,36.91965,31450.0,Laikipia,,,2026-01-30T09:17,2026.0,1.0,30.0,HUMAN_OBSERVATION,iNaturalist,iNaturalist research-grade observations
6235492427,"Loxodonta africana (Blumenbach, 1797)",Loxodonta africana,Loxodonta,Elephantidae,0.701067,36.902065,31450.0,Laikipia,,,2026-01-30T09:31,2026.0,1.0,30.0,HUMAN_OBSERVATION,iNaturalist,iNaturalist research-grade observations
6236111891,"Loxodonta africana (Blumenbach, 1797)",Loxodonta africana,Loxodonta,Elephantidae,0.574869,36.870257,31451.0,Laikipia,,,2026-01-30T09:26,2026.0,1.0,30.0,HUMAN_OBSERVATION,iNaturalist,iNaturalist research-grade observations
6252934852,"Loxodonta africana (Blumenbach, 1797)",Loxodonta africana,Loxodonta,Elephantidae,0.47572,37.735469,31451.0,Isiolo,,,2026-01-31T14:00,2026.0,1.0,31.0,HUMAN_OBSERVATION,iNaturalist,iNaturalist research-grade observations
6253342389,"Loxodonta africana (Blumenbach, 1797)",Loxodonta africana,Loxodonta,Elephantidae,0.780634,36.956522,31450.0,Laikipia,,,2026-01-30T09:41,2026.0,1.0,30.0,HUMAN_OBSERVATION,iNaturalist,iNaturalist research-grade observations
6273637643,"Loxodonta africana (Blumenbach, 1797)",Loxodonta africana,Loxodonta,Elephantidae,0.566138,37.513566,31451.0,Samburu,,,2026-01-31T17:04,2026.0,1.0,31.0,HUMAN_OBSERVATION,iNaturalist,iNaturalist research-grade observations
6399730180,"Loxodonta africana (Blumenbach, 1797)",Loxodonta africana,Loxodonta,Elephantidae,0.021203,36.912387,31451.0,Laikipia,,,2026-01-07T10:59:24,2026.0,1.0,7.0,HUMAN_OBSERVATION,iNaturalist,iNaturalist research-grade observations
6498210049,"Loxodonta africana (Blumenbach, 1797)",Loxodonta africana,Loxodonta,Elephantidae,-2.645343,37.285147,31434.0,Kajiado,,,2026-01-20,2026.0,1.0,20.0,HUMAN_OBSERVATION,iNaturalist,iNaturalist research-grade observations
6498219907,"Loxodonta africana (Blumenbach, 1797)",Loxodonta africana,Loxodonta,Elephantidae,0.125059,36.874036,31451.0,Laikipia,,,2026-01-08T17:28,2026.0,1.0,8.0,HUMAN_OBSERVATION,iNaturalist,iNaturalist research-grade observations
6498358703,"Loxodonta africana (Blumenbach, 1797)",Loxodonta africana,Loxodonta,Elephantidae,0.328345,36.885416,31451.0,Laikipia,,,2026-01-10T18:01,2026.0,1.0,10.0,HUMAN_OBSERVATION,iNaturalist,iNaturalist research-grade observations
6498602572,"Loxodonta africana (Blumenbach, 1797)",Loxodonta africana,Loxodonta,Elephantidae,0.033701,36.940219,31451.0,Laikipia,,,2026-01-10T08:03,2026.0,1.0,10.0,HUMAN_OBSERVATION,iNaturalist,iNaturalist research-grade observations
6498621859,"Loxodonta africana (Blumenbach, 1797)",Loxodonta africana,Loxodonta,Elephantidae,0.002656,36.856762,31451.0,Laikipia,,,2026-01-10T07:47,2026.0,1.0,10.0,HUMAN_OBSERVATION,iNaturalist,iNaturalist research-grade observations
6499293313,"Loxodonta africana (Blumenbach, 1797)",Loxodonta africana,Loxodonta,Elephantidae,0.035924,36.885496,31451.0,Laikipia,,,2026-01-10T08:07,2026.0,1.0,10.0,HUMAN_OBSERVATION,iNaturalist,iNaturalist research-grade observations
6499653481,"Loxodonta africana (Blumenbach, 1797)",Loxodonta africana,Loxodonta,Elephantidae,0.161413,36.833789,31451.0,Laikipia,,,2026-01-10T08:20,2026.0,1.0,10.0,HUMAN_OBSERVATION,iNaturalist,iNaturalist research-grade observations
6499703098,"Loxodonta africana (Blumenbach, 1797)",Loxodonta africana,Loxodonta,Elephantidae,0.196757,36.985898,31451.0,Laikipia,,,2026-01-09T12:26,2026.0,1.0,9.0,HUMAN_OBSERVATION,iNaturalist,iNaturalist research-grade observations
6499864827,"Loxodonta africana (Blumenbach, 1797)",Loxodonta africana,Loxodonta,Elephantidae,0.194155,36.98619,31451.0,Laikipia,,,2026-01-10T08:12,2026.0,1.0,10.0,HUMAN_OBSERVATION,iNaturalist,iNaturalist research-grade observations
6500143744,"Loxodonta africana (Blumenbach, 1797)",Loxodonta africana,Loxodonta,Elephantidae,0.171966,36.822923,31451.0,Laikipia,,,2026-01-08T17:19,2026.0,1.0,8.0,HUMAN_OBSERVATION,iNaturalist,iNaturalist research-grade observations
6500410843,"Loxodonta africana (Blumenbach, 1797)",Loxodonta africana,Loxodonta,Elephantidae,0.159064,36.912606,31451.0,Laikipia,,,2026-01-09T07:06,2026.0,1.0,9.0,HUMAN_OBSERVATION,iNaturalist,iNaturalist research-grade observations
6500433823,"Loxodonta africana (Blumenbach, 1797)",Loxodonta africana,Loxodonta,Elephantidae,0.154043,36.941317,31451.0,Laikipia,,,2026-01-10T08:01,2026.0,1.0,10.0,HUMAN_OBSERVATION,iNaturalist,iNaturalist research-grade observations
6133424210,"Loxodonta africana (Blumenbach, 1797)",Loxodonta africana,Loxodonta,Elephantidae,-3.438504,38.233085,31422.0,Taita Taveta,,,2026-02-01T17:40:54,2026.0,2.0,1.0,HUMAN_OBSERVATION,iNaturalist,iNaturalist research-grade observations
6147243017,"Loxodonta africana (Blumenbach, 1797)",Loxodonta africana,Loxodonta,Elephantidae,-2.635916,37.245934,31434.0,Kajiado,,,2026-02-04T09:04:49,2026.0,2.0,4.0,HUMAN_OBSERVATION,iNaturalist,iNaturalist research-grade observations
6147305658,"Loxodonta africana (Blumenbach, 1797)",Loxodonta africana,Loxodonta,Elephantidae,-3.490141,38.878918,31422.0,Taita Taveta,,,2026-02-06T12:03:29,2026.0,2.0,6.0,HUMAN_OBSERVATION,iNaturalist,iNaturalist research-grade observations
6147475043,"Loxodonta africana (Blumenbach, 1797)",Loxodonta africana,Loxodonta,Elephantidae,0.500509,37.736896,31451.0,Isiolo,,,2026-02-02T13:04,2026.0,2.0,2.0,HUMAN_OBSERVATION,iNaturalist,iNaturalist research-grade observations
6147525817,"Loxodonta africana (Blumenbach, 1797)",Loxodonta africana,Loxodonta,Elephantidae,-3.670586,38.977981,31418.0,Taita Taveta,,,2026-02-07T18:05:12,2026.0,2.0,7.0,HUMAN_OBSERVATION,iNaturalist,iNaturalist research-grade observations
6147552696,"Loxodonta africana (Blumenbach, 1797)",Loxodonta africana,Loxodonta,Elephantidae,0.434176,37.479308,31451.0,Isiolo,,,2026-02-02T06:51:47,2026.0,2.0,2.0,HUMAN_OBSERVATION,iNaturalist,iNaturalist research-grade observations
6147566970,"Loxodonta africana (Blumenbach, 1797)",Loxodonta africana,Loxodonta,Elephantidae,0.611616,37.682385,31450.0,Isiolo,,,2026-02-02T13:04,2026.0,2.0,2.0,HUMAN_OBSERVATION,iNaturalist,iNaturalist research-grade observations
6147690367,"Loxodonta africana (Blumenbach, 1797)",Loxodonta africana,Loxodonta,Elephantidae,-3.618465,38.603011,31418.0,Taita Taveta,,,2026-02-07T14:02:04,2026.0,2.0,7.0,HUMAN_OBSERVATION,iNaturalist,iNaturalist research-grade observations
6147716610,"Loxodonta africana (Blumenbach, 1797)",Loxodonta africana,Loxodonta,Elephantidae,-3.652687,38.975886,31418.0,Taita Taveta,,,2026-02-07T17:56:41,2026.0,2.0,7.0,HUMAN_OBSERVATION,iNaturalist,iNaturalist research-grade observations
6159223613,"Loxodonta africana (Blumenbach, 1797)",Loxodonta africana,Loxodonta,Elephantidae,-3.294676,38.525044,31425.0,Taita Taveta,,,2026-02-09T15:49:32,2026.0,2.0,9.0,HUMAN_OBSERVATION,iNaturalist,iNaturalist research-grade observations
6159278180,"Loxodonta africana (Blumenbach, 1797)",Loxodonta africana,Loxodonta,Elephantidae,-3.600751,38.723786,31418.0,Taita Taveta,,,2026-02-10T14:29:16,2026.0,2.0,10.0,HUMAN_OBSERVATION,iNaturalist,iNaturalist research-grade observations
6159289840,"Loxodonta africana (Blumenbach, 1797)",Loxodonta africana,Loxodonta,Elephantidae,0.012726,36.868654,31451.0,Laikipia,,,2026-02-14T17:54:27,2026.0,2.0,14.0,HUMAN_OBSERVATION,iNaturalist,iNaturalist research-grade observations
6159293406,"Loxodonta africana (Blumenbach, 1797)",Loxodonta africana,Loxodonta,Elephantidae,-3.342884,38.469529,31425.0,Taita Taveta,,,2026-02-09T15:44:24,2026.0,2.0,9.0,HUMAN_OBSERVATION,iNaturalist,iNaturalist research-grade observations
6159684568,"Loxodonta africana (Blumenbach, 1797)",Loxodonta africana,Loxodonta,Elephantidae,-3.447381,38.904204,31422.0,Taita Taveta,,,2026-02-09T09:49:34,2026.0,2.0,9.0,HUMAN_OBSERVATION,iNaturalist,iNaturalist research-grade observations
6161822402,"Loxodonta africana (Blumenbach, 1797)",Loxodonta africana,Loxodonta,Elephantidae,-2.639218,37.199364,250.0,,,Amboseli Nationalpark,2026-02-07T00:00,2026.0,2.0,7.0,HUMAN_OBSERVATION,NABU|naturgucker,
6162806815,"Loxodonta africana (Blumenbach, 1797)",Loxodonta africana,Loxodonta,Elephantidae,-2.71146,37.254742,31434.0,Kajiado,,,2026-02-02T17:44,2026.0,2.0,2.0,HUMAN_OBSERVATION,iNaturalist,iNaturalist research-grade observations
6162847522,"Loxodonta africana (Blumenbach, 1797)",Loxodonta africana,Loxodonta,Elephantidae,-1.510004,35.111754,31446.0,Narok,,,2026-02-21T11:36,2026.0,2.0,21.0,HUMAN_OBSERVATION,iNaturalist,iNaturalist research-grade observations
6162915936,"Loxodonta africana (Blumenbach, 1797)",Loxodonta africana,Loxodonta,Elephantidae,-2.648627,37.35602,31434.0,Kajiado,,,2026-02-02T08:09,2026.0,2.0,2.0,HUMAN_OBSERVATION,iNaturalist,iNaturalist research-grade observations
6162945597,"Loxodonta africana (Blumenbach, 1797)",Loxodonta africana,Loxodonta,Elephantidae,-2.741556,37.310119,31434.0,Kajiado,,,2026-02-07T16:47,2026.0,2.0,7.0,HUMAN_OBSERVATION,iNaturalist,iNaturalist research-grade observations
6162959346,"Loxodonta africana (Blumenbach, 1797)",Loxodonta africana,Loxodonta,Elephantidae,-2.72652,37.363033,31434.0,Kajiado,,,2026-02-02T08:06,2026.0,2.0,2.0,HUMAN_OBSERVATION,iNaturalist,iNaturalist research-grade observations
6162991254,"Loxodonta africana (Blumenbach, 1797)",Loxodonta africana,Loxodonta,Elephantidae,-2.718521,37.371766,31434.0,Kajiado,,,2026-02-02T17:50,2026.0,2.0,2.0,HUMAN_OBSERVATION,iNaturalist,iNaturalist research-grade observations
6162998553,"Loxodonta africana (Blumenbach, 1797)",Loxodonta africana,Loxodonta,Elephantidae,-2.602122,37.242777,31434.0,Kajiado,,,2026-02-02T17:30,2026.0,2.0,2.0,HUMAN_OBSERVATION,iNaturalist,iNaturalist research-grade observations
6163057089,"Loxodonta africana (Blumenbach, 1797)",Loxodonta africana,Loxodonta,Elephantidae,-1.523516,35.058187,31446.0,Narok,,,2026-02-16T16:25,2026.0,2.0,16.0,HUMAN_OBSERVATION,iNaturalist,iNaturalist research-grade observations
6163125438,"Loxodonta africana (Blumenbach, 1797)",Loxodonta africana,Loxodonta,Elephantidae,-2.791667,37.337745,31434.0,Kajiado,,,2026-02-02T08:24,2026.0,2.0,2.0,HUMAN_OBSERVATION,iNaturalist,iNaturalist research-grade observations
6163151106,"Loxodonta africana (Blumenbach, 1797)",Loxodonta africana,Loxodonta,Elephantidae,-2.66784,37.342524,31434.0,Kajiado,,,2026-02-02T08:25,2026.0,2.0,2.0,HUMAN_OBSERVATION,iNaturalist,iNaturalist research-grade observations
6163202849,"Loxodonta africana (Blumenbach, 1797)",Loxodonta africana,Loxodonta,Elephantidae,-1.349848,34.924802,31447.0,Narok,,,2026-02-21T16:26,2026.0,2.0,21.0,HUMAN_OBSERVATION,iNaturalist,iNaturalist research-grade observations
6163223516,"Loxodonta africana (Blumenbach, 1797)",Loxodonta africana,Loxodonta,Elephantidae,-2.749912,37.365881,31434.0,Kajiado,,,2026-02-02T08:24,2026.0,2.0,2.0,HUMAN_OBSERVATION,iNaturalist,iNaturalist research-grade observations
6163225418,"Loxodonta africana (Blumenbach, 1797)",Loxodonta africana,Loxodonta,Elephantidae,-2.79811,37.20603,31434.0,Kajiado,,,2026-02-02T08:38,2026.0,2.0,2.0,HUMAN_OBSERVATION,iNaturalist,iNaturalist research-grade observations
6163294665,"Loxodonta africana (Blumenbach, 1797)",Loxodonta africana,Loxodonta,Elephantidae,-2.603539,37.315803,31434.0,Kajiado,,,2026-02-21T08:46:50,2026.0,2.0,21.0,HUMAN_OBSERVATION,iNaturalist,iNaturalist research-grade observations
6163305355,"Loxodonta africana (Blumenbach, 1797)",Loxodonta africana,Loxodonta,Elephantidae,-2.7403,37.354932,31434.0,Kajiado,,,2026-02-02T15:34,2026.0,2.0,2.0,HUMAN_OBSERVATION,iNaturalist,iNaturalist research-grade observations
6163364664,"Loxodonta africana (Blumenbach, 1797)",Loxodonta africana,Loxodonta,Elephantidae,-2.709156,37.207644,31434.0,Kajiado,,,2026-02-02T08:44,2026.0,2.0,2.0,HUMAN_OBSERVATION,iNaturalist,iNaturalist research-grade observations
6170830639,"Loxodonta africana (Blumenbach, 1797)",Loxodonta africana,Loxodonta,Elephantidae,-1.48871,35.000182,31446.0,Narok,,,2026-02-28T15:55:53,2026.0,2.0,28.0,HUMAN_OBSERVATION,iNaturalist,iNaturalist research-grade observations
6170850361,"Loxodonta africana (Blumenbach, 1797)",Loxodonta africana,Loxodonta,Elephantidae,-1.577001,35.23974,31446.0,Narok,,,2026-02-26T17:06:05,2026.0,2.0,26.0,HUMAN_OBSERVATION,iNaturalist,iNaturalist research-grade observations
6170874424,"Loxodonta africana (Blumenbach, 1797)",Loxodonta africana,Loxodonta,Elephantidae,-1.579652,35.058561,31446.0,Narok,,,2026-02-28T15:40:35,2026.0,2.0,28.0,HUMAN_OBSERVATION,iNaturalist,iNaturalist research-grade observations
6170887975,"Loxodonta africana (Blumenbach, 1797)",Loxodonta africana,Loxodonta,Elephantidae,-2.677293,37.278675,31434.0,Kajiado,,,2026-02-08T06:47,2026.0,2.0,8.0,HUMAN_OBSERVATION,iNaturalist,iNaturalist research-grade observations
6170974757,"Loxodonta africana (Blumenbach, 1797)",Loxodonta africana,Loxodonta,Elephantidae,-2.686946,37.214235,31434.0,Kajiado,,,2026-02-08T10:46,2026.0,2.0,8.0,HUMAN_OBSERVATION,iNaturalist,iNaturalist research-grade observations
6171014572,"Loxodonta africana (Blumenbach, 1797)",Loxodonta africana,Loxodonta,Elephantidae,-2.747872,37.243399,31434.0,Kajiado,,,2026-02-08T08:46,2026.0,2.0,8.0,HUMAN_OBSERVATION,iNaturalist,iNaturalist research-grade observations
6171025448,"Loxodonta africana (Blumenbach, 1797)",Loxodonta africana,Loxodonta,Elephantidae,-1.332334,35.131955,31447.0,Narok,,,2026-02-22T10:25,2026.0,2.0,22.0,HUMAN_OBSERVATION,iNaturalist,iNaturalist research-grade observations
6171081774,"Loxodonta africana (Blumenbach, 1797)",Loxodonta africana,Loxodonta,Elephantidae,-1.412452,35.102187,31446.0,Narok,,,2026-02-28T09:20:10,2026.0,2.0,28.0,HUMAN_OBSERVATION,iNaturalist,iNaturalist research-grade observations
6171086383,"Loxodonta africana (Blumenbach, 1797)",Loxodonta africana,Loxodonta,Elephantidae,-1.531427,35.014312,31446.0,Narok,,,2026-02-12T06:03,2026.0,2.0,12.0,HUMAN_OBSERVATION,iNaturalist,iNaturalist research-grade observations
6171297847,"Loxodonta africana (Blumenbach, 1797)",Loxodonta africana,Loxodonta,Elephantidae,-2.62979,37.223169,31434.0,Kajiado,,,2026-02-21T15:52:21,2026.0,2.0,21.0,HUMAN_OBSERVATION,iNaturalist,iNaturalist research-grade observations
6171304924,"Loxodonta africana (Blumenbach, 1797)",Loxodonta africana,Loxodonta,Elephantidae,-1.557263,35.103492,31446.0,Narok,,,2026-02-12T06:06,2026.0,2.0,12.0,HUMAN_OBSERVATION,iNaturalist,iNaturalist research-grade observations
6171327798,"Loxodonta africana (Blumenbach, 1797)",Loxodonta africana,Loxodonta,Elephantidae,-1.539608,35.370054,31446.0,Narok,,,2026-02-28T10:30:25,2026.0,2.0,28.0,HUMAN_OBSERVATION,iNaturalist,iNaturalist research-grade observations
6171377334,"Loxodonta africana (Blumenbach, 1797)",Loxodonta africana,Loxodonta,Elephantidae,-1.337804,35.326411,59538.0,Narok,,,2026-02-20T17:14:47,2026.0,2.0,20.0,HUMAN_OBSERVATION,iNaturalist,iNaturalist research-grade observations
6171407483,"Loxodonta africana (Blumenbach, 1797)",Loxodonta africana,Loxodonta,Elephantidae,-1.46766,35.159619,31446.0,Narok,,,2026-02-27T12:56:01,2026.0,2.0,27.0,HUMAN_OBSERVATION,iNaturalist,iNaturalist research-grade observations
6171635365,"Loxodonta africana (Blumenbach, 1797)",Loxodonta africana,Loxodonta,Elephantidae,-2.639218,37.199364,250.0,,,Amboseli Nationalpark,2026-02-09T00:00,2026.0,2.0,9.0,HUMAN_OBSERVATION,NABU|naturgucker,
6171646530,"Loxodonta africana (Blumenbach, 1797)",Loxodonta africana,Loxodonta,Elephantidae,-2.639218,37.199364,250.0,,,Amboseli Nationalpark,2026-02-08T00:00,2026.0,2.0,8.0,HUMAN_OBSERVATION,NABU|naturgucker,
6178164733,"Loxodonta africana (Blumenbach, 1797)",Loxodonta africana,Loxodonta,Elephantidae,-2.639218,37.199364,250.0,,,Amboseli Nationalpark,2026-02-10T00:00,2026.0,2.0,10.0,HUMAN_OBSERVATION,NABU|naturgucker,
6178170572,"Loxodonta africana (Blumenbach, 1797)",Loxodonta africana,Loxodonta,Elephantidae,-3.475644,38.168373,250.0,,,Lumo Conservancy,2026-02-11T00:00,2026.0,2.0,11.0,HUMAN_OBSERVATION,NABU|naturgucker,
6178331214,"Loxodonta africana (Blumenbach, 1797)",Loxodonta africana,Loxodonta,Elephantidae,-2.670379,37.277178,31434.0,Kajiado,,,2026-02-03T10:13,2026.0,2.0,3.0,HUMAN_OBSERVATION,iNaturalist,iNaturalist research-grade observations
6178463478,"Loxodonta africana (Blumenbach, 1797)",Loxodonta africana,Loxodonta,Elephantidae,-2.798432,37.329029,31434.0,Kajiado,,,2026-02-03T05:44,2026.0,2.0,3.0,HUMAN_OBSERVATION,iNaturalist,iNaturalist research-grade observations
6178499704,"Loxodonta africana (Blumenbach, 1797)",Loxodonta africana,Loxodonta,Elephantidae,0.29166,37.445983,31451.0,Meru,,,2026-02-13T11:53:07,2026.0,2.0,13.0,HUMAN_OBSERVATION,iNaturalist,iNaturalist research-grade observations
6178548089,"Loxodonta africana (Blumenbach, 1797)",Loxodonta africana,Loxodonta,Elephantidae,-2.661861,37.393599,31434.0,Kajiado,,,2026-02-03T05:46,2026.0,2.0,3.0,HUMAN_OBSERVATION,iNaturalist,iNaturalist research-grade observations
6178620255,"Loxodonta africana (Blumenbach, 1797)",Loxodonta africana,Loxodonta,Elephantidae,-2.780631,37.243502,31434.0,Kajiado,,,2026-02-03T06:30,2026.0,2.0,3.0,HUMAN_OBSERVATION,iNaturalist,iNaturalist research-grade observations
6178628868,"Loxodonta africana (Blumenbach, 1797)",Loxodonta africana,Loxodonta,Elephantidae,-2.726288,37.23255,31434.0,Kajiado,,,2026-02-03T06:40,2026.0,2.0,3.0,HUMAN_OBSERVATION,iNaturalist,iNaturalist research-grade observations
6178656417,"Loxodonta africana (Blumenbach, 1797)",Loxodonta africana,Loxodonta,Elephantidae,-2.676559,37.206501,31434.0,Kajiado,,,2026-02-09T10:55,2026.0,2.0,9.0,HUMAN_OBSERVATION,iNaturalist,iNaturalist research-grade observations
6178771708,"Loxodonta africana (Blumenbach, 1797)",Loxodonta africana,Loxodonta,Elephantidae,-2.442247,37.116827,31436.0,Kajiado,,,2026-02-03T09:16,2026.0,2.0,3.0,HUMAN_OBSERVATION,iNaturalist,iNaturalist research-grade observations
6178809400,"Loxodonta africana (Blumenbach, 1797)",Loxodonta africana,Loxodonta,Elephantidae,0.427996,37.557395,31451.0,Isiolo,,,2026-02-05T16:26,2026.0,2.0,5.0,HUMAN_OBSERVATION,iNaturalist,iNaturalist research-grade observations
6178851534,"Loxodonta africana (Blumenbach, 1797)",Loxodonta africana,Loxodonta,Elephantidae,-3.410866,38.046211,31422.0,Taita Taveta,,,2026-02-11T17:48,2026.0,2.0,11.0,HUMAN_OBSERVATION,iNaturalist,iNaturalist research-grade observations
6178859097,"Loxodonta africana (Blumenbach, 1797)",Loxodonta africana,Loxodonta,Elephantidae,-2.741396,37.215465,31434.0,Kajiado,,,2026-02-03T05:50,2026.0,2.0,3.0,HUMAN_OBSERVATION,iNaturalist,iNaturalist research-grade observations
6178914332,"Loxodonta africana (Blumenbach, 1797)",Loxodonta africana,Loxodonta,Elephantidae,0.407786,37.488792,31451.0,Isiolo,,,2026-02-05T16:26,2026.0,2.0,5.0,HUMAN_OBSERVATION,iNaturalist,iNaturalist research-grade observations
6179022238,"Loxodonta africana (Blumenbach, 1797)",Loxodonta africana,Loxodonta,Elephantidae,-2.72598,37.299396,31434.0,Kajiado,,,2026-02-09T08:37,2026.0,2.0,9.0,HUMAN_OBSERVATION,iNaturalist,iNaturalist research-grade observations
6179057436,"Loxodonta africana (Blumenbach, 1797)",Loxodonta africana,Loxodonta,Elephantidae,-2.703514,37.02589,31434.0,Kajiado,,,2026-02-03T09:30,2026.0,2.0,3.0,HUMAN_OBSERVATION,iNaturalist,iNaturalist research-grade observations
6179149234,"Loxodonta africana (Blumenbach, 1797)",Loxodonta africana,Loxodonta,Elephantidae,0.465448,37.498235,31451.0,Isiolo,,,2026-02-05T15:57,2026.0,2.0,5.0,HUMAN_OBSERVATION,iNaturalist,iNaturalist research-grade observations
6179151337,"Loxodonta africana (Blumenbach, 1797)",Loxodonta africana,Loxodonta,Elephantidae,-2.606465,37.220578,31434.0,Kajiado,,,2026-02-03T06:07,2026.0,2.0,3.0,HUMAN_OBSERVATION,iNaturalist,iNaturalist research-grade observations
6179160020,"Loxodonta africana (Blumenbach, 1797)",Loxodonta africana,Loxodonta,Elephantidae,-2.415478,37.192446,31436.0,Kajiado,,,2026-02-03T09:26,2026.0,2.0,3.0,HUMAN_OBSERVATION,iNaturalist,iNaturalist research-grade observations
6179235056,"Loxodonta africana (Blumenbach, 1797)",Loxodonta africana,Loxodonta,Elephantidae,-2.703096,37.224699,31434.0,Kajiado,,,2026-02-03T05:47,2026.0,2.0,3.0,HUMAN_OBSERVATION,iNaturalist,iNaturalist research-grade observations
6179249323,"Loxodonta africana (Blumenbach, 1797)",Loxodonta africana,Loxodonta,Elephantidae,-2.777331,37.267039,31434.0,Kajiado,,,2026-02-09T09:44,2026.0,2.0,9.0,HUMAN_OBSERVATION,iNaturalist,iNaturalist research-grade observations
6179302429,"Loxodonta africana (Blumenbach, 1797)",Loxodonta africana,Loxodonta,Elephantidae,-3.206309,38.546068,31425.0,Taita Taveta,,,2026-02-12T17:45,2026.0,2.0,12.0,HUMAN_OBSERVATION,iNaturalist,iNaturalist research-grade observations
6179436500,"Loxodonta africana (Blumenbach, 1797)",Loxodonta africana,Loxodonta,Elephantidae,-2.649177,37.284145,31434.0,Kajiado,,,2026-02-09T06:51,2026.0,2.0,9.0,HUMAN_OBSERVATION,iNaturalist,iNaturalist research-grade observations
6179437351,"Loxodonta africana (Blumenbach, 1797)",Loxodonta africana,Loxodonta,Elephantidae,-2.771515,37.30122,31434.0,Kajiado,,,2026-02-03T06:49,2026.0,2.0,3.0,HUMAN_OBSERVATION,iNaturalist,iNaturalist research-grade observations
6181725760,"Loxodonta africana (Blumenbach, 1797)",Loxodonta africana,Loxodonta,Elephantidae,-3.475644,38.168373,250.0,,,Lumo Conservancy,2026-02-12T00:00,2026.0,2.0,12.0,HUMAN_OBSERVATION,NABU|naturgucker,
6184598167,"Loxodonta africana (Blumenbach, 1797)",Loxodonta africana,Loxodonta,Elephantidae,-2.977327,38.831177,250.0,,,TSAVO-OST-Nationalpark,2026-02-14T00:00,2026.0,2.0,14.0,HUMAN_OBSERVATION,NABU|naturgucker,
6184604296,"Loxodonta africana (Blumenbach, 1797)",Loxodonta africana,Loxodonta,Elephantidae,-2.977327,38.831177,250.0,,,TSAVO-OST-Nationalpark,2026-02-15T00:00,2026.0,2.0,15.0,HUMAN_OBSERVATION,NABU|naturgucker,
6184605000,"Loxodonta africana (Blumenbach, 1797)",Loxodonta africana,Loxodonta,Elephantidae,-3.37822,38.960487,250.0,,,Satao Camp / Tsavo Ost,2026-02-14T00:00,2026.0,2.0,14.0,HUMAN_OBSERVATION,NABU|naturgucker,
6184608927,"Loxodonta africana (Blumenbach, 1797)",Loxodonta africana,Loxodonta,Elephantidae,-3.475644,38.168373,250.0,,,Lumo Conservancy,2026-02-13T00:00,2026.0,2.0,13.0,HUMAN_OBSERVATION,NABU|naturgucker,
6184747261,"Loxodonta africana (Blumenbach, 1797)",Loxodonta africana,Loxodonta,Elephantidae,-3.26851,38.935617,31425.0,Taita Taveta,,,2026-02-15T11:14,2026.0,2.0,15.0,HUMAN_OBSERVATION,iNaturalist,iNaturalist research-grade observations
6184766877,"Loxodonta africana (Blumenbach, 1797)",Loxodonta africana,Loxodonta,Elephantidae,-3.510405,38.395949,31422.0,Taita Taveta,,,2026-02-12T18:12,2026.0,2.0,12.0,HUMAN_OBSERVATION,iNaturalist,iNaturalist research-grade observations
6185037496,"Loxodonta africana (Blumenbach, 1797)",Loxodonta africana,Loxodonta,Elephantidae,-3.526899,38.231588,31422.0,Taita Taveta,,,2026-02-12T10:11,2026.0,2.0,12.0,HUMAN_OBSERVATION,iNaturalist,iNaturalist research-grade observations
6185271683,"Loxodonta africana (Blumenbach, 1797)",Loxodonta africana,Loxodonta,Elephantidae,0.72579,37.415374,31450.0,Samburu,,,2026-02-06T17:13,2026.0,2.0,6.0,HUMAN_OBSERVATION,iNaturalist,iNaturalist research-grade observations
6185316039,"Loxodonta africana (Blumenbach, 1797)",Loxodonta africana,Loxodonta,Elephantidae,-3.472322,38.335692,31422.0,Taita Taveta,,,2026-02-13T17:19,2026.0,2.0,13.0,HUMAN_OBSERVATION,iNaturalist,iNaturalist research-grade observations
6185329483,"Loxodonta africana (Blumenbach, 1797)",Loxodonta africana,Loxodonta,Elephantidae,-3.33519,38.806459,31425.0,Taita Taveta,,,2026-02-15T06:21,2026.0,2.0,15.0,HUMAN_OBSERVATION,iNaturalist,iNaturalist research-grade observations
6185332526,"Loxodonta africana (Blumenbach, 1797)",Loxodonta africana,Loxodonta,Elephantidae,-3.329993,38.961504,31425.0,Taita Taveta,,,2026-02-14T12:32,2026.0,2.0,14.0,HUMAN_OBSERVATION,iNaturalist,iNaturalist research-grade observations
6185358439,"Loxodonta africana (Blumenbach, 1797)",Loxodonta africana,Loxodonta,Elephantidae,-3.253204,38.982876,31425.0,Taita Taveta,,,2026-02-14T13:06,2026.0,2.0,14.0,HUMAN_OBSERVATION,iNaturalist,iNaturalist research-grade observations
6185459691,"Loxodonta africana (Blumenbach, 1797)",Loxodonta africana,Loxodonta,Elephantidae,-3.232306,40.015082,31425.0,Kilifi,,,2026-02-27T18:05:09,2026.0,2.0,27.0,HUMAN_OBSERVATION,iNaturalist,iNaturalist research-grade observations
6185501865,"Loxodonta africana (Blumenbach, 1797)",Loxodonta africana,Loxodonta,Elephantidae,-3.549834,38.991919,31422.0,Taita Taveta,,,2026-02-15T07:29,2026.0,2.0,15.0,HUMAN_OBSERVATION,iNaturalist,iNaturalist research-grade observations
6185610601,"Loxodonta africana (Blumenbach, 1797)",Loxodonta africana,Loxodonta,Elephantidae,-3.279891,38.922516,31425.0,Taita Taveta,,,2026-02-15T13:37,2026.0,2.0,15.0,HUMAN_OBSERVATION,iNaturalist,iNaturalist research-grade observations
6185648556,"Loxodonta africana (Blumenbach, 1797)",Loxodonta africana,Loxodonta,Elephantidae,-3.307478,38.776853,31425.0,Taita Taveta,,,2026-02-14T17:03,2026.0,2.0,14.0,HUMAN_OBSERVATION,iNaturalist,iNaturalist research-grade observations
6185741701,"Loxodonta africana (Blumenbach, 1797)",Loxodonta africana,Loxodonta,Elephantidae,-3.319942,38.882515,31425.0,Taita Taveta,,,2026-02-14T13:05,2026.0,2.0,14.0,HUMAN_OBSERVATION,iNaturalist,iNaturalist research-grade observations
6185885771,"Loxodonta africana (Blumenbach, 1797)",Loxodonta africana,Loxodonta,Elephantidae,-3.374257,38.693506,31425.0,Taita Taveta,,,2026-02-14T10:57,2026.0,2.0,14.0,HUMAN_OBSERVATION,iNaturalist,iNaturalist research-grade observations
6185935679,"Loxodonta africana (Blumenbach, 1797)",Loxodonta africana,Loxodonta,Elephantidae,-3.526882,38.222265,31422.0,Taita Taveta,,,2026-02-12T17:29,2026.0,2.0,12.0,HUMAN_OBSERVATION,iNaturalist,iNaturalist research-grade observations
6185937263,"Loxodonta africana (Blumenbach, 1797)",Loxodonta africana,Loxodonta,Elephantidae,-3.261202,38.993717,31425.0,Taita Taveta,,,2026-02-15T12:01,2026.0,2.0,15.0,HUMAN_OBSERVATION,iNaturalist,iNaturalist research-grade observations
6186048354,"Loxodonta africana (Blumenbach, 1797)",Loxodonta africana,Loxodonta,Elephantidae,-3.208312,38.970887,31425.0,Taita Taveta,,,2026-02-15T12:09,2026.0,2.0,15.0,HUMAN_OBSERVATION,iNaturalist,iNaturalist research-grade observations
6186063299,"Loxodonta africana (Blumenbach, 1797)",Loxodonta africana,Loxodonta,Elephantidae,-3.26327,38.84316,31425.0,Taita Taveta,,,2026-02-14T11:55,2026.0,2.0,14.0,HUMAN_OBSERVATION,iNaturalist,iNaturalist research-grade observations
6187786173,"Loxodonta africana (Blumenbach, 1797)",Loxodonta africana,Loxodonta,Elephantidae,-3.37822,38.960487,250.0,,,Satao Camp / Tsavo Ost,2026-02-16T00:00,2026.0,2.0,16.0,HUMAN_OBSERVATION,NABU|naturgucker,
6187786662,"Loxodonta africana (Blumenbach, 1797)",Loxodonta africana,Loxodonta,Elephantidae,-3.37822,38.960487,250.0,,,Satao Camp / Tsavo Ost,2026-02-15T00:00,2026.0,2.0,15.0,HUMAN_OBSERVATION,NABU|naturgucker,
6187799908,"Loxodonta africana (Blumenbach, 1797)",Loxodonta africana,Loxodonta,Elephantidae,-2.977327,38.831177,250.0,,,TSAVO-OST-Nationalpark,2026-02-16T00:00,2026.0,2.0,16.0,HUMAN_OBSERVATION,NABU|naturgucker,
6187922006,"Loxodonta africana (Blumenbach, 1797)",Loxodonta africana,Loxodonta,Elephantidae,-3.53684,38.899644,31422.0,Taita Taveta,,,2026-02-17T08:27,2026.0,2.0,17.0,HUMAN_OBSERVATION,iNaturalist,iNaturalist research-grade observations
6188114948,"Loxodonta africana (Blumenbach, 1797)",Loxodonta africana,Loxodonta,Elephantidae,-3.159493,38.792693,31428.0,Taita Taveta,,,2026-02-16T12:08,2026.0,2.0,16.0,HUMAN_OBSERVATION,iNaturalist,iNaturalist research-grade observations
6188123010,"Loxodonta africana (Blumenbach, 1797)",Loxodonta africana,Loxodonta,Elephantidae,-3.258513,38.854598,31425.0,Taita Taveta,,,2026-02-16T16:03,2026.0,2.0,16.0,HUMAN_OBSERVATION,iNaturalist,iNaturalist research-grade observations
6188134502,"Loxodonta africana (Blumenbach, 1797)",Loxodonta africana,Loxodonta,Elephantidae,-3.082156,38.60466,31428.0,Taita Taveta,,,2026-02-16T08:14,2026.0,2.0,16.0,HUMAN_OBSERVATION,iNaturalist,iNaturalist research-grade observations
6188226126,"Loxodonta africana (Blumenbach, 1797)",Loxodonta africana,Loxodonta,Elephantidae,-3.355478,38.853544,31425.0,Taita Taveta,,,2026-02-17T13:10,2026.0,2.0,17.0,HUMAN_OBSERVATION,iNaturalist,iNaturalist research-grade observations
6188236415,"Loxodonta africana (Blumenbach, 1797)",Loxodonta africana,Loxodonta,Elephantidae,-3.302875,38.735779,31425.0,Taita Taveta,,,2026-02-16T12:56,2026.0,2.0,16.0,HUMAN_OBSERVATION,iNaturalist,iNaturalist research-grade observations
6188400016,"Loxodonta africana (Blumenbach, 1797)",Loxodonta africana,Loxodonta,Elephantidae,-3.062806,38.636368,31428.0,Taita Taveta,,,2026-02-16T11:51,2026.0,2.0,16.0,HUMAN_OBSERVATION,iNaturalist,iNaturalist research-grade observations
6188542524,"Loxodonta africana (Blumenbach, 1797)",Loxodonta africana,Loxodonta,Elephantidae,-3.515985,38.811545,31422.0,Taita Taveta,,,2026-02-15T17:54,2026.0,2.0,15.0,HUMAN_OBSERVATION,iNaturalist,iNaturalist research-grade observations
6195115463,"Loxodonta africana (Blumenbach, 1797)",Loxodonta africana,Loxodonta,Elephantidae,-2.977327,38.831177,250.0,,,TSAVO-OST-Nationalpark,2026-02-17T00:00,2026.0,2.0,17.0,HUMAN_OBSERVATION,NABU|naturgucker,
6195126767,"Loxodonta africana (Blumenbach, 1797)",Loxodonta africana,Loxodonta,Elephantidae,-3.37822,38.960487,250.0,,,Satao Camp / Tsavo Ost,2026-02-17T00:00,2026.0,2.0,17.0,HUMAN_OBSERVATION,NABU|naturgucker,
6195692967,"Loxodonta africana (Blumenbach, 1797)",Loxodonta africana,Loxodonta,Elephantidae,-3.28164,38.807778,31425.0,Taita Taveta,,,2026-02-17T16:30,2026.0,2.0,17.0,HUMAN_OBSERVATION,iNaturalist,iNaturalist research-grade observations
6234715934,"Loxodonta africana (Blumenbach, 1797)",Loxodonta africana,Loxodonta,Elephantidae,-1.313802,35.014581,31447.0,Narok,,,2026-02-11T06:34,2026.0,2.0,11.0,HUMAN_OBSERVATION,iNaturalist,iNaturalist research-grade observations
6234808181,"Loxodonta africana (Blumenbach, 1797)",Loxodonta africana,Loxodonta,Elephantidae,-1.220672,35.09568,31447.0,Narok,,,2026-02-11T06:34,2026.0,2.0,11.0,HUMAN_OBSERVATION,iNaturalist,iNaturalist research-grade observations
6234971913,"Loxodonta africana (Blumenbach, 1797)",Loxodonta africana,Loxodonta,Elephantidae,-1.320471,35.104818,31447.0,Narok,,,2026-02-11T07:24,2026.0,2.0,11.0,HUMAN_OBSERVATION,iNaturalist,iNaturalist research-grade observations
6235343324,"Loxodonta africana (Blumenbach, 1797)",Loxodonta africana,Loxodonta,Elephantidae,-1.221484,35.14032,31447.0,Narok,,,2026-02-11T08:03,2026.0,2.0,11.0,HUMAN_OBSERVATION,iNaturalist,iNaturalist research-grade observations
6235422687,"Loxodonta africana (Blumenbach, 1797)",Loxodonta africana,Loxodonta,Elephantidae,-1.202304,35.028571,31447.0,Narok,,,2026-02-11T07:58,2026.0,2.0,11.0,HUMAN_OBSERVATION,iNaturalist,iNaturalist research-grade observations
6235455671,"Loxodonta africana (Blumenbach, 1797)",Loxodonta africana,Loxodonta,Elephantidae,-1.38154,35.138505,31447.0,Narok,,,2026-02-11T08:07,2026.0,2.0,11.0,HUMAN_OBSERVATION,iNaturalist,iNaturalist research-grade observations
6235666596,"Loxodonta africana (Blumenbach, 1797)",Loxodonta africana,Loxodonta,Elephantidae,-1.269909,35.027749,31447.0,Narok,,,2026-02-11T08:02,2026.0,2.0,11.0,HUMAN_OBSERVATION,iNaturalist,iNaturalist research-grade observations
6235689460,"Loxodonta africana (Blumenbach, 1797)",Loxodonta africana,Loxodonta,Elephantidae,-1.216836,35.006595,31447.0,Narok,,,2026-02-11T08:01,2026.0,2.0,11.0,HUMAN_OBSERVATION,iNaturalist,iNaturalist research-grade observations
6235758984,"Loxodonta africana (Blumenbach, 1797)",Loxodonta africana,Loxodonta,Elephantidae,-1.285521,35.028896,31447.0,Narok,,,2026-02-11T06:26,2026.0,2.0,11.0,HUMAN_OBSERVATION,iNaturalist,iNaturalist research-grade observations
6235887305,"Loxodonta africana (Blumenbach, 1797)",Loxodonta africana,Loxodonta,Elephantidae,-1.384127,35.161747,31447.0,Narok,,,2026-02-11T08:14,2026.0,2.0,11.0,HUMAN_OBSERVATION,iNaturalist,iNaturalist research-grade observations
6236110362,"Loxodonta africana (Blumenbach, 1797)",Loxodonta africana,Loxodonta,Elephantidae,-1.200664,35.111184,31447.0,Narok,,,2026-02-11T07:24,2026.0,2.0,11.0,HUMAN_OBSERVATION,iNaturalist,iNaturalist research-grade observations
6236132218,"Loxodonta africana (Blumenbach, 1797)",Loxodonta africana,Loxodonta,Elephantidae,-1.211651,35.151668,31447.0,Narok,,,2026-02-11T08:28,2026.0,2.0,11.0,HUMAN_OBSERVATION,iNaturalist,iNaturalist research-grade observations
6273446643,"Loxodonta africana (Blumenbach, 1797)",Loxodonta africana,Loxodonta,Elephantidae,0.443632,37.65465,31451.0,Isiolo,,,2026-02-01T06:27,2026.0,2.0,1.0,HUMAN_OBSERVATION,iNaturalist,iNaturalist research-grade observations
6320244043,"Loxodonta africana (Blumenbach, 1797)",Loxodonta africana,Loxodonta,Elephantidae,0.528244,37.756346,31451.0,Isiolo,,,2026-02-01T14:29,2026.0,2.0,1.0,HUMAN_OBSERVATION,iNaturalist,iNaturalist research-grade observations
6320507969,"Loxodonta africana (Blumenbach, 1797)",Loxodonta africana,Loxodonta,Elephantidae,0.515242,37.675188,31451.0,Isiolo,,,2026-02-01T12:14,2026.0,2.0,1.0,HUMAN_OBSERVATION,iNaturalist,iNaturalist research-grade observations
6320651826,"Loxodonta africana (Blumenbach, 1797)",Loxodonta africana,Loxodonta,Elephantidae,0.534219,37.503163,31451.0,Isiolo,,,2026-02-01T10:33,2026.0,2.0,1.0,HUMAN_OBSERVATION,iNaturalist,iNaturalist research-grade observations
6320816801,"Loxodonta africana (Blumenbach, 1797)",Loxodonta africana,Loxodonta,Elephantidae,0.408731,37.418524,31451.0,Samburu,,,2026-02-01T09:44,2026.0,2.0,1.0,HUMAN_OBSERVATION,iNaturalist,iNaturalist research-grade observations
6320905819,"Loxodonta africana (Blumenbach, 1797)",Loxodonta africana,Loxodonta,Elephantidae,0.570744,37.552612,31451.0,Isiolo,,,2026-02-01T10:51,2026.0,2.0,1.0,HUMAN_OBSERVATION,iNaturalist,iNaturalist research-grade observations
6334131924,"Loxodonta africana (Blumenbach, 1797)",Loxodonta africana,Loxodonta,Elephantidae,0.427085,37.410076,31451.0,Isiolo,,,2026-02-01T12:38,2026.0,2.0,1.0,HUMAN_OBSERVATION,iNaturalist,iNaturalist research-grade observations
6352270908,"Loxodonta africana (Blumenbach, 1797)",Loxodonta africana,Loxodonta,Elephantidae,0.445453,37.405457,31451.0,Isiolo,,,2026-02-02T09:22,2026.0,2.0,2.0,HUMAN_OBSERVATION,iNaturalist,iNaturalist research-grade observations
6352444434,"Loxodonta africana (Blumenbach, 1797)",Loxodonta africana,Loxodonta,Elephantidae,-2.774197,37.241991,31434.0,Kajiado,,,2026-02-12T17:01:50,2026.0,2.0,12.0,HUMAN_OBSERVATION,iNaturalist,iNaturalist research-grade observations
6353209002,"Loxodonta africana (Blumenbach, 1797)",Loxodonta africana,Loxodonta,Elephantidae,0.587124,37.430756,31451.0,Isiolo,,,2026-02-02T10:06,2026.0,2.0,2.0,HUMAN_OBSERVATION,iNaturalist,iNaturalist research-grade observations
6398917674,"Loxodonta africana (Blumenbach, 1797)",Loxodonta africana,Loxodonta,Elephantidae,-2.723212,37.316254,31434.0,Kajiado,,,2026-02-15T10:33,2026.0,2.0,15.0,HUMAN_OBSERVATION,iNaturalist,iNaturalist research-grade observations
6399113141,"Loxodonta africana (Blumenbach, 1797)",Loxodonta africana,Loxodonta,Elephantidae,0.251761,37.499768,31451.0,Meru,,,2026-02-12T10:46:46,2026.0,2.0,12.0,HUMAN_OBSERVATION,iNaturalist,iNaturalist research-grade observations
6399516068,"Loxodonta africana (Blumenbach, 1797)",Loxodonta africana,Loxodonta,Elephantidae,0.269912,36.932704,31451.0,Laikipia,,,2026-02-22T18:28:43,2026.0,2.0,22.0,HUMAN_OBSERVATION,iNaturalist,iNaturalist research-grade observations
6413411806,"Loxodonta africana (Blumenbach, 1797)",Loxodonta africana,Loxodonta,Elephantidae,-1.27661,35.066774,31447.0,Narok,,,2026-02-18T10:02,2026.0,2.0,18.0,HUMAN_OBSERVATION,iNaturalist,iNaturalist research-grade observations
6413815580,"Loxodonta africana (Blumenbach, 1797)",Loxodonta africana,Loxodonta,Elephantidae,0.510368,37.62427,31451.0,Isiolo,,,2026-02-03T13:15,2026.0,2.0,3.0,HUMAN_OBSERVATION,iNaturalist,iNaturalist research-grade observations
6422774376,"Loxodonta africana (Blumenbach, 1797)",Loxodonta africana,Loxodonta,Elephantidae,0.51853,37.70687,31451.0,Isiolo,,,2026-02-03T13:21,2026.0,2.0,3.0,HUMAN_OBSERVATION,iNaturalist,iNaturalist research-grade observations
6430758733,"Loxodonta africana (Blumenbach, 1797)",Loxodonta africana,Loxodonta,Elephantidae,-2.497462,37.092291,31436.0,Kajiado,,,2026-02-04T06:18,2026.0,2.0,4.0,HUMAN_OBSERVATION,iNaturalist,iNaturalist research-grade observations
6430802089,"Loxodonta africana (Blumenbach, 1797)",Loxodonta africana,Loxodonta,Elephantidae,-2.770384,37.20609,31434.0,Kajiado,,,2026-02-04T17:30,2026.0,2.0,4.0,HUMAN_OBSERVATION,iNaturalist,iNaturalist research-grade observations
6430803643,"Loxodonta africana (Blumenbach, 1797)",Loxodonta africana,Loxodonta,Elephantidae,-2.573844,37.004027,31436.0,Kajiado,,,2026-02-04T06:46,2026.0,2.0,4.0,HUMAN_OBSERVATION,iNaturalist,iNaturalist research-grade observations
6430821494,"Loxodonta africana (Blumenbach, 1797)",Loxodonta africana,Loxodonta,Elephantidae,-2.40454,37.027999,31436.0,Kajiado,,,2026-02-04T09:38,2026.0,2.0,4.0,HUMAN_OBSERVATION,iNaturalist,iNaturalist research-grade observations
6430930654,"Loxodonta africana (Blumenbach, 1797)",Loxodonta africana,Loxodonta,Elephantidae,-2.578823,37.168287,31436.0,Kajiado,,,2026-02-04T06:36,2026.0,2.0,4.0,HUMAN_OBSERVATION,iNaturalist,iNaturalist research-grade observations
6430940752,"Loxodonta africana (Blumenbach, 1797)",Loxodonta africana,Loxodonta,Elephantidae,-2.588959,37.089945,31436.0,Kajiado,,,2026-02-04T09:40,2026.0,2.0,4.0,HUMAN_OBSERVATION,iNaturalist,iNaturalist research-grade observations
6430976796,"Loxodonta africana (Blumenbach, 1797)",Loxodonta africana,Loxodonta,Elephantidae,-2.607878,37.262185,31434.0,Kajiado,,,2026-02-04T17:39,2026.0,2.0,4.0,HUMAN_OBSERVATION,iNaturalist,iNaturalist research-grade observations
6431018857,"Loxodonta africana (Blumenbach, 1797)",Loxodonta africana,Loxodonta,Elephantidae,-2.48063,37.183332,31436.0,Kajiado,,,2026-02-04T09:30,2026.0,2.0,4.0,HUMAN_OBSERVATION,iNaturalist,iNaturalist research-grade observations
6431080104,"Loxodonta africana (Blumenbach, 1797)",Loxodonta africana,Loxodonta,Elephantidae,-2.642528,37.338026,31434.0,Kajiado,,,2026-02-04T17:25,2026.0,2.0,4.0,HUMAN_OBSERVATION,iNaturalist,iNaturalist research-grade observations
6431105927,"Loxodonta africana (Blumenbach, 1797)",Loxodonta africana,Loxodonta,Elephantidae,-2.575863,37.138527,31436.0,Kajiado,,,2026-02-04T09:40,2026.0,2.0,4.0,HUMAN_OBSERVATION,iNaturalist,iNaturalist research-grade observations
6431132053,"Loxodonta africana (Blumenbach, 1797)",Loxodonta africana,Loxodonta,Elephantidae,-2.560462,37.082884,31436.0,Kajiado,,,2026-02-04T08:01,2026.0,2.0,4.0,HUMAN_OBSERVATION,iNaturalist,iNaturalist research-grade observations
6431167933,"Loxodonta africana (Blumenbach, 1797)",Loxodonta africana,Loxodonta,Elephantidae,-2.773682,37.338446,31434.0,Kajiado,,,2026-02-04T16:39,2026.0,2.0,4.0,HUMAN_OBSERVATION,iNaturalist,iNaturalist research-grade observations
6431234554,"Loxodonta africana (Blumenbach, 1797)",Loxodonta africana,Loxodonta,Elephantidae,-2.614096,37.23353,31434.0,Kajiado,,,2026-02-04T15:52,2026.0,2.0,4.0,HUMAN_OBSERVATION,iNaturalist,iNaturalist research-grade observations
6431316002,"Loxodonta africana (Blumenbach, 1797)",Loxodonta africana,Loxodonta,Elephantidae,-2.506967,37.039922,31436.0,Kajiado,,,2026-02-04T09:33,2026.0,2.0,4.0,HUMAN_OBSERVATION,iNaturalist,iNaturalist research-grade observations
6431376818,"Loxodonta africana (Blumenbach, 1797)",Loxodonta africana,Loxodonta,Elephantidae,-2.697542,37.314059,31434.0,Kajiado,,,2026-02-04T16:01,2026.0,2.0,4.0,HUMAN_OBSERVATION,iNaturalist,iNaturalist research-grade observations
6431377571,"Loxodonta africana (Blumenbach, 1797)",Loxodonta africana,Loxodonta,Elephantidae,-2.760839,37.245305,31434.0,Kajiado,,,2026-02-04T15:36,2026.0,2.0,4.0,HUMAN_OBSERVATION,iNaturalist,iNaturalist research-grade observations
6431535749,"Loxodonta africana (Blumenbach, 1797)",Loxodonta africana,Loxodonta,Elephantidae,-2.525915,37.181774,31436.0,Kajiado,,,2026-02-04T07:45,2026.0,2.0,4.0,HUMAN_OBSERVATION,iNaturalist,iNaturalist research-grade observations
6431614517,"Loxodonta africana (Blumenbach, 1797)",Loxodonta africana,Loxodonta,Elephantidae,-2.68051,37.214662,31434.0,Kajiado,,,2026-02-04T16:39,2026.0,2.0,4.0,HUMAN_OBSERVATION,iNaturalist,iNaturalist research-grade observations
6431690957,"Loxodonta africana (Blumenbach, 1797)",Loxodonta africana,Loxodonta,Elephantidae,-2.652415,37.346961,31434.0,Kajiado,,,2026-02-04T12:28,2026.0,2.0,4.0,HUMAN_OBSERVATION,iNaturalist,iNaturalist research-grade observations
6431804733,"Loxodonta africana (Blumenbach, 1797)",Loxodonta africana,Loxodonta,Elephantidae,-2.518838,37.094666,31436.0,Kajiado,,,2026-02-04T09:27,2026.0,2.0,4.0,HUMAN_OBSERVATION,iNaturalist,iNaturalist research-grade observations
6431838529,"Loxodonta africana (Blumenbach, 1797)",Loxodonta africana,Loxodonta,Elephantidae,-2.680121,37.291436,31434.0,Kajiado,,,2026-02-04T17:32,2026.0,2.0,4.0,HUMAN_OBSERVATION,iNaturalist,iNaturalist research-grade observations
6431847714,"Loxodonta africana (Blumenbach, 1797)",Loxodonta africana,Loxodonta,Elephantidae,-2.667581,37.374522,31434.0,Kajiado,,,2026-02-04T16:45,2026.0,2.0,4.0,HUMAN_OBSERVATION,iNaturalist,iNaturalist research-grade observations
6431894772,"Loxodonta africana (Blumenbach, 1797)",Loxodonta africana,Loxodonta,Elephantidae,-2.522132,37.190883,31436.0,Kajiado,,,2026-02-04T09:45,2026.0,2.0,4.0,HUMAN_OBSERVATION,iNaturalist,iNaturalist research-grade observations
6431912544,"Loxodonta africana (Blumenbach, 1797)",Loxodonta africana,Loxodonta,Elephantidae,-2.746383,37.371369,31434.0,Kajiado,,,2026-02-04T17:26,2026.0,2.0,4.0,HUMAN_OBSERVATION,iNaturalist,iNaturalist research-grade observations
6431928338,"Loxodonta africana (Blumenbach, 1797)",Loxodonta africana,Loxodonta,Elephantidae,-2.634253,37.24603,31434.0,Kajiado,,,2026-02-04T17:39,2026.0,2.0,4.0,HUMAN_OBSERVATION,iNaturalist,iNaturalist research-grade observations
6500029239,"Loxodonta africana (Blumenbach, 1797)",Loxodonta africana,Loxodonta,Elephantidae,-3.492099,38.966661,31422.0,Taita Taveta,,,2026-02-09T09:52,2026.0,2.0,9.0,HUMAN_OBSERVATION,iNaturalist,iNaturalist research-grade observations
6178400295,"Loxodonta africana (Blumenbach, 1797)",Loxodonta africana,Loxodonta,Elephantidae,0.105708,36.997947,31451.0,Laikipia,,,2026-03-06T18:05:53,2026.0,3.0,6.0,HUMAN_OBSERVATION,iNaturalist,iNaturalist research-grade observations
6178442376,"Loxodonta africana (Blumenbach, 1797)",Loxodonta africana,Loxodonta,Elephantidae,1.168933,34.62229,31448.0,Trans Nzoia,,,2026-03-12T18:49:12,2026.0,3.0,12.0,HUMAN_OBSERVATION,iNaturalist,iNaturalist research-grade observations
6178462951,"Loxodonta africana (Blumenbach, 1797)",Loxodonta africana,Loxodonta,Elephantidae,-2.716384,37.293763,31434.0,Kajiado,,,2026-03-03T11:09:34,2026.0,3.0,3.0,HUMAN_OBSERVATION,iNaturalist,iNaturalist research-grade observations
6178624304,"Loxodonta africana (Blumenbach, 1797)",Loxodonta africana,Loxodonta,Elephantidae,-2.991759,38.152953,31431.0,Taita Taveta,,,2026-03-16T16:23:54,2026.0,3.0,16.0,HUMAN_OBSERVATION,iNaturalist,iNaturalist research-grade observations
6178632673,"Loxodonta africana (Blumenbach, 1797)",Loxodonta africana,Loxodonta,Elephantidae,-3.383142,38.552699,31425.0,Taita Taveta,,,2026-03-07T18:14:12,2026.0,3.0,7.0,HUMAN_OBSERVATION,iNaturalist,iNaturalist research-grade observations
6178685517,"Loxodonta africana (Blumenbach, 1797)",Loxodonta africana,Loxodonta,Elephantidae,-2.865252,38.115604,31431.0,Taita Taveta,,,2026-03-16T17:41:46,2026.0,3.0,16.0,HUMAN_OBSERVATION,iNaturalist,iNaturalist research-grade observations
6178898097,"Loxodonta africana (Blumenbach, 1797)",Loxodonta africana,Loxodonta,Elephantidae,1.008036,34.743503,31448.0,Trans Nzoia,,,2026-03-12T18:49:38,2026.0,3.0,12.0,HUMAN_OBSERVATION,iNaturalist,iNaturalist research-grade observations
6178909467,"Loxodonta africana (Blumenbach, 1797)",Loxodonta africana,Loxodonta,Elephantidae,-2.741569,37.290003,31434.0,Kajiado,,,2026-03-15T12:28,2026.0,3.0,15.0,HUMAN_OBSERVATION,iNaturalist,iNaturalist research-grade observations
6184725590,"Loxodonta africana (Blumenbach, 1797)",Loxodonta africana,Loxodonta,Elephantidae,0.224127,36.946342,31451.0,Laikipia,,,2026-03-26T18:25,2026.0,3.0,26.0,HUMAN_OBSERVATION,iNaturalist,iNaturalist research-grade observations
6184775916,"Loxodonta africana (Blumenbach, 1797)",Loxodonta africana,Loxodonta,Elephantidae,-2.909571,38.236027,31431.0,Taita Taveta,,,2026-03-20T11:46:01,2026.0,3.0,20.0,HUMAN_OBSERVATION,iNaturalist,iNaturalist research-grade observations
6184804667,"Loxodonta africana (Blumenbach, 1797)",Loxodonta africana,Loxodonta,Elephantidae,-1.504128,35.080002,31446.0,Narok,,,2026-03-17T10:50,2026.0,3.0,17.0,HUMAN_OBSERVATION,iNaturalist,iNaturalist research-grade observations
6185087451,"Loxodonta africana (Blumenbach, 1797)",Loxodonta africana,Loxodonta,Elephantidae,-1.446702,35.036889,31446.0,Narok,,,2026-03-17T10:45,2026.0,3.0,17.0,HUMAN_OBSERVATION,iNaturalist,iNaturalist research-grade observations
6185240955,"Loxodonta africana (Blumenbach, 1797)",Loxodonta africana,Loxodonta,Elephantidae,0.396273,36.807841,31451.0,Laikipia,,,2026-03-27T16:15:41,2026.0,3.0,27.0,HUMAN_OBSERVATION,iNaturalist,iNaturalist research-grade observations
6185360239,"Loxodonta africana (Blumenbach, 1797)",Loxodonta africana,Loxodonta,Elephantidae,-2.826218,37.876971,31431.0,Taita Taveta,,,2026-03-19,2026.0,3.0,19.0,HUMAN_OBSERVATION,iNaturalist,iNaturalist research-grade observations
6185630175,"Loxodonta africana (Blumenbach, 1797)",Loxodonta africana,Loxodonta,Elephantidae,-1.441388,34.836484,31446.0,Narok,,,2026-03-20T02:46,2026.0,3.0,20.0,HUMAN_OBSERVATION,iNaturalist,iNaturalist research-grade observations
6185761948,"Loxodonta africana (Blumenbach, 1797)",Loxodonta africana,Loxodonta,Elephantidae,0.469872,37.171371,31451.0,Laikipia,,,2026-03-12T18:26,2026.0,3.0,12.0,HUMAN_OBSERVATION,iNaturalist,iNaturalist research-grade observations
6185774912,"Loxodonta africana (Blumenbach, 1797)",Loxodonta africana,Loxodonta,Elephantidae,-2.686765,37.347503,31434.0,Kajiado,,,2026-03-12T17:34:30,2026.0,3.0,12.0,HUMAN_OBSERVATION,iNaturalist,iNaturalist research-grade observations
6185870879,"Loxodonta africana (Blumenbach, 1797)",Loxodonta africana,Loxodonta,Elephantidae,0.363419,38.035901,31451.0,Meru,,,2026-03-16T09:32,2026.0,3.0,16.0,HUMAN_OBSERVATION,iNaturalist,iNaturalist research-grade observations
6185886121,"Loxodonta africana (Blumenbach, 1797)",Loxodonta africana,Loxodonta,Elephantidae,-1.24985,34.920576,31447.0,Narok,,,2026-03-20T13:50:13,2026.0,3.0,20.0,HUMAN_OBSERVATION,iNaturalist,iNaturalist research-grade observations
6185901626,"Loxodonta africana (Blumenbach, 1797)",Loxodonta africana,Loxodonta,Elephantidae,-1.431509,35.061261,31446.0,Narok,,,2026-03-17T03:50,2026.0,3.0,17.0,HUMAN_OBSERVATION,iNaturalist,iNaturalist research-grade observations
6186051900,"Loxodonta africana (Blumenbach, 1797)",Loxodonta africana,Loxodonta,Elephantidae,-2.784261,38.906278,44498.0,Kitui,,,2026-03-02T10:27:09,2026.0,3.0,2.0,HUMAN_OBSERVATION,iNaturalist,iNaturalist research-grade observations
6186073914,"Loxodonta africana (Blumenbach, 1797)",Loxodonta africana,Loxodonta,Elephantidae,-1.567971,34.885166,31446.0,Narok,,,2026-03-21T03:29,2026.0,3.0,21.0,HUMAN_OBSERVATION,iNaturalist,iNaturalist research-grade observations
6188094557,"Loxodonta africana (Blumenbach, 1797)",Loxodonta africana,Loxodonta,Elephantidae,-2.921982,38.224451,31431.0,Taita Taveta,,,2026-03-09T12:37:58,2026.0,3.0,9.0,HUMAN_OBSERVATION,iNaturalist,iNaturalist research-grade observations
6188595686,"Loxodonta africana (Blumenbach, 1797)",Loxodonta africana,Loxodonta,Elephantidae,-2.774691,37.311479,31434.0,Kajiado,,,2026-03-10T17:40:51,2026.0,3.0,10.0,HUMAN_OBSERVATION,iNaturalist,iNaturalist research-grade observations
6195304568,"Loxodonta africana (Blumenbach, 1797)",Loxodonta africana,Loxodonta,Elephantidae,-2.7436,37.289496,31434.0,Kajiado,,,2026-03-21T16:23,2026.0,3.0,21.0,HUMAN_OBSERVATION,iNaturalist,iNaturalist research-grade observations
6195790575,"Loxodonta africana (Blumenbach, 1797)",Loxodonta africana,Loxodonta,Elephantidae,-1.744023,35.226672,31444.0,Narok,,,2026-03-19T08:22,2026.0,3.0,19.0,HUMAN_OBSERVATION,iNaturalist,iNaturalist research-grade observations
6195790887,"Loxodonta africana (Blumenbach, 1797)",Loxodonta africana,Loxodonta,Elephantidae,-1.761984,35.254326,31444.0,Narok,,,2026-03-19T11:10,2026.0,3.0,19.0,HUMAN_OBSERVATION,iNaturalist,iNaturalist research-grade observations
6195799896,"Loxodonta africana (Blumenbach, 1797)",Loxodonta africana,Loxodonta,Elephantidae,-2.974179,38.173752,31431.0,Taita Taveta,,,2026-03-27T16:47,2026.0,3.0,27.0,HUMAN_OBSERVATION,iNaturalist,iNaturalist research-grade observations
6196033424,"Loxodonta africana (Blumenbach, 1797)",Loxodonta africana,Loxodonta,Elephantidae,-2.702637,37.336748,31434.0,Kajiado,,,2026-03-22T08:01,2026.0,3.0,22.0,HUMAN_OBSERVATION,iNaturalist,iNaturalist research-grade observations
6234635937,"Loxodonta africana (Blumenbach, 1797)",Loxodonta africana,Loxodonta,Elephantidae,-1.567047,35.120206,31446.0,Narok,,,2026-03-30T16:34,2026.0,3.0,30.0,HUMAN_OBSERVATION,iNaturalist,iNaturalist research-grade observations
6234681606,"Loxodonta africana (Blumenbach, 1797)",Loxodonta africana,Loxodonta,Elephantidae,0.581314,37.462779,31451.0,Isiolo,,,2026-03-27T21:56,2026.0,3.0,27.0,HUMAN_OBSERVATION,iNaturalist,iNaturalist research-grade observations
6234924713,"Loxodonta africana (Blumenbach, 1797)",Loxodonta africana,Loxodonta,Elephantidae,0.556424,37.471376,31451.0,Isiolo,,,2026-03-27T01:12,2026.0,3.0,27.0,HUMAN_OBSERVATION,iNaturalist,iNaturalist research-grade observations
6235093884,"Loxodonta africana (Blumenbach, 1797)",Loxodonta africana,Loxodonta,Elephantidae,0.555813,37.524079,31451.0,Samburu,,,2026-03-27T22:54,2026.0,3.0,27.0,HUMAN_OBSERVATION,iNaturalist,iNaturalist research-grade observations
6235114647,"Loxodonta africana (Blumenbach, 1797)",Loxodonta africana,Loxodonta,Elephantidae,0.595136,37.439285,31451.0,Isiolo,,,2026-03-10T10:18,2026.0,3.0,10.0,HUMAN_OBSERVATION,iNaturalist,iNaturalist research-grade observations
6235705788,"Loxodonta africana (Blumenbach, 1797)",Loxodonta africana,Loxodonta,Elephantidae,0.527003,37.430312,31451.0,Isiolo,,,2026-03-10T13:20,2026.0,3.0,10.0,HUMAN_OBSERVATION,iNaturalist,iNaturalist research-grade observations
6235788372,"Loxodonta africana (Blumenbach, 1797)",Loxodonta africana,Loxodonta,Elephantidae,0.54494,37.46533,31451.0,Samburu,,,2026-03-27T22:58,2026.0,3.0,27.0,HUMAN_OBSERVATION,iNaturalist,iNaturalist research-grade observations
6235838519,"Loxodonta africana (Blumenbach, 1797)",Loxodonta africana,Loxodonta,Elephantidae,0.428225,37.55224,31451.0,Samburu,,,2026-03-27T06:52,2026.0,3.0,27.0,HUMAN_OBSERVATION,iNaturalist,iNaturalist research-grade observations
6236021012,"Loxodonta africana (Blumenbach, 1797)",Loxodonta africana,Loxodonta,Elephantidae,0.659697,37.518747,31450.0,Samburu,,,2026-03-27T18:11,2026.0,3.0,27.0,HUMAN_OBSERVATION,iNaturalist,iNaturalist research-grade observations
6236044603,"Loxodonta africana (Blumenbach, 1797)",Loxodonta africana,Loxodonta,Elephantidae,0.537546,37.595029,31451.0,Samburu,,,2026-03-27T06:57,2026.0,3.0,27.0,HUMAN_OBSERVATION,iNaturalist,iNaturalist research-grade observations
6236127001,"Loxodonta africana (Blumenbach, 1797)",Loxodonta africana,Loxodonta,Elephantidae,0.527694,37.544618,31451.0,Samburu,,,2026-03-26T23:13,2026.0,3.0,26.0,HUMAN_OBSERVATION,iNaturalist,iNaturalist research-grade observations
6236426837,"Loxodonta africana (Blumenbach, 1797)",Loxodonta africana,Loxodonta,Elephantidae,0.532067,37.458716,31451.0,Samburu,,,2026-03-28T09:01,2026.0,3.0,28.0,HUMAN_OBSERVATION,iNaturalist,iNaturalist research-grade observations
6236435000,"Loxodonta africana (Blumenbach, 1797)",Loxodonta africana,Loxodonta,Elephantidae,0.52049,37.516719,31451.0,Samburu,,,2026-03-27T07:07,2026.0,3.0,27.0,HUMAN_OBSERVATION,iNaturalist,iNaturalist research-grade observations
6236538788,"Loxodonta africana (Blumenbach, 1797)",Loxodonta africana,Loxodonta,Elephantidae,0.52624,37.43465,31451.0,Isiolo,,,2026-03-27T03:06,2026.0,3.0,27.0,HUMAN_OBSERVATION,iNaturalist,iNaturalist research-grade observations
6273163468,"Loxodonta africana (Blumenbach, 1797)",Loxodonta africana,Loxodonta,Elephantidae,-2.633757,37.294467,31434.0,Kajiado,,,2026-03-26T09:36,2026.0,3.0,26.0,HUMAN_OBSERVATION,iNaturalist,iNaturalist research-grade observations
6273650119,"Loxodonta africana (Blumenbach, 1797)",Loxodonta africana,Loxodonta,Elephantidae,0.604936,37.458758,31450.0,Samburu,,,2026-03-18T11:57:29,2026.0,3.0,18.0,HUMAN_OBSERVATION,iNaturalist,iNaturalist research-grade observations
6273854558,"Loxodonta africana (Blumenbach, 1797)",Loxodonta africana,Loxodonta,Elephantidae,-2.741319,37.345811,31434.0,Kajiado,,,2026-03-25T12:03,2026.0,3.0,25.0,HUMAN_OBSERVATION,iNaturalist,iNaturalist research-grade observations
6273892529,"Loxodonta africana (Blumenbach, 1797)",Loxodonta africana,Loxodonta,Elephantidae,-2.797438,37.283579,31434.0,Kajiado,,,2026-03-25T07:54,2026.0,3.0,25.0,HUMAN_OBSERVATION,iNaturalist,iNaturalist research-grade observations
6274090732,"Loxodonta africana (Blumenbach, 1797)",Loxodonta africana,Loxodonta,Elephantidae,-2.943521,38.170225,31431.0,Taita Taveta,,,2026-03-27T16:39,2026.0,3.0,27.0,HUMAN_OBSERVATION,iNaturalist,iNaturalist research-grade observations
6274218700,"Loxodonta africana (Blumenbach, 1797)",Loxodonta africana,Loxodonta,Elephantidae,-2.774766,37.298389,31434.0,Kajiado,,,2026-03-25T07:21,2026.0,3.0,25.0,HUMAN_OBSERVATION,iNaturalist,iNaturalist research-grade observations
6274322744,"Loxodonta africana (Blumenbach, 1797)",Loxodonta africana,Loxodonta,Elephantidae,0.556094,37.52148,31451.0,Samburu,,,2026-03-18T13:09:09,2026.0,3.0,18.0,HUMAN_OBSERVATION,iNaturalist,iNaturalist research-grade observations
6334370629,"Loxodonta africana (Blumenbach, 1797)",Loxodonta africana,Loxodonta,Elephantidae,0.407731,37.437982,31451.0,Samburu,,,2026-03-18T13:48:03,2026.0,3.0,18.0,HUMAN_OBSERVATION,iNaturalist,iNaturalist research-grade observations
6334500818,"Loxodonta africana (Blumenbach, 1797)",Loxodonta africana,Loxodonta,Elephantidae,-3.386432,38.71229,31425.0,Taita Taveta,,,2026-03-08T14:56:39,2026.0,3.0,8.0,HUMAN_OBSERVATION,iNaturalist,iNaturalist research-grade observations
6353339365,"Loxodonta africana (Blumenbach, 1797)",Loxodonta africana,Loxodonta,Elephantidae,0.548645,37.418306,31451.0,Samburu,,,2026-03-19T08:17:26,2026.0,3.0,19.0,HUMAN_OBSERVATION,iNaturalist,iNaturalist research-grade observations
6441207962,"Loxodonta africana (Blumenbach, 1797)",Loxodonta africana,Loxodonta,Elephantidae,-1.358052,35.153295,31447.0,Narok,,,2026-03-24T08:09:37,2026.0,3.0,24.0,HUMAN_OBSERVATION,iNaturalist,iNaturalist research-grade observations
6451612454,"Loxodonta africana (Blumenbach, 1797)",Loxodonta africana,Loxodonta,Elephantidae,-1.528592,35.268704,31446.0,Narok,,,2026-03-26T16:20:02,2026.0,3.0,26.0,HUMAN_OBSERVATION,iNaturalist,iNaturalist research-grade observations
6452064651,"Loxodonta africana (Blumenbach, 1797)",Loxodonta africana,Loxodonta,Elephantidae,-1.572886,35.366383,31446.0,Narok,,,2026-03-26T16:13:24,2026.0,3.0,26.0,HUMAN_OBSERVATION,iNaturalist,iNaturalist research-grade observations
6452431561,"Loxodonta africana (Blumenbach, 1797)",Loxodonta africana,Loxodonta,Elephantidae,-1.57287,35.384919,31446.0,Narok,,,2026-03-26T16:39:06,2026.0,3.0,26.0,HUMAN_OBSERVATION,iNaturalist,iNaturalist research-grade observations
6479183201,"Loxodonta africana (Blumenbach, 1797)",Loxodonta africana,Loxodonta,Elephantidae,-1.596803,35.127,31446.0,Narok,,,2026-03-27T12:05:22,2026.0,3.0,27.0,HUMAN_OBSERVATION,iNaturalist,iNaturalist research-grade observations
6480709874,"Loxodonta africana (Blumenbach, 1797)",Loxodonta africana,Loxodonta,Elephantidae,-1.447039,35.061204,31446.0,Narok,,,2026-03-27T13:41:19,2026.0,3.0,27.0,HUMAN_OBSERVATION,iNaturalist,iNaturalist research-grade observations
6498664754,"Loxodonta africana (Blumenbach, 1797)",Loxodonta africana,Loxodonta,Elephantidae,-1.521026,35.310512,31446.0,Narok,,,2026-03-28T16:56:51,2026.0,3.0,28.0,HUMAN_OBSERVATION,iNaturalist,iNaturalist research-grade observations
6499346379,"Loxodonta africana (Blumenbach, 1797)",Loxodonta africana,Loxodonta,Elephantidae,-1.519586,35.214544,31446.0,Narok,,,2026-03-28T15:49:56,2026.0,3.0,28.0,HUMAN_OBSERVATION,iNaturalist,iNaturalist research-grade observations
6499753630,"Loxodonta africana (Blumenbach, 1797)",Loxodonta africana,Loxodonta,Elephantidae,-1.417292,35.208022,31446.0,Narok,,,2026-03-27T16:40:19,2026.0,3.0,27.0,HUMAN_OBSERVATION,iNaturalist,iNaturalist research-grade observations
6500401455,"Loxodonta africana (Blumenbach, 1797)",Loxodonta africana,Loxodonta,Elephantidae,-1.641351,35.279137,31444.0,Narok,,,2026-03-28T12:46:47,2026.0,3.0,28.0,HUMAN_OBSERVATION,iNaturalist,iNaturalist research-grade observations
6187795179,"Loxodonta africana (Blumenbach, 1797)",Loxodonta africana,Loxodonta,Elephantidae,-2.977327,38.831177,250.0,,,TSAVO-OST-Nationalpark,2026-04-01T00:00,2026.0,4.0,1.0,HUMAN_OBSERVATION,NABU|naturgucker,
6187981410,"Loxodonta africana (Blumenbach, 1797)",Loxodonta africana,Loxodonta,Elephantidae,0.327795,36.906554,31451.0,Laikipia,,,2026-04-01T16:10,2026.0,4.0,1.0,HUMAN_OBSERVATION,iNaturalist,iNaturalist research-grade observations
6188001949,"Loxodonta africana (Blumenbach, 1797)",Loxodonta africana,Loxodonta,Elephantidae,-1.470629,35.143774,31446.0,Narok,,,2026-04-06T21:12,2026.0,4.0,6.0,HUMAN_OBSERVATION,iNaturalist,iNaturalist research-grade observations
6188234804,"Loxodonta africana (Blumenbach, 1797)",Loxodonta africana,Loxodonta,Elephantidae,-2.74022,37.399237,31434.0,Kajiado,,,2026-04-04T15:18,2026.0,4.0,4.0,HUMAN_OBSERVATION,iNaturalist,iNaturalist research-grade observations
6195974535,"Loxodonta africana (Blumenbach, 1797)",Loxodonta africana,Loxodonta,Elephantidae,0.487723,36.868838,31451.0,Isiolo,,,2026-04-11T10:25:05,2026.0,4.0,11.0,HUMAN_OBSERVATION,iNaturalist,iNaturalist research-grade observations
6234187304,"Loxodonta africana (Blumenbach, 1797)",Loxodonta africana,Loxodonta,Elephantidae,-3.517809,37.810523,31422.0,Taita Taveta,,,2026-04-10T05:20,2026.0,4.0,10.0,HUMAN_OBSERVATION,iNaturalist,iNaturalist research-grade observations
6234247782,"Loxodonta africana (Blumenbach, 1797)",Loxodonta africana,Loxodonta,Elephantidae,-1.236866,36.798568,31447.0,Kajiado,,,2026-04-27T16:30,2026.0,4.0,27.0,HUMAN_OBSERVATION,iNaturalist,iNaturalist research-grade observations
6234680811,"Loxodonta africana (Blumenbach, 1797)",Loxodonta africana,Loxodonta,Elephantidae,-1.436205,36.840628,31446.0,Kajiado,,,2026-04-20T12:06:34,2026.0,4.0,20.0,HUMAN_OBSERVATION,iNaturalist,iNaturalist research-grade observations
6235868947,"Loxodonta africana (Blumenbach, 1797)",Loxodonta africana,Loxodonta,Elephantidae,-1.460522,35.05185,31446.0,Narok,,,2026-04-19T08:35,2026.0,4.0,19.0,HUMAN_OBSERVATION,iNaturalist,iNaturalist research-grade observations
6236035888,"Loxodonta africana (Blumenbach, 1797)",Loxodonta africana,Loxodonta,Elephantidae,-1.57725,35.146214,31446.0,Narok,,,2026-04-17T10:48,2026.0,4.0,17.0,HUMAN_OBSERVATION,iNaturalist,iNaturalist research-grade observations
6236260573,"Loxodonta africana (Blumenbach, 1797)",Loxodonta africana,Loxodonta,Elephantidae,-3.014186,38.701996,31428.0,Taita Taveta,,,2026-04-15T20:19,2026.0,4.0,15.0,HUMAN_OBSERVATION,iNaturalist,iNaturalist research-grade observations
6251903704,"Loxodonta africana (Blumenbach, 1797)",Loxodonta africana,Loxodonta,Elephantidae,-2.743735,37.330456,31434.0,Kajiado,,,2026-04-24T06:35,2026.0,4.0,24.0,HUMAN_OBSERVATION,iNaturalist,iNaturalist research-grade observations
6252513587,"Loxodonta africana (Blumenbach, 1797)",Loxodonta africana,Loxodonta,Elephantidae,-0.856993,35.872944,131800.0,Narok,,,2026-04-20T19:16,2026.0,4.0,20.0,HUMAN_OBSERVATION,iNaturalist,iNaturalist research-grade observations
6252973675,"Loxodonta africana (Blumenbach, 1797)",Loxodonta africana,Loxodonta,Elephantidae,0.375117,37.580459,31451.0,Meru,,,2026-04-18T21:31,2026.0,4.0,18.0,HUMAN_OBSERVATION,iNaturalist,iNaturalist research-grade observations
6400695342,"Loxodonta africana (Blumenbach, 1797)",Loxodonta africana,Loxodonta,Elephantidae,-1.40706,35.197989,31446.0,Narok,,,2026-04-18T12:30:58,2026.0,4.0,18.0,HUMAN_OBSERVATION,iNaturalist,iNaturalist research-grade observations
6251813084,"Loxodonta africana (Blumenbach, 1797)",Loxodonta africana,Loxodonta,Elephantidae,-1.275826,36.716021,31447.0,Nairobi,,,2026-05-02T06:24:31,2026.0,5.0,2.0,HUMAN_OBSERVATION,iNaturalist,iNaturalist research-grade observations
6273577539,"Loxodonta africana (Blumenbach, 1797)",Loxodonta africana,Loxodonta,Elephantidae,-2.916039,38.11669,31431.0,Taita Taveta,,,2026-05-03T16:15:19,2026.0,5.0,3.0,HUMAN_OBSERVATION,iNaturalist,iNaturalist research-grade observations
6320291341,"Loxodonta africana (Blumenbach, 1797)",Loxodonta africana,Loxodonta,Elephantidae,0.47658,37.541084,31451.0,Isiolo,,,2026-05-13T15:31:47,2026.0,5.0,13.0,HUMAN_OBSERVATION,iNaturalist,iNaturalist research-grade observations
6320464542,"Loxodonta africana (Blumenbach, 1797)",Loxodonta africana,Loxodonta,Elephantidae,-1.650964,35.358268,31444.0,Narok,,,2026-05-10T18:28:48,2026.0,5.0,10.0,HUMAN_OBSERVATION,iNaturalist,iNaturalist research-grade observations
6320502366,"Loxodonta africana (Blumenbach, 1797)",Loxodonta africana,Loxodonta,Elephantidae,-2.669885,37.365097,31434.0,Kajiado,,,2026-05-16T06:59:09,2026.0,5.0,16.0,HUMAN_OBSERVATION,iNaturalist,iNaturalist research-grade observations
6321043818,"Loxodonta africana (Blumenbach, 1797)",Loxodonta africana,Loxodonta,Elephantidae,-2.767746,37.368205,31434.0,Kajiado,,,2026-05-16T16:19:10,2026.0,5.0,16.0,HUMAN_OBSERVATION,iNaturalist,iNaturalist research-grade observations
6333870008,"Loxodonta africana (Blumenbach, 1797)",Loxodonta africana,Loxodonta,Elephantidae,0.65933,36.882459,31450.0,Laikipia,,,2026-05-13T16:26,2026.0,5.0,13.0,HUMAN_OBSERVATION,iNaturalist,iNaturalist research-grade observations
6334130859,"Loxodonta africana (Blumenbach, 1797)",Loxodonta africana,Loxodonta,Elephantidae,-3.23407,38.421357,31425.0,Taita Taveta,,,2026-05-05T14:12:43,2026.0,5.0,5.0,HUMAN_OBSERVATION,iNaturalist,iNaturalist research-grade observations
6334711479,"Loxodonta africana (Blumenbach, 1797)",Loxodonta africana,Loxodonta,Elephantidae,0.270755,37.461468,31451.0,Meru,,,2026-05-07T13:12:32,2026.0,5.0,7.0,HUMAN_OBSERVATION,iNaturalist,iNaturalist research-grade observations
6352807441,"Loxodonta africana (Blumenbach, 1797)",Loxodonta africana,Loxodonta,Elephantidae,-3.063638,38.59374,31428.0,Taita Taveta,,,2026-05-31T09:05:36,2026.0,5.0,31.0,HUMAN_OBSERVATION,iNaturalist,iNaturalist research-grade observations
6398634999,"Loxodonta africana (Blumenbach, 1797)",Loxodonta africana,Loxodonta,Elephantidae,-3.369684,37.929327,31425.0,Taita Taveta,,,2026-05-28T14:45:19,2026.0,5.0,28.0,HUMAN_OBSERVATION,iNaturalist,iNaturalist research-grade observations
6399384336,"Loxodonta africana (Blumenbach, 1797)",Loxodonta africana,Loxodonta,Elephantidae,-1.285049,34.800823,31447.0,Narok,,,2026-05-27T17:16:53,2026.0,5.0,27.0,HUMAN_OBSERVATION,iNaturalist,iNaturalist research-grade observations
6498576903,"Loxodonta africana (Blumenbach, 1797)",Loxodonta africana,Loxodonta,Elephantidae,-1.211463,34.874709,31447.0,Narok,,,2026-05-27T16:40:33,2026.0,5.0,27.0,HUMAN_OBSERVATION,iNaturalist,iNaturalist research-grade observations
6398564700,"Loxodonta africana (Blumenbach, 1797)",Loxodonta africana,Loxodonta,Elephantidae,-1.443673,35.181586,31446.0,Narok,,,2026-06-07T12:13:30,2026.0,6.0,7.0,HUMAN_OBSERVATION,iNaturalist,iNaturalist research-grade observations
6398714035,"Loxodonta africana (Blumenbach, 1797)",Loxodonta africana,Loxodonta,Elephantidae,-1.501046,35.273839,31446.0,Narok,,,2026-06-15T18:08:22,2026.0,6.0,15.0,HUMAN_OBSERVATION,iNaturalist,iNaturalist research-grade observations
6399273917,"Loxodonta africana (Blumenbach, 1797)",Loxodonta africana,Loxodonta,Elephantidae,0.231625,36.838344,31451.0,Laikipia,,,2026-06-04T15:46:07,2026.0,6.0,4.0,HUMAN_OBSERVATION,iNaturalist,iNaturalist research-grade observations
6399477911,"Loxodonta africana (Blumenbach, 1797)",Loxodonta africana,Loxodonta,Elephantidae,-2.663406,37.206087,31434.0,Kajiado,,,2026-06-01T17:14:31,2026.0,6.0,1.0,HUMAN_OBSERVATION,iNaturalist,iNaturalist research-grade observations
6399705876,"Loxodonta africana (Blumenbach, 1797)",Loxodonta africana,Loxodonta,Elephantidae,-3.329682,38.426039,31425.0,Taita Taveta,,,2026-06-01T14:43:15,2026.0,6.0,1.0,HUMAN_OBSERVATION,iNaturalist,iNaturalist research-grade observations
6412931542,"Loxodonta africana (Blumenbach, 1797)",Loxodonta africana,Loxodonta,Elephantidae,-1.504679,35.314951,31446.0,Narok,,,2026-06-20T11:23,2026.0,6.0,20.0,HUMAN_OBSERVATION,iNaturalist,iNaturalist research-grade observations
6413122986,"Loxodonta africana (Blumenbach, 1797)",Loxodonta africana,Loxodonta,Elephantidae,-3.192465,38.705485,31428.0,Taita Taveta,,,2026-06-14T07:33:25,2026.0,6.0,14.0,HUMAN_OBSERVATION,iNaturalist,iNaturalist research-grade observations
6413130566,"Loxodonta africana (Blumenbach, 1797)",Loxodonta africana,Loxodonta,Elephantidae,-3.243293,39.965803,31425.0,Kilifi,,,2026-06-16T15:54:28,2026.0,6.0,16.0,HUMAN_OBSERVATION,iNaturalist,iNaturalist research-grade observations
6413239729,"Loxodonta africana (Blumenbach, 1797)",Loxodonta africana,Loxodonta,Elephantidae,-3.730706,38.634575,31418.0,Taita Taveta,,,2026-06-17T14:44:53,2026.0,6.0,17.0,HUMAN_OBSERVATION,iNaturalist,iNaturalist research-grade observations
6413340533,"Loxodonta africana (Blumenbach, 1797)",Loxodonta africana,Loxodonta,Elephantidae,-0.145692,37.109722,31451.0,Nyeri,,,2026-06-20T10:53:55,2026.0,6.0,20.0,HUMAN_OBSERVATION,iNaturalist,iNaturalist research-grade observations
6413395543,"Loxodonta africana (Blumenbach, 1797)",Loxodonta africana,Loxodonta,Elephantidae,0.174421,36.978247,31451.0,Laikipia,,,2026-06-21T12:08:40,2026.0,6.0,21.0,HUMAN_OBSERVATION,iNaturalist,iNaturalist research-grade observations
6413603103,"Loxodonta africana (Blumenbach, 1797)",Loxodonta africana,Loxodonta,Elephantidae,-0.324331,36.780779,31451.0,Nyeri,,,2026-06-12T14:29,2026.0,6.0,12.0,HUMAN_OBSERVATION,iNaturalist,iNaturalist research-grade observations
6413820383,"Loxodonta africana (Blumenbach, 1797)",Loxodonta africana,Loxodonta,Elephantidae,0.085491,36.874456,31451.0,Laikipia,,,2026-06-17T16:43,2026.0,6.0,17.0,HUMAN_OBSERVATION,iNaturalist,iNaturalist research-grade observations
6414117019,"Loxodonta africana (Blumenbach, 1797)",Loxodonta africana,Loxodonta,Elephantidae,-2.633853,37.343664,31434.0,Kajiado,,,2026-06-20T11:56:34,2026.0,6.0,20.0,HUMAN_OBSERVATION,iNaturalist,iNaturalist research-grade observations
6422991855,"Loxodonta africana (Blumenbach, 1797)",Loxodonta africana,Loxodonta,Elephantidae,0.549675,37.516177,31451.0,Isiolo,,,2026-06-22T17:51:36,2026.0,6.0,22.0,HUMAN_OBSERVATION,iNaturalist,iNaturalist research-grade observations
6430757614,"Loxodonta africana (Blumenbach, 1797)",Loxodonta africana,Loxodonta,Elephantidae,-2.728303,37.216921,31434.0,Kajiado,,,2026-06-26T04:41,2026.0,6.0,26.0,HUMAN_OBSERVATION,iNaturalist,iNaturalist research-grade observations
6430785728,"Loxodonta africana (Blumenbach, 1797)",Loxodonta africana,Loxodonta,Elephantidae,-1.493847,35.170101,31446.0,Narok,,,2026-06-21T06:29,2026.0,6.0,21.0,HUMAN_OBSERVATION,iNaturalist,iNaturalist research-grade observations
6430795895,"Loxodonta africana (Blumenbach, 1797)",Loxodonta africana,Loxodonta,Elephantidae,-1.484835,35.173714,31446.0,Narok,,,2026-06-21T05:10,2026.0,6.0,21.0,HUMAN_OBSERVATION,iNaturalist,iNaturalist research-grade observations
6430830833,"Loxodonta africana (Blumenbach, 1797)",Loxodonta africana,Loxodonta,Elephantidae,-1.479085,35.398352,31446.0,Narok,,,2026-06-20T12:38,2026.0,6.0,20.0,HUMAN_OBSERVATION,iNaturalist,iNaturalist research-grade observations
6430882607,"Loxodonta africana (Blumenbach, 1797)",Loxodonta africana,Loxodonta,Elephantidae,-1.497563,35.206651,31446.0,Narok,,,2026-06-22T12:14,2026.0,6.0,22.0,HUMAN_OBSERVATION,iNaturalist,iNaturalist research-grade observations
6430902097,"Loxodonta africana (Blumenbach, 1797)",Loxodonta africana,Loxodonta,Elephantidae,-2.673406,37.3837,31434.0,Kajiado,,,2026-06-26T04:16,2026.0,6.0,26.0,HUMAN_OBSERVATION,iNaturalist,iNaturalist research-grade observations
6431011875,"Loxodonta africana (Blumenbach, 1797)",Loxodonta africana,Loxodonta,Elephantidae,-1.47248,35.293704,31446.0,Narok,,,2026-06-20T12:20,2026.0,6.0,20.0,HUMAN_OBSERVATION,iNaturalist,iNaturalist research-grade observations
6431104877,"Loxodonta africana (Blumenbach, 1797)",Loxodonta africana,Loxodonta,Elephantidae,-2.629109,37.395479,31434.0,Kajiado,,,2026-06-26T06:19,2026.0,6.0,26.0,HUMAN_OBSERVATION,iNaturalist,iNaturalist research-grade observations
6431106736,"Loxodonta africana (Blumenbach, 1797)",Loxodonta africana,Loxodonta,Elephantidae,-2.643755,37.241025,31434.0,Kajiado,,,2026-06-30T09:00:17,2026.0,6.0,30.0,HUMAN_OBSERVATION,iNaturalist,iNaturalist research-grade observations
6431127097,"Loxodonta africana (Blumenbach, 1797)",Loxodonta africana,Loxodonta,Elephantidae,-2.759342,37.351428,31434.0,Kajiado,,,2026-06-26T13:56,2026.0,6.0,26.0,HUMAN_OBSERVATION,iNaturalist,iNaturalist research-grade observations
6431247667,"Loxodonta africana (Blumenbach, 1797)",Loxodonta africana,Loxodonta,Elephantidae,-2.694235,37.380357,31434.0,Kajiado,,,2026-06-26T04:11,2026.0,6.0,26.0,HUMAN_OBSERVATION,iNaturalist,iNaturalist research-grade observations
6431266815,"Loxodonta africana (Blumenbach, 1797)",Loxodonta africana,Loxodonta,Elephantidae,-2.675708,37.237092,31434.0,Kajiado,,,2026-06-25T13:30,2026.0,6.0,25.0,HUMAN_OBSERVATION,iNaturalist,iNaturalist research-grade observations
6431283772,"Loxodonta africana (Blumenbach, 1797)",Loxodonta africana,Loxodonta,Elephantidae,-2.681331,37.394106,31434.0,Kajiado,,,2026-06-25T11:50,2026.0,6.0,25.0,HUMAN_OBSERVATION,iNaturalist,iNaturalist research-grade observations
6431307075,"Loxodonta africana (Blumenbach, 1797)",Loxodonta africana,Loxodonta,Elephantidae,-2.781127,37.2474,31434.0,Kajiado,,,2026-06-26T04:05,2026.0,6.0,26.0,HUMAN_OBSERVATION,iNaturalist,iNaturalist research-grade observations
6431343625,"Loxodonta africana (Blumenbach, 1797)",Loxodonta africana,Loxodonta,Elephantidae,-1.563914,35.314215,31446.0,Narok,,,2026-06-22T12:25,2026.0,6.0,22.0,HUMAN_OBSERVATION,iNaturalist,iNaturalist research-grade observations
6431372974,"Loxodonta africana (Blumenbach, 1797)",Loxodonta africana,Loxodonta,Elephantidae,-2.702692,37.254113,31434.0,Kajiado,,,2026-06-26T13:46,2026.0,6.0,26.0,HUMAN_OBSERVATION,iNaturalist,iNaturalist research-grade observations
6431429963,"Loxodonta africana (Blumenbach, 1797)",Loxodonta africana,Loxodonta,Elephantidae,-1.402306,35.296829,31446.0,Narok,,,2026-06-20T12:31,2026.0,6.0,20.0,HUMAN_OBSERVATION,iNaturalist,iNaturalist research-grade observations
6431498823,"Loxodonta africana (Blumenbach, 1797)",Loxodonta africana,Loxodonta,Elephantidae,-1.576849,35.372148,31446.0,Narok,,,2026-06-21T03:35,2026.0,6.0,21.0,HUMAN_OBSERVATION,iNaturalist,iNaturalist research-grade observations
6431554670,"Loxodonta africana (Blumenbach, 1797)",Loxodonta africana,Loxodonta,Elephantidae,-2.667242,37.364659,31434.0,Kajiado,,,2026-06-25T11:55,2026.0,6.0,25.0,HUMAN_OBSERVATION,iNaturalist,iNaturalist research-grade observations
6431714715,"Loxodonta africana (Blumenbach, 1797)",Loxodonta africana,Loxodonta,Elephantidae,-1.538851,35.251983,31446.0,Narok,,,2026-06-20T13:37,2026.0,6.0,20.0,HUMAN_OBSERVATION,iNaturalist,iNaturalist research-grade observations
6431750399,"Loxodonta africana (Blumenbach, 1797)",Loxodonta africana,Loxodonta,Elephantidae,0.232362,36.898574,31451.0,Laikipia,,,2026-06-13T18:06,2026.0,6.0,13.0,HUMAN_OBSERVATION,iNaturalist,iNaturalist research-grade observations
6431779555,"Loxodonta africana (Blumenbach, 1797)",Loxodonta africana,Loxodonta,Elephantidae,-1.530818,35.300283,31446.0,Narok,,,2026-06-21T12:15,2026.0,6.0,21.0,HUMAN_OBSERVATION,iNaturalist,iNaturalist research-grade observations
6431782745,"Loxodonta africana (Blumenbach, 1797)",Loxodonta africana,Loxodonta,Elephantidae,-2.68164,37.372717,31434.0,Kajiado,,,2026-06-26T06:45,2026.0,6.0,26.0,HUMAN_OBSERVATION,iNaturalist,iNaturalist research-grade observations
6431816069,"Loxodonta africana (Blumenbach, 1797)",Loxodonta africana,Loxodonta,Elephantidae,-2.979265,38.162967,31431.0,Taita Taveta,,,2026-06-10T21:16:45,2026.0,6.0,10.0,HUMAN_OBSERVATION,iNaturalist,iNaturalist research-grade observations
6431829925,"Loxodonta africana (Blumenbach, 1797)",Loxodonta africana,Loxodonta,Elephantidae,-1.491757,35.238424,31446.0,Narok,,,2026-06-20T12:09,2026.0,6.0,20.0,HUMAN_OBSERVATION,iNaturalist,iNaturalist research-grade observations
6431868843,"Loxodonta africana (Blumenbach, 1797)",Loxodonta africana,Loxodonta,Elephantidae,-1.482762,35.27293,31446.0,Narok,,,2026-06-22T12:29,2026.0,6.0,22.0,HUMAN_OBSERVATION,iNaturalist,iNaturalist research-grade observations
6431931541,"Loxodonta africana (Blumenbach, 1797)",Loxodonta africana,Loxodonta,Elephantidae,-2.778572,37.233693,31434.0,Kajiado,,,2026-06-26T06:24,2026.0,6.0,26.0,HUMAN_OBSERVATION,iNaturalist,iNaturalist research-grade observations
6431936569,"Loxodonta africana (Blumenbach, 1797)",Loxodonta africana,Loxodonta,Elephantidae,-2.660027,37.290622,31434.0,Kajiado,,,2026-06-27T02:19,2026.0,6.0,27.0,HUMAN_OBSERVATION,iNaturalist,iNaturalist research-grade observations
6479093628,"Loxodonta africana (Blumenbach, 1797)",Loxodonta africana,Loxodonta,Elephantidae,-3.580295,38.689127,31422.0,Taita Taveta,,,2026-06-14T09:35:46,2026.0,6.0,14.0,HUMAN_OBSERVATION,iNaturalist,iNaturalist research-grade observations
6479132158,"Loxodonta africana (Blumenbach, 1797)",Loxodonta africana,Loxodonta,Elephantidae,-3.265825,38.811031,31425.0,Taita Taveta,,,2026-06-13T22:35:26,2026.0,6.0,13.0,HUMAN_OBSERVATION,iNaturalist,iNaturalist research-grade observations
6479169510,"Loxodonta africana (Blumenbach, 1797)",Loxodonta africana,Loxodonta,Elephantidae,-3.176319,38.764923,31428.0,Taita Taveta,,,2026-06-15T09:06:43,2026.0,6.0,15.0,HUMAN_OBSERVATION,iNaturalist,iNaturalist research-grade observations
6480313488,"Loxodonta africana (Blumenbach, 1797)",Loxodonta africana,Loxodonta,Elephantidae,-3.26173,38.890357,31425.0,Taita Taveta,,,2026-06-13T15:26:21,2026.0,6.0,13.0,HUMAN_OBSERVATION,iNaturalist,iNaturalist research-grade observations
6480362762,"Loxodonta africana (Blumenbach, 1797)",Loxodonta africana,Loxodonta,Elephantidae,-3.446488,38.246471,31422.0,Taita Taveta,,,2026-06-11T12:08:38,2026.0,6.0,11.0,HUMAN_OBSERVATION,iNaturalist,iNaturalist research-grade observations
6499227361,"Loxodonta africana (Blumenbach, 1797)",Loxodonta africana,Loxodonta,Elephantidae,0.01829,38.02962,31451.0,Meru,,,2026-06-14T07:01,2026.0,6.0,14.0,HUMAN_OBSERVATION,iNaturalist,iNaturalist research-grade observations
6430797498,"Loxodonta africana (Blumenbach, 1797)",Loxodonta africana,Loxodonta,Elephantidae,0.436889,37.528618,31451.0,Isiolo,,,2026-07-05T08:54:12,2026.0,7.0,5.0,HUMAN_OBSERVATION,iNaturalist,iNaturalist research-grade observations
6431699792,"Loxodonta africana (Blumenbach, 1797)",Loxodonta africana,Loxodonta,Elephantidae,-2.602952,37.568497,31434.0,Kajiado,,,2026-07-05T15:28:48,2026.0,7.0,5.0,HUMAN_OBSERVATION,iNaturalist,iNaturalist research-grade observations
6431791916,"Loxodonta africana (Blumenbach, 1797)",Loxodonta africana,Loxodonta,Elephantidae,0.240985,36.927325,31451.0,Laikipia,,,2026-07-02T19:15:18,2026.0,7.0,2.0,HUMAN_OBSERVATION,iNaturalist,iNaturalist research-grade observations
6441510998,"Loxodonta africana (Blumenbach, 1797)",Loxodonta africana,Loxodonta,Elephantidae,-2.723569,38.359576,31434.0,Makueni,,,2026-07-11T11:47:30,2026.0,7.0,11.0,HUMAN_OBSERVATION,iNaturalist,iNaturalist research-grade observations
6441626678,"Loxodonta africana (Blumenbach, 1797)",Loxodonta africana,Loxodonta,Elephantidae,0.750788,37.411713,31450.0,Samburu,,,2026-07-12T16:05:43,2026.0,7.0,12.0,HUMAN_OBSERVATION,iNaturalist,iNaturalist research-grade observations
6441750633,"Loxodonta africana (Blumenbach, 1797)",Loxodonta africana,Loxodonta,Elephantidae,-1.587555,35.389065,31446.0,Narok,,,2026-07-12T16:24:12,2026.0,7.0,12.0,HUMAN_OBSERVATION,iNaturalist,iNaturalist research-grade observations
6441978833,"Loxodonta africana (Blumenbach, 1797)",Loxodonta africana,Loxodonta,Elephantidae,0.48925,37.687843,31451.0,Isiolo,,,2026-07-11T17:25:13,2026.0,7.0,11.0,HUMAN_OBSERVATION,iNaturalist,iNaturalist research-grade observations
6451701135,"Loxodonta africana (Blumenbach, 1797)",Loxodonta africana,Loxodonta,Elephantidae,-2.739636,37.343157,31434.0,Kajiado,,,2026-07-06T08:07:23,2026.0,7.0,6.0,HUMAN_OBSERVATION,iNaturalist,iNaturalist research-grade observations
6451907487,"Loxodonta africana (Blumenbach, 1797)",Loxodonta africana,Loxodonta,Elephantidae,-1.450105,35.303516,31446.0,Narok,,,2026-07-14T07:53:59,2026.0,7.0,14.0,HUMAN_OBSERVATION,iNaturalist,iNaturalist research-grade observations
6451923977,"Loxodonta africana (Blumenbach, 1797)",Loxodonta africana,Loxodonta,Elephantidae,-2.746116,37.330281,31434.0,Kajiado,,,2026-07-09T08:05:09,2026.0,7.0,9.0,HUMAN_OBSERVATION,iNaturalist,iNaturalist research-grade observations
6451967100,"Loxodonta africana (Blumenbach, 1797)",Loxodonta africana,Loxodonta,Elephantidae,-2.661298,37.591062,31434.0,Kajiado,,,2026-07-05T15:30:39,2026.0,7.0,5.0,HUMAN_OBSERVATION,iNaturalist,iNaturalist research-grade observations
6452408693,"Loxodonta africana (Blumenbach, 1797)",Loxodonta africana,Loxodonta,Elephantidae,0.473299,37.622886,31451.0,Isiolo,,,2026-07-14T08:49:38,2026.0,7.0,14.0,HUMAN_OBSERVATION,iNaturalist,iNaturalist research-grade observations
6452487332,"Loxodonta africana (Blumenbach, 1797)",Loxodonta africana,Loxodonta,Elephantidae,-1.974827,36.02947,31442.0,Kajiado,,,2026-07-07T18:21:54,2026.0,7.0,7.0,HUMAN_OBSERVATION,iNaturalist,iNaturalist research-grade observations
6469607156,"Loxodonta africana (Blumenbach, 1797)",Loxodonta africana,Loxodonta,Elephantidae,-1.251457,36.601154,31447.0,Nairobi,,,2026-07-26T15:19:35,2026.0,7.0,26.0,HUMAN_OBSERVATION,iNaturalist,iNaturalist research-grade observations
6469822575,"Loxodonta africana (Blumenbach, 1797)",Loxodonta africana,Loxodonta,Elephantidae,0.283561,38.170921,31451.0,Meru,,,2026-07-07T18:08,2026.0,7.0,7.0,HUMAN_OBSERVATION,iNaturalist,iNaturalist research-grade observations
6469829676,"Loxodonta africana (Blumenbach, 1797)",Loxodonta africana,Loxodonta,Elephantidae,-3.043757,38.056971,61441.0,Taita Taveta,,,2026-07-21T09:43,2026.0,7.0,21.0,HUMAN_OBSERVATION,iNaturalist,iNaturalist research-grade observations
6469852022,"Loxodonta africana (Blumenbach, 1797)",Loxodonta africana,Loxodonta,Elephantidae,-2.812608,38.470827,48333.0,Taita Taveta,,,2026-07-20T11:40:43,2026.0,7.0,20.0,HUMAN_OBSERVATION,iNaturalist,iNaturalist research-grade observations
6469961400,"Loxodonta africana (Blumenbach, 1797)",Loxodonta africana,Loxodonta,Elephantidae,-1.446082,35.137532,31446.0,Narok,,,2026-07-13T18:21:56,2026.0,7.0,13.0,HUMAN_OBSERVATION,iNaturalist,iNaturalist research-grade observations
6469981412,"Loxodonta africana (Blumenbach, 1797)",Loxodonta africana,Loxodonta,Elephantidae,-2.60859,37.278772,31434.0,Kajiado,,,2026-07-18T10:28:39,2026.0,7.0,18.0,HUMAN_OBSERVATION,iNaturalist,iNaturalist research-grade observations
6470005992,"Loxodonta africana (Blumenbach, 1797)",Loxodonta africana,Loxodonta,Elephantidae,2.394515,37.820922,31438.0,Marsabit,,,2026-07-12T17:32,2026.0,7.0,12.0,HUMAN_OBSERVATION,iNaturalist,iNaturalist research-grade observations
6470021033,"Loxodonta africana (Blumenbach, 1797)",Loxodonta africana,Loxodonta,Elephantidae,0.595275,37.596703,31451.0,Isiolo,,,2026-07-19T07:51:24,2026.0,7.0,19.0,HUMAN_OBSERVATION,iNaturalist,iNaturalist research-grade observations
6470046862,"Loxodonta africana (Blumenbach, 1797)",Loxodonta africana,Loxodonta,Elephantidae,0.234849,38.155835,31451.0,Meru,,,2026-07-07T15:57,2026.0,7.0,7.0,HUMAN_OBSERVATION,iNaturalist,iNaturalist research-grade observations
6470087477,"Loxodonta africana (Blumenbach, 1797)",Loxodonta africana,Loxodonta,Elephantidae,0.584017,37.506238,31451.0,Isiolo,,,2026-07-13T17:14,2026.0,7.0,13.0,HUMAN_OBSERVATION,iNaturalist,iNaturalist research-grade observations
6470236668,"Loxodonta africana (Blumenbach, 1797)",Loxodonta africana,Loxodonta,Elephantidae,-0.499296,36.645763,36448.0,Nyeri,,,2026-07-14T14:01:58,2026.0,7.0,14.0,HUMAN_OBSERVATION,iNaturalist,iNaturalist research-grade observations
6470306045,"Loxodonta africana (Blumenbach, 1797)",Loxodonta africana,Loxodonta,Elephantidae,0.517907,37.553032,31451.0,Isiolo,,,2026-07-19T07:54:51,2026.0,7.0,19.0,HUMAN_OBSERVATION,iNaturalist,iNaturalist research-grade observations
6470322113,"Loxodonta africana (Blumenbach, 1797)",Loxodonta africana,Loxodonta,Elephantidae,0.537095,37.766855,31451.0,Isiolo,,,2026-07-13T18:19,2026.0,7.0,13.0,HUMAN_OBSERVATION,iNaturalist,iNaturalist research-grade observations
6470645536,"Loxodonta africana (Blumenbach, 1797)",Loxodonta africana,Loxodonta,Elephantidae,-0.142391,37.803048,716643.0,Meru,,,2026-07-13T18:17,2026.0,7.0,13.0,HUMAN_OBSERVATION,iNaturalist,iNaturalist research-grade observations
6479495657,"Loxodonta africana (Blumenbach, 1797)",Loxodonta africana,Loxodonta,Elephantidae,-1.133507,35.310586,31448.0,Narok,,,2026-07-28T16:43:45,2026.0,7.0,28.0,HUMAN_OBSERVATION,iNaturalist,iNaturalist research-grade observations
6479515879,"Loxodonta africana (Blumenbach, 1797)",Loxodonta africana,Loxodonta,Elephantidae,-3.439214,38.828543,31422.0,Taita Taveta,,,2026-07-18T07:14,2026.0,7.0,18.0,HUMAN_OBSERVATION,iNaturalist,iNaturalist research-grade observations
6479538943,"Loxodonta africana (Blumenbach, 1797)",Loxodonta africana,Loxodonta,Elephantidae,-3.248899,38.490992,31425.0,Taita Taveta,,,2026-07-17T14:39,2026.0,7.0,17.0,HUMAN_OBSERVATION,iNaturalist,iNaturalist research-grade observations
6479597056,"Loxodonta africana (Blumenbach, 1797)",Loxodonta africana,Loxodonta,Elephantidae,-3.442305,39.181464,31422.0,Taita Taveta,,,2026-07-18T05:59,2026.0,7.0,18.0,HUMAN_OBSERVATION,iNaturalist,iNaturalist research-grade observations
6479778081,"Loxodonta africana (Blumenbach, 1797)",Loxodonta africana,Loxodonta,Elephantidae,-3.159851,38.492433,31428.0,Taita Taveta,,,2026-07-17T15:35,2026.0,7.0,17.0,HUMAN_OBSERVATION,iNaturalist,iNaturalist research-grade observations
6479934586,"Loxodonta africana (Blumenbach, 1797)",Loxodonta africana,Loxodonta,Elephantidae,-3.347442,38.46388,31425.0,Taita Taveta,,,2026-07-17T16:40,2026.0,7.0,17.0,HUMAN_OBSERVATION,iNaturalist,iNaturalist research-grade observations
6480366942,"Loxodonta africana (Blumenbach, 1797)",Loxodonta africana,Loxodonta,Elephantidae,-3.396552,38.766551,31425.0,Taita Taveta,,,2026-07-31T12:09:42,2026.0,7.0,31.0,HUMAN_OBSERVATION,iNaturalist,iNaturalist research-grade observations
6480749720,"Loxodonta africana (Blumenbach, 1797)",Loxodonta africana,Loxodonta,Elephantidae,-1.071296,35.06704,31448.0,Narok,,,2026-07-24T21:23:18,2026.0,7.0,24.0,HUMAN_OBSERVATION,iNaturalist,iNaturalist research-grade observations
6480842179,"Loxodonta africana (Blumenbach, 1797)",Loxodonta africana,Loxodonta,Elephantidae,-3.258376,38.409306,31425.0,Taita Taveta,,,2026-07-31T15:03:17,2026.0,7.0,31.0,HUMAN_OBSERVATION,iNaturalist,iNaturalist research-grade observations
6481140219,"Loxodonta africana (Blumenbach, 1797)",Loxodonta africana,Loxodonta,Elephantidae,-1.044211,35.63365,56195.0,Narok,,,2026-07-30T03:44,2026.0,7.0,30.0,HUMAN_OBSERVATION,iNaturalist,iNaturalist research-grade observations
6481161556,"Loxodonta africana (Blumenbach, 1797)",Loxodonta africana,Loxodonta,Elephantidae,-3.50024,38.914145,31422.0,Taita Taveta,,,2026-07-17T10:13,2026.0,7.0,17.0,HUMAN_OBSERVATION,iNaturalist,iNaturalist research-grade observations
6481246536,"Loxodonta africana (Blumenbach, 1797)",Loxodonta africana,Loxodonta,Elephantidae,-2.682996,37.21154,31434.0,Kajiado,,,2026-07-20T13:02:09,2026.0,7.0,20.0,HUMAN_OBSERVATION,iNaturalist,iNaturalist research-grade observations
6481287520,"Loxodonta africana (Blumenbach, 1797)",Loxodonta africana,Loxodonta,Elephantidae,-3.295901,38.628325,31425.0,Taita Taveta,,,2026-07-31T16:59:07,2026.0,7.0,31.0,HUMAN_OBSERVATION,iNaturalist,iNaturalist research-grade observations
6481384457,"Loxodonta africana (Blumenbach, 1797)",Loxodonta africana,Loxodonta,Elephantidae,-3.290154,38.568059,31425.0,Taita Taveta,,,2026-07-31T17:46:39,2026.0,7.0,31.0,HUMAN_OBSERVATION,iNaturalist,iNaturalist research-grade observations
6498186516,"Loxodonta africana (Blumenbach, 1797)",Loxodonta africana,Loxodonta,Elephantidae,-3.170351,39.22237,31428.0,Kilifi,,,2026-07-29T14:05,2026.0,7.0,29.0,HUMAN_OBSERVATION,iNaturalist,iNaturalist research-grade observations
6498233644,"Loxodonta africana (Blumenbach, 1797)",Loxodonta africana,Loxodonta,Elephantidae,-2.76524,37.330022,31434.0,Kajiado,,,2026-07-19T16:14:35,2026.0,7.0,19.0,HUMAN_OBSERVATION,iNaturalist,iNaturalist research-grade observations
6498366872,"Loxodonta africana (Blumenbach, 1797)",Loxodonta africana,Loxodonta,Elephantidae,-0.539724,36.693952,31451.0,Nyeri,,,2026-07-27T10:53,2026.0,7.0,27.0,HUMAN_OBSERVATION,iNaturalist,iNaturalist research-grade observations
6498756250,"Loxodonta africana (Blumenbach, 1797)",Loxodonta africana,Loxodonta,Elephantidae,-3.29028,39.965906,31425.0,Kilifi,,,2026-07-28T16:42,2026.0,7.0,28.0,HUMAN_OBSERVATION,iNaturalist,iNaturalist research-grade observations
6498771883,"Loxodonta africana (Blumenbach, 1797)",Loxodonta africana,Loxodonta,Elephantidae,-3.247807,39.888043,31425.0,Kilifi,,,2026-07-28T16:43,2026.0,7.0,28.0,HUMAN_OBSERVATION,iNaturalist,iNaturalist research-grade observations
6499321651,"Loxodonta africana (Blumenbach, 1797)",Loxodonta africana,Loxodonta,Elephantidae,0.555613,37.734201,31451.0,Isiolo,,,2026-07-15T16:47,2026.0,7.0,15.0,HUMAN_OBSERVATION,iNaturalist,iNaturalist research-grade observations
6499653847,"Loxodonta africana (Blumenbach, 1797)",Loxodonta africana,Loxodonta,Elephantidae,0.571748,37.783919,31451.0,Isiolo,,,2026-07-16T08:48:21,2026.0,7.0,16.0,HUMAN_OBSERVATION,iNaturalist,iNaturalist research-grade observations
6499969701,"Loxodonta africana (Blumenbach, 1797)",Loxodonta africana,Loxodonta,Elephantidae,-3.464077,38.907573,31422.0,Taita Taveta,,,2026-07-21T15:19:42,2026.0,7.0,21.0,HUMAN_OBSERVATION,iNaturalist,iNaturalist research-grade observations
6500059928,"Loxodonta africana (Blumenbach, 1797)",Loxodonta africana,Loxodonta,Elephantidae,0.579013,37.581108,31451.0,Isiolo,,,2026-07-24T17:07,2026.0,7.0,24.0,HUMAN_OBSERVATION,iNaturalist,iNaturalist research-grade observations
6518904744,"Loxodonta africana (Blumenbach, 1797)",Loxodonta africana,Loxodonta,Elephantidae,-1.246572,35.058922,31447.0,Narok,,,2026-07-27T15:34:17,2026.0,7.0,27.0,HUMAN_OBSERVATION,iNaturalist,iNaturalist research-grade observations
6520014768,"Loxodonta africana (Blumenbach, 1797)",Loxodonta africana,Loxodonta,Elephantidae,-2.803508,38.816203,31431.0,Kitui,,,2026-07-30T14:11,2026.0,7.0,30.0,HUMAN_OBSERVATION,iNaturalist,iNaturalist research-grade observations
6520536551,"Loxodonta africana (Blumenbach, 1797)",Loxodonta africana,Loxodonta,Elephantidae,-3.307728,38.844362,31425.0,Taita Taveta,,,2026-07-20T16:55:40,2026.0,7.0,20.0,HUMAN_OBSERVATION,iNaturalist,iNaturalist research-grade observations
6479125615,"Loxodonta africana (Blumenbach, 1797)",Loxodonta africana,Loxodonta,Elephantidae,-1.40011,35.083454,31446.0,Narok,,,2026-08-05T17:41:41,2026.0,8.0,5.0,HUMAN_OBSERVATION,iNaturalist,iNaturalist research-grade observations
6479859773,"Loxodonta africana (Blumenbach, 1797)",Loxodonta africana,Loxodonta,Elephantidae,-1.737569,35.297005,31444.0,Narok,,,2026-08-05T18:18:24,2026.0,8.0,5.0,HUMAN_OBSERVATION,iNaturalist,iNaturalist research-grade observations
6479918427,"Loxodonta africana (Blumenbach, 1797)",Loxodonta africana,Loxodonta,Elephantidae,-1.403712,35.19933,31446.0,Narok,,,2026-08-03T09:11:07,2026.0,8.0,3.0,HUMAN_OBSERVATION,iNaturalist,iNaturalist research-grade observations
6480242117,"Loxodonta africana (Blumenbach, 1797)",Loxodonta africana,Loxodonta,Elephantidae,-1.523672,35.259165,31446.0,Narok,,,2026-08-05T17:52:35,2026.0,8.0,5.0,HUMAN_OBSERVATION,iNaturalist,iNaturalist research-grade observations
6480616346,"Loxodonta africana (Blumenbach, 1797)",Loxodonta africana,Loxodonta,Elephantidae,-1.554163,35.089918,31446.0,Narok,,,2026-08-03T16:46,2026.0,8.0,3.0,HUMAN_OBSERVATION,iNaturalist,iNaturalist research-grade observations
6480839550,"Loxodonta africana (Blumenbach, 1797)",Loxodonta africana,Loxodonta,Elephantidae,-2.624998,37.361742,31434.0,Kajiado,,,2026-08-08T18:12:03,2026.0,8.0,8.0,HUMAN_OBSERVATION,iNaturalist,iNaturalist research-grade observations
6498121822,"Loxodonta africana (Blumenbach, 1797)",Loxodonta africana,Loxodonta,Elephantidae,-2.776092,37.377552,31434.0,Kajiado,,,2026-08-16T09:10,2026.0,8.0,16.0,HUMAN_OBSERVATION,iNaturalist,iNaturalist research-grade observations
6498151293,"Loxodonta africana (Blumenbach, 1797)",Loxodonta africana,Loxodonta,Elephantidae,0.558966,37.756141,31451.0,Isiolo,,,2026-08-12T07:56,2026.0,8.0,12.0,HUMAN_OBSERVATION,iNaturalist,iNaturalist research-grade observations
6498204368,"Loxodonta africana (Blumenbach, 1797)",Loxodonta africana,Loxodonta,Elephantidae,0.407388,37.659551,31451.0,Isiolo,,,2026-08-11T15:15,2026.0,8.0,11.0,HUMAN_OBSERVATION,iNaturalist,iNaturalist research-grade observations
6498224065,"Loxodonta africana (Blumenbach, 1797)",Loxodonta africana,Loxodonta,Elephantidae,-3.327608,37.845066,151951.0,Taita Taveta,,,2026-08-06T11:39,2026.0,8.0,6.0,HUMAN_OBSERVATION,iNaturalist,iNaturalist research-grade observations
6498267925,"Loxodonta africana (Blumenbach, 1797)",Loxodonta africana,Loxodonta,Elephantidae,-2.694193,37.396463,31434.0,Kajiado,,,2026-08-15T14:31,2026.0,8.0,15.0,HUMAN_OBSERVATION,iNaturalist,iNaturalist research-grade observations
6498269144,"Loxodonta africana (Blumenbach, 1797)",Loxodonta africana,Loxodonta,Elephantidae,0.481076,37.566144,31451.0,Isiolo,,,2026-08-12T10:17,2026.0,8.0,12.0,HUMAN_OBSERVATION,iNaturalist,iNaturalist research-grade observations
6498274345,"Loxodonta africana (Blumenbach, 1797)",Loxodonta africana,Loxodonta,Elephantidae,0.425349,37.470324,31451.0,Samburu,,,2026-08-23T17:10,2026.0,8.0,23.0,HUMAN_OBSERVATION,iNaturalist,iNaturalist research-grade observations
6498330377,"Loxodonta africana (Blumenbach, 1797)",Loxodonta africana,Loxodonta,Elephantidae,-1.382338,35.029207,31447.0,Narok,,,2026-08-11T08:45:27,2026.0,8.0,11.0,HUMAN_OBSERVATION,iNaturalist,iNaturalist research-grade observations
6498428489,"Loxodonta africana (Blumenbach, 1797)",Loxodonta africana,Loxodonta,Elephantidae,-2.707046,37.360003,31434.0,Kajiado,,,2026-08-15T10:51,2026.0,8.0,15.0,HUMAN_OBSERVATION,iNaturalist,iNaturalist research-grade observations
6498487762,"Loxodonta africana (Blumenbach, 1797)",Loxodonta africana,Loxodonta,Elephantidae,0.534361,37.708813,31451.0,Isiolo,,,2026-08-11T16:14,2026.0,8.0,11.0,HUMAN_OBSERVATION,iNaturalist,iNaturalist research-grade observations
6498530979,"Loxodonta africana (Blumenbach, 1797)",Loxodonta africana,Loxodonta,Elephantidae,-2.797584,37.398755,31434.0,Kajiado,,,2026-08-21T17:46:07,2026.0,8.0,21.0,HUMAN_OBSERVATION,iNaturalist,iNaturalist research-grade observations
6498582613,"Loxodonta africana (Blumenbach, 1797)",Loxodonta africana,Loxodonta,Elephantidae,0.482167,37.581622,31451.0,Isiolo,,,2026-08-23T16:43,2026.0,8.0,23.0,HUMAN_OBSERVATION,iNaturalist,iNaturalist research-grade observations
6498588980,"Loxodonta africana (Blumenbach, 1797)",Loxodonta africana,Loxodonta,Elephantidae,0.554144,37.42238,31451.0,Isiolo,,,2026-08-12T10:19,2026.0,8.0,12.0,HUMAN_OBSERVATION,iNaturalist,iNaturalist research-grade observations
6498641596,"Loxodonta africana (Blumenbach, 1797)",Loxodonta africana,Loxodonta,Elephantidae,0.457249,37.740885,31451.0,Isiolo,,,2026-08-12T07:51,2026.0,8.0,12.0,HUMAN_OBSERVATION,iNaturalist,iNaturalist research-grade observations
6498644815,"Loxodonta africana (Blumenbach, 1797)",Loxodonta africana,Loxodonta,Elephantidae,0.512589,37.470343,31451.0,Samburu,,,2026-08-22T08:03:56,2026.0,8.0,22.0,HUMAN_OBSERVATION,iNaturalist,iNaturalist research-grade observations
6498676134,"Loxodonta africana (Blumenbach, 1797)",Loxodonta africana,Loxodonta,Elephantidae,0.474849,37.734472,31451.0,Isiolo,,,2026-08-11T16:19,2026.0,8.0,11.0,HUMAN_OBSERVATION,iNaturalist,iNaturalist research-grade observations
6498701646,"Loxodonta africana (Blumenbach, 1797)",Loxodonta africana,Loxodonta,Elephantidae,0.023546,36.814832,31451.0,Laikipia,,,2026-08-07T13:51,2026.0,8.0,7.0,HUMAN_OBSERVATION,iNaturalist,iNaturalist research-grade observations
6498811033,"Loxodonta africana (Blumenbach, 1797)",Loxodonta africana,Loxodonta,Elephantidae,0.459356,37.461942,31451.0,Isiolo,,,2026-08-24T09:21,2026.0,8.0,24.0,HUMAN_OBSERVATION,iNaturalist,iNaturalist research-grade observations
6498906677,"Loxodonta africana (Blumenbach, 1797)",Loxodonta africana,Loxodonta,Elephantidae,-2.689099,38.803453,44498.0,Kitui,,,2026-08-11T09:58,2026.0,8.0,11.0,HUMAN_OBSERVATION,iNaturalist,iNaturalist research-grade observations
6498937842,"Loxodonta africana (Blumenbach, 1797)",Loxodonta africana,Loxodonta,Elephantidae,-1.33123,35.144358,31447.0,Narok,,,2026-08-15T16:14,2026.0,8.0,15.0,HUMAN_OBSERVATION,iNaturalist,iNaturalist research-grade observations
6498940860,"Loxodonta africana (Blumenbach, 1797)",Loxodonta africana,Loxodonta,Elephantidae,-1.537841,35.142044,31446.0,Narok,,,2026-08-13T11:06,2026.0,8.0,13.0,HUMAN_OBSERVATION,iNaturalist,iNaturalist research-grade observations
6498971626,"Loxodonta africana (Blumenbach, 1797)",Loxodonta africana,Loxodonta,Elephantidae,0.438415,37.69969,31451.0,Isiolo,,,2026-08-12T07:57,2026.0,8.0,12.0,HUMAN_OBSERVATION,iNaturalist,iNaturalist research-grade observations
6498981601,"Loxodonta africana (Blumenbach, 1797)",Loxodonta africana,Loxodonta,Elephantidae,-1.530223,35.052342,31446.0,Narok,,,2026-08-10T11:56:21,2026.0,8.0,10.0,HUMAN_OBSERVATION,iNaturalist,iNaturalist research-grade observations
6499011350,"Loxodonta africana (Blumenbach, 1797)",Loxodonta africana,Loxodonta,Elephantidae,0.594655,37.560298,31451.0,Isiolo,,,2026-08-23T16:44,2026.0,8.0,23.0,HUMAN_OBSERVATION,iNaturalist,iNaturalist research-grade observations
6499035507,"Loxodonta africana (Blumenbach, 1797)",Loxodonta africana,Loxodonta,Elephantidae,-2.78841,37.281256,31434.0,Kajiado,,,2026-08-22T09:02:31,2026.0,8.0,22.0,HUMAN_OBSERVATION,iNaturalist,iNaturalist research-grade observations
6499048077,"Loxodonta africana (Blumenbach, 1797)",Loxodonta africana,Loxodonta,Elephantidae,0.069156,36.89905,31451.0,Laikipia,,,2026-08-21T16:38:31,2026.0,8.0,21.0,HUMAN_OBSERVATION,iNaturalist,iNaturalist research-grade observations
6499087546,"Loxodonta africana (Blumenbach, 1797)",Loxodonta africana,Loxodonta,Elephantidae,-1.320349,35.087533,31447.0,Narok,,,2026-08-16T16:24,2026.0,8.0,16.0,HUMAN_OBSERVATION,iNaturalist,iNaturalist research-grade observations
6499220326,"Loxodonta africana (Blumenbach, 1797)",Loxodonta africana,Loxodonta,Elephantidae,-2.66082,37.261527,31434.0,Kajiado,,,2026-08-16T11:51,2026.0,8.0,16.0,HUMAN_OBSERVATION,iNaturalist,iNaturalist research-grade observations
6499238588,"Loxodonta africana (Blumenbach, 1797)",Loxodonta africana,Loxodonta,Elephantidae,0.528401,37.618023,31451.0,Isiolo,,,2026-08-12T08:00,2026.0,8.0,12.0,HUMAN_OBSERVATION,iNaturalist,iNaturalist research-grade observations
6499244393,"Loxodonta africana (Blumenbach, 1797)",Loxodonta africana,Loxodonta,Elephantidae,-2.712924,37.334061,31434.0,Kajiado,,,2026-08-15T07:52,2026.0,8.0,15.0,HUMAN_OBSERVATION,iNaturalist,iNaturalist research-grade observations
6499257541,"Loxodonta africana (Blumenbach, 1797)",Loxodonta africana,Loxodonta,Elephantidae,-2.714536,37.23129,31434.0,Kajiado,,,2026-08-22T09:03:42,2026.0,8.0,22.0,HUMAN_OBSERVATION,iNaturalist,iNaturalist research-grade observations
6499265387,"Loxodonta africana (Blumenbach, 1797)",Loxodonta africana,Loxodonta,Elephantidae,0.43954,37.518841,31451.0,Isiolo,,,2026-08-13T07:47,2026.0,8.0,13.0,HUMAN_OBSERVATION,iNaturalist,iNaturalist research-grade observations
6499285961,"Loxodonta africana (Blumenbach, 1797)",Loxodonta africana,Loxodonta,Elephantidae,-1.484053,35.032543,31446.0,Narok,,,2026-08-10T14:25:44,2026.0,8.0,10.0,HUMAN_OBSERVATION,iNaturalist,iNaturalist research-grade observations
6499291903,"Loxodonta africana (Blumenbach, 1797)",Loxodonta africana,Loxodonta,Elephantidae,0.543597,37.696108,31451.0,Isiolo,,,2026-08-11T16:18,2026.0,8.0,11.0,HUMAN_OBSERVATION,iNaturalist,iNaturalist research-grade observations
6499328629,"Loxodonta africana (Blumenbach, 1797)",Loxodonta africana,Loxodonta,Elephantidae,-2.626575,37.377744,31434.0,Kajiado,,,2026-08-15T10:21,2026.0,8.0,15.0,HUMAN_OBSERVATION,iNaturalist,iNaturalist research-grade observations
6499366904,"Loxodonta africana (Blumenbach, 1797)",Loxodonta africana,Loxodonta,Elephantidae,-2.70776,37.244012,31434.0,Kajiado,,,2026-08-15T11:03,2026.0,8.0,15.0,HUMAN_OBSERVATION,iNaturalist,iNaturalist research-grade observations
6499377434,"Loxodonta africana (Blumenbach, 1797)",Loxodonta africana,Loxodonta,Elephantidae,-2.799734,37.322335,31434.0,Kajiado,,,2026-08-15T11:37,2026.0,8.0,15.0,HUMAN_OBSERVATION,iNaturalist,iNaturalist research-grade observations
6499493884,"Loxodonta africana (Blumenbach, 1797)",Loxodonta africana,Loxodonta,Elephantidae,-2.678177,37.343879,31434.0,Kajiado,,,2026-08-11T09:16:43,2026.0,8.0,11.0,HUMAN_OBSERVATION,iNaturalist,iNaturalist research-grade observations
6499558920,"Loxodonta africana (Blumenbach, 1797)",Loxodonta africana,Loxodonta,Elephantidae,-2.661671,38.873603,44498.0,Kitui,,,2026-08-12T21:14,2026.0,8.0,12.0,HUMAN_OBSERVATION,iNaturalist,iNaturalist research-grade observations
6499600246,"Loxodonta africana (Blumenbach, 1797)",Loxodonta africana,Loxodonta,Elephantidae,-2.633672,37.345408,31434.0,Kajiado,,,2026-08-15T15:35,2026.0,8.0,15.0,HUMAN_OBSERVATION,iNaturalist,iNaturalist research-grade observations
6499628161,"Loxodonta africana (Blumenbach, 1797)",Loxodonta africana,Loxodonta,Elephantidae,0.44763,37.621481,31451.0,Isiolo,,,2026-08-12T08:00,2026.0,8.0,12.0,HUMAN_OBSERVATION,iNaturalist,iNaturalist research-grade observations
6499637421,"Loxodonta africana (Blumenbach, 1797)",Loxodonta africana,Loxodonta,Elephantidae,0.541665,37.670446,31451.0,Isiolo,,,2026-08-12T08:03,2026.0,8.0,12.0,HUMAN_OBSERVATION,iNaturalist,iNaturalist research-grade observations
6499642218,"Loxodonta africana (Blumenbach, 1797)",Loxodonta africana,Loxodonta,Elephantidae,-2.644921,37.287465,31434.0,Kajiado,,,2026-08-15T16:58,2026.0,8.0,15.0,HUMAN_OBSERVATION,iNaturalist,iNaturalist research-grade observations
6499701592,"Loxodonta africana (Blumenbach, 1797)",Loxodonta africana,Loxodonta,Elephantidae,-3.231033,37.845074,151951.0,Taita Taveta,,,2026-08-06T15:00,2026.0,8.0,6.0,HUMAN_OBSERVATION,iNaturalist,iNaturalist research-grade observations
6499724311,"Loxodonta africana (Blumenbach, 1797)",Loxodonta africana,Loxodonta,Elephantidae,-2.689317,37.287336,31434.0,Kajiado,,,2026-08-15T11:36,2026.0,8.0,15.0,HUMAN_OBSERVATION,iNaturalist,iNaturalist research-grade observations
6499754113,"Loxodonta africana (Blumenbach, 1797)",Loxodonta africana,Loxodonta,Elephantidae,0.4969,37.521901,31451.0,Samburu,,,2026-08-23T17:09,2026.0,8.0,23.0,HUMAN_OBSERVATION,iNaturalist,iNaturalist research-grade observations
6499786754,"Loxodonta africana (Blumenbach, 1797)",Loxodonta africana,Loxodonta,Elephantidae,0.590857,37.539609,31451.0,Isiolo,,,2026-08-24T10:35,2026.0,8.0,24.0,HUMAN_OBSERVATION,iNaturalist,iNaturalist research-grade observations
6499823325,"Loxodonta africana (Blumenbach, 1797)",Loxodonta africana,Loxodonta,Elephantidae,-1.568412,35.195466,31446.0,Narok,,,2026-08-05T09:38,2026.0,8.0,5.0,HUMAN_OBSERVATION,iNaturalist,iNaturalist research-grade observations
6499863348,"Loxodonta africana (Blumenbach, 1797)",Loxodonta africana,Loxodonta,Elephantidae,0.401512,37.735361,31451.0,Isiolo,,,2026-08-11T16:16,2026.0,8.0,11.0,HUMAN_OBSERVATION,iNaturalist,iNaturalist research-grade observations
6499871889,"Loxodonta africana (Blumenbach, 1797)",Loxodonta africana,Loxodonta,Elephantidae,-1.598605,35.150766,31446.0,Narok,,,2026-08-04T15:23,2026.0,8.0,4.0,HUMAN_OBSERVATION,iNaturalist,iNaturalist research-grade observations
6499888539,"Loxodonta africana (Blumenbach, 1797)",Loxodonta africana,Loxodonta,Elephantidae,-1.441956,35.1538,31446.0,Narok,,,2026-08-13T11:05,2026.0,8.0,13.0,HUMAN_OBSERVATION,iNaturalist,iNaturalist research-grade observations
6499949721,"Loxodonta africana (Blumenbach, 1797)",Loxodonta africana,Loxodonta,Elephantidae,-0.308581,36.813597,31451.0,Nyeri,,,2026-08-19T01:37,2026.0,8.0,19.0,HUMAN_OBSERVATION,iNaturalist,iNaturalist research-grade observations
6499977975,"Loxodonta africana (Blumenbach, 1797)",Loxodonta africana,Loxodonta,Elephantidae,-1.504811,35.095497,31446.0,Narok,,,2026-08-13T11:02,2026.0,8.0,13.0,HUMAN_OBSERVATION,iNaturalist,iNaturalist research-grade observations
6499987243,"Loxodonta africana (Blumenbach, 1797)",Loxodonta africana,Loxodonta,Elephantidae,0.551836,37.797185,31451.0,Isiolo,,,2026-08-11T16:17,2026.0,8.0,11.0,HUMAN_OBSERVATION,iNaturalist,iNaturalist research-grade observations
6500002938,"Loxodonta africana (Blumenbach, 1797)",Loxodonta africana,Loxodonta,Elephantidae,-2.606838,37.288594,31434.0,Kajiado,,,2026-08-21T17:29:17,2026.0,8.0,21.0,HUMAN_OBSERVATION,iNaturalist,iNaturalist research-grade observations
6500054865,"Loxodonta africana (Blumenbach, 1797)",Loxodonta africana,Loxodonta,Elephantidae,-1.726518,35.378981,31444.0,Narok,,,2026-08-04T16:28,2026.0,8.0,4.0,HUMAN_OBSERVATION,iNaturalist,iNaturalist research-grade observations
6500074312,"Loxodonta africana (Blumenbach, 1797)",Loxodonta africana,Loxodonta,Elephantidae,-2.786766,37.242132,31434.0,Kajiado,,,2026-08-16T16:15,2026.0,8.0,16.0,HUMAN_OBSERVATION,iNaturalist,iNaturalist research-grade observations
6500076998,"Loxodonta africana (Blumenbach, 1797)",Loxodonta africana,Loxodonta,Elephantidae,-1.547353,35.315679,31446.0,Narok,,,2026-08-14T10:39:20,2026.0,8.0,14.0,HUMAN_OBSERVATION,iNaturalist,iNaturalist research-grade observations
6500087206,"Loxodonta africana (Blumenbach, 1797)",Loxodonta africana,Loxodonta,Elephantidae,-2.604191,38.937974,44498.0,Kitui,,,2026-08-12T09:29,2026.0,8.0,12.0,HUMAN_OBSERVATION,iNaturalist,iNaturalist research-grade observations
6500149750,"Loxodonta africana (Blumenbach, 1797)",Loxodonta africana,Loxodonta,Elephantidae,-2.775725,37.307802,31434.0,Kajiado,,,2026-08-15T11:54,2026.0,8.0,15.0,HUMAN_OBSERVATION,iNaturalist,iNaturalist research-grade observations
6500197316,"Loxodonta africana (Blumenbach, 1797)",Loxodonta africana,Loxodonta,Elephantidae,-1.44048,35.309871,31446.0,Narok,,,2026-08-12T19:04,2026.0,8.0,12.0,HUMAN_OBSERVATION,iNaturalist,iNaturalist research-grade observations
6500212839,"Loxodonta africana (Blumenbach, 1797)",Loxodonta africana,Loxodonta,Elephantidae,-1.457292,35.160638,31446.0,Narok,,,2026-08-02T08:57,2026.0,8.0,2.0,HUMAN_OBSERVATION,iNaturalist,iNaturalist research-grade observations
6500296650,"Loxodonta africana (Blumenbach, 1797)",Loxodonta africana,Loxodonta,Elephantidae,-1.171293,35.19937,31448.0,Narok,,,2026-08-09T16:22:28,2026.0,8.0,9.0,HUMAN_OBSERVATION,iNaturalist,iNaturalist research-grade observations
6500307146,"Loxodonta africana (Blumenbach, 1797)",Loxodonta africana,Loxodonta,Elephantidae,-2.756194,37.31565,31434.0,Kajiado,,,2026-08-15T07:35,2026.0,8.0,15.0,HUMAN_OBSERVATION,iNaturalist,iNaturalist research-grade observations
6500321702,"Loxodonta africana (Blumenbach, 1797)",Loxodonta africana,Loxodonta,Elephantidae,0.577445,37.553505,31451.0,Samburu,,,2026-08-08T07:20,2026.0,8.0,8.0,HUMAN_OBSERVATION,iNaturalist,iNaturalist research-grade observations
6500333803,"Loxodonta africana (Blumenbach, 1797)",Loxodonta africana,Loxodonta,Elephantidae,-2.614639,37.32786,31434.0,Kajiado,,,2026-08-08T19:50:42,2026.0,8.0,8.0,HUMAN_OBSERVATION,iNaturalist,iNaturalist research-grade observations
6500376085,"Loxodonta africana (Blumenbach, 1797)",Loxodonta africana,Loxodonta,Elephantidae,-1.662145,35.21294,31444.0,Narok,,,2026-08-15T08:08,2026.0,8.0,15.0,HUMAN_OBSERVATION,iNaturalist,iNaturalist research-grade observations
6500418523,"Loxodonta africana (Blumenbach, 1797)",Loxodonta africana,Loxodonta,Elephantidae,0.471448,37.675073,31451.0,Isiolo,,,2026-08-11T16:17,2026.0,8.0,11.0,HUMAN_OBSERVATION,iNaturalist,iNaturalist research-grade observations
6500434448,"Loxodonta africana (Blumenbach, 1797)",Loxodonta africana,Loxodonta,Elephantidae,0.412089,37.779664,31451.0,Isiolo,,,2026-08-12T07:57,2026.0,8.0,12.0,HUMAN_OBSERVATION,iNaturalist,iNaturalist research-grade observations
6500459302,"Loxodonta africana (Blumenbach, 1797)",Loxodonta africana,Loxodonta,Elephantidae,-2.681274,37.326994,31434.0,Kajiado,,,2026-08-15T10:59,2026.0,8.0,15.0,HUMAN_OBSERVATION,iNaturalist,iNaturalist research-grade observations
6500495691,"Loxodonta africana (Blumenbach, 1797)",Loxodonta africana,Loxodonta,Elephantidae,0.564468,37.51393,31451.0,Samburu,,,2026-08-22T08:10,2026.0,8.0,22.0,HUMAN_OBSERVATION,iNaturalist,iNaturalist research-grade observations
6518366712,"Loxodonta africana (Blumenbach, 1797)",Loxodonta africana,Loxodonta,Elephantidae,-1.487485,35.533289,31446.0,Narok,,,2026-08-18T07:11,2026.0,8.0,18.0,HUMAN_OBSERVATION,iNaturalist,iNaturalist research-grade observations
6518639409,"Loxodonta africana (Blumenbach, 1797)",Loxodonta africana,Loxodonta,Elephantidae,-1.493044,34.854637,31446.0,Narok,,,2026-08-27T11:05:03,2026.0,8.0,27.0,HUMAN_OBSERVATION,iNaturalist,iNaturalist research-grade observations
6518921055,"Loxodonta africana (Blumenbach, 1797)",Loxodonta africana,Loxodonta,Elephantidae,-3.478211,38.257123,31422.0,Taita Taveta,,,2026-08-01T11:50,2026.0,8.0,1.0,HUMAN_OBSERVATION,iNaturalist,iNaturalist research-grade observations
6519341255,"Loxodonta africana (Blumenbach, 1797)",Loxodonta africana,Loxodonta,Elephantidae,-1.508254,35.385131,31446.0,Narok,,,2026-08-30T17:49:07,2026.0,8.0,30.0,HUMAN_OBSERVATION,iNaturalist,iNaturalist research-grade observations
6519677595,"Loxodonta africana (Blumenbach, 1797)",Loxodonta africana,Loxodonta,Elephantidae,-1.434257,34.937407,31446.0,Narok,,,2026-08-27T11:05:12,2026.0,8.0,27.0,HUMAN_OBSERVATION,iNaturalist,iNaturalist research-grade observations
6519782851,"Loxodonta africana (Blumenbach, 1797)",Loxodonta africana,Loxodonta,Elephantidae,0.017222,38.323327,31451.0,Meru,,,2026-08-17T07:48,2026.0,8.0,17.0,HUMAN_OBSERVATION,iNaturalist,iNaturalist research-grade observations
6519995676,"Loxodonta africana (Blumenbach, 1797)",Loxodonta africana,Loxodonta,Elephantidae,0.038832,36.807024,31451.0,Laikipia,,,2026-08-14T10:27,2026.0,8.0,14.0,HUMAN_OBSERVATION,iNaturalist,iNaturalist research-grade observations
6520377512,"Loxodonta africana (Blumenbach, 1797)",Loxodonta africana,Loxodonta,Elephantidae,-2.784416,37.320722,31434.0,Kajiado,,,2026-08-02T15:19,2026.0,8.0,2.0,HUMAN_OBSERVATION,iNaturalist,iNaturalist research-grade observations
6520612397,"Loxodonta africana (Blumenbach, 1797)",Loxodonta africana,Loxodonta,Elephantidae,-1.533175,35.092213,31446.0,Narok,,,2026-08-18T10:55,2026.0,8.0,18.0,HUMAN_OBSERVATION,iNaturalist,iNaturalist research-grade observations
6520677460,"Loxodonta africana (Blumenbach, 1797)",Loxodonta africana,Loxodonta,Elephantidae,-1.460495,35.188135,31446.0,Narok,,,2026-08-19T14:11,2026.0,8.0,19.0,HUMAN_OBSERVATION,iNaturalist,iNaturalist research-grade observations
6519031024,"Loxodonta africana (Blumenbach, 1797)",Loxodonta africana,Loxodonta,Elephantidae,-1.540961,35.268663,31446.0,Narok,,,2026-09-01T09:33:43,2026.0,9.0,1.0,HUMAN_OBSERVATION,iNaturalist,iNaturalist research-grade observations
6519958236,"Loxodonta africana (Blumenbach, 1797)",Loxodonta africana,Loxodonta,Elephantidae,-1.566394,35.051539,31446.0,Narok,,,2026-09-07T14:19:21,2026.0,9.0,7.0,HUMAN_OBSERVATION,iNaturalist,iNaturalist research-grade observations
5007518719,"Loxodonta africana (Blumenbach, 1797)",Loxodonta africana,Loxodonta,Elephantidae,-1.270001,34.976972,31447.0,Narok,,,2025-01-01T14:04:52,2025.0,1.0,1.0,HUMAN_OBSERVATION,iNaturalist,iNaturalist research-grade observations
5037113251,"Loxodonta africana (Blumenbach, 1797)",Loxodonta africana,Loxodonta,Elephantidae,-2.364562,37.264923,31438.0,Kajiado,,,2025-01-01T06:50,2025.0,1.0,1.0,HUMAN_OBSERVATION,iNaturalist,iNaturalist research-grade observations
5063050277,"Loxodonta africana (Blumenbach, 1797)",Loxodonta africana,Loxodonta,Elephantidae,0.312944,36.830457,31451.0,Laikipia,,,2025-01-17T15:25,2025.0,1.0,17.0,HUMAN_OBSERVATION,iNaturalist,iNaturalist research-grade observations
5063519296,"Loxodonta africana (Blumenbach, 1797)",Loxodonta africana,Loxodonta,Elephantidae,-0.042886,37.881455,275473.0,Tharaka-Nithi,,,2025-01-29T00:50:09,2025.0,1.0,29.0,HUMAN_OBSERVATION,iNaturalist,iNaturalist research-grade observations
5063595040,"Loxodonta africana (Blumenbach, 1797)",Loxodonta africana,Loxodonta,Elephantidae,0.670694,36.798808,31450.0,Laikipia,,,2025-01-24T15:01,2025.0,1.0,24.0,HUMAN_OBSERVATION,iNaturalist,iNaturalist research-grade observations
5063628804,"Loxodonta africana (Blumenbach, 1797)",Loxodonta africana,Loxodonta,Elephantidae,0.517599,36.652087,31451.0,Laikipia,,,2025-01-16T16:26,2025.0,1.0,16.0,HUMAN_OBSERVATION,iNaturalist,iNaturalist research-grade observations
5063878409,"Loxodonta africana (Blumenbach, 1797)",Loxodonta africana,Loxodonta,Elephantidae,0.427921,37.742758,31451.0,Isiolo,,,2025-01-24T07:37,2025.0,1.0,24.0,HUMAN_OBSERVATION,iNaturalist,iNaturalist research-grade observations
5063882486,"Loxodonta africana (Blumenbach, 1797)",Loxodonta africana,Loxodonta,Elephantidae,0.583148,37.652811,31451.0,Isiolo,,,2025-01-22T18:01,2025.0,1.0,22.0,HUMAN_OBSERVATION,iNaturalist,iNaturalist research-grade observations
5069865755,"Loxodonta africana (Blumenbach, 1797)",Loxodonta africana,Loxodonta,Elephantidae,-1.284372,34.889248,31447.0,Narok,,,2025-01-29T18:12,2025.0,1.0,29.0,HUMAN_OBSERVATION,iNaturalist,iNaturalist research-grade observations
5069991692,"Loxodonta africana (Blumenbach, 1797)",Loxodonta africana,Loxodonta,Elephantidae,-1.207018,35.198098,31447.0,Narok,,,2025-01-27T17:12,2025.0,1.0,27.0,HUMAN_OBSERVATION,iNaturalist,iNaturalist research-grade observations
5087290773,"Loxodonta africana (Blumenbach, 1797)",Loxodonta africana,Loxodonta,Elephantidae,-1.32394,35.01699,31447.0,Narok,,,2025-01-10T12:47,2025.0,1.0,10.0,HUMAN_OBSERVATION,iNaturalist,iNaturalist research-grade observations
5087929015,"Loxodonta africana (Blumenbach, 1797)",Loxodonta africana,Loxodonta,Elephantidae,-0.216859,36.865094,31451.0,Nyeri,,,2025-01-20T14:56:15,2025.0,1.0,20.0,HUMAN_OBSERVATION,iNaturalist,iNaturalist research-grade observations
5088140175,"Loxodonta africana (Blumenbach, 1797)",Loxodonta africana,Loxodonta,Elephantidae,-2.699273,37.359517,31434.0,Kajiado,,,2025-01-21T07:35:04,2025.0,1.0,21.0,HUMAN_OBSERVATION,iNaturalist,iNaturalist research-grade observations
5133098782,"Loxodonta africana (Blumenbach, 1797)",Loxodonta africana,Loxodonta,Elephantidae,-2.4911,37.781628,31436.0,Kajiado,,,2025-01-08T18:40:50,2025.0,1.0,8.0,HUMAN_OBSERVATION,iNaturalist,iNaturalist research-grade observations
5133129067,"Loxodonta africana (Blumenbach, 1797)",Loxodonta africana,Loxodonta,Elephantidae,-1.572171,34.97038,31446.0,Narok,,,2025-01-06T08:49:59,2025.0,1.0,6.0,HUMAN_OBSERVATION,iNaturalist,iNaturalist research-grade observations
5153762167,"Loxodonta africana (Blumenbach, 1797)",Loxodonta africana,Loxodonta,Elephantidae,-1.568757,34.876014,31446.0,Narok,,,2025-01-27T16:52,2025.0,1.0,27.0,HUMAN_OBSERVATION,iNaturalist,iNaturalist research-grade observations
5154218090,"Loxodonta africana (Blumenbach, 1797)",Loxodonta africana,Loxodonta,Elephantidae,-1.449624,34.939545,31446.0,Narok,,,2025-01-30T09:13,2025.0,1.0,30.0,HUMAN_OBSERVATION,iNaturalist,iNaturalist research-grade observations
5154721203,"Loxodonta africana (Blumenbach, 1797)",Loxodonta africana,Loxodonta,Elephantidae,0.622764,37.612023,31450.0,Isiolo,,,2025-01-21T12:10,2025.0,1.0,21.0,HUMAN_OBSERVATION,iNaturalist,iNaturalist research-grade observations
5198544722,"Loxodonta africana (Blumenbach, 1797)",Loxodonta africana,Loxodonta,Elephantidae,-1.492143,34.940151,31446.0,Narok,,,2025-01-31T08:52,2025.0,1.0,31.0,HUMAN_OBSERVATION,iNaturalist,iNaturalist research-grade observations
5198733727,"Loxodonta africana (Blumenbach, 1797)",Loxodonta africana,Loxodonta,Elephantidae,-1.569212,34.89177,31446.0,Narok,,,2025-01-27T17:11,2025.0,1.0,27.0,HUMAN_OBSERVATION,iNaturalist,iNaturalist research-grade observations
5198906695,"Loxodonta africana (Blumenbach, 1797)",Loxodonta africana,Loxodonta,Elephantidae,-1.575305,34.922966,31446.0,Narok,,,2025-01-29T08:22,2025.0,1.0,29.0,HUMAN_OBSERVATION,iNaturalist,iNaturalist research-grade observations
5198975753,"Loxodonta africana (Blumenbach, 1797)",Loxodonta africana,Loxodonta,Elephantidae,-1.491205,34.935142,31446.0,Narok,,,2025-01-31T09:48,2025.0,1.0,31.0,HUMAN_OBSERVATION,iNaturalist,iNaturalist research-grade observations
5199023696,"Loxodonta africana (Blumenbach, 1797)",Loxodonta africana,Loxodonta,Elephantidae,-1.592599,34.866957,31446.0,Narok,,,2025-01-27T16:52,2025.0,1.0,27.0,HUMAN_OBSERVATION,iNaturalist,iNaturalist research-grade observations
5199218740,"Loxodonta africana (Blumenbach, 1797)",Loxodonta africana,Loxodonta,Elephantidae,-1.430486,34.862826,31446.0,Narok,,,2025-01-31T08:50,2025.0,1.0,31.0,HUMAN_OBSERVATION,iNaturalist,iNaturalist research-grade observations
5199281736,"Loxodonta africana (Blumenbach, 1797)",Loxodonta africana,Loxodonta,Elephantidae,-1.520612,34.88364,31446.0,Narok,,,2025-01-31T09:48,2025.0,1.0,31.0,HUMAN_OBSERVATION,iNaturalist,iNaturalist research-grade observations
5935467376,"Loxodonta africana (Blumenbach, 1797)",Loxodonta africana,Loxodonta,Elephantidae,0.071643,36.840426,31451.0,Laikipia,,,2025-01-03T13:00,2025.0,1.0,3.0,HUMAN_OBSERVATION,iNaturalist,iNaturalist research-grade observations
6130665866,"Loxodonta africana (Blumenbach, 1797)",Loxodonta africana,Loxodonta,Elephantidae,0.070014,36.794978,31451.0,Laikipia,,,2025-01-03T07:47,2025.0,1.0,3.0,HUMAN_OBSERVATION,iNaturalist,iNaturalist research-grade observations
6251806325,"Loxodonta africana (Blumenbach, 1797)",Loxodonta africana,Loxodonta,Elephantidae,-1.318677,34.908665,31447.0,Narok,,,2025-01-05T10:29,2025.0,1.0,5.0,HUMAN_OBSERVATION,iNaturalist,iNaturalist research-grade observations
6252737962,"Loxodonta africana (Blumenbach, 1797)",Loxodonta africana,Loxodonta,Elephantidae,-1.243479,34.626791,31447.0,Narok,,,2025-01-05T11:08,2025.0,1.0,5.0,HUMAN_OBSERVATION,iNaturalist,iNaturalist research-grade observations
6253172249,"Loxodonta africana (Blumenbach, 1797)",Loxodonta africana,Loxodonta,Elephantidae,-1.391864,34.652391,31447.0,Narok,,,2025-01-05T11:06,2025.0,1.0,5.0,HUMAN_OBSERVATION,iNaturalist,iNaturalist research-grade observations
6320627869,"Loxodonta africana (Blumenbach, 1797)",Loxodonta africana,Loxodonta,Elephantidae,-2.781771,37.35828,31434.0,Kajiado,,,2025-01-15T15:31:25,2025.0,1.0,15.0,HUMAN_OBSERVATION,iNaturalist,iNaturalist research-grade observations
6320757999,"Loxodonta africana (Blumenbach, 1797)",Loxodonta africana,Loxodonta,Elephantidae,-2.662346,37.391446,31434.0,Kajiado,,,2025-01-15T10:23:35,2025.0,1.0,15.0,HUMAN_OBSERVATION,iNaturalist,iNaturalist research-grade observations
6334114435,"Loxodonta africana (Blumenbach, 1797)",Loxodonta africana,Loxodonta,Elephantidae,-1.206883,35.186859,31447.0,Narok,,,2025-01-04T17:37,2025.0,1.0,4.0,HUMAN_OBSERVATION,iNaturalist,iNaturalist research-grade observations
5063664980,"Loxodonta africana (Blumenbach, 1797)",Loxodonta africana,Loxodonta,Elephantidae,-3.297581,38.410922,31425.0,Taita Taveta,,,2025-02-01T08:28:59,2025.0,2.0,1.0,HUMAN_OBSERVATION,iNaturalist,iNaturalist research-grade observations
5070043273,"Loxodonta africana (Blumenbach, 1797)",Loxodonta africana,Loxodonta,Elephantidae,-2.619562,38.804589,90752.0,Kitui,,,2025-02-15T12:52:35,2025.0,2.0,15.0,HUMAN_OBSERVATION,iNaturalist,iNaturalist research-grade observations
5070097505,"Loxodonta africana (Blumenbach, 1797)",Loxodonta africana,Loxodonta,Elephantidae,-2.632726,37.063258,31434.0,Kajiado,,,2025-02-08T17:44:36,2025.0,2.0,8.0,HUMAN_OBSERVATION,iNaturalist,iNaturalist research-grade observations
5077198347,"Loxodonta africana (Blumenbach, 1797)",Loxodonta africana,Loxodonta,Elephantidae,-2.792644,37.349125,31434.0,Kajiado,,,2025-02-25T08:53:34,2025.0,2.0,25.0,HUMAN_OBSERVATION,iNaturalist,iNaturalist research-grade observations
5087476563,"Loxodonta africana (Blumenbach, 1797)",Loxodonta africana,Loxodonta,Elephantidae,-1.408194,35.272492,31446.0,Narok,,,2025-02-28T07:37:34,2025.0,2.0,28.0,HUMAN_OBSERVATION,iNaturalist,iNaturalist research-grade observations
5104486754,"Loxodonta africana (Blumenbach, 1797)",Loxodonta africana,Loxodonta,Elephantidae,0.518002,37.725113,31451.0,Isiolo,,,2025-02-23T07:34:52,2025.0,2.0,23.0,HUMAN_OBSERVATION,iNaturalist,iNaturalist research-grade observations
5108266148,"Loxodonta africana (Blumenbach, 1797)",Loxodonta africana,Loxodonta,Elephantidae,-3.301309,38.764911,31425.0,Taita Taveta,,,2025-02-01T15:50,2025.0,2.0,1.0,HUMAN_OBSERVATION,iNaturalist,iNaturalist research-grade observations
5108299320,"Loxodonta africana (Blumenbach, 1797)",Loxodonta africana,Loxodonta,Elephantidae,-3.314984,38.41963,31425.0,Taita Taveta,,,2025-02-01T06:54,2025.0,2.0,1.0,HUMAN_OBSERVATION,iNaturalist,iNaturalist research-grade observations
5108300142,"Loxodonta africana (Blumenbach, 1797)",Loxodonta africana,Loxodonta,Elephantidae,-3.258783,38.604675,31425.0,Taita Taveta,,,2025-02-01T16:08,2025.0,2.0,1.0,HUMAN_OBSERVATION,iNaturalist,iNaturalist research-grade observations
5108318181,"Loxodonta africana (Blumenbach, 1797)",Loxodonta africana,Loxodonta,Elephantidae,-3.265868,38.528592,31425.0,Taita Taveta,,,2025-02-01T07:14,2025.0,2.0,1.0,HUMAN_OBSERVATION,iNaturalist,iNaturalist research-grade observations
5108359111,"Loxodonta africana (Blumenbach, 1797)",Loxodonta africana,Loxodonta,Elephantidae,-3.162394,38.790488,31428.0,Taita Taveta,,,2025-02-01T11:22,2025.0,2.0,1.0,HUMAN_OBSERVATION,iNaturalist,iNaturalist research-grade observations
5108384129,"Loxodonta africana (Blumenbach, 1797)",Loxodonta africana,Loxodonta,Elephantidae,-3.244963,38.777214,31425.0,Taita Taveta,,,2025-02-01T12:44,2025.0,2.0,1.0,HUMAN_OBSERVATION,iNaturalist,iNaturalist research-grade observations
5108392114,"Loxodonta africana (Blumenbach, 1797)",Loxodonta africana,Loxodonta,Elephantidae,-3.324519,38.480863,31425.0,Taita Taveta,,,2025-02-01T10:04,2025.0,2.0,1.0,HUMAN_OBSERVATION,iNaturalist,iNaturalist research-grade observations
5108405869,"Loxodonta africana (Blumenbach, 1797)",Loxodonta africana,Loxodonta,Elephantidae,-3.294242,38.473542,31425.0,Taita Taveta,,,2025-02-01T08:29,2025.0,2.0,1.0,HUMAN_OBSERVATION,iNaturalist,iNaturalist research-grade observations
5134033205,"Loxodonta africana (Blumenbach, 1797)",Loxodonta africana,Loxodonta,Elephantidae,0.072085,36.817423,31451.0,Laikipia,,,2025-02-28T17:27,2025.0,2.0,28.0,HUMAN_OBSERVATION,iNaturalist,iNaturalist research-grade observations
5134314872,"Loxodonta africana (Blumenbach, 1797)",Loxodonta africana,Loxodonta,Elephantidae,0.021057,36.979018,31451.0,Laikipia,,,2025-02-28T18:03,2025.0,2.0,28.0,HUMAN_OBSERVATION,iNaturalist,iNaturalist research-grade observations
5153056762,"Loxodonta africana (Blumenbach, 1797)",Loxodonta africana,Loxodonta,Elephantidae,-2.614962,37.278296,31434.0,Kajiado,,,2025-02-22T09:32:52,2025.0,2.0,22.0,HUMAN_OBSERVATION,iNaturalist,iNaturalist research-grade observations
5153292945,"Loxodonta africana (Blumenbach, 1797)",Loxodonta africana,Loxodonta,Elephantidae,-2.734645,37.384327,31434.0,Kajiado,,,2025-02-12T09:27:31,2025.0,2.0,12.0,HUMAN_OBSERVATION,iNaturalist,iNaturalist research-grade observations
5153863617,"Loxodonta africana (Blumenbach, 1797)",Loxodonta africana,Loxodonta,Elephantidae,-1.405441,35.080581,31446.0,Narok,,,2025-02-28T14:49:17,2025.0,2.0,28.0,HUMAN_OBSERVATION,iNaturalist,iNaturalist research-grade observations
5154681809,"Loxodonta africana (Blumenbach, 1797)",Loxodonta africana,Loxodonta,Elephantidae,-2.720928,37.261323,31434.0,Kajiado,,,2025-02-05T08:40:30,2025.0,2.0,5.0,HUMAN_OBSERVATION,iNaturalist,iNaturalist research-grade observations
5827986583,"Loxodonta africana (Blumenbach, 1797)",Loxodonta africana,Loxodonta,Elephantidae,-1.472753,34.808382,31446.0,Narok,,,2025-02-06T17:15,2025.0,2.0,6.0,HUMAN_OBSERVATION,iNaturalist,iNaturalist research-grade observations
5828104751,"Loxodonta africana (Blumenbach, 1797)",Loxodonta africana,Loxodonta,Elephantidae,-1.476003,35.02746,31446.0,Narok,,,2025-02-10T11:36:03,2025.0,2.0,10.0,HUMAN_OBSERVATION,iNaturalist,iNaturalist research-grade observations
5868075596,"Loxodonta africana (Blumenbach, 1797)",Loxodonta africana,Loxodonta,Elephantidae,-1.3074,35.128518,31447.0,Narok,,,2025-02-02T22:01,2025.0,2.0,2.0,HUMAN_OBSERVATION,iNaturalist,iNaturalist research-grade observations
5903712779,"Loxodonta africana (Blumenbach, 1797)",Loxodonta africana,Loxodonta,Elephantidae,-1.502648,35.095545,31446.0,Narok,,,2025-02-20T06:45:04,2025.0,2.0,20.0,HUMAN_OBSERVATION,iNaturalist,iNaturalist research-grade observations
5903935865,"Loxodonta africana (Blumenbach, 1797)",Loxodonta africana,Loxodonta,Elephantidae,-1.551763,35.103761,31446.0,Narok,,,2025-02-21T10:50:50,2025.0,2.0,21.0,HUMAN_OBSERVATION,iNaturalist,iNaturalist research-grade observations
5908709985,"Loxodonta africana (Blumenbach, 1797)",Loxodonta africana,Loxodonta,Elephantidae,-3.769884,39.245617,31418.0,Kwale,,,2025-02-01T09:06:25,2025.0,2.0,1.0,HUMAN_OBSERVATION,iNaturalist,iNaturalist research-grade observations
5909328469,"Loxodonta africana (Blumenbach, 1797)",Loxodonta africana,Loxodonta,Elephantidae,-3.138842,39.035453,31428.0,Taita Taveta,,,2025-02-02T09:41:16,2025.0,2.0,2.0,HUMAN_OBSERVATION,iNaturalist,iNaturalist research-grade observations
6003687344,"Loxodonta africana (Blumenbach, 1797)",Loxodonta africana,Loxodonta,Elephantidae,0.105743,38.189163,250.0,,,Meru National Park,2025-02-28T00:00,2025.0,2.0,28.0,HUMAN_OBSERVATION,NABU|naturgucker,
6479408455,"Loxodonta africana (Blumenbach, 1797)",Loxodonta africana,Loxodonta,Elephantidae,-1.515884,35.033669,43164.0,Narok,,,2025-02-17T08:34:46,2025.0,2.0,17.0,HUMAN_OBSERVATION,iNaturalist,iNaturalist research-grade observations
6479598008,"Loxodonta africana (Blumenbach, 1797)",Loxodonta africana,Loxodonta,Elephantidae,-2.647817,37.333419,34958.0,Kajiado,,,2025-02-20T15:42:35,2025.0,2.0,20.0,HUMAN_OBSERVATION,iNaturalist,iNaturalist research-grade observations
5087556570,"Loxodonta africana (Blumenbach, 1797)",Loxodonta africana,Loxodonta,Elephantidae,-3.280198,38.676972,31425.0,Taita Taveta,,,2025-03-05T08:51:26,2025.0,3.0,5.0,HUMAN_OBSERVATION,iNaturalist,iNaturalist research-grade observations
5087569695,"Loxodonta africana (Blumenbach, 1797)",Loxodonta africana,Loxodonta,Elephantidae,-1.288207,35.022549,31447.0,Narok,,,2025-03-02T08:06,2025.0,3.0,2.0,HUMAN_OBSERVATION,iNaturalist,iNaturalist research-grade observations
5087620612,"Loxodonta africana (Blumenbach, 1797)",Loxodonta africana,Loxodonta,Elephantidae,-1.547547,35.103785,31446.0,Narok,,,2025-03-09T07:13,2025.0,3.0,9.0,HUMAN_OBSERVATION,iNaturalist,iNaturalist research-grade observations
5087622641,"Loxodonta africana (Blumenbach, 1797)",Loxodonta africana,Loxodonta,Elephantidae,-1.309271,35.080346,31447.0,Narok,,,2025-03-02T08:09,2025.0,3.0,2.0,HUMAN_OBSERVATION,iNaturalist,iNaturalist research-grade observations
5087657520,"Loxodonta africana (Blumenbach, 1797)",Loxodonta africana,Loxodonta,Elephantidae,-1.591509,35.111185,31446.0,Narok,,,2025-03-09T08:29,2025.0,3.0,9.0,HUMAN_OBSERVATION,iNaturalist,iNaturalist research-grade observations
5087689498,"Loxodonta africana (Blumenbach, 1797)",Loxodonta africana,Loxodonta,Elephantidae,-1.436332,35.067364,31446.0,Narok,,,2025-03-09T09:16,2025.0,3.0,9.0,HUMAN_OBSERVATION,iNaturalist,iNaturalist research-grade observations
5087753766,"Loxodonta africana (Blumenbach, 1797)",Loxodonta africana,Loxodonta,Elephantidae,-1.426673,35.110875,31446.0,Narok,,,2025-03-09T09:31,2025.0,3.0,9.0,HUMAN_OBSERVATION,iNaturalist,iNaturalist research-grade observations
5087826511,"Loxodonta africana (Blumenbach, 1797)",Loxodonta africana,Loxodonta,Elephantidae,-1.488089,35.018777,31446.0,Narok,,,2025-03-09T09:11,2025.0,3.0,9.0,HUMAN_OBSERVATION,iNaturalist,iNaturalist research-grade observations
5088004449,"Loxodonta africana (Blumenbach, 1797)",Loxodonta africana,Loxodonta,Elephantidae,-1.582084,35.272549,31446.0,Narok,,,2025-03-12T16:53:41,2025.0,3.0,12.0,HUMAN_OBSERVATION,iNaturalist,iNaturalist research-grade observations
5104488636,"Loxodonta africana (Blumenbach, 1797)",Loxodonta africana,Loxodonta,Elephantidae,-1.428509,35.030071,31446.0,Narok,,,2025-03-20T17:53,2025.0,3.0,20.0,HUMAN_OBSERVATION,iNaturalist,iNaturalist research-grade observations
5104604407,"Loxodonta africana (Blumenbach, 1797)",Loxodonta africana,Loxodonta,Elephantidae,-1.71589,35.271624,31444.0,Narok,,,2025-03-23T07:15:11,2025.0,3.0,23.0,HUMAN_OBSERVATION,iNaturalist,iNaturalist research-grade observations
5104658873,"Loxodonta africana (Blumenbach, 1797)",Loxodonta africana,Loxodonta,Elephantidae,0.327831,37.289979,31451.0,Laikipia,,,2025-03-22T17:22,2025.0,3.0,22.0,HUMAN_OBSERVATION,iNaturalist,iNaturalist research-grade observations
5108169151,"Loxodonta africana (Blumenbach, 1797)",Loxodonta africana,Loxodonta,Elephantidae,-1.549389,35.075971,31446.0,Narok,,,2025-03-26T18:27,2025.0,3.0,26.0,HUMAN_OBSERVATION,iNaturalist,iNaturalist research-grade observations
5133129156,"Loxodonta africana (Blumenbach, 1797)",Loxodonta africana,Loxodonta,Elephantidae,-1.589468,35.2297,64915.0,Narok,,,2025-03-20T09:17:36,2025.0,3.0,20.0,HUMAN_OBSERVATION,iNaturalist,iNaturalist research-grade observations
5133166296,"Loxodonta africana (Blumenbach, 1797)",Loxodonta africana,Loxodonta,Elephantidae,-2.667123,38.818214,90752.0,Kitui,,,2025-03-28T09:35:05,2025.0,3.0,28.0,HUMAN_OBSERVATION,iNaturalist,iNaturalist research-grade observations
5133939943,"Loxodonta africana (Blumenbach, 1797)",Loxodonta africana,Loxodonta,Elephantidae,0.022514,36.934187,31451.0,Laikipia,,,2025-03-01T11:40,2025.0,3.0,1.0,HUMAN_OBSERVATION,iNaturalist,iNaturalist research-grade observations
5134074950,"Loxodonta africana (Blumenbach, 1797)",Loxodonta africana,Loxodonta,Elephantidae,0.174789,36.937454,31451.0,Laikipia,,,2025-03-01T11:40,2025.0,3.0,1.0,HUMAN_OBSERVATION,iNaturalist,iNaturalist research-grade observations
5134119404,"Loxodonta africana (Blumenbach, 1797)",Loxodonta africana,Loxodonta,Elephantidae,0.155903,36.813698,31451.0,Laikipia,,,2025-03-01T15:07,2025.0,3.0,1.0,HUMAN_OBSERVATION,iNaturalist,iNaturalist research-grade observations
5134248756,"Loxodonta africana (Blumenbach, 1797)",Loxodonta africana,Loxodonta,Elephantidae,0.193222,36.919192,31451.0,Laikipia,,,2025-03-01T11:39,2025.0,3.0,1.0,HUMAN_OBSERVATION,iNaturalist,iNaturalist research-grade observations
5134310941,"Loxodonta africana (Blumenbach, 1797)",Loxodonta africana,Loxodonta,Elephantidae,0.031334,36.812926,31451.0,Laikipia,,,2025-03-01T11:39,2025.0,3.0,1.0,HUMAN_OBSERVATION,iNaturalist,iNaturalist research-grade observations
5153498249,"Loxodonta africana (Blumenbach, 1797)",Loxodonta africana,Loxodonta,Elephantidae,-2.630446,37.364641,31434.0,Kajiado,,,2025-03-28T23:08,2025.0,3.0,28.0,HUMAN_OBSERVATION,iNaturalist,iNaturalist research-grade observations
5153746288,"Loxodonta africana (Blumenbach, 1797)",Loxodonta africana,Loxodonta,Elephantidae,0.100068,36.896321,31451.0,Laikipia,,,2025-03-08T12:37:50,2025.0,3.0,8.0,HUMAN_OBSERVATION,iNaturalist,iNaturalist research-grade observations
5154674710,"Loxodonta africana (Blumenbach, 1797)",Loxodonta africana,Loxodonta,Elephantidae,-1.205703,35.190202,31447.0,Narok,,,2025-03-23T10:02,2025.0,3.0,23.0,HUMAN_OBSERVATION,iNaturalist,iNaturalist research-grade observations
5909180202,"Loxodonta africana (Blumenbach, 1797)",Loxodonta africana,Loxodonta,Elephantidae,-1.462637,35.182404,31446.0,Narok,,,2025-03-09T12:15,2025.0,3.0,9.0,HUMAN_OBSERVATION,iNaturalist,iNaturalist research-grade observations
5935945727,"Loxodonta africana (Blumenbach, 1797)",Loxodonta africana,Loxodonta,Elephantidae,-1.485915,35.129443,31446.0,Narok,,,2025-03-09T13:02,2025.0,3.0,9.0,HUMAN_OBSERVATION,iNaturalist,iNaturalist research-grade observations
6003688425,"Loxodonta africana (Blumenbach, 1797)",Loxodonta africana,Loxodonta,Elephantidae,0.105743,38.189163,250.0,,,Meru National Park,2025-03-01T00:00,2025.0,3.0,1.0,HUMAN_OBSERVATION,NABU|naturgucker,
6003690327,"Loxodonta africana (Blumenbach, 1797)",Loxodonta africana,Loxodonta,Elephantidae,0.57128,37.608948,250.0,,,"Samburu, Kenya",2025-03-05T00:00,2025.0,3.0,5.0,HUMAN_OBSERVATION,NABU|naturgucker,
6003690617,"Loxodonta africana (Blumenbach, 1797)",Loxodonta africana,Loxodonta,Elephantidae,0.57128,37.608948,250.0,,,"Samburu, Kenya",2025-03-04T00:00,2025.0,3.0,4.0,HUMAN_OBSERVATION,NABU|naturgucker,
6003693015,"Loxodonta africana (Blumenbach, 1797)",Loxodonta africana,Loxodonta,Elephantidae,0.57128,37.608948,250.0,,,"Samburu, Kenya",2025-03-06T00:00,2025.0,3.0,6.0,HUMAN_OBSERVATION,NABU|naturgucker,
6003693263,"Loxodonta africana (Blumenbach, 1797)",Loxodonta africana,Loxodonta,Elephantidae,0.57128,37.608948,250.0,,,"Samburu, Kenya",2025-03-03T00:00,2025.0,3.0,3.0,HUMAN_OBSERVATION,NABU|naturgucker,
6003696635,"Loxodonta africana (Blumenbach, 1797)",Loxodonta africana,Loxodonta,Elephantidae,0.57128,37.608948,250.0,,,"Samburu, Kenya",2025-03-02T00:00,2025.0,3.0,2.0,HUMAN_OBSERVATION,NABU|naturgucker,
6084208466,"Loxodonta africana (Blumenbach, 1797)",Loxodonta africana,Loxodonta,Elephantidae,0.009699,36.938953,250.0,,,Ol Pejeta Conservancy,2025-03-09T00:00,2025.0,3.0,9.0,HUMAN_OBSERVATION,NABU|naturgucker,
6084216765,"Loxodonta africana (Blumenbach, 1797)",Loxodonta africana,Loxodonta,Elephantidae,0.009699,36.938953,250.0,,,Ol Pejeta Conservancy,2025-03-08T00:00,2025.0,3.0,8.0,HUMAN_OBSERVATION,NABU|naturgucker,
6084219295,"Loxodonta africana (Blumenbach, 1797)",Loxodonta africana,Loxodonta,Elephantidae,0.009699,36.938953,250.0,,,Ol Pejeta Conservancy,2025-03-07T00:00,2025.0,3.0,7.0,HUMAN_OBSERVATION,NABU|naturgucker,
5133373339,"Loxodonta africana (Blumenbach, 1797)",Loxodonta africana,Loxodonta,Elephantidae,0.035907,37.156252,31451.0,Laikipia,,,2025-04-08T14:43:01,2025.0,4.0,8.0,HUMAN_OBSERVATION,iNaturalist,iNaturalist research-grade observations
5134570198,"Loxodonta africana (Blumenbach, 1797)",Loxodonta africana,Loxodonta,Elephantidae,-2.738107,38.937575,90752.0,Kitui,,,2025-04-03T13:33:06,2025.0,4.0,3.0,HUMAN_OBSERVATION,iNaturalist,iNaturalist research-grade observations
5134578116,"Loxodonta africana (Blumenbach, 1797)",Loxodonta africana,Loxodonta,Elephantidae,-1.503603,35.098649,31446.0,Narok,,,2025-04-05T09:40,2025.0,4.0,5.0,HUMAN_OBSERVATION,iNaturalist,iNaturalist research-grade observations
5134608978,"Loxodonta africana (Blumenbach, 1797)",Loxodonta africana,Loxodonta,Elephantidae,-1.5688,35.167107,31446.0,Narok,,,2025-04-05T11:25,2025.0,4.0,5.0,HUMAN_OBSERVATION,iNaturalist,iNaturalist research-grade observations
5134802731,"Loxodonta africana (Blumenbach, 1797)",Loxodonta africana,Loxodonta,Elephantidae,-1.524992,35.303005,31446.0,Narok,,,2025-04-05T07:15,2025.0,4.0,5.0,HUMAN_OBSERVATION,iNaturalist,iNaturalist research-grade observations
5140040744,"Loxodonta africana (Blumenbach, 1797)",Loxodonta africana,Loxodonta,Elephantidae,-1.510984,35.043745,31446.0,Narok,,,2025-04-23T09:26,2025.0,4.0,23.0,HUMAN_OBSERVATION,iNaturalist,iNaturalist research-grade observations
5140055745,"Loxodonta africana (Blumenbach, 1797)",Loxodonta africana,Loxodonta,Elephantidae,-1.589084,35.112558,31446.0,Narok,,,2025-04-23T09:25,2025.0,4.0,23.0,HUMAN_OBSERVATION,iNaturalist,iNaturalist research-grade observations
5140058750,"Loxodonta africana (Blumenbach, 1797)",Loxodonta africana,Loxodonta,Elephantidae,-1.420987,35.10841,31446.0,Narok,,,2025-04-23T09:29,2025.0,4.0,23.0,HUMAN_OBSERVATION,iNaturalist,iNaturalist research-grade observations
5140103771,"Loxodonta africana (Blumenbach, 1797)",Loxodonta africana,Loxodonta,Elephantidae,-1.413392,35.156827,31446.0,Narok,,,2025-04-23T09:28,2025.0,4.0,23.0,HUMAN_OBSERVATION,iNaturalist,iNaturalist research-grade observations
5140543096,"Loxodonta africana (Blumenbach, 1797)",Loxodonta africana,Loxodonta,Elephantidae,-2.922208,37.972868,31431.0,Taita Taveta,,,2025-04-25T16:38:04,2025.0,4.0,25.0,HUMAN_OBSERVATION,iNaturalist,iNaturalist research-grade observations
5140545031,"Loxodonta africana (Blumenbach, 1797)",Loxodonta africana,Loxodonta,Elephantidae,-2.857266,38.194324,31431.0,Taita Taveta,,,2025-04-25T14:29:39,2025.0,4.0,25.0,HUMAN_OBSERVATION,iNaturalist,iNaturalist research-grade observations
5140731674,"Loxodonta africana (Blumenbach, 1797)",Loxodonta africana,Loxodonta,Elephantidae,-1.450829,35.253149,31446.0,Narok,,,2025-04-27T16:03:35,2025.0,4.0,27.0,HUMAN_OBSERVATION,iNaturalist,iNaturalist research-grade observations
5140813195,"Loxodonta africana (Blumenbach, 1797)",Loxodonta africana,Loxodonta,Elephantidae,-2.763673,37.216615,31434.0,Kajiado,,,2025-04-28T16:58:30,2025.0,4.0,28.0,HUMAN_OBSERVATION,iNaturalist,iNaturalist research-grade observations
5141098051,"Loxodonta africana (Blumenbach, 1797)",Loxodonta africana,Loxodonta,Elephantidae,-1.458371,35.190219,31446.0,Narok,,,2025-04-24T17:13,2025.0,4.0,24.0,HUMAN_OBSERVATION,iNaturalist,iNaturalist research-grade observations
5154935415,"Loxodonta africana (Blumenbach, 1797)",Loxodonta africana,Loxodonta,Elephantidae,-1.495956,35.21781,31446.0,Narok,,,2025-04-28T08:23,2025.0,4.0,28.0,HUMAN_OBSERVATION,iNaturalist,iNaturalist research-grade observations
5167596042,"Loxodonta africana (Blumenbach, 1797)",Loxodonta africana,Loxodonta,Elephantidae,0.720339,37.555839,31450.0,Samburu,,,2025-04-18T08:32:01,2025.0,4.0,18.0,HUMAN_OBSERVATION,iNaturalist,iNaturalist research-grade observations
5167674191,"Loxodonta africana (Blumenbach, 1797)",Loxodonta africana,Loxodonta,Elephantidae,-1.570286,35.168216,31446.0,Narok,,,2025-04-05T04:57,2025.0,4.0,5.0,HUMAN_OBSERVATION,iNaturalist,iNaturalist research-grade observations
5168162105,"Loxodonta africana (Blumenbach, 1797)",Loxodonta africana,Loxodonta,Elephantidae,-1.448263,35.334092,31446.0,Narok,,,2025-04-12T13:34,2025.0,4.0,12.0,HUMAN_OBSERVATION,iNaturalist,iNaturalist research-grade observations
5168258181,"Loxodonta africana (Blumenbach, 1797)",Loxodonta africana,Loxodonta,Elephantidae,-1.442582,35.070261,31446.0,Narok,,,2025-04-05T06:25,2025.0,4.0,5.0,HUMAN_OBSERVATION,iNaturalist,iNaturalist research-grade observations
5168544590,"Loxodonta africana (Blumenbach, 1797)",Loxodonta africana,Loxodonta,Elephantidae,-1.469837,35.202866,31446.0,Narok,,,2025-04-05T02:17,2025.0,4.0,5.0,HUMAN_OBSERVATION,iNaturalist,iNaturalist research-grade observations
5176446489,"Loxodonta africana (Blumenbach, 1797)",Loxodonta africana,Loxodonta,Elephantidae,-2.612944,37.367898,31434.0,Kajiado,,,2025-04-16T09:19:58,2025.0,4.0,16.0,HUMAN_OBSERVATION,iNaturalist,iNaturalist research-grade observations
5176498836,"Loxodonta africana (Blumenbach, 1797)",Loxodonta africana,Loxodonta,Elephantidae,-2.938127,38.189596,31431.0,Taita Taveta,,,2025-04-25T11:30:36,2025.0,4.0,25.0,HUMAN_OBSERVATION,iNaturalist,iNaturalist research-grade observations
5176521422,"Loxodonta africana (Blumenbach, 1797)",Loxodonta africana,Loxodonta,Elephantidae,-2.783324,37.283847,31434.0,Kajiado,,,2025-04-15T10:10:09,2025.0,4.0,15.0,HUMAN_OBSERVATION,iNaturalist,iNaturalist research-grade observations
5199152793,"Loxodonta africana (Blumenbach, 1797)",Loxodonta africana,Loxodonta,Elephantidae,-1.536469,35.179608,31446.0,Narok,,,2025-04-27T17:15,2025.0,4.0,27.0,HUMAN_OBSERVATION,iNaturalist,iNaturalist research-grade observations
5216778483,"Loxodonta africana (Blumenbach, 1797)",Loxodonta africana,Loxodonta,Elephantidae,-2.42787,37.391535,31436.0,Kajiado,,,2025-04-16T09:26:34,2025.0,4.0,16.0,HUMAN_OBSERVATION,iNaturalist,iNaturalist research-grade observations
5909190372,"Loxodonta africana (Blumenbach, 1797)",Loxodonta africana,Loxodonta,Elephantidae,-1.484372,35.145382,31446.0,Narok,,,2025-04-04T07:05,2025.0,4.0,4.0,HUMAN_OBSERVATION,iNaturalist,iNaturalist research-grade observations
5909382406,"Loxodonta africana (Blumenbach, 1797)",Loxodonta africana,Loxodonta,Elephantidae,-1.568466,35.06697,31446.0,Narok,,,2025-04-04T06:56,2025.0,4.0,4.0,HUMAN_OBSERVATION,iNaturalist,iNaturalist research-grade observations
6163204047,"Loxodonta africana (Blumenbach, 1797)",Loxodonta africana,Loxodonta,Elephantidae,-1.280772,35.018623,31447.0,Narok,,,2025-04-25T17:58,2025.0,4.0,25.0,HUMAN_OBSERVATION,iNaturalist,iNaturalist research-grade observations
6178971519,"Loxodonta africana (Blumenbach, 1797)",Loxodonta africana,Loxodonta,Elephantidae,-1.587278,35.02016,31446.0,Narok,,,2025-04-04T06:56,2025.0,4.0,4.0,HUMAN_OBSERVATION,iNaturalist,iNaturalist research-grade observations
5154531680,"Loxodonta africana (Blumenbach, 1797)",Loxodonta africana,Loxodonta,Elephantidae,-1.52653,35.052648,31446.0,Narok,,,2025-05-01T10:16,2025.0,5.0,1.0,HUMAN_OBSERVATION,iNaturalist,iNaturalist research-grade observations
5167078345,"Loxodonta africana (Blumenbach, 1797)",Loxodonta africana,Loxodonta,Elephantidae,-1.403107,35.190062,31446.0,Narok,,,2025-05-16T12:20,2025.0,5.0,16.0,HUMAN_OBSERVATION,iNaturalist,iNaturalist research-grade observations
5167131329,"Loxodonta africana (Blumenbach, 1797)",Loxodonta africana,Loxodonta,Elephantidae,-0.188154,37.874652,275473.0,Tharaka-Nithi,,,2025-05-26T07:55:58,2025.0,5.0,26.0,HUMAN_OBSERVATION,iNaturalist,iNaturalist research-grade observations
5167605127,"Loxodonta africana (Blumenbach, 1797)",Loxodonta africana,Loxodonta,Elephantidae,-1.307938,35.192904,31447.0,Narok,,,2025-05-24T07:43:57,2025.0,5.0,24.0,HUMAN_OBSERVATION,iNaturalist,iNaturalist research-grade observations
5167681382,"Loxodonta africana (Blumenbach, 1797)",Loxodonta africana,Loxodonta,Elephantidae,0.237447,36.812145,31451.0,Laikipia,,,2025-05-17T09:24:14,2025.0,5.0,17.0,HUMAN_OBSERVATION,iNaturalist,iNaturalist research-grade observations
5167905075,"Loxodonta africana (Blumenbach, 1797)",Loxodonta africana,Loxodonta,Elephantidae,0.537666,37.051348,31451.0,Laikipia,,,2025-05-24T17:16:44,2025.0,5.0,24.0,HUMAN_OBSERVATION,iNaturalist,iNaturalist research-grade observations
5168043658,"Loxodonta africana (Blumenbach, 1797)",Loxodonta africana,Loxodonta,Elephantidae,0.305872,36.961139,31451.0,Laikipia,,,2025-05-25T09:01:48,2025.0,5.0,25.0,HUMAN_OBSERVATION,iNaturalist,iNaturalist research-grade observations
5168242949,"Loxodonta africana (Blumenbach, 1797)",Loxodonta africana,Loxodonta,Elephantidae,0.371504,36.879253,31451.0,Laikipia,,,2025-05-17T09:23:56,2025.0,5.0,17.0,HUMAN_OBSERVATION,iNaturalist,iNaturalist research-grade observations
5168321632,"Loxodonta africana (Blumenbach, 1797)",Loxodonta africana,Loxodonta,Elephantidae,0.317443,36.964865,31451.0,Laikipia,,,2025-05-20T17:22:05,2025.0,5.0,20.0,HUMAN_OBSERVATION,iNaturalist,iNaturalist research-grade observations
5168396105,"Loxodonta africana (Blumenbach, 1797)",Loxodonta africana,Loxodonta,Elephantidae,0.341822,36.975283,31451.0,Laikipia,,,2025-05-25T18:11:14,2025.0,5.0,25.0,HUMAN_OBSERVATION,iNaturalist,iNaturalist research-grade observations
5176742673,"Loxodonta africana (Blumenbach, 1797)",Loxodonta africana,Loxodonta,Elephantidae,-2.74972,37.39923,31434.0,Kajiado,,,2025-05-05T09:13:01,2025.0,5.0,5.0,HUMAN_OBSERVATION,iNaturalist,iNaturalist research-grade observations
5177302523,"Loxodonta africana (Blumenbach, 1797)",Loxodonta africana,Loxodonta,Elephantidae,-2.708828,37.084059,31434.0,Kajiado,,,2025-05-05T11:00:15,2025.0,5.0,5.0,HUMAN_OBSERVATION,iNaturalist,iNaturalist research-grade observations
5187979455,"Loxodonta africana (Blumenbach, 1797)",Loxodonta africana,Loxodonta,Elephantidae,-2.783898,37.286518,31434.0,Kajiado,,,2025-05-25T18:04,2025.0,5.0,25.0,HUMAN_OBSERVATION,iNaturalist,iNaturalist research-grade observations
5216758679,"Loxodonta africana (Blumenbach, 1797)",Loxodonta africana,Loxodonta,Elephantidae,-2.630477,38.936635,90752.0,Kitui,,,2025-05-02T09:24:28,2025.0,5.0,2.0,HUMAN_OBSERVATION,iNaturalist,iNaturalist research-grade observations
5281883235,"Loxodonta africana (Blumenbach, 1797)",Loxodonta africana,Loxodonta,Elephantidae,-1.336692,35.036212,31447.0,Narok,,,2025-05-02T10:44,2025.0,5.0,2.0,HUMAN_OBSERVATION,iNaturalist,iNaturalist research-grade observations
5908706486,"Loxodonta africana (Blumenbach, 1797)",Loxodonta africana,Loxodonta,Elephantidae,-1.405112,35.102451,31446.0,Narok,,,2025-05-22T06:21,2025.0,5.0,22.0,HUMAN_OBSERVATION,iNaturalist,iNaturalist research-grade observations
6431674384,"Loxodonta africana (Blumenbach, 1797)",Loxodonta africana,Loxodonta,Elephantidae,-1.242567,36.692015,31447.0,Nairobi,,,2025-05-22T11:04:22,2025.0,5.0,22.0,HUMAN_OBSERVATION,iNaturalist,iNaturalist research-grade observations
6518415627,"Loxodonta africana (Blumenbach, 1797)",Loxodonta africana,Loxodonta,Elephantidae,-1.270443,36.949209,31447.0,Nairobi,,,2025-05-16T08:01,2025.0,5.0,16.0,HUMAN_OBSERVATION,iNaturalist,iNaturalist research-grade observations
5187660365,"Loxodonta africana (Blumenbach, 1797)",Loxodonta africana,Loxodonta,Elephantidae,-3.160177,38.782451,31428.0,Taita Taveta,,,2025-06-02T12:41,2025.0,6.0,2.0,HUMAN_OBSERVATION,iNaturalist,iNaturalist research-grade observations
5187850571,"Loxodonta africana (Blumenbach, 1797)",Loxodonta africana,Loxodonta,Elephantidae,-1.492679,35.045149,31446.0,Narok,,,2025-06-03T08:08:39,2025.0,6.0,3.0,HUMAN_OBSERVATION,iNaturalist,iNaturalist research-grade observations
5188047762,"Loxodonta africana (Blumenbach, 1797)",Loxodonta africana,Loxodonta,Elephantidae,-2.626681,37.220058,31434.0,Kajiado,,,2025-06-07T17:50:45,2025.0,6.0,7.0,HUMAN_OBSERVATION,iNaturalist,iNaturalist research-grade observations
5188163302,"Loxodonta africana (Blumenbach, 1797)",Loxodonta africana,Loxodonta,Elephantidae,-2.927161,37.931263,31431.0,Taita Taveta,,,2025-06-02T14:38,2025.0,6.0,2.0,HUMAN_OBSERVATION,iNaturalist,iNaturalist research-grade observations
5188343615,"Loxodonta africana (Blumenbach, 1797)",Loxodonta africana,Loxodonta,Elephantidae,0.296262,36.909021,31451.0,Laikipia,,,2025-06-03T19:11:35,2025.0,6.0,3.0,HUMAN_OBSERVATION,iNaturalist,iNaturalist research-grade observations
5188385848,"Loxodonta africana (Blumenbach, 1797)",Loxodonta africana,Loxodonta,Elephantidae,-3.2158,38.950245,31425.0,Taita Taveta,,,2025-06-02T12:47,2025.0,6.0,2.0,HUMAN_OBSERVATION,iNaturalist,iNaturalist research-grade observations
5198311872,"Loxodonta africana (Blumenbach, 1797)",Loxodonta africana,Loxodonta,Elephantidae,-1.437059,35.173932,31446.0,Narok,,,2025-06-04T17:42,2025.0,6.0,4.0,HUMAN_OBSERVATION,iNaturalist,iNaturalist research-grade observations
5198333816,"Loxodonta africana (Blumenbach, 1797)",Loxodonta africana,Loxodonta,Elephantidae,-0.561344,36.687909,45135.0,Nyeri,,,2025-06-11T12:50:54,2025.0,6.0,11.0,HUMAN_OBSERVATION,iNaturalist,iNaturalist research-grade observations
5198573830,"Loxodonta africana (Blumenbach, 1797)",Loxodonta africana,Loxodonta,Elephantidae,-0.540749,36.660826,31451.0,Nyeri,,,2025-06-11T15:58:03,2025.0,6.0,11.0,HUMAN_OBSERVATION,iNaturalist,iNaturalist research-grade observations
5198620789,"Loxodonta africana (Blumenbach, 1797)",Loxodonta africana,Loxodonta,Elephantidae,-0.235949,36.995089,31451.0,Nyeri,,,2025-06-11T15:53:34,2025.0,6.0,11.0,HUMAN_OBSERVATION,iNaturalist,iNaturalist research-grade observations
5198696732,"Loxodonta africana (Blumenbach, 1797)",Loxodonta africana,Loxodonta,Elephantidae,-3.405698,38.830553,31422.0,Taita Taveta,,,2025-06-09T08:14:31,2025.0,6.0,9.0,HUMAN_OBSERVATION,iNaturalist,iNaturalist research-grade observations
5198751743,"Loxodonta africana (Blumenbach, 1797)",Loxodonta africana,Loxodonta,Elephantidae,-0.356136,36.98463,31451.0,Nyeri,,,2025-06-17T10:13:43,2025.0,6.0,17.0,HUMAN_OBSERVATION,iNaturalist,iNaturalist research-grade observations
5198787932,"Loxodonta africana (Blumenbach, 1797)",Loxodonta africana,Loxodonta,Elephantidae,-1.522434,35.001531,31446.0,Narok,,,2025-06-11T16:48,2025.0,6.0,11.0,HUMAN_OBSERVATION,iNaturalist,iNaturalist research-grade observations
5198851756,"Loxodonta africana (Blumenbach, 1797)",Loxodonta africana,Loxodonta,Elephantidae,-1.596771,35.027579,31446.0,Narok,,,2025-06-14T02:21,2025.0,6.0,14.0,HUMAN_OBSERVATION,iNaturalist,iNaturalist research-grade observations
5198949865,"Loxodonta africana (Blumenbach, 1797)",Loxodonta africana,Loxodonta,Elephantidae,-0.341288,36.924968,31451.0,Nyeri,,,2025-06-11T16:54:54,2025.0,6.0,11.0,HUMAN_OBSERVATION,iNaturalist,iNaturalist research-grade observations
5199027586,"Loxodonta africana (Blumenbach, 1797)",Loxodonta africana,Loxodonta,Elephantidae,0.437951,37.634003,31451.0,Isiolo,,,2025-06-16T13:56:36,2025.0,6.0,16.0,HUMAN_OBSERVATION,iNaturalist,iNaturalist research-grade observations
5199139823,"Loxodonta africana (Blumenbach, 1797)",Loxodonta africana,Loxodonta,Elephantidae,-1.557196,35.033967,31446.0,Narok,,,2025-06-12T19:53,2025.0,6.0,12.0,HUMAN_OBSERVATION,iNaturalist,iNaturalist research-grade observations
5199152787,"Loxodonta africana (Blumenbach, 1797)",Loxodonta africana,Loxodonta,Elephantidae,-1.521933,35.056986,31446.0,Narok,,,2025-06-11T19:43,2025.0,6.0,11.0,HUMAN_OBSERVATION,iNaturalist,iNaturalist research-grade observations
5199165725,"Loxodonta africana (Blumenbach, 1797)",Loxodonta africana,Loxodonta,Elephantidae,-1.557961,35.033988,31446.0,Narok,,,2025-06-12T19:52,2025.0,6.0,12.0,HUMAN_OBSERVATION,iNaturalist,iNaturalist research-grade observations
5199196964,"Loxodonta africana (Blumenbach, 1797)",Loxodonta africana,Loxodonta,Elephantidae,-1.529442,35.161024,31446.0,Narok,,,2025-06-11T16:41,2025.0,6.0,11.0,HUMAN_OBSERVATION,iNaturalist,iNaturalist research-grade observations
5205934759,"Loxodonta africana (Blumenbach, 1797)",Loxodonta africana,Loxodonta,Elephantidae,-1.446926,35.0077,54081.0,Narok,,,2025-06-24T12:26:28,2025.0,6.0,24.0,HUMAN_OBSERVATION,iNaturalist,iNaturalist research-grade observations
5206000744,"Loxodonta africana (Blumenbach, 1797)",Loxodonta africana,Loxodonta,Elephantidae,-1.325372,35.133962,31447.0,Narok,,,2025-06-20T17:57:23,2025.0,6.0,20.0,HUMAN_OBSERVATION,iNaturalist,iNaturalist research-grade observations
5206093761,"Loxodonta africana (Blumenbach, 1797)",Loxodonta africana,Loxodonta,Elephantidae,-1.213553,35.124997,31447.0,Narok,,,2025-06-23T15:59:08,2025.0,6.0,23.0,HUMAN_OBSERVATION,iNaturalist,iNaturalist research-grade observations
5206149829,"Loxodonta africana (Blumenbach, 1797)",Loxodonta africana,Loxodonta,Elephantidae,0.19546,36.883812,31451.0,Laikipia,,,2025-06-12T18:13:27,2025.0,6.0,12.0,HUMAN_OBSERVATION,iNaturalist,iNaturalist research-grade observations
5206249172,"Loxodonta africana (Blumenbach, 1797)",Loxodonta africana,Loxodonta,Elephantidae,0.026975,36.81176,31451.0,Laikipia,,,2025-06-12T15:02,2025.0,6.0,12.0,HUMAN_OBSERVATION,iNaturalist,iNaturalist research-grade observations
5206351760,"Loxodonta africana (Blumenbach, 1797)",Loxodonta africana,Loxodonta,Elephantidae,1.060857,37.584881,31448.0,Samburu,,,2025-06-17T22:35,2025.0,6.0,17.0,HUMAN_OBSERVATION,iNaturalist,iNaturalist research-grade observations
5206585677,"Loxodonta africana (Blumenbach, 1797)",Loxodonta africana,Loxodonta,Elephantidae,-1.312419,35.034954,31447.0,Narok,,,2025-06-20T16:04:31,2025.0,6.0,20.0,HUMAN_OBSERVATION,iNaturalist,iNaturalist research-grade observations
5206669123,"Loxodonta africana (Blumenbach, 1797)",Loxodonta africana,Loxodonta,Elephantidae,0.376162,36.863213,31451.0,Laikipia,,,2025-06-05T17:50:48,2025.0,6.0,5.0,HUMAN_OBSERVATION,iNaturalist,iNaturalist research-grade observations
5206730591,"Loxodonta africana (Blumenbach, 1797)",Loxodonta africana,Loxodonta,Elephantidae,-1.20125,35.026529,31447.0,Narok,,,2025-06-20T15:47:16,2025.0,6.0,20.0,HUMAN_OBSERVATION,iNaturalist,iNaturalist research-grade observations
5215755176,"Loxodonta africana (Blumenbach, 1797)",Loxodonta africana,Loxodonta,Elephantidae,-2.757682,37.344313,31434.0,Kajiado,,,2025-06-23T18:16:30,2025.0,6.0,23.0,HUMAN_OBSERVATION,iNaturalist,iNaturalist research-grade observations
5215826092,"Loxodonta africana (Blumenbach, 1797)",Loxodonta africana,Loxodonta,Elephantidae,-1.312873,35.026857,31447.0,Narok,,,2025-06-27T15:55:07,2025.0,6.0,27.0,HUMAN_OBSERVATION,iNaturalist,iNaturalist research-grade observations
5215835532,"Loxodonta africana (Blumenbach, 1797)",Loxodonta africana,Loxodonta,Elephantidae,-3.372647,38.608012,31425.0,Taita Taveta,,,2025-06-28T10:42:18,2025.0,6.0,28.0,HUMAN_OBSERVATION,iNaturalist,iNaturalist research-grade observations
5215900621,"Loxodonta africana (Blumenbach, 1797)",Loxodonta africana,Loxodonta,Elephantidae,-3.788297,38.853719,31418.0,Taita Taveta,,,2025-06-28T05:03,2025.0,6.0,28.0,HUMAN_OBSERVATION,iNaturalist,iNaturalist research-grade observations
5216060736,"Loxodonta africana (Blumenbach, 1797)",Loxodonta africana,Loxodonta,Elephantidae,-3.348194,38.42219,31425.0,Taita Taveta,,,2025-06-29T09:25:05,2025.0,6.0,29.0,HUMAN_OBSERVATION,iNaturalist,iNaturalist research-grade observations
5216296197,"Loxodonta africana (Blumenbach, 1797)",Loxodonta africana,Loxodonta,Elephantidae,-1.604609,35.055334,31444.0,Narok,,,2025-06-24T17:41:41,2025.0,6.0,24.0,HUMAN_OBSERVATION,iNaturalist,iNaturalist research-grade observations
5216345379,"Loxodonta africana (Blumenbach, 1797)",Loxodonta africana,Loxodonta,Elephantidae,-3.321423,38.417508,31425.0,Taita Taveta,,,2025-06-27T17:17:55,2025.0,6.0,27.0,HUMAN_OBSERVATION,iNaturalist,iNaturalist research-grade observations
5216407784,"Loxodonta africana (Blumenbach, 1797)",Loxodonta africana,Loxodonta,Elephantidae,-2.764352,37.31976,31434.0,Kajiado,,,2025-06-29T13:07:29,2025.0,6.0,29.0,HUMAN_OBSERVATION,iNaturalist,iNaturalist research-grade observations
5216417356,"Loxodonta africana (Blumenbach, 1797)",Loxodonta africana,Loxodonta,Elephantidae,-3.266113,38.425274,31425.0,Taita Taveta,,,2025-06-27T16:55:58,2025.0,6.0,27.0,HUMAN_OBSERVATION,iNaturalist,iNaturalist research-grade observations
5216778674,"Loxodonta africana (Blumenbach, 1797)",Loxodonta africana,Loxodonta,Elephantidae,0.430319,37.564819,31451.0,Isiolo,,,2025-06-28T17:05:39,2025.0,6.0,28.0,HUMAN_OBSERVATION,iNaturalist,iNaturalist research-grade observations
5217114611,"Loxodonta africana (Blumenbach, 1797)",Loxodonta africana,Loxodonta,Elephantidae,-3.237578,38.569479,31425.0,Taita Taveta,,,2025-06-28T09:50:06,2025.0,6.0,28.0,HUMAN_OBSERVATION,iNaturalist,iNaturalist research-grade observations
5217114843,"Loxodonta africana (Blumenbach, 1797)",Loxodonta africana,Loxodonta,Elephantidae,-3.341431,38.560621,31425.0,Taita Taveta,,,2025-06-29T09:03:28,2025.0,6.0,29.0,HUMAN_OBSERVATION,iNaturalist,iNaturalist research-grade observations
5230713911,"Loxodonta africana (Blumenbach, 1797)",Loxodonta africana,Loxodonta,Elephantidae,0.785654,37.419606,31450.0,Samburu,,,2025-06-20T18:11:36,2025.0,6.0,20.0,HUMAN_OBSERVATION,iNaturalist,iNaturalist research-grade observations
5238030826,"Loxodonta africana (Blumenbach, 1797)",Loxodonta africana,Loxodonta,Elephantidae,-1.337797,35.274733,31447.0,Narok,,,2025-06-09T17:34:03,2025.0,6.0,9.0,HUMAN_OBSERVATION,iNaturalist,iNaturalist research-grade observations
6188583400,"Loxodonta africana (Blumenbach, 1797)",Loxodonta africana,Loxodonta,Elephantidae,-1.292812,35.229798,31447.0,Narok,,,2025-06-10T08:38,2025.0,6.0,10.0,HUMAN_OBSERVATION,iNaturalist,iNaturalist research-grade observations
5215911524,"Loxodonta africana (Blumenbach, 1797)",Loxodonta africana,Loxodonta,Elephantidae,0.11045,36.808681,31451.0,Laikipia,,,2025-07-03T15:07:47,2025.0,7.0,3.0,HUMAN_OBSERVATION,iNaturalist,iNaturalist research-grade observations
5216495476,"Loxodonta africana (Blumenbach, 1797)",Loxodonta africana,Loxodonta,Elephantidae,-2.722051,37.402242,31434.0,Kajiado,,,2025-07-03T15:22,2025.0,7.0,3.0,HUMAN_OBSERVATION,iNaturalist,iNaturalist research-grade observations
5216674851,"Loxodonta africana (Blumenbach, 1797)",Loxodonta africana,Loxodonta,Elephantidae,-3.010896,39.214658,31428.0,Kilifi,,,2025-07-05T15:35:11,2025.0,7.0,5.0,HUMAN_OBSERVATION,iNaturalist,iNaturalist research-grade observations
5217034667,"Loxodonta africana (Blumenbach, 1797)",Loxodonta africana,Loxodonta,Elephantidae,0.152413,36.653519,31451.0,Laikipia,,,2025-07-04T11:22:33,2025.0,7.0,4.0,HUMAN_OBSERVATION,iNaturalist,iNaturalist research-grade observations
5217131160,"Loxodonta africana (Blumenbach, 1797)",Loxodonta africana,Loxodonta,Elephantidae,-2.711065,37.333319,31434.0,Kajiado,,,2025-07-04T08:21,2025.0,7.0,4.0,HUMAN_OBSERVATION,iNaturalist,iNaturalist research-grade observations
5217403035,"Loxodonta africana (Blumenbach, 1797)",Loxodonta africana,Loxodonta,Elephantidae,-2.712727,37.319952,31434.0,Kajiado,,,2025-07-04T05:53,2025.0,7.0,4.0,HUMAN_OBSERVATION,iNaturalist,iNaturalist research-grade observations
5217557147,"Loxodonta africana (Blumenbach, 1797)",Loxodonta africana,Loxodonta,Elephantidae,0.14846,36.987892,31451.0,Laikipia,,,2025-07-06T18:12:34,2025.0,7.0,6.0,HUMAN_OBSERVATION,iNaturalist,iNaturalist research-grade observations
5217614178,"Loxodonta africana (Blumenbach, 1797)",Loxodonta africana,Loxodonta,Elephantidae,-2.798626,37.259045,31434.0,Kajiado,,,2025-07-03T15:16,2025.0,7.0,3.0,HUMAN_OBSERVATION,iNaturalist,iNaturalist research-grade observations
5229949246,"Loxodonta africana (Blumenbach, 1797)",Loxodonta africana,Loxodonta,Elephantidae,-0.109181,37.005274,31451.0,Nyeri,,,2025-07-10T12:26:35,2025.0,7.0,10.0,HUMAN_OBSERVATION,iNaturalist,iNaturalist research-grade observations
5230034027,"Loxodonta africana (Blumenbach, 1797)",Loxodonta africana,Loxodonta,Elephantidae,-2.702778,37.256089,31434.0,Kajiado,,,2025-07-14T12:27:46,2025.0,7.0,14.0,HUMAN_OBSERVATION,iNaturalist,iNaturalist research-grade observations
5230088007,"Loxodonta africana (Blumenbach, 1797)",Loxodonta africana,Loxodonta,Elephantidae,-2.755138,37.235171,31434.0,Kajiado,,,2025-07-09T08:55,2025.0,7.0,9.0,HUMAN_OBSERVATION,iNaturalist,iNaturalist research-grade observations
5230110285,"Loxodonta africana (Blumenbach, 1797)",Loxodonta africana,Loxodonta,Elephantidae,0.31748,36.800813,31451.0,Laikipia,,,2025-07-09T17:35,2025.0,7.0,9.0,HUMAN_OBSERVATION,iNaturalist,iNaturalist research-grade observations
5230121199,"Loxodonta africana (Blumenbach, 1797)",Loxodonta africana,Loxodonta,Elephantidae,0.427733,37.567481,31451.0,Isiolo,,,2025-07-19T17:10:30,2025.0,7.0,19.0,HUMAN_OBSERVATION,iNaturalist,iNaturalist research-grade observations
5230153101,"Loxodonta africana (Blumenbach, 1797)",Loxodonta africana,Loxodonta,Elephantidae,0.044288,37.084724,31451.0,Laikipia,,,2025-07-07T16:13,2025.0,7.0,7.0,HUMAN_OBSERVATION,iNaturalist,iNaturalist research-grade observations
5230323474,"Loxodonta africana (Blumenbach, 1797)",Loxodonta africana,Loxodonta,Elephantidae,-3.725003,38.968365,31418.0,Taita Taveta,,,2025-07-10T09:55:20,2025.0,7.0,10.0,HUMAN_OBSERVATION,iNaturalist,iNaturalist research-grade observations
5230418048,"Loxodonta africana (Blumenbach, 1797)",Loxodonta africana,Loxodonta,Elephantidae,-2.712814,37.207113,31434.0,Kajiado,,,2025-07-09T08:20,2025.0,7.0,9.0,HUMAN_OBSERVATION,iNaturalist,iNaturalist research-grade observations
5230446138,"Loxodonta africana (Blumenbach, 1797)",Loxodonta africana,Loxodonta,Elephantidae,-2.757741,37.376967,31434.0,Kajiado,,,2025-07-14T12:19:09,2025.0,7.0,14.0,HUMAN_OBSERVATION,iNaturalist,iNaturalist research-grade observations
5230549632,"Loxodonta africana (Blumenbach, 1797)",Loxodonta africana,Loxodonta,Elephantidae,-1.518546,35.353453,31446.0,Narok,,,2025-07-12T16:06:57,2025.0,7.0,12.0,HUMAN_OBSERVATION,iNaturalist,iNaturalist research-grade observations
5230556299,"Loxodonta africana (Blumenbach, 1797)",Loxodonta africana,Loxodonta,Elephantidae,-2.715523,37.354034,31434.0,Kajiado,,,2025-07-09T18:21:11,2025.0,7.0,9.0,HUMAN_OBSERVATION,iNaturalist,iNaturalist research-grade observations
5230656160,"Loxodonta africana (Blumenbach, 1797)",Loxodonta africana,Loxodonta,Elephantidae,0.359125,36.898713,31451.0,Laikipia,,,2025-07-09T07:53,2025.0,7.0,9.0,HUMAN_OBSERVATION,iNaturalist,iNaturalist research-grade observations
5230679071,"Loxodonta africana (Blumenbach, 1797)",Loxodonta africana,Loxodonta,Elephantidae,-2.685644,37.394366,31434.0,Kajiado,,,2025-07-20T19:14,2025.0,7.0,20.0,HUMAN_OBSERVATION,iNaturalist,iNaturalist research-grade observations
5230681743,"Loxodonta africana (Blumenbach, 1797)",Loxodonta africana,Loxodonta,Elephantidae,-1.402475,35.270471,31446.0,Narok,,,2025-07-13T10:14:28,2025.0,7.0,13.0,HUMAN_OBSERVATION,iNaturalist,iNaturalist research-grade observations
5230773323,"Loxodonta africana (Blumenbach, 1797)",Loxodonta africana,Loxodonta,Elephantidae,-2.667941,37.254767,31434.0,Kajiado,,,2025-07-10T11:43:35,2025.0,7.0,10.0,HUMAN_OBSERVATION,iNaturalist,iNaturalist research-grade observations
5230845274,"Loxodonta africana (Blumenbach, 1797)",Loxodonta africana,Loxodonta,Elephantidae,-2.757195,37.335297,31434.0,Kajiado,,,2025-07-09T11:42:36,2025.0,7.0,9.0,HUMAN_OBSERVATION,iNaturalist,iNaturalist research-grade observations
5230874291,"Loxodonta africana (Blumenbach, 1797)",Loxodonta africana,Loxodonta,Elephantidae,-2.790819,37.288232,31434.0,Kajiado,,,2025-07-09T17:24:32,2025.0,7.0,9.0,HUMAN_OBSERVATION,iNaturalist,iNaturalist research-grade observations
5230876579,"Loxodonta africana (Blumenbach, 1797)",Loxodonta africana,Loxodonta,Elephantidae,-1.450939,35.281641,31446.0,Narok,,,2025-07-11T15:29:37,2025.0,7.0,11.0,HUMAN_OBSERVATION,iNaturalist,iNaturalist research-grade observations
5231033277,"Loxodonta africana (Blumenbach, 1797)",Loxodonta africana,Loxodonta,Elephantidae,-2.790036,37.349732,31434.0,Kajiado,,,2025-07-09T16:24:53,2025.0,7.0,9.0,HUMAN_OBSERVATION,iNaturalist,iNaturalist research-grade observations
5231082051,"Loxodonta africana (Blumenbach, 1797)",Loxodonta africana,Loxodonta,Elephantidae,-2.795055,37.316415,31434.0,Kajiado,,,2025-07-11T03:53,2025.0,7.0,11.0,HUMAN_OBSERVATION,iNaturalist,iNaturalist research-grade observations
5231102071,"Loxodonta africana (Blumenbach, 1797)",Loxodonta africana,Loxodonta,Elephantidae,-2.647495,37.38307,31434.0,Kajiado,,,2025-07-11T00:54,2025.0,7.0,11.0,HUMAN_OBSERVATION,iNaturalist,iNaturalist research-grade observations
5231119314,"Loxodonta africana (Blumenbach, 1797)",Loxodonta africana,Loxodonta,Elephantidae,-2.677134,37.273453,31434.0,Kajiado,,,2025-07-10T11:30:39,2025.0,7.0,10.0,HUMAN_OBSERVATION,iNaturalist,iNaturalist research-grade observations
5231136799,"Loxodonta africana (Blumenbach, 1797)",Loxodonta africana,Loxodonta,Elephantidae,0.591005,37.425388,31451.0,Isiolo,,,2025-07-15T15:28,2025.0,7.0,15.0,HUMAN_OBSERVATION,iNaturalist,iNaturalist research-grade observations
5231293003,"Loxodonta africana (Blumenbach, 1797)",Loxodonta africana,Loxodonta,Elephantidae,-2.775084,37.275054,31434.0,Kajiado,,,2025-07-11T04:13,2025.0,7.0,11.0,HUMAN_OBSERVATION,iNaturalist,iNaturalist research-grade observations
5231552059,"Loxodonta africana (Blumenbach, 1797)",Loxodonta africana,Loxodonta,Elephantidae,-2.637326,37.329496,31434.0,Kajiado,,,2025-07-11T03:51,2025.0,7.0,11.0,HUMAN_OBSERVATION,iNaturalist,iNaturalist research-grade observations
5231582948,"Loxodonta africana (Blumenbach, 1797)",Loxodonta africana,Loxodonta,Elephantidae,-1.459064,35.246859,31446.0,Narok,,,2025-07-17T08:47,2025.0,7.0,17.0,HUMAN_OBSERVATION,iNaturalist,iNaturalist research-grade observations
5231678051,"Loxodonta africana (Blumenbach, 1797)",Loxodonta africana,Loxodonta,Elephantidae,-2.578782,37.313324,31436.0,Kajiado,,,2025-07-10T23:28,2025.0,7.0,10.0,HUMAN_OBSERVATION,iNaturalist,iNaturalist research-grade observations
5231696057,"Loxodonta africana (Blumenbach, 1797)",Loxodonta africana,Loxodonta,Elephantidae,-2.724308,37.397873,31434.0,Kajiado,,,2025-07-09T08:23,2025.0,7.0,9.0,HUMAN_OBSERVATION,iNaturalist,iNaturalist research-grade observations
5231744472,"Loxodonta africana (Blumenbach, 1797)",Loxodonta africana,Loxodonta,Elephantidae,-3.437833,38.322843,31422.0,Taita Taveta,,,2025-07-11T11:30:13,2025.0,7.0,11.0,HUMAN_OBSERVATION,iNaturalist,iNaturalist research-grade observations
5231744986,"Loxodonta africana (Blumenbach, 1797)",Loxodonta africana,Loxodonta,Elephantidae,0.79175,37.604092,31450.0,Isiolo,,,2025-07-13T15:18,2025.0,7.0,13.0,HUMAN_OBSERVATION,iNaturalist,iNaturalist research-grade observations
5237463253,"Loxodonta africana (Blumenbach, 1797)",Loxodonta africana,Loxodonta,Elephantidae,-1.026767,35.167269,31448.0,Narok,,,2025-07-15T07:09,2025.0,7.0,15.0,HUMAN_OBSERVATION,iNaturalist,iNaturalist research-grade observations
5237525252,"Loxodonta africana (Blumenbach, 1797)",Loxodonta africana,Loxodonta,Elephantidae,0.792998,37.54117,31450.0,Samburu,,,2025-07-26T09:23:01,2025.0,7.0,26.0,HUMAN_OBSERVATION,iNaturalist,iNaturalist research-grade observations
5237578638,"Loxodonta africana (Blumenbach, 1797)",Loxodonta africana,Loxodonta,Elephantidae,-1.44854,35.196905,31446.0,Narok,,,2025-07-26T22:28,2025.0,7.0,26.0,HUMAN_OBSERVATION,iNaturalist,iNaturalist research-grade observations
5237607521,"Loxodonta africana (Blumenbach, 1797)",Loxodonta africana,Loxodonta,Elephantidae,-2.767028,37.223448,31434.0,Kajiado,,,2025-07-20T16:58,2025.0,7.0,20.0,HUMAN_OBSERVATION,iNaturalist,iNaturalist research-grade observations
5237679526,"Loxodonta africana (Blumenbach, 1797)",Loxodonta africana,Loxodonta,Elephantidae,-1.439377,35.107889,31446.0,Narok,,,2025-07-25T06:57,2025.0,7.0,25.0,HUMAN_OBSERVATION,iNaturalist,iNaturalist research-grade observations
5237769858,"Loxodonta africana (Blumenbach, 1797)",Loxodonta africana,Loxodonta,Elephantidae,-1.56954,35.042234,31446.0,Narok,,,2025-07-29T17:48,2025.0,7.0,29.0,HUMAN_OBSERVATION,iNaturalist,iNaturalist research-grade observations
5237872292,"Loxodonta africana (Blumenbach, 1797)",Loxodonta africana,Loxodonta,Elephantidae,0.737376,37.475636,31450.0,Samburu,,,2025-07-25T18:14:03,2025.0,7.0,25.0,HUMAN_OBSERVATION,iNaturalist,iNaturalist research-grade observations
5237874494,"Loxodonta africana (Blumenbach, 1797)",Loxodonta africana,Loxodonta,Elephantidae,-1.272557,35.118486,31447.0,Narok,,,2025-07-26T03:14,2025.0,7.0,26.0,HUMAN_OBSERVATION,iNaturalist,iNaturalist research-grade observations
5237915847,"Loxodonta africana (Blumenbach, 1797)",Loxodonta africana,Loxodonta,Elephantidae,-1.395314,35.16819,31447.0,Narok,,,2025-07-29T08:02,2025.0,7.0,29.0,HUMAN_OBSERVATION,iNaturalist,iNaturalist research-grade observations
5237937503,"Loxodonta africana (Blumenbach, 1797)",Loxodonta africana,Loxodonta,Elephantidae,-1.348199,35.018056,31447.0,Narok,,,2025-07-26T03:16,2025.0,7.0,26.0,HUMAN_OBSERVATION,iNaturalist,iNaturalist research-grade observations
5237963529,"Loxodonta africana (Blumenbach, 1797)",Loxodonta africana,Loxodonta,Elephantidae,-1.480322,35.024334,31446.0,Narok,,,2025-07-25T06:55,2025.0,7.0,25.0,HUMAN_OBSERVATION,iNaturalist,iNaturalist research-grade observations
5237981662,"Loxodonta africana (Blumenbach, 1797)",Loxodonta africana,Loxodonta,Elephantidae,2.383399,37.904385,31438.0,Marsabit,,,2025-07-21T02:32,2025.0,7.0,21.0,HUMAN_OBSERVATION,iNaturalist,iNaturalist research-grade observations
5238118512,"Loxodonta africana (Blumenbach, 1797)",Loxodonta africana,Loxodonta,Elephantidae,-1.459582,35.151773,31446.0,Narok,,,2025-07-25T06:58,2025.0,7.0,25.0,HUMAN_OBSERVATION,iNaturalist,iNaturalist research-grade observations
5238125661,"Loxodonta africana (Blumenbach, 1797)",Loxodonta africana,Loxodonta,Elephantidae,-1.208359,35.063424,31447.0,Narok,,,2025-07-27T17:51,2025.0,7.0,27.0,HUMAN_OBSERVATION,iNaturalist,iNaturalist research-grade observations
5238135556,"Loxodonta africana (Blumenbach, 1797)",Loxodonta africana,Loxodonta,Elephantidae,-1.326302,35.177837,31447.0,Narok,,,2025-07-26T03:15,2025.0,7.0,26.0,HUMAN_OBSERVATION,iNaturalist,iNaturalist research-grade observations
5238166537,"Loxodonta africana (Blumenbach, 1797)",Loxodonta africana,Loxodonta,Elephantidae,-1.342668,35.128429,31447.0,Narok,,,2025-07-25T00:21,2025.0,7.0,25.0,HUMAN_OBSERVATION,iNaturalist,iNaturalist research-grade observations
5238194562,"Loxodonta africana (Blumenbach, 1797)",Loxodonta africana,Loxodonta,Elephantidae,-1.53445,35.162276,31446.0,Narok,,,2025-07-25T07:34,2025.0,7.0,25.0,HUMAN_OBSERVATION,iNaturalist,iNaturalist research-grade observations
5238204538,"Loxodonta africana (Blumenbach, 1797)",Loxodonta africana,Loxodonta,Elephantidae,-1.451099,35.124983,31446.0,Narok,,,2025-07-25T07:00,2025.0,7.0,25.0,HUMAN_OBSERVATION,iNaturalist,iNaturalist research-grade observations
5238220580,"Loxodonta africana (Blumenbach, 1797)",Loxodonta africana,Loxodonta,Elephantidae,-1.527849,35.006372,31446.0,Narok,,,2025-07-25T05:45,2025.0,7.0,25.0,HUMAN_OBSERVATION,iNaturalist,iNaturalist research-grade observations
5238249477,"Loxodonta africana (Blumenbach, 1797)",Loxodonta africana,Loxodonta,Elephantidae,-1.48818,35.16997,31446.0,Narok,,,2025-07-25T07:03,2025.0,7.0,25.0,HUMAN_OBSERVATION,iNaturalist,iNaturalist research-grade observations
5238275563,"Loxodonta africana (Blumenbach, 1797)",Loxodonta africana,Loxodonta,Elephantidae,0.291172,36.946729,31451.0,Laikipia,,,2025-07-06T09:23:42,2025.0,7.0,6.0,HUMAN_OBSERVATION,iNaturalist,iNaturalist research-grade observations
5238299839,"Loxodonta africana (Blumenbach, 1797)",Loxodonta africana,Loxodonta,Elephantidae,-2.600451,37.283353,31434.0,Kajiado,,,2025-07-23T18:38:18,2025.0,7.0,23.0,HUMAN_OBSERVATION,iNaturalist,iNaturalist research-grade observations
5238326219,"Loxodonta africana (Blumenbach, 1797)",Loxodonta africana,Loxodonta,Elephantidae,-1.505421,35.306152,31446.0,Narok,,,2025-07-14T10:35,2025.0,7.0,14.0,HUMAN_OBSERVATION,iNaturalist,iNaturalist research-grade observations
5238330509,"Loxodonta africana (Blumenbach, 1797)",Loxodonta africana,Loxodonta,Elephantidae,-1.39763,35.183249,31447.0,Narok,,,2025-07-24T23:23,2025.0,7.0,24.0,HUMAN_OBSERVATION,iNaturalist,iNaturalist research-grade observations
5238372536,"Loxodonta africana (Blumenbach, 1797)",Loxodonta africana,Loxodonta,Elephantidae,-1.209603,35.100992,31447.0,Narok,,,2025-07-26T03:14,2025.0,7.0,26.0,HUMAN_OBSERVATION,iNaturalist,iNaturalist research-grade observations
5238381502,"Loxodonta africana (Blumenbach, 1797)",Loxodonta africana,Loxodonta,Elephantidae,-2.61375,37.32661,31434.0,Kajiado,,,2025-07-20T17:21,2025.0,7.0,20.0,HUMAN_OBSERVATION,iNaturalist,iNaturalist research-grade observations
5238384389,"Loxodonta africana (Blumenbach, 1797)",Loxodonta africana,Loxodonta,Elephantidae,-3.30065,39.867361,31425.0,Kilifi,,,2025-07-25T17:32:34,2025.0,7.0,25.0,HUMAN_OBSERVATION,iNaturalist,iNaturalist research-grade observations
5238393846,"Loxodonta africana (Blumenbach, 1797)",Loxodonta africana,Loxodonta,Elephantidae,-2.002153,36.896125,31441.0,Kajiado,,,2025-07-14T12:29,2025.0,7.0,14.0,HUMAN_OBSERVATION,iNaturalist,iNaturalist research-grade observations
5238411535,"Loxodonta africana (Blumenbach, 1797)",Loxodonta africana,Loxodonta,Elephantidae,-1.253372,35.170295,31447.0,Narok,,,2025-07-26T03:16,2025.0,7.0,26.0,HUMAN_OBSERVATION,iNaturalist,iNaturalist research-grade observations
5238429950,"Loxodonta africana (Blumenbach, 1797)",Loxodonta africana,Loxodonta,Elephantidae,-1.565575,35.191285,31446.0,Narok,,,2025-07-29T17:56,2025.0,7.0,29.0,HUMAN_OBSERVATION,iNaturalist,iNaturalist research-grade observations
5238444679,"Loxodonta africana (Blumenbach, 1797)",Loxodonta africana,Loxodonta,Elephantidae,0.605908,36.655748,31450.0,Laikipia,,,2025-07-23T02:40,2025.0,7.0,23.0,HUMAN_OBSERVATION,iNaturalist,iNaturalist research-grade observations
5281672762,"Loxodonta africana (Blumenbach, 1797)",Loxodonta africana,Loxodonta,Elephantidae,0.057728,36.918823,25.0,,,UTM50_37N_0250_0000,2025-07-30T00:00,2025.0,7.0,30.0,HUMAN_OBSERVATION,NABU|naturgucker,
5281873989,"Loxodonta africana (Blumenbach, 1797)",Loxodonta africana,Loxodonta,Elephantidae,-2.639195,37.367061,31434.0,Kajiado,,,2025-07-20T18:21,2025.0,7.0,20.0,HUMAN_OBSERVATION,iNaturalist,iNaturalist research-grade observations
5282010148,"Loxodonta africana (Blumenbach, 1797)",Loxodonta africana,Loxodonta,Elephantidae,-2.75044,38.891389,44455.0,Kitui,,,2025-07-29T09:43,2025.0,7.0,29.0,HUMAN_OBSERVATION,iNaturalist,iNaturalist research-grade observations
5282133704,"Loxodonta africana (Blumenbach, 1797)",Loxodonta africana,Loxodonta,Elephantidae,0.284865,36.859327,31451.0,Laikipia,,,2025-07-31T10:32:35,2025.0,7.0,31.0,HUMAN_OBSERVATION,iNaturalist,iNaturalist research-grade observations
5282161724,"Loxodonta africana (Blumenbach, 1797)",Loxodonta africana,Loxodonta,Elephantidae,-2.626678,37.234954,31434.0,Kajiado,,,2025-07-20T18:16,2025.0,7.0,20.0,HUMAN_OBSERVATION,iNaturalist,iNaturalist research-grade observations
5282260710,"Loxodonta africana (Blumenbach, 1797)",Loxodonta africana,Loxodonta,Elephantidae,-2.738308,37.376084,31434.0,Kajiado,,,2025-07-21T09:16,2025.0,7.0,21.0,HUMAN_OBSERVATION,iNaturalist,iNaturalist research-grade observations
5282302019,"Loxodonta africana (Blumenbach, 1797)",Loxodonta africana,Loxodonta,Elephantidae,-2.608032,37.351286,31434.0,Kajiado,,,2025-07-30T10:13:21,2025.0,7.0,30.0,HUMAN_OBSERVATION,iNaturalist,iNaturalist research-grade observations
5282331363,"Loxodonta africana (Blumenbach, 1797)",Loxodonta africana,Loxodonta,Elephantidae,-1.450985,35.055008,31446.0,Narok,,,2025-07-23T10:24:25,2025.0,7.0,23.0,HUMAN_OBSERVATION,iNaturalist,iNaturalist research-grade observations
5282367605,"Loxodonta africana (Blumenbach, 1797)",Loxodonta africana,Loxodonta,Elephantidae,-3.539204,38.360478,31422.0,Taita Taveta,,,2025-07-30T10:28,2025.0,7.0,30.0,HUMAN_OBSERVATION,iNaturalist,iNaturalist research-grade observations
5282491144,"Loxodonta africana (Blumenbach, 1797)",Loxodonta africana,Loxodonta,Elephantidae,-2.600893,37.244336,31434.0,Kajiado,,,2025-07-20T17:30,2025.0,7.0,20.0,HUMAN_OBSERVATION,iNaturalist,iNaturalist research-grade observations
5291808049,"Loxodonta africana (Blumenbach, 1797)",Loxodonta africana,Loxodonta,Elephantidae,-3.350037,38.839992,31425.0,Taita Taveta,,,2025-07-22T13:28:09,2025.0,7.0,22.0,HUMAN_OBSERVATION,iNaturalist,iNaturalist research-grade observations
5292458733,"Loxodonta africana (Blumenbach, 1797)",Loxodonta africana,Loxodonta,Elephantidae,0.447164,37.442229,31451.0,Isiolo,,,2025-07-31T18:33,2025.0,7.0,31.0,HUMAN_OBSERVATION,iNaturalist,iNaturalist research-grade observations
5292557305,"Loxodonta africana (Blumenbach, 1797)",Loxodonta africana,Loxodonta,Elephantidae,-1.497699,35.292909,46739.0,Narok,,,2025-07-12T09:58:54,2025.0,7.0,12.0,HUMAN_OBSERVATION,iNaturalist,iNaturalist research-grade observations
5293092258,"Loxodonta africana (Blumenbach, 1797)",Loxodonta africana,Loxodonta,Elephantidae,-1.49579,35.368626,31446.0,Narok,,,2025-07-12T10:13:12,2025.0,7.0,12.0,HUMAN_OBSERVATION,iNaturalist,iNaturalist research-grade observations
5759522235,"Loxodonta africana (Blumenbach, 1797)",Loxodonta africana,Loxodonta,Elephantidae,-1.46738,35.198201,31446.0,Narok,,,2025-07-25T02:53,2025.0,7.0,25.0,HUMAN_OBSERVATION,iNaturalist,iNaturalist research-grade observations
5759564798,"Loxodonta africana (Blumenbach, 1797)",Loxodonta africana,Loxodonta,Elephantidae,-1.562255,35.105718,31446.0,Narok,,,2025-07-25T02:54,2025.0,7.0,25.0,HUMAN_OBSERVATION,iNaturalist,iNaturalist research-grade observations
5759608713,"Loxodonta africana (Blumenbach, 1797)",Loxodonta africana,Loxodonta,Elephantidae,-0.064345,37.936006,716645.0,Meru,,,2025-07-21T15:28,2025.0,7.0,21.0,HUMAN_OBSERVATION,iNaturalist,iNaturalist research-grade observations
5760628496,"Loxodonta africana (Blumenbach, 1797)",Loxodonta africana,Loxodonta,Elephantidae,-1.441862,35.116649,31446.0,Narok,,,2025-07-22T08:52:04,2025.0,7.0,22.0,HUMAN_OBSERVATION,iNaturalist,iNaturalist research-grade observations
5760628848,"Loxodonta africana (Blumenbach, 1797)",Loxodonta africana,Loxodonta,Elephantidae,-1.525544,35.033502,31446.0,Narok,,,2025-07-25T08:51,2025.0,7.0,25.0,HUMAN_OBSERVATION,iNaturalist,iNaturalist research-grade observations
5760751163,"Loxodonta africana (Blumenbach, 1797)",Loxodonta africana,Loxodonta,Elephantidae,-2.685236,37.337192,31434.0,Kajiado,,,2025-07-21T09:49,2025.0,7.0,21.0,HUMAN_OBSERVATION,iNaturalist,iNaturalist research-grade observations
5827448813,"Loxodonta africana (Blumenbach, 1797)",Loxodonta africana,Loxodonta,Elephantidae,0.629565,37.547846,31450.0,Samburu,,,2025-07-19T11:06,2025.0,7.0,19.0,HUMAN_OBSERVATION,iNaturalist,iNaturalist research-grade observations
5827524399,"Loxodonta africana (Blumenbach, 1797)",Loxodonta africana,Loxodonta,Elephantidae,0.713147,37.455799,31450.0,Samburu,,,2025-07-20T12:08,2025.0,7.0,20.0,HUMAN_OBSERVATION,iNaturalist,iNaturalist research-grade observations
5827598405,"Loxodonta africana (Blumenbach, 1797)",Loxodonta africana,Loxodonta,Elephantidae,0.612498,37.512209,31450.0,Samburu,,,2025-07-20T12:08,2025.0,7.0,20.0,HUMAN_OBSERVATION,iNaturalist,iNaturalist research-grade observations
5827950541,"Loxodonta africana (Blumenbach, 1797)",Loxodonta africana,Loxodonta,Elephantidae,0.609886,37.545962,31450.0,Samburu,,,2025-07-19T11:06,2025.0,7.0,19.0,HUMAN_OBSERVATION,iNaturalist,iNaturalist research-grade observations
5828054337,"Loxodonta africana (Blumenbach, 1797)",Loxodonta africana,Loxodonta,Elephantidae,0.732958,37.51945,31450.0,Samburu,,,2025-07-20T13:00,2025.0,7.0,20.0,HUMAN_OBSERVATION,iNaturalist,iNaturalist research-grade observations
5828068635,"Loxodonta africana (Blumenbach, 1797)",Loxodonta africana,Loxodonta,Elephantidae,0.608719,37.506149,31450.0,Samburu,,,2025-07-20T12:08,2025.0,7.0,20.0,HUMAN_OBSERVATION,iNaturalist,iNaturalist research-grade observations
5828085833,"Loxodonta africana (Blumenbach, 1797)",Loxodonta africana,Loxodonta,Elephantidae,0.168745,36.911507,31451.0,Laikipia,,,2025-07-22T10:14,2025.0,7.0,22.0,HUMAN_OBSERVATION,iNaturalist,iNaturalist research-grade observations
5828701931,"Loxodonta africana (Blumenbach, 1797)",Loxodonta africana,Loxodonta,Elephantidae,-0.054947,37.949159,716615.0,Meru,,,2025-07-13T17:11:01,2025.0,7.0,13.0,HUMAN_OBSERVATION,iNaturalist,iNaturalist research-grade observations
5828764814,"Loxodonta africana (Blumenbach, 1797)",Loxodonta africana,Loxodonta,Elephantidae,0.472902,37.425344,31451.0,Samburu,,,2025-07-19T13:28,2025.0,7.0,19.0,HUMAN_OBSERVATION,iNaturalist,iNaturalist research-grade observations
5828894244,"Loxodonta africana (Blumenbach, 1797)",Loxodonta africana,Loxodonta,Elephantidae,0.478011,37.440639,31451.0,Samburu,,,2025-07-19T13:28,2025.0,7.0,19.0,HUMAN_OBSERVATION,iNaturalist,iNaturalist research-grade observations
5830353394,"Loxodonta africana (Blumenbach, 1797)",Loxodonta africana,Loxodonta,Elephantidae,-2.722904,37.206678,31434.0,Kajiado,,,2025-07-09T13:37,2025.0,7.0,9.0,HUMAN_OBSERVATION,iNaturalist,iNaturalist research-grade observations
5830570170,"Loxodonta africana (Blumenbach, 1797)",Loxodonta africana,Loxodonta,Elephantidae,-2.734431,37.351859,31434.0,Kajiado,,,2025-07-09T10:21,2025.0,7.0,9.0,HUMAN_OBSERVATION,iNaturalist,iNaturalist research-grade observations
5908739944,"Loxodonta africana (Blumenbach, 1797)",Loxodonta africana,Loxodonta,Elephantidae,-1.240346,35.114899,31447.0,Narok,,,2025-07-25T16:17:34,2025.0,7.0,25.0,HUMAN_OBSERVATION,iNaturalist,iNaturalist research-grade observations
6147192346,"Loxodonta africana (Blumenbach, 1797)",Loxodonta africana,Loxodonta,Elephantidae,-3.494488,38.656046,31422.0,Taita Taveta,,,2025-07-20T09:23:23,2025.0,7.0,20.0,HUMAN_OBSERVATION,iNaturalist,iNaturalist research-grade observations
6170922599,"Loxodonta africana (Blumenbach, 1797)",Loxodonta africana,Loxodonta,Elephantidae,-0.402238,36.081744,31451.0,Nakuru,,,2025-07-16T15:32:48,2025.0,7.0,16.0,HUMAN_OBSERVATION,iNaturalist,iNaturalist research-grade observations
6178333112,"Loxodonta africana (Blumenbach, 1797)",Loxodonta africana,Loxodonta,Elephantidae,-2.664443,37.32495,31434.0,Kajiado,,,2025-07-08T16:41,2025.0,7.0,8.0,HUMAN_OBSERVATION,iNaturalist,iNaturalist research-grade observations
6179454096,"Loxodonta africana (Blumenbach, 1797)",Loxodonta africana,Loxodonta,Elephantidae,-2.620097,37.225428,31434.0,Kajiado,,,2025-07-09T14:22,2025.0,7.0,9.0,HUMAN_OBSERVATION,iNaturalist,iNaturalist research-grade observations
6251682314,"Loxodonta africana (Blumenbach, 1797)",Loxodonta africana,Loxodonta,Elephantidae,-1.417193,35.510614,314358.0,Narok,,,2025-07-25T11:24,2025.0,7.0,25.0,HUMAN_OBSERVATION,iNaturalist,iNaturalist research-grade observations
6253335930,"Loxodonta africana (Blumenbach, 1797)",Loxodonta africana,Loxodonta,Elephantidae,0.663553,37.49892,31450.0,Samburu,,,2025-07-20T17:05,2025.0,7.0,20.0,HUMAN_OBSERVATION,iNaturalist,iNaturalist research-grade observations
6320361376,"Loxodonta africana (Blumenbach, 1797)",Loxodonta africana,Loxodonta,Elephantidae,-1.4545,35.086859,31446.0,Narok,,,2025-07-30T10:49,2025.0,7.0,30.0,HUMAN_OBSERVATION,iNaturalist,iNaturalist research-grade observations
6320443112,"Loxodonta africana (Blumenbach, 1797)",Loxodonta africana,Loxodonta,Elephantidae,-1.487084,35.121584,31446.0,Narok,,,2025-07-30T15:34,2025.0,7.0,30.0,HUMAN_OBSERVATION,iNaturalist,iNaturalist research-grade observations
6320522364,"Loxodonta africana (Blumenbach, 1797)",Loxodonta africana,Loxodonta,Elephantidae,-1.484984,35.179178,31446.0,Narok,,,2025-07-30T15:35,2025.0,7.0,30.0,HUMAN_OBSERVATION,iNaturalist,iNaturalist research-grade observations
6320606492,"Loxodonta africana (Blumenbach, 1797)",Loxodonta africana,Loxodonta,Elephantidae,-1.476095,35.008232,31446.0,Narok,,,2025-07-30T15:34,2025.0,7.0,30.0,HUMAN_OBSERVATION,iNaturalist,iNaturalist research-grade observations
6320687650,"Loxodonta africana (Blumenbach, 1797)",Loxodonta africana,Loxodonta,Elephantidae,-1.252655,35.038319,31447.0,Narok,,,2025-07-29T10:00,2025.0,7.0,29.0,HUMAN_OBSERVATION,iNaturalist,iNaturalist research-grade observations
6321106407,"Loxodonta africana (Blumenbach, 1797)",Loxodonta africana,Loxodonta,Elephantidae,-1.248778,35.125015,31447.0,Narok,,,2025-07-29T09:35,2025.0,7.0,29.0,HUMAN_OBSERVATION,iNaturalist,iNaturalist research-grade observations
6498534322,"Loxodonta africana (Blumenbach, 1797)",Loxodonta africana,Loxodonta,Elephantidae,-1.385584,35.345052,35307.0,Narok,,,2025-07-27T07:21:23,2025.0,7.0,27.0,HUMAN_OBSERVATION,iNaturalist,iNaturalist research-grade observations
6498686766,"Loxodonta africana (Blumenbach, 1797)",Loxodonta africana,Loxodonta,Elephantidae,-1.334364,35.371644,38739.0,Narok,,,2025-07-27T08:18:15,2025.0,7.0,27.0,HUMAN_OBSERVATION,iNaturalist,iNaturalist research-grade observations
6499124051,"Loxodonta africana (Blumenbach, 1797)",Loxodonta africana,Loxodonta,Elephantidae,-1.214408,35.075342,31447.0,Narok,,,2025-07-27T07:20:06,2025.0,7.0,27.0,HUMAN_OBSERVATION,iNaturalist,iNaturalist research-grade observations
6499261177,"Loxodonta africana (Blumenbach, 1797)",Loxodonta africana,Loxodonta,Elephantidae,-1.542906,35.125046,31446.0,Narok,,,2025-07-28T14:32:07,2025.0,7.0,28.0,HUMAN_OBSERVATION,iNaturalist,iNaturalist research-grade observations
6499381360,"Loxodonta africana (Blumenbach, 1797)",Loxodonta africana,Loxodonta,Elephantidae,-1.357524,35.104219,31447.0,Narok,,,2025-07-27T07:27:45,2025.0,7.0,27.0,HUMAN_OBSERVATION,iNaturalist,iNaturalist research-grade observations
6499805717,"Loxodonta africana (Blumenbach, 1797)",Loxodonta africana,Loxodonta,Elephantidae,-1.421012,35.282074,42035.0,Narok,,,2025-07-27T08:07:05,2025.0,7.0,27.0,HUMAN_OBSERVATION,iNaturalist,iNaturalist research-grade observations
6500006949,"Loxodonta africana (Blumenbach, 1797)",Loxodonta africana,Loxodonta,Elephantidae,-1.388847,35.31264,40199.0,Narok,,,2025-07-27T08:21:05,2025.0,7.0,27.0,HUMAN_OBSERVATION,iNaturalist,iNaturalist research-grade observations
6500009344,"Loxodonta africana (Blumenbach, 1797)",Loxodonta africana,Loxodonta,Elephantidae,-1.378042,35.17907,31447.0,Narok,,,2025-07-27T07:04:39,2025.0,7.0,27.0,HUMAN_OBSERVATION,iNaturalist,iNaturalist research-grade observations
6520233266,"Loxodonta africana (Blumenbach, 1797)",Loxodonta africana,Loxodonta,Elephantidae,-1.542468,35.05398,31446.0,Narok,,,2025-07-06T12:38:58,2025.0,7.0,6.0,HUMAN_OBSERVATION,iNaturalist,iNaturalist research-grade observations
6520239385,"Loxodonta africana (Blumenbach, 1797)",Loxodonta africana,Loxodonta,Elephantidae,0.024554,36.863322,31451.0,Laikipia,,,2025-07-22T14:08,2025.0,7.0,22.0,HUMAN_OBSERVATION,iNaturalist,iNaturalist research-grade observations
6520597348,"Loxodonta africana (Blumenbach, 1797)",Loxodonta africana,Loxodonta,Elephantidae,0.093232,36.919109,31451.0,Laikipia,,,2025-07-22T12:58,2025.0,7.0,22.0,HUMAN_OBSERVATION,iNaturalist,iNaturalist research-grade observations
5282415983,"Loxodonta africana (Blumenbach, 1797)",Loxodonta africana,Loxodonta,Elephantidae,-1.503159,35.245977,31446.0,Narok,,,2025-08-04T10:38:31,2025.0,8.0,4.0,HUMAN_OBSERVATION,iNaturalist,iNaturalist research-grade observations
5282451987,"Loxodonta africana (Blumenbach, 1797)",Loxodonta africana,Loxodonta,Elephantidae,-2.935383,37.918459,31431.0,Taita Taveta,,,2025-08-04T16:51:52,2025.0,8.0,4.0,HUMAN_OBSERVATION,iNaturalist,iNaturalist research-grade observations
5292195023,"Loxodonta africana (Blumenbach, 1797)",Loxodonta africana,Loxodonta,Elephantidae,0.277631,36.925788,31451.0,Laikipia,,,2025-08-12T11:09:45,2025.0,8.0,12.0,HUMAN_OBSERVATION,iNaturalist,iNaturalist research-grade observations
5292373820,"Loxodonta africana (Blumenbach, 1797)",Loxodonta africana,Loxodonta,Elephantidae,-1.435019,35.125415,31446.0,Narok,,,2025-08-05T16:32,2025.0,8.0,5.0,HUMAN_OBSERVATION,iNaturalist,iNaturalist research-grade observations
5292464134,"Loxodonta africana (Blumenbach, 1797)",Loxodonta africana,Loxodonta,Elephantidae,-1.452073,35.017144,31446.0,Narok,,,2025-08-15T16:32:42,2025.0,8.0,15.0,HUMAN_OBSERVATION,iNaturalist,iNaturalist research-grade observations
5292603648,"Loxodonta africana (Blumenbach, 1797)",Loxodonta africana,Loxodonta,Elephantidae,-1.521736,35.139929,31446.0,Narok,,,2025-08-12T15:05,2025.0,8.0,12.0,HUMAN_OBSERVATION,iNaturalist,iNaturalist research-grade observations
5292731299,"Loxodonta africana (Blumenbach, 1797)",Loxodonta africana,Loxodonta,Elephantidae,0.563956,37.528086,31451.0,Samburu,,,2025-08-17T09:04:42,2025.0,8.0,17.0,HUMAN_OBSERVATION,iNaturalist,iNaturalist research-grade observations
5292823639,"Loxodonta africana (Blumenbach, 1797)",Loxodonta africana,Loxodonta,Elephantidae,0.426737,37.617623,31451.0,Isiolo,,,2025-08-08T16:38:54,2025.0,8.0,8.0,HUMAN_OBSERVATION,iNaturalist,iNaturalist research-grade observations
5292852490,"Loxodonta africana (Blumenbach, 1797)",Loxodonta africana,Loxodonta,Elephantidae,-1.535813,35.019141,31446.0,Narok,,,2025-08-09T07:52:27,2025.0,8.0,9.0,HUMAN_OBSERVATION,iNaturalist,iNaturalist research-grade observations
5292913686,"Loxodonta africana (Blumenbach, 1797)",Loxodonta africana,Loxodonta,Elephantidae,-2.91526,37.913515,31431.0,Taita Taveta,,,2025-08-04T17:02:24,2025.0,8.0,4.0,HUMAN_OBSERVATION,iNaturalist,iNaturalist research-grade observations
5293015209,"Loxodonta africana (Blumenbach, 1797)",Loxodonta africana,Loxodonta,Elephantidae,-2.713982,38.976234,90752.0,Kitui,,,2025-08-18T18:45:42,2025.0,8.0,18.0,HUMAN_OBSERVATION,iNaturalist,iNaturalist research-grade observations
5293145534,"Loxodonta africana (Blumenbach, 1797)",Loxodonta africana,Loxodonta,Elephantidae,-1.449264,35.208158,31446.0,Narok,,,2025-08-07T13:46:30,2025.0,8.0,7.0,HUMAN_OBSERVATION,iNaturalist,iNaturalist research-grade observations
5293155520,"Loxodonta africana (Blumenbach, 1797)",Loxodonta africana,Loxodonta,Elephantidae,-1.599592,35.083807,31446.0,Narok,,,2025-08-05T16:34,2025.0,8.0,5.0,HUMAN_OBSERVATION,iNaturalist,iNaturalist research-grade observations
5293174274,"Loxodonta africana (Blumenbach, 1797)",Loxodonta africana,Loxodonta,Elephantidae,0.380829,36.755328,31451.0,Laikipia,,,2025-08-09T11:19:01,2025.0,8.0,9.0,HUMAN_OBSERVATION,iNaturalist,iNaturalist research-grade observations
5293208563,"Loxodonta africana (Blumenbach, 1797)",Loxodonta africana,Loxodonta,Elephantidae,-2.76129,37.200937,31434.0,Kajiado,,,2025-08-05T16:50:54,2025.0,8.0,5.0,HUMAN_OBSERVATION,iNaturalist,iNaturalist research-grade observations
5293221444,"Loxodonta africana (Blumenbach, 1797)",Loxodonta africana,Loxodonta,Elephantidae,-1.392782,35.281449,31447.0,Narok,,,2025-08-08T16:22:35,2025.0,8.0,8.0,HUMAN_OBSERVATION,iNaturalist,iNaturalist research-grade observations
5293315638,"Loxodonta africana (Blumenbach, 1797)",Loxodonta africana,Loxodonta,Elephantidae,-1.593435,35.086539,31446.0,Narok,,,2025-08-01T09:31:41,2025.0,8.0,1.0,HUMAN_OBSERVATION,iNaturalist,iNaturalist research-grade observations
5293319021,"Loxodonta africana (Blumenbach, 1797)",Loxodonta africana,Loxodonta,Elephantidae,-1.51327,35.104199,31446.0,Narok,,,2025-08-08T09:20:29,2025.0,8.0,8.0,HUMAN_OBSERVATION,iNaturalist,iNaturalist research-grade observations
5759502475,"Loxodonta africana (Blumenbach, 1797)",Loxodonta africana,Loxodonta,Elephantidae,-2.6124,37.395136,31434.0,Kajiado,,,2025-08-06T12:49,2025.0,8.0,6.0,HUMAN_OBSERVATION,iNaturalist,iNaturalist research-grade observations
5759532948,"Loxodonta africana (Blumenbach, 1797)",Loxodonta africana,Loxodonta,Elephantidae,-2.797009,37.38018,31434.0,Kajiado,,,2025-08-06T12:05,2025.0,8.0,6.0,HUMAN_OBSERVATION,iNaturalist,iNaturalist research-grade observations
5759761847,"Loxodonta africana (Blumenbach, 1797)",Loxodonta africana,Loxodonta,Elephantidae,-2.830036,37.879031,31431.0,Taita Taveta,,,2025-08-03T05:38,2025.0,8.0,3.0,HUMAN_OBSERVATION,iNaturalist,iNaturalist research-grade observations
5759790629,"Loxodonta africana (Blumenbach, 1797)",Loxodonta africana,Loxodonta,Elephantidae,-2.794267,37.251578,31434.0,Kajiado,,,2025-08-06T14:13,2025.0,8.0,6.0,HUMAN_OBSERVATION,iNaturalist,iNaturalist research-grade observations
5759862593,"Loxodonta africana (Blumenbach, 1797)",Loxodonta africana,Loxodonta,Elephantidae,0.398312,36.70587,31451.0,Laikipia,,,2025-08-10T01:46:26,2025.0,8.0,10.0,HUMAN_OBSERVATION,iNaturalist,iNaturalist research-grade observations
5759915737,"Loxodonta africana (Blumenbach, 1797)",Loxodonta africana,Loxodonta,Elephantidae,-2.763594,37.020172,31434.0,Kajiado,,,2025-08-06T10:41,2025.0,8.0,6.0,HUMAN_OBSERVATION,iNaturalist,iNaturalist research-grade observations
5760023575,"Loxodonta africana (Blumenbach, 1797)",Loxodonta africana,Loxodonta,Elephantidae,0.588288,37.546631,31451.0,Isiolo,,,2025-08-30T11:51:15,2025.0,8.0,30.0,HUMAN_OBSERVATION,iNaturalist,iNaturalist research-grade observations
5760180897,"Loxodonta africana (Blumenbach, 1797)",Loxodonta africana,Loxodonta,Elephantidae,-2.613811,37.214253,31434.0,Kajiado,,,2025-08-06T09:21,2025.0,8.0,6.0,HUMAN_OBSERVATION,iNaturalist,iNaturalist research-grade observations
5760355791,"Loxodonta africana (Blumenbach, 1797)",Loxodonta africana,Loxodonta,Elephantidae,-1.260449,34.869651,31447.0,Narok,,,2025-08-15T10:07:56,2025.0,8.0,15.0,HUMAN_OBSERVATION,iNaturalist,iNaturalist research-grade observations
5760548753,"Loxodonta africana (Blumenbach, 1797)",Loxodonta africana,Loxodonta,Elephantidae,-2.771439,37.253243,31434.0,Kajiado,,,2025-08-05T16:14,2025.0,8.0,5.0,HUMAN_OBSERVATION,iNaturalist,iNaturalist research-grade observations
5760590045,"Loxodonta africana (Blumenbach, 1797)",Loxodonta africana,Loxodonta,Elephantidae,-2.618522,37.336285,31434.0,Kajiado,,,2025-08-21T08:10:58,2025.0,8.0,21.0,HUMAN_OBSERVATION,iNaturalist,iNaturalist research-grade observations
5760606004,"Loxodonta africana (Blumenbach, 1797)",Loxodonta africana,Loxodonta,Elephantidae,-2.770782,37.353484,31434.0,Kajiado,,,2025-08-05T14:58,2025.0,8.0,5.0,HUMAN_OBSERVATION,iNaturalist,iNaturalist research-grade observations
5761116949,"Loxodonta africana (Blumenbach, 1797)",Loxodonta africana,Loxodonta,Elephantidae,-2.723745,37.533233,31434.0,Kajiado,,,2025-08-06T07:43,2025.0,8.0,6.0,HUMAN_OBSERVATION,iNaturalist,iNaturalist research-grade observations
5827414240,"Loxodonta africana (Blumenbach, 1797)",Loxodonta africana,Loxodonta,Elephantidae,-1.498456,35.334474,31446.0,Narok,,,2025-08-14T17:24:38,2025.0,8.0,14.0,HUMAN_OBSERVATION,iNaturalist,iNaturalist research-grade observations
5827561696,"Loxodonta africana (Blumenbach, 1797)",Loxodonta africana,Loxodonta,Elephantidae,-1.597618,35.362402,31446.0,Narok,,,2025-08-14T17:27:33,2025.0,8.0,14.0,HUMAN_OBSERVATION,iNaturalist,iNaturalist research-grade observations
5827610575,"Loxodonta africana (Blumenbach, 1797)",Loxodonta africana,Loxodonta,Elephantidae,-1.450905,35.217094,31446.0,Narok,,,2025-08-14T17:26:33,2025.0,8.0,14.0,HUMAN_OBSERVATION,iNaturalist,iNaturalist research-grade observations
5827841661,"Loxodonta africana (Blumenbach, 1797)",Loxodonta africana,Loxodonta,Elephantidae,-1.406408,35.378132,31446.0,Narok,,,2025-08-14T17:33:16,2025.0,8.0,14.0,HUMAN_OBSERVATION,iNaturalist,iNaturalist research-grade observations
5827928916,"Loxodonta africana (Blumenbach, 1797)",Loxodonta africana,Loxodonta,Elephantidae,-1.469912,35.296928,31446.0,Narok,,,2025-08-14T17:27:56,2025.0,8.0,14.0,HUMAN_OBSERVATION,iNaturalist,iNaturalist research-grade observations
5828204248,"Loxodonta africana (Blumenbach, 1797)",Loxodonta africana,Loxodonta,Elephantidae,-1.447661,35.260589,31446.0,Narok,,,2025-08-15T17:11:24,2025.0,8.0,15.0,HUMAN_OBSERVATION,iNaturalist,iNaturalist research-grade observations
5828204250,"Loxodonta africana (Blumenbach, 1797)",Loxodonta africana,Loxodonta,Elephantidae,-1.469518,35.124024,31446.0,Narok,,,2025-08-15T16:32:12,2025.0,8.0,15.0,HUMAN_OBSERVATION,iNaturalist,iNaturalist research-grade observations
5828376403,"Loxodonta africana (Blumenbach, 1797)",Loxodonta africana,Loxodonta,Elephantidae,-1.521253,35.230112,31446.0,Narok,,,2025-08-14T17:22:23,2025.0,8.0,14.0,HUMAN_OBSERVATION,iNaturalist,iNaturalist research-grade observations
5828553703,"Loxodonta africana (Blumenbach, 1797)",Loxodonta africana,Loxodonta,Elephantidae,-1.546416,35.22849,31446.0,Narok,,,2025-08-14T17:32:47,2025.0,8.0,14.0,HUMAN_OBSERVATION,iNaturalist,iNaturalist research-grade observations
5828797817,"Loxodonta africana (Blumenbach, 1797)",Loxodonta africana,Loxodonta,Elephantidae,-1.525369,35.127702,31446.0,Narok,,,2025-08-15T16:36:05,2025.0,8.0,15.0,HUMAN_OBSERVATION,iNaturalist,iNaturalist research-grade observations
5828801312,"Loxodonta africana (Blumenbach, 1797)",Loxodonta africana,Loxodonta,Elephantidae,-1.545281,35.063164,31446.0,Narok,,,2025-08-15T16:35:50,2025.0,8.0,15.0,HUMAN_OBSERVATION,iNaturalist,iNaturalist research-grade observations
5831005826,"Loxodonta africana (Blumenbach, 1797)",Loxodonta africana,Loxodonta,Elephantidae,-1.42184,35.262135,31446.0,Narok,,,2025-08-15T08:48:58,2025.0,8.0,15.0,HUMAN_OBSERVATION,iNaturalist,iNaturalist research-grade observations
5867730448,"Loxodonta africana (Blumenbach, 1797)",Loxodonta africana,Loxodonta,Elephantidae,-2.77607,37.355007,31434.0,Kajiado,,,2025-08-20T23:34,2025.0,8.0,20.0,HUMAN_OBSERVATION,iNaturalist,iNaturalist research-grade observations
5867771321,"Loxodonta africana (Blumenbach, 1797)",Loxodonta africana,Loxodonta,Elephantidae,-1.421821,35.066015,31446.0,Narok,,,2025-08-16T23:33,2025.0,8.0,16.0,HUMAN_OBSERVATION,iNaturalist,iNaturalist research-grade observations
5867831670,"Loxodonta africana (Blumenbach, 1797)",Loxodonta africana,Loxodonta,Elephantidae,-2.751602,37.34382,31434.0,Kajiado,,,2025-08-21T15:47,2025.0,8.0,21.0,HUMAN_OBSERVATION,iNaturalist,iNaturalist research-grade observations
5868055074,"Loxodonta africana (Blumenbach, 1797)",Loxodonta africana,Loxodonta,Elephantidae,-2.65556,37.235847,31434.0,Kajiado,,,2025-08-12T10:53:31,2025.0,8.0,12.0,HUMAN_OBSERVATION,iNaturalist,iNaturalist research-grade observations
6352278972,"Loxodonta africana (Blumenbach, 1797)",Loxodonta africana,Loxodonta,Elephantidae,-2.675289,37.360498,31434.0,Kajiado,,,2025-08-15T12:21,2025.0,8.0,15.0,HUMAN_OBSERVATION,iNaturalist,iNaturalist research-grade observations
6352321453,"Loxodonta africana (Blumenbach, 1797)",Loxodonta africana,Loxodonta,Elephantidae,-2.761808,37.371224,31434.0,Kajiado,,,2025-08-15T16:15,2025.0,8.0,15.0,HUMAN_OBSERVATION,iNaturalist,iNaturalist research-grade observations
6352400790,"Loxodonta africana (Blumenbach, 1797)",Loxodonta africana,Loxodonta,Elephantidae,-2.602253,37.200743,31434.0,Kajiado,,,2025-08-15T08:43,2025.0,8.0,15.0,HUMAN_OBSERVATION,iNaturalist,iNaturalist research-grade observations
6352723522,"Loxodonta africana (Blumenbach, 1797)",Loxodonta africana,Loxodonta,Elephantidae,-2.651703,37.388022,31434.0,Kajiado,,,2025-08-14T19:17,2025.0,8.0,14.0,HUMAN_OBSERVATION,iNaturalist,iNaturalist research-grade observations
6352812024,"Loxodonta africana (Blumenbach, 1797)",Loxodonta africana,Loxodonta,Elephantidae,-2.716558,37.317343,31434.0,Kajiado,,,2025-08-15T12:31,2025.0,8.0,15.0,HUMAN_OBSERVATION,iNaturalist,iNaturalist research-grade observations
6352831987,"Loxodonta africana (Blumenbach, 1797)",Loxodonta africana,Loxodonta,Elephantidae,-2.737784,37.279834,31434.0,Kajiado,,,2025-08-15T09:13,2025.0,8.0,15.0,HUMAN_OBSERVATION,iNaturalist,iNaturalist research-grade observations
6352963759,"Loxodonta africana (Blumenbach, 1797)",Loxodonta africana,Loxodonta,Elephantidae,-2.744279,37.259911,31434.0,Kajiado,,,2025-08-15T11:35,2025.0,8.0,15.0,HUMAN_OBSERVATION,iNaturalist,iNaturalist research-grade observations
6353022994,"Loxodonta africana (Blumenbach, 1797)",Loxodonta africana,Loxodonta,Elephantidae,-2.738995,37.219148,31434.0,Kajiado,,,2025-08-15T16:58,2025.0,8.0,15.0,HUMAN_OBSERVATION,iNaturalist,iNaturalist research-grade observations
6353084928,"Loxodonta africana (Blumenbach, 1797)",Loxodonta africana,Loxodonta,Elephantidae,-2.789265,37.27853,31434.0,Kajiado,,,2025-08-15T12:30,2025.0,8.0,15.0,HUMAN_OBSERVATION,iNaturalist,iNaturalist research-grade observations
6353104777,"Loxodonta africana (Blumenbach, 1797)",Loxodonta africana,Loxodonta,Elephantidae,-2.619904,37.273962,31434.0,Kajiado,,,2025-08-14T19:31,2025.0,8.0,14.0,HUMAN_OBSERVATION,iNaturalist,iNaturalist research-grade observations
6353110957,"Loxodonta africana (Blumenbach, 1797)",Loxodonta africana,Loxodonta,Elephantidae,-2.67273,37.220942,31434.0,Kajiado,,,2025-08-15T12:15,2025.0,8.0,15.0,HUMAN_OBSERVATION,iNaturalist,iNaturalist research-grade observations
6353203782,"Loxodonta africana (Blumenbach, 1797)",Loxodonta africana,Loxodonta,Elephantidae,-2.732233,37.351158,31434.0,Kajiado,,,2025-08-15T12:25,2025.0,8.0,15.0,HUMAN_OBSERVATION,iNaturalist,iNaturalist research-grade observations
6353209448,"Loxodonta africana (Blumenbach, 1797)",Loxodonta africana,Loxodonta,Elephantidae,-2.790616,37.309469,31434.0,Kajiado,,,2025-08-14T19:18,2025.0,8.0,14.0,HUMAN_OBSERVATION,iNaturalist,iNaturalist research-grade observations
6353249823,"Loxodonta africana (Blumenbach, 1797)",Loxodonta africana,Loxodonta,Elephantidae,-2.682824,37.333723,31434.0,Kajiado,,,2025-08-15T11:45,2025.0,8.0,15.0,HUMAN_OBSERVATION,iNaturalist,iNaturalist research-grade observations
6469940850,"Loxodonta africana (Blumenbach, 1797)",Loxodonta africana,Loxodonta,Elephantidae,-2.771441,37.240243,31434.0,Kajiado,,,2025-08-06T08:06:36,2025.0,8.0,6.0,HUMAN_OBSERVATION,iNaturalist,iNaturalist research-grade observations
5827486370,"Loxodonta africana (Blumenbach, 1797)",Loxodonta africana,Loxodonta,Elephantidae,-1.474241,35.10348,31446.0,Narok,,,2025-09-14T16:14:23,2025.0,9.0,14.0,HUMAN_OBSERVATION,iNaturalist,iNaturalist research-grade observations
5827532985,"Loxodonta africana (Blumenbach, 1797)",Loxodonta africana,Loxodonta,Elephantidae,0.462396,37.424719,31451.0,Isiolo,,,2025-09-06T11:55:30,2025.0,9.0,6.0,HUMAN_OBSERVATION,iNaturalist,iNaturalist research-grade observations
5827735084,"Loxodonta africana (Blumenbach, 1797)",Loxodonta africana,Loxodonta,Elephantidae,-1.425973,35.154924,31446.0,Narok,,,2025-09-03T12:29:53,2025.0,9.0,3.0,HUMAN_OBSERVATION,iNaturalist,iNaturalist research-grade observations
5828118069,"Loxodonta africana (Blumenbach, 1797)",Loxodonta africana,Loxodonta,Elephantidae,-1.493967,35.226536,31446.0,Narok,,,2025-09-13T17:02:17,2025.0,9.0,13.0,HUMAN_OBSERVATION,iNaturalist,iNaturalist research-grade observations
5828159643,"Loxodonta africana (Blumenbach, 1797)",Loxodonta africana,Loxodonta,Elephantidae,-1.300116,35.315039,31447.0,Narok,,,2025-09-07T03:54:51,2025.0,9.0,7.0,HUMAN_OBSERVATION,iNaturalist,iNaturalist research-grade observations
5828173086,"Loxodonta africana (Blumenbach, 1797)",Loxodonta africana,Loxodonta,Elephantidae,-1.441164,35.265965,31446.0,Narok,,,2025-09-13T16:59:02,2025.0,9.0,13.0,HUMAN_OBSERVATION,iNaturalist,iNaturalist research-grade observations
5828201310,"Loxodonta africana (Blumenbach, 1797)",Loxodonta africana,Loxodonta,Elephantidae,-1.416884,35.216336,31446.0,Narok,,,2025-09-07T17:09:30,2025.0,9.0,7.0,HUMAN_OBSERVATION,iNaturalist,iNaturalist research-grade observations
5828261365,"Loxodonta africana (Blumenbach, 1797)",Loxodonta africana,Loxodonta,Elephantidae,-1.456253,35.281657,31446.0,Narok,,,2025-09-14T07:30:39,2025.0,9.0,14.0,HUMAN_OBSERVATION,iNaturalist,iNaturalist research-grade observations
5828424124,"Loxodonta africana (Blumenbach, 1797)",Loxodonta africana,Loxodonta,Elephantidae,-0.915402,36.319356,31449.0,Nakuru,,,2025-09-09T11:47:53,2025.0,9.0,9.0,HUMAN_OBSERVATION,iNaturalist,iNaturalist research-grade observations
5828759721,"Loxodonta africana (Blumenbach, 1797)",Loxodonta africana,Loxodonta,Elephantidae,0.593295,36.656097,31451.0,Laikipia,,,2025-09-15T15:52:57,2025.0,9.0,15.0,HUMAN_OBSERVATION,iNaturalist,iNaturalist research-grade observations
5830547813,"Loxodonta africana (Blumenbach, 1797)",Loxodonta africana,Loxodonta,Elephantidae,-2.717899,37.280483,31434.0,Kajiado,,,2025-09-06T08:02,2025.0,9.0,6.0,HUMAN_OBSERVATION,iNaturalist,iNaturalist research-grade observations
5830623377,"Loxodonta africana (Blumenbach, 1797)",Loxodonta africana,Loxodonta,Elephantidae,-2.675289,37.251549,31434.0,Kajiado,,,2025-09-06T08:00,2025.0,9.0,6.0,HUMAN_OBSERVATION,iNaturalist,iNaturalist research-grade observations
5830772060,"Loxodonta africana (Blumenbach, 1797)",Loxodonta africana,Loxodonta,Elephantidae,-2.765671,37.397941,31434.0,Kajiado,,,2025-09-20T08:19:37,2025.0,9.0,20.0,HUMAN_OBSERVATION,iNaturalist,iNaturalist research-grade observations
5837677462,"Loxodonta africana (Blumenbach, 1797)",Loxodonta africana,Loxodonta,Elephantidae,-2.725632,37.125076,63272.0,Kajiado,,,2025-09-30T07:02:15,2025.0,9.0,30.0,HUMAN_OBSERVATION,iNaturalist,iNaturalist research-grade observations
5837923811,"Loxodonta africana (Blumenbach, 1797)",Loxodonta africana,Loxodonta,Elephantidae,-3.374211,39.904579,31425.0,Kilifi,,,2025-09-28T17:14,2025.0,9.0,28.0,HUMAN_OBSERVATION,iNaturalist,iNaturalist research-grade observations
5838231775,"Loxodonta africana (Blumenbach, 1797)",Loxodonta africana,Loxodonta,Elephantidae,-1.536561,35.050194,31446.0,Narok,,,2025-09-28T09:26,2025.0,9.0,28.0,HUMAN_OBSERVATION,iNaturalist,iNaturalist research-grade observations
5839857621,"Loxodonta africana (Blumenbach, 1797)",Loxodonta africana,Loxodonta,Elephantidae,0.144281,36.923549,31451.0,Laikipia,,,2025-09-18T03:28,2025.0,9.0,18.0,HUMAN_OBSERVATION,iNaturalist,iNaturalist research-grade observations
5839859112,"Loxodonta africana (Blumenbach, 1797)",Loxodonta africana,Loxodonta,Elephantidae,-1.425875,35.393118,31446.0,Narok,,,2025-09-21T10:53,2025.0,9.0,21.0,HUMAN_OBSERVATION,iNaturalist,iNaturalist research-grade observations
5840015505,"Loxodonta africana (Blumenbach, 1797)",Loxodonta africana,Loxodonta,Elephantidae,-2.608442,37.297546,31434.0,Kajiado,,,2025-09-22T11:20,2025.0,9.0,22.0,HUMAN_OBSERVATION,iNaturalist,iNaturalist research-grade observations
5840083178,"Loxodonta africana (Blumenbach, 1797)",Loxodonta africana,Loxodonta,Elephantidae,-2.765823,37.316705,31434.0,Kajiado,,,2025-09-22T11:20,2025.0,9.0,22.0,HUMAN_OBSERVATION,iNaturalist,iNaturalist research-grade observations
5840234581,"Loxodonta africana (Blumenbach, 1797)",Loxodonta africana,Loxodonta,Elephantidae,-1.481591,35.351637,31446.0,Narok,,,2025-09-20T07:45,2025.0,9.0,20.0,HUMAN_OBSERVATION,iNaturalist,iNaturalist research-grade observations
5840243360,"Loxodonta africana (Blumenbach, 1797)",Loxodonta africana,Loxodonta,Elephantidae,-2.604859,37.338036,31434.0,Kajiado,,,2025-09-22T12:03,2025.0,9.0,22.0,HUMAN_OBSERVATION,iNaturalist,iNaturalist research-grade observations
5840292919,"Loxodonta africana (Blumenbach, 1797)",Loxodonta africana,Loxodonta,Elephantidae,0.318612,36.76782,31451.0,Laikipia,,,2025-09-30T17:15:59,2025.0,9.0,30.0,HUMAN_OBSERVATION,iNaturalist,iNaturalist research-grade observations
5840297893,"Loxodonta africana (Blumenbach, 1797)",Loxodonta africana,Loxodonta,Elephantidae,0.099759,36.974331,31451.0,Laikipia,,,2025-09-18T01:04,2025.0,9.0,18.0,HUMAN_OBSERVATION,iNaturalist,iNaturalist research-grade observations
5840389698,"Loxodonta africana (Blumenbach, 1797)",Loxodonta africana,Loxodonta,Elephantidae,0.125214,36.914843,31451.0,Laikipia,,,2025-09-18T03:37,2025.0,9.0,18.0,HUMAN_OBSERVATION,iNaturalist,iNaturalist research-grade observations
5840456189,"Loxodonta africana (Blumenbach, 1797)",Loxodonta africana,Loxodonta,Elephantidae,0.171683,36.934383,31451.0,Laikipia,,,2025-09-18T03:22,2025.0,9.0,18.0,HUMAN_OBSERVATION,iNaturalist,iNaturalist research-grade observations
5840515020,"Loxodonta africana (Blumenbach, 1797)",Loxodonta africana,Loxodonta,Elephantidae,-1.499445,35.321682,31446.0,Narok,,,2025-09-20T09:47,2025.0,9.0,20.0,HUMAN_OBSERVATION,iNaturalist,iNaturalist research-grade observations
5867998920,"Loxodonta africana (Blumenbach, 1797)",Loxodonta africana,Loxodonta,Elephantidae,0.631032,37.548947,31450.0,Samburu,,,2025-09-21T17:47,2025.0,9.0,21.0,HUMAN_OBSERVATION,iNaturalist,iNaturalist research-grade observations
5889304958,"Loxodonta africana (Blumenbach, 1797)",Loxodonta africana,Loxodonta,Elephantidae,0.409688,37.52968,31451.0,Samburu,,,2025-09-10T06:07,2025.0,9.0,10.0,HUMAN_OBSERVATION,iNaturalist,iNaturalist research-grade observations
5889348431,"Loxodonta africana (Blumenbach, 1797)",Loxodonta africana,Loxodonta,Elephantidae,0.610707,37.415871,31450.0,Samburu,,,2025-09-09T09:40,2025.0,9.0,9.0,HUMAN_OBSERVATION,iNaturalist,iNaturalist research-grade observations
5889388106,"Loxodonta africana (Blumenbach, 1797)",Loxodonta africana,Loxodonta,Elephantidae,-0.36812,36.956165,31451.0,Nyeri,,,2025-09-07T15:31,2025.0,9.0,7.0,HUMAN_OBSERVATION,iNaturalist,iNaturalist research-grade observations
5889388212,"Loxodonta africana (Blumenbach, 1797)",Loxodonta africana,Loxodonta,Elephantidae,0.778372,37.554232,31450.0,Samburu,,,2025-09-09T17:05,2025.0,9.0,9.0,HUMAN_OBSERVATION,iNaturalist,iNaturalist research-grade observations
5889777554,"Loxodonta africana (Blumenbach, 1797)",Loxodonta africana,Loxodonta,Elephantidae,-0.326574,36.973776,31451.0,Nyeri,,,2025-09-07T17:11,2025.0,9.0,7.0,HUMAN_OBSERVATION,iNaturalist,iNaturalist research-grade observations
5890018607,"Loxodonta africana (Blumenbach, 1797)",Loxodonta africana,Loxodonta,Elephantidae,0.598822,37.518283,31451.0,Isiolo,,,2025-09-08T16:31,2025.0,9.0,8.0,HUMAN_OBSERVATION,iNaturalist,iNaturalist research-grade observations
5890055013,"Loxodonta africana (Blumenbach, 1797)",Loxodonta africana,Loxodonta,Elephantidae,-0.211463,36.968916,31451.0,Nyeri,,,2025-09-07T18:00,2025.0,9.0,7.0,HUMAN_OBSERVATION,iNaturalist,iNaturalist research-grade observations
5890122512,"Loxodonta africana (Blumenbach, 1797)",Loxodonta africana,Loxodonta,Elephantidae,0.554152,37.454479,31451.0,Samburu,,,2025-09-10T09:33,2025.0,9.0,10.0,HUMAN_OBSERVATION,iNaturalist,iNaturalist research-grade observations
5890203608,"Loxodonta africana (Blumenbach, 1797)",Loxodonta africana,Loxodonta,Elephantidae,0.55523,37.411955,31451.0,Isiolo,,,2025-09-10T09:05,2025.0,9.0,10.0,HUMAN_OBSERVATION,iNaturalist,iNaturalist research-grade observations
5890384833,"Loxodonta africana (Blumenbach, 1797)",Loxodonta africana,Loxodonta,Elephantidae,0.710967,37.477775,31450.0,Samburu,,,2025-09-09T06:50,2025.0,9.0,9.0,HUMAN_OBSERVATION,iNaturalist,iNaturalist research-grade observations
5890412367,"Loxodonta africana (Blumenbach, 1797)",Loxodonta africana,Loxodonta,Elephantidae,-1.583266,35.005021,31446.0,Narok,,,2025-09-01T09:23,2025.0,9.0,1.0,HUMAN_OBSERVATION,iNaturalist,iNaturalist research-grade observations
5903822818,"Loxodonta africana (Blumenbach, 1797)",Loxodonta africana,Loxodonta,Elephantidae,-3.296016,38.739701,31425.0,Taita Taveta,,,2025-09-28T11:56:03,2025.0,9.0,28.0,HUMAN_OBSERVATION,iNaturalist,iNaturalist research-grade observations
6129892085,"Loxodonta africana (Blumenbach, 1797)",Loxodonta africana,Loxodonta,Elephantidae,-0.062937,36.919217,31451.0,Laikipia,,,2025-09-10T08:29,2025.0,9.0,10.0,HUMAN_OBSERVATION,iNaturalist,iNaturalist research-grade observations
6129898922,"Loxodonta africana (Blumenbach, 1797)",Loxodonta africana,Loxodonta,Elephantidae,-2.775845,37.395854,31434.0,Kajiado,,,2025-09-21T17:24,2025.0,9.0,21.0,HUMAN_OBSERVATION,iNaturalist,iNaturalist research-grade observations
6253238821,"Loxodonta africana (Blumenbach, 1797)",Loxodonta africana,Loxodonta,Elephantidae,0.640344,36.835301,31450.0,Laikipia,,,2025-09-16T02:21,2025.0,9.0,16.0,HUMAN_OBSERVATION,iNaturalist,iNaturalist research-grade observations
6400346663,"Loxodonta africana (Blumenbach, 1797)",Loxodonta africana,Loxodonta,Elephantidae,-1.434136,34.929676,31446.0,Narok,,,2025-09-29T17:41:17,2025.0,9.0,29.0,HUMAN_OBSERVATION,iNaturalist,iNaturalist research-grade observations
6479484002,"Loxodonta africana (Blumenbach, 1797)",Loxodonta africana,Loxodonta,Elephantidae,-2.705247,37.297383,31434.0,Kajiado,,,2025-09-16T20:30:35,2025.0,9.0,16.0,HUMAN_OBSERVATION,iNaturalist,iNaturalist research-grade observations
6480079938,"Loxodonta africana (Blumenbach, 1797)",Loxodonta africana,Loxodonta,Elephantidae,-2.662583,37.319327,31434.0,Kajiado,,,2025-09-10T01:24:27,2025.0,9.0,10.0,HUMAN_OBSERVATION,iNaturalist,iNaturalist research-grade observations
5839808262,"Loxodonta africana (Blumenbach, 1797)",Loxodonta africana,Loxodonta,Elephantidae,-1.550803,35.052824,31446.0,Narok,,,2025-10-04T11:27:40,2025.0,10.0,4.0,HUMAN_OBSERVATION,iNaturalist,iNaturalist research-grade observations
5839816997,"Loxodonta africana (Blumenbach, 1797)",Loxodonta africana,Loxodonta,Elephantidae,-3.352175,38.535263,31425.0,Taita Taveta,,,2025-10-07T11:50:21,2025.0,10.0,7.0,HUMAN_OBSERVATION,iNaturalist,iNaturalist research-grade observations
5839824883,"Loxodonta africana (Blumenbach, 1797)",Loxodonta africana,Loxodonta,Elephantidae,0.525959,37.575663,31451.0,Isiolo,,,2025-10-02T14:28:12,2025.0,10.0,2.0,HUMAN_OBSERVATION,iNaturalist,iNaturalist research-grade observations
5839830468,"Loxodonta africana (Blumenbach, 1797)",Loxodonta africana,Loxodonta,Elephantidae,-2.717498,37.218246,31434.0,Kajiado,,,2025-10-06T16:42:56,2025.0,10.0,6.0,HUMAN_OBSERVATION,iNaturalist,iNaturalist research-grade observations
5839849708,"Loxodonta africana (Blumenbach, 1797)",Loxodonta africana,Loxodonta,Elephantidae,-2.749707,37.241448,31434.0,Kajiado,,,2025-10-02T11:16:18,2025.0,10.0,2.0,HUMAN_OBSERVATION,iNaturalist,iNaturalist research-grade observations
5839854227,"Loxodonta africana (Blumenbach, 1797)",Loxodonta africana,Loxodonta,Elephantidae,0.543792,37.47339,31451.0,Isiolo,,,2025-10-02T15:18:21,2025.0,10.0,2.0,HUMAN_OBSERVATION,iNaturalist,iNaturalist research-grade observations
5839902048,"Loxodonta africana (Blumenbach, 1797)",Loxodonta africana,Loxodonta,Elephantidae,-3.306089,40.114184,31425.0,Kilifi,,,2025-10-01T14:23,2025.0,10.0,1.0,HUMAN_OBSERVATION,iNaturalist,iNaturalist research-grade observations
5839910626,"Loxodonta africana (Blumenbach, 1797)",Loxodonta africana,Loxodonta,Elephantidae,0.417192,37.482671,31451.0,Isiolo,,,2025-10-02T15:25:58,2025.0,10.0,2.0,HUMAN_OBSERVATION,iNaturalist,iNaturalist research-grade observations
5840000408,"Loxodonta africana (Blumenbach, 1797)",Loxodonta africana,Loxodonta,Elephantidae,-1.585879,35.236385,31446.0,Narok,,,2025-10-07T07:36:32,2025.0,10.0,7.0,HUMAN_OBSERVATION,iNaturalist,iNaturalist research-grade observations
5840020042,"Loxodonta africana (Blumenbach, 1797)",Loxodonta africana,Loxodonta,Elephantidae,-1.771372,35.339991,31444.0,Narok,,,2025-10-05T18:46,2025.0,10.0,5.0,HUMAN_OBSERVATION,iNaturalist,iNaturalist research-grade observations
5840082267,"Loxodonta africana (Blumenbach, 1797)",Loxodonta africana,Loxodonta,Elephantidae,-1.63921,35.327008,31444.0,Narok,,,2025-10-05T18:14:45,2025.0,10.0,5.0,HUMAN_OBSERVATION,iNaturalist,iNaturalist research-grade observations
5840097563,"Loxodonta africana (Blumenbach, 1797)",Loxodonta africana,Loxodonta,Elephantidae,0.564118,37.499041,31451.0,Isiolo,,,2025-10-02T14:37:31,2025.0,10.0,2.0,HUMAN_OBSERVATION,iNaturalist,iNaturalist research-grade observations
5840127234,"Loxodonta africana (Blumenbach, 1797)",Loxodonta africana,Loxodonta,Elephantidae,0.613008,37.557101,31450.0,Samburu,,,2025-10-01T17:19:04,2025.0,10.0,1.0,HUMAN_OBSERVATION,iNaturalist,iNaturalist research-grade observations
5840174179,"Loxodonta africana (Blumenbach, 1797)",Loxodonta africana,Loxodonta,Elephantidae,-1.676947,35.285459,31444.0,Narok,,,2025-10-06T15:54:52,2025.0,10.0,6.0,HUMAN_OBSERVATION,iNaturalist,iNaturalist research-grade observations
5840192872,"Loxodonta africana (Blumenbach, 1797)",Loxodonta africana,Loxodonta,Elephantidae,-1.521374,35.395368,31446.0,Narok,,,2025-10-01T09:07:37,2025.0,10.0,1.0,HUMAN_OBSERVATION,iNaturalist,iNaturalist research-grade observations
5840216631,"Loxodonta africana (Blumenbach, 1797)",Loxodonta africana,Loxodonta,Elephantidae,0.582102,37.463322,31451.0,Isiolo,,,2025-10-02T15:15:35,2025.0,10.0,2.0,HUMAN_OBSERVATION,iNaturalist,iNaturalist research-grade observations
5840232769,"Loxodonta africana (Blumenbach, 1797)",Loxodonta africana,Loxodonta,Elephantidae,0.427291,37.420173,31451.0,Isiolo,,,2025-10-02T14:53:54,2025.0,10.0,2.0,HUMAN_OBSERVATION,iNaturalist,iNaturalist research-grade observations
5840337194,"Loxodonta africana (Blumenbach, 1797)",Loxodonta africana,Loxodonta,Elephantidae,-3.36519,38.758195,31425.0,Taita Taveta,,,2025-10-07T17:28:12,2025.0,10.0,7.0,HUMAN_OBSERVATION,iNaturalist,iNaturalist research-grade observations
5840440011,"Loxodonta africana (Blumenbach, 1797)",Loxodonta africana,Loxodonta,Elephantidae,-1.689423,35.307061,31444.0,Narok,,,2025-10-05T16:55:38,2025.0,10.0,5.0,HUMAN_OBSERVATION,iNaturalist,iNaturalist research-grade observations
5840493337,"Loxodonta africana (Blumenbach, 1797)",Loxodonta africana,Loxodonta,Elephantidae,0.510677,37.42526,31451.0,Samburu,,,2025-10-02T08:22:13,2025.0,10.0,2.0,HUMAN_OBSERVATION,iNaturalist,iNaturalist research-grade observations
5840499429,"Loxodonta africana (Blumenbach, 1797)",Loxodonta africana,Loxodonta,Elephantidae,-2.485357,37.207823,31436.0,Kajiado,,,2025-10-02T17:40:31,2025.0,10.0,2.0,HUMAN_OBSERVATION,iNaturalist,iNaturalist research-grade observations
5844025170,"Loxodonta africana (Blumenbach, 1797)",Loxodonta africana,Loxodonta,Elephantidae,-3.203758,38.736305,31425.0,Taita Taveta,,,2025-10-12T17:14,2025.0,10.0,12.0,HUMAN_OBSERVATION,iNaturalist,iNaturalist research-grade observations
5844139421,"Loxodonta africana (Blumenbach, 1797)",Loxodonta africana,Loxodonta,Elephantidae,-3.264734,38.413959,31425.0,Taita Taveta,,,2025-10-12T15:22,2025.0,10.0,12.0,HUMAN_OBSERVATION,iNaturalist,iNaturalist research-grade observations
5844200673,"Loxodonta africana (Blumenbach, 1797)",Loxodonta africana,Loxodonta,Elephantidae,-3.71774,38.671133,31418.0,Taita Taveta,,,2025-10-02T17:02,2025.0,10.0,2.0,HUMAN_OBSERVATION,iNaturalist,iNaturalist research-grade observations
5844252287,"Loxodonta africana (Blumenbach, 1797)",Loxodonta africana,Loxodonta,Elephantidae,-3.214179,38.657571,31425.0,Taita Taveta,,,2025-10-12T17:18,2025.0,10.0,12.0,HUMAN_OBSERVATION,iNaturalist,iNaturalist research-grade observations
5844418956,"Loxodonta africana (Blumenbach, 1797)",Loxodonta africana,Loxodonta,Elephantidae,-3.266488,38.984839,31425.0,Taita Taveta,,,2025-10-13T11:40,2025.0,10.0,13.0,HUMAN_OBSERVATION,iNaturalist,iNaturalist research-grade observations
5867774634,"Loxodonta africana (Blumenbach, 1797)",Loxodonta africana,Loxodonta,Elephantidae,-2.663228,37.338266,31434.0,Kajiado,,,2025-10-15T15:24:19,2025.0,10.0,15.0,HUMAN_OBSERVATION,iNaturalist,iNaturalist research-grade observations
5867955717,"Loxodonta africana (Blumenbach, 1797)",Loxodonta africana,Loxodonta,Elephantidae,0.286127,37.555779,31451.0,Meru,,,2025-10-10T13:58:01,2025.0,10.0,10.0,HUMAN_OBSERVATION,iNaturalist,iNaturalist research-grade observations
5889365349,"Loxodonta africana (Blumenbach, 1797)",Loxodonta africana,Loxodonta,Elephantidae,0.530794,37.529085,31451.0,Isiolo,,,2025-10-30T10:58:11,2025.0,10.0,30.0,HUMAN_OBSERVATION,iNaturalist,iNaturalist research-grade observations
5889655437,"Loxodonta africana (Blumenbach, 1797)",Loxodonta africana,Loxodonta,Elephantidae,-1.549855,35.110947,31446.0,Narok,,,2025-10-01T06:54,2025.0,10.0,1.0,HUMAN_OBSERVATION,iNaturalist,iNaturalist research-grade observations
5889786338,"Loxodonta africana (Blumenbach, 1797)",Loxodonta africana,Loxodonta,Elephantidae,-1.406186,35.113026,31446.0,Narok,,,2025-10-01T14:27,2025.0,10.0,1.0,HUMAN_OBSERVATION,iNaturalist,iNaturalist research-grade observations
5889839789,"Loxodonta africana (Blumenbach, 1797)",Loxodonta africana,Loxodonta,Elephantidae,-1.434147,35.216934,31446.0,Narok,,,2025-10-22T07:13:42,2025.0,10.0,22.0,HUMAN_OBSERVATION,iNaturalist,iNaturalist research-grade observations
5890022078,"Loxodonta africana (Blumenbach, 1797)",Loxodonta africana,Loxodonta,Elephantidae,-2.300947,37.45151,31438.0,Kajiado,,,2025-10-08T00:58,2025.0,10.0,8.0,HUMAN_OBSERVATION,iNaturalist,iNaturalist research-grade observations
5890064775,"Loxodonta africana (Blumenbach, 1797)",Loxodonta africana,Loxodonta,Elephantidae,-1.574502,35.00282,31446.0,Narok,,,2025-10-01T09:09,2025.0,10.0,1.0,HUMAN_OBSERVATION,iNaturalist,iNaturalist research-grade observations
5890248662,"Loxodonta africana (Blumenbach, 1797)",Loxodonta africana,Loxodonta,Elephantidae,-2.379589,37.523251,31438.0,Kajiado,,,2025-10-08T07:10,2025.0,10.0,8.0,HUMAN_OBSERVATION,iNaturalist,iNaturalist research-grade observations
5892660260,"Loxodonta africana (Blumenbach, 1797)",Loxodonta africana,Loxodonta,Elephantidae,-1.561303,35.129027,31446.0,Narok,,,2025-10-19T06:08,2025.0,10.0,19.0,HUMAN_OBSERVATION,iNaturalist,iNaturalist research-grade observations
5897285001,"Loxodonta africana (Blumenbach, 1797)",Loxodonta africana,Loxodonta,Elephantidae,0.478939,37.484805,31451.0,Isiolo,,,2025-10-09T06:49,2025.0,10.0,9.0,HUMAN_OBSERVATION,iNaturalist,iNaturalist research-grade observations
5897419879,"Loxodonta africana (Blumenbach, 1797)",Loxodonta africana,Loxodonta,Elephantidae,0.490103,37.631168,31451.0,Isiolo,,,2025-10-08T16:17,2025.0,10.0,8.0,HUMAN_OBSERVATION,iNaturalist,iNaturalist research-grade observations
5897474170,"Loxodonta africana (Blumenbach, 1797)",Loxodonta africana,Loxodonta,Elephantidae,0.523889,37.600679,31451.0,Isiolo,,,2025-10-08T12:35,2025.0,10.0,8.0,HUMAN_OBSERVATION,iNaturalist,iNaturalist research-grade observations
5897484459,"Loxodonta africana (Blumenbach, 1797)",Loxodonta africana,Loxodonta,Elephantidae,0.597799,37.409238,31451.0,Isiolo,,,2025-10-08T16:29,2025.0,10.0,8.0,HUMAN_OBSERVATION,iNaturalist,iNaturalist research-grade observations
5897561198,"Loxodonta africana (Blumenbach, 1797)",Loxodonta africana,Loxodonta,Elephantidae,0.583787,37.622757,31451.0,Isiolo,,,2025-10-10T06:12,2025.0,10.0,10.0,HUMAN_OBSERVATION,iNaturalist,iNaturalist research-grade observations
5897788103,"Loxodonta africana (Blumenbach, 1797)",Loxodonta africana,Loxodonta,Elephantidae,0.595579,37.522872,31451.0,Isiolo,,,2025-10-09T15:45,2025.0,10.0,9.0,HUMAN_OBSERVATION,iNaturalist,iNaturalist research-grade observations
5903923281,"Loxodonta africana (Blumenbach, 1797)",Loxodonta africana,Loxodonta,Elephantidae,-1.514844,35.170693,31446.0,Narok,,,2025-10-21T07:46,2025.0,10.0,21.0,HUMAN_OBSERVATION,iNaturalist,iNaturalist research-grade observations
5920063388,"Loxodonta africana (Blumenbach, 1797)",Loxodonta africana,Loxodonta,Elephantidae,-1.441179,35.111228,31446.0,Narok,,,2025-10-21T17:24,2025.0,10.0,21.0,HUMAN_OBSERVATION,iNaturalist,iNaturalist research-grade observations
5920086696,"Loxodonta africana (Blumenbach, 1797)",Loxodonta africana,Loxodonta,Elephantidae,-1.554337,35.127064,31446.0,Narok,,,2025-10-22T14:57,2025.0,10.0,22.0,HUMAN_OBSERVATION,iNaturalist,iNaturalist research-grade observations
5920227558,"Loxodonta africana (Blumenbach, 1797)",Loxodonta africana,Loxodonta,Elephantidae,-1.527224,35.170303,31446.0,Narok,,,2025-10-22T17:49,2025.0,10.0,22.0,HUMAN_OBSERVATION,iNaturalist,iNaturalist research-grade observations
5932265963,"Loxodonta africana (Blumenbach, 1797)",Loxodonta africana,Loxodonta,Elephantidae,-3.581744,38.227055,31422.0,Taita Taveta,,,2025-10-03T10:10,2025.0,10.0,3.0,HUMAN_OBSERVATION,iNaturalist,iNaturalist research-grade observations
5932441567,"Loxodonta africana (Blumenbach, 1797)",Loxodonta africana,Loxodonta,Elephantidae,-1.542724,35.110423,31446.0,Narok,,,2025-10-23T14:50,2025.0,10.0,23.0,HUMAN_OBSERVATION,iNaturalist,iNaturalist research-grade observations
5935402574,"Loxodonta africana (Blumenbach, 1797)",Loxodonta africana,Loxodonta,Elephantidae,-2.626992,37.310638,31434.0,Kajiado,,,2025-10-25T11:34,2025.0,10.0,25.0,HUMAN_OBSERVATION,iNaturalist,iNaturalist research-grade observations
5935597242,"Loxodonta africana (Blumenbach, 1797)",Loxodonta africana,Loxodonta,Elephantidae,-2.767376,37.293241,31434.0,Kajiado,,,2025-10-25T16:23,2025.0,10.0,25.0,HUMAN_OBSERVATION,iNaturalist,iNaturalist research-grade observations
5935706618,"Loxodonta africana (Blumenbach, 1797)",Loxodonta africana,Loxodonta,Elephantidae,-2.760888,37.39826,31434.0,Kajiado,,,2025-10-25T11:41,2025.0,10.0,25.0,HUMAN_OBSERVATION,iNaturalist,iNaturalist research-grade observations
5935799950,"Loxodonta africana (Blumenbach, 1797)",Loxodonta africana,Loxodonta,Elephantidae,-2.733764,37.284024,31434.0,Kajiado,,,2025-10-26T10:36,2025.0,10.0,26.0,HUMAN_OBSERVATION,iNaturalist,iNaturalist research-grade observations
5935836165,"Loxodonta africana (Blumenbach, 1797)",Loxodonta africana,Loxodonta,Elephantidae,0.686952,37.449193,31450.0,Samburu,,,2025-10-15T09:53,2025.0,10.0,15.0,HUMAN_OBSERVATION,iNaturalist,iNaturalist research-grade observations
5936189883,"Loxodonta africana (Blumenbach, 1797)",Loxodonta africana,Loxodonta,Elephantidae,-3.487133,38.367893,31422.0,Taita Taveta,,,2025-10-03T12:49,2025.0,10.0,3.0,HUMAN_OBSERVATION,iNaturalist,iNaturalist research-grade observations
5936213664,"Loxodonta africana (Blumenbach, 1797)",Loxodonta africana,Loxodonta,Elephantidae,-3.497594,38.205758,31422.0,Taita Taveta,,,2025-10-03T12:42,2025.0,10.0,3.0,HUMAN_OBSERVATION,iNaturalist,iNaturalist research-grade observations
5938318819,"Loxodonta africana (Blumenbach, 1797)",Loxodonta africana,Loxodonta,Elephantidae,-1.484407,35.10641,31446.0,Narok,,,2025-10-22T10:10,2025.0,10.0,22.0,HUMAN_OBSERVATION,iNaturalist,iNaturalist research-grade observations
5938557358,"Loxodonta africana (Blumenbach, 1797)",Loxodonta africana,Loxodonta,Elephantidae,-0.235656,36.661679,31451.0,Nyeri,,,2025-10-17T13:05,2025.0,10.0,17.0,HUMAN_OBSERVATION,iNaturalist,iNaturalist research-grade observations
6130940643,"Loxodonta africana (Blumenbach, 1797)",Loxodonta africana,Loxodonta,Elephantidae,-1.247728,36.663115,31447.0,Kajiado,,,2025-10-26T12:07:10,2025.0,10.0,26.0,HUMAN_OBSERVATION,iNaturalist,iNaturalist research-grade observations
5889372529,"Loxodonta africana (Blumenbach, 1797)",Loxodonta africana,Loxodonta,Elephantidae,-1.310875,35.12558,31447.0,Narok,,,2025-11-02T09:19:09,2025.0,11.0,2.0,HUMAN_OBSERVATION,iNaturalist,iNaturalist research-grade observations
5889697656,"Loxodonta africana (Blumenbach, 1797)",Loxodonta africana,Loxodonta,Elephantidae,0.370026,36.938807,31451.0,Laikipia,,,2025-11-02T15:20:23,2025.0,11.0,2.0,HUMAN_OBSERVATION,iNaturalist,iNaturalist research-grade observations
5890113670,"Loxodonta africana (Blumenbach, 1797)",Loxodonta africana,Loxodonta,Elephantidae,0.225541,36.883907,31451.0,Laikipia,,,2025-11-02T15:20:25,2025.0,11.0,2.0,HUMAN_OBSERVATION,iNaturalist,iNaturalist research-grade observations
5890366532,"Loxodonta africana (Blumenbach, 1797)",Loxodonta africana,Loxodonta,Elephantidae,0.362179,36.985287,31451.0,Laikipia,,,2025-11-03T15:57:28,2025.0,11.0,3.0,HUMAN_OBSERVATION,iNaturalist,iNaturalist research-grade observations
5892397244,"Loxodonta africana (Blumenbach, 1797)",Loxodonta africana,Loxodonta,Elephantidae,0.515339,37.674279,31451.0,Isiolo,,,2025-11-10T09:31:43,2025.0,11.0,10.0,HUMAN_OBSERVATION,iNaturalist,iNaturalist research-grade observations
5897104525,"Loxodonta africana (Blumenbach, 1797)",Loxodonta africana,Loxodonta,Elephantidae,0.378876,36.804559,31451.0,Laikipia,,,2025-11-06T10:31:24,2025.0,11.0,6.0,HUMAN_OBSERVATION,iNaturalist,iNaturalist research-grade observations
5897529923,"Loxodonta africana (Blumenbach, 1797)",Loxodonta africana,Loxodonta,Elephantidae,0.061294,36.957801,31451.0,Laikipia,,,2025-11-08T11:59,2025.0,11.0,8.0,HUMAN_OBSERVATION,iNaturalist,iNaturalist research-grade observations
5897743526,"Loxodonta africana (Blumenbach, 1797)",Loxodonta africana,Loxodonta,Elephantidae,-3.043262,38.257988,31428.0,Taita Taveta,,,2025-11-12T18:47:55,2025.0,11.0,12.0,HUMAN_OBSERVATION,iNaturalist,iNaturalist research-grade observations
5908716324,"Loxodonta africana (Blumenbach, 1797)",Loxodonta africana,Loxodonta,Elephantidae,-2.681042,37.389876,31434.0,Kajiado,,,2025-11-28T10:47:51,2025.0,11.0,28.0,HUMAN_OBSERVATION,iNaturalist,iNaturalist research-grade observations
5908810009,"Loxodonta africana (Blumenbach, 1797)",Loxodonta africana,Loxodonta,Elephantidae,-3.46284,38.217909,31422.0,Taita Taveta,,,2025-11-06T16:36:49,2025.0,11.0,6.0,HUMAN_OBSERVATION,iNaturalist,iNaturalist research-grade observations
5909009311,"Loxodonta africana (Blumenbach, 1797)",Loxodonta africana,Loxodonta,Elephantidae,-2.543348,37.248994,31436.0,Kajiado,,,2025-11-07T18:11:02,2025.0,11.0,7.0,HUMAN_OBSERVATION,iNaturalist,iNaturalist research-grade observations
5920196192,"Loxodonta africana (Blumenbach, 1797)",Loxodonta africana,Loxodonta,Elephantidae,-1.454723,35.126638,31446.0,Narok,,,2025-11-07T00:07,2025.0,11.0,7.0,HUMAN_OBSERVATION,iNaturalist,iNaturalist research-grade observations
5932319259,"Loxodonta africana (Blumenbach, 1797)",Loxodonta africana,Loxodonta,Elephantidae,-3.064619,38.775266,31428.0,Taita Taveta,,,2025-11-25T14:36:11,2025.0,11.0,25.0,HUMAN_OBSERVATION,iNaturalist,iNaturalist research-grade observations
5936258149,"Loxodonta africana (Blumenbach, 1797)",Loxodonta africana,Loxodonta,Elephantidae,-2.721708,38.283558,31434.0,Makueni,,,2025-11-23T17:37:12,2025.0,11.0,23.0,HUMAN_OBSERVATION,iNaturalist,iNaturalist research-grade observations
5938126310,"Loxodonta africana (Blumenbach, 1797)",Loxodonta africana,Loxodonta,Elephantidae,-3.380587,38.500892,31425.0,Taita Taveta,,,2025-11-06T17:43,2025.0,11.0,6.0,HUMAN_OBSERVATION,iNaturalist,iNaturalist research-grade observations
5938392774,"Loxodonta africana (Blumenbach, 1797)",Loxodonta africana,Loxodonta,Elephantidae,-1.264967,35.04875,31447.0,Narok,,,2025-11-04T17:23,2025.0,11.0,4.0,HUMAN_OBSERVATION,iNaturalist,iNaturalist research-grade observations
5938535640,"Loxodonta africana (Blumenbach, 1797)",Loxodonta africana,Loxodonta,Elephantidae,-3.234136,38.49444,31425.0,Taita Taveta,,,2025-11-06T19:17,2025.0,11.0,6.0,HUMAN_OBSERVATION,iNaturalist,iNaturalist research-grade observations
5938623214,"Loxodonta africana (Blumenbach, 1797)",Loxodonta africana,Loxodonta,Elephantidae,-1.290982,35.117786,31447.0,Narok,,,2025-11-02T09:15,2025.0,11.0,2.0,HUMAN_OBSERVATION,iNaturalist,iNaturalist research-grade observations
5938650716,"Loxodonta africana (Blumenbach, 1797)",Loxodonta africana,Loxodonta,Elephantidae,-1.252259,35.009162,31447.0,Narok,,,2025-11-02T07:21,2025.0,11.0,2.0,HUMAN_OBSERVATION,iNaturalist,iNaturalist research-grade observations
6352686354,"Loxodonta africana (Blumenbach, 1797)",Loxodonta africana,Loxodonta,Elephantidae,-0.051949,36.082156,31451.0,Nakuru,,,2025-11-06T00:00,2025.0,11.0,6.0,HUMAN_OBSERVATION,iNaturalist,iNaturalist research-grade observations
6431604552,"Loxodonta africana (Blumenbach, 1797)",Loxodonta africana,Loxodonta,Elephantidae,0.297309,36.887877,31451.0,Laikipia,,,2025-11-03T12:08,2025.0,11.0,3.0,HUMAN_OBSERVATION,iNaturalist,iNaturalist research-grade observations
6518568060,"Loxodonta africana (Blumenbach, 1797)",Loxodonta africana,Loxodonta,Elephantidae,0.242312,36.835079,31451.0,Laikipia,,,2025-11-13T17:23,2025.0,11.0,13.0,HUMAN_OBSERVATION,iNaturalist,iNaturalist research-grade observations
5920145951,"Loxodonta africana (Blumenbach, 1797)",Loxodonta africana,Loxodonta,Elephantidae,-1.001604,35.237785,31448.0,Narok,,,2025-12-08T06:43:37,2025.0,12.0,8.0,HUMAN_OBSERVATION,iNaturalist,iNaturalist research-grade observations
5920286589,"Loxodonta africana (Blumenbach, 1797)",Loxodonta africana,Loxodonta,Elephantidae,-1.277555,36.987488,31447.0,Nairobi,,,2025-12-06T11:27:43,2025.0,12.0,6.0,HUMAN_OBSERVATION,iNaturalist,iNaturalist research-grade observations
5932325553,"Loxodonta africana (Blumenbach, 1797)",Loxodonta africana,Loxodonta,Elephantidae,-1.104258,35.027582,31448.0,Narok,,,2025-12-10T11:33:42,2025.0,12.0,10.0,HUMAN_OBSERVATION,iNaturalist,iNaturalist research-grade observations
5932369938,"Loxodonta africana (Blumenbach, 1797)",Loxodonta africana,Loxodonta,Elephantidae,-1.519462,35.371009,31446.0,Narok,,,2025-12-09T17:49:56,2025.0,12.0,9.0,HUMAN_OBSERVATION,iNaturalist,iNaturalist research-grade observations
5932385832,"Loxodonta africana (Blumenbach, 1797)",Loxodonta africana,Loxodonta,Elephantidae,-1.490331,35.179369,31446.0,Narok,,,2025-12-10T10:58:42,2025.0,12.0,10.0,HUMAN_OBSERVATION,iNaturalist,iNaturalist research-grade observations
5932564741,"Loxodonta africana (Blumenbach, 1797)",Loxodonta africana,Loxodonta,Elephantidae,0.531479,36.708042,31451.0,Laikipia,,,2025-12-08T17:28:53,2025.0,12.0,8.0,HUMAN_OBSERVATION,iNaturalist,iNaturalist research-grade observations
5932616427,"Loxodonta africana (Blumenbach, 1797)",Loxodonta africana,Loxodonta,Elephantidae,0.430356,36.995027,31451.0,Laikipia,,,2025-12-08T10:56:17,2025.0,12.0,8.0,HUMAN_OBSERVATION,iNaturalist,iNaturalist research-grade observations
5932792917,"Loxodonta africana (Blumenbach, 1797)",Loxodonta africana,Loxodonta,Elephantidae,0.4789,36.618738,31451.0,Laikipia,,,2025-12-08T17:28:53,2025.0,12.0,8.0,HUMAN_OBSERVATION,iNaturalist,iNaturalist research-grade observations
5935249848,"Loxodonta africana (Blumenbach, 1797)",Loxodonta africana,Loxodonta,Elephantidae,-2.784929,37.233765,31434.0,Kajiado,,,2025-12-18T07:42:28,2025.0,12.0,18.0,HUMAN_OBSERVATION,iNaturalist,iNaturalist research-grade observations
5935411491,"Loxodonta africana (Blumenbach, 1797)",Loxodonta africana,Loxodonta,Elephantidae,0.403074,37.424057,31451.0,Isiolo,,,2025-12-26T08:09:49,2025.0,12.0,26.0,HUMAN_OBSERVATION,iNaturalist,iNaturalist research-grade observations
5935499285,"Loxodonta africana (Blumenbach, 1797)",Loxodonta africana,Loxodonta,Elephantidae,-1.266731,35.013526,31447.0,Narok,,,2025-12-23T07:05:46,2025.0,12.0,23.0,HUMAN_OBSERVATION,iNaturalist,iNaturalist research-grade observations
5935503961,"Loxodonta africana (Blumenbach, 1797)",Loxodonta africana,Loxodonta,Elephantidae,-3.363133,38.740682,31425.0,Taita Taveta,,,2025-12-27T06:17,2025.0,12.0,27.0,HUMAN_OBSERVATION,iNaturalist,iNaturalist research-grade observations
5935586383,"Loxodonta africana (Blumenbach, 1797)",Loxodonta africana,Loxodonta,Elephantidae,0.53089,37.50636,31451.0,Isiolo,,,2025-12-25T13:48:35,2025.0,12.0,25.0,HUMAN_OBSERVATION,iNaturalist,iNaturalist research-grade observations
5935881307,"Loxodonta africana (Blumenbach, 1797)",Loxodonta africana,Loxodonta,Elephantidae,0.490644,37.562705,31451.0,Isiolo,,,2025-12-25T13:56:01,2025.0,12.0,25.0,HUMAN_OBSERVATION,iNaturalist,iNaturalist research-grade observations
5935935208,"Loxodonta africana (Blumenbach, 1797)",Loxodonta africana,Loxodonta,Elephantidae,-1.260927,35.083784,31447.0,Narok,,,2025-12-23T09:55:28,2025.0,12.0,23.0,HUMAN_OBSERVATION,iNaturalist,iNaturalist research-grade observations
5935959047,"Loxodonta africana (Blumenbach, 1797)",Loxodonta africana,Loxodonta,Elephantidae,0.519808,37.511679,31451.0,Isiolo,,,2025-12-26T16:35:16,2025.0,12.0,26.0,HUMAN_OBSERVATION,iNaturalist,iNaturalist research-grade observations
5936138954,"Loxodonta africana (Blumenbach, 1797)",Loxodonta africana,Loxodonta,Elephantidae,0.474946,37.411717,31451.0,Samburu,,,2025-12-10T17:07:23,2025.0,12.0,10.0,HUMAN_OBSERVATION,iNaturalist,iNaturalist research-grade observations
5936148281,"Loxodonta africana (Blumenbach, 1797)",Loxodonta africana,Loxodonta,Elephantidae,0.521884,37.44234,31451.0,Isiolo,,,2025-12-25T13:49,2025.0,12.0,25.0,HUMAN_OBSERVATION,iNaturalist,iNaturalist research-grade observations
5936243549,"Loxodonta africana (Blumenbach, 1797)",Loxodonta africana,Loxodonta,Elephantidae,0.554838,37.517292,31451.0,Isiolo,,,2025-12-26T08:09:33,2025.0,12.0,26.0,HUMAN_OBSERVATION,iNaturalist,iNaturalist research-grade observations
5936279282,"Loxodonta africana (Blumenbach, 1797)",Loxodonta africana,Loxodonta,Elephantidae,-1.363816,35.114475,31447.0,Narok,,,2025-12-23T07:06:28,2025.0,12.0,23.0,HUMAN_OBSERVATION,iNaturalist,iNaturalist research-grade observations
5936299539,"Loxodonta africana (Blumenbach, 1797)",Loxodonta africana,Loxodonta,Elephantidae,-1.200294,35.104202,31447.0,Narok,,,2025-12-23T09:55:35,2025.0,12.0,23.0,HUMAN_OBSERVATION,iNaturalist,iNaturalist research-grade observations
5936338348,"Loxodonta africana (Blumenbach, 1797)",Loxodonta africana,Loxodonta,Elephantidae,0.598434,37.503004,31451.0,Isiolo,,,2025-12-26T16:41:52,2025.0,12.0,26.0,HUMAN_OBSERVATION,iNaturalist,iNaturalist research-grade observations
5938160061,"Loxodonta africana (Blumenbach, 1797)",Loxodonta africana,Loxodonta,Elephantidae,-1.509053,35.0247,31446.0,Narok,,,2025-12-21T13:54,2025.0,12.0,21.0,HUMAN_OBSERVATION,iNaturalist,iNaturalist research-grade observations
5938353461,"Loxodonta africana (Blumenbach, 1797)",Loxodonta africana,Loxodonta,Elephantidae,-2.701434,37.204026,31434.0,Kajiado,,,2025-12-31T06:15:23,2025.0,12.0,31.0,HUMAN_OBSERVATION,iNaturalist,iNaturalist research-grade observations
5938427502,"Loxodonta africana (Blumenbach, 1797)",Loxodonta africana,Loxodonta,Elephantidae,-1.57807,35.177593,31446.0,Narok,,,2025-12-21T13:52,2025.0,12.0,21.0,HUMAN_OBSERVATION,iNaturalist,iNaturalist research-grade observations
5938455941,"Loxodonta africana (Blumenbach, 1797)",Loxodonta africana,Loxodonta,Elephantidae,0.539257,37.453036,31451.0,Isiolo,,,2025-12-22T10:50:59,2025.0,12.0,22.0,HUMAN_OBSERVATION,iNaturalist,iNaturalist research-grade observations
6131405547,"Loxodonta africana (Blumenbach, 1797)",Loxodonta africana,Loxodonta,Elephantidae,0.44707,37.443281,31451.0,Isiolo,,,2025-12-25T13:48:29,2025.0,12.0,25.0,HUMAN_OBSERVATION,iNaturalist,iNaturalist research-grade observations
6195435728,"Loxodonta africana (Blumenbach, 1797)",Loxodonta africana,Loxodonta,Elephantidae,-3.379749,38.871966,31425.0,Taita Taveta,,,2025-12-25T07:03:04,2025.0,12.0,25.0,HUMAN_OBSERVATION,iNaturalist,iNaturalist research-grade observations
4510376531,"Loxodonta africana (Blumenbach, 1797)",Loxodonta africana,Loxodonta,Elephantidae,0.653664,37.409669,31450.0,Samburu,,,2024-01-06T07:06:49,2024.0,1.0,6.0,HUMAN_OBSERVATION,iNaturalist,iNaturalist research-grade observations
4516252563,"Loxodonta africana (Blumenbach, 1797)",Loxodonta africana,Loxodonta,Elephantidae,-3.272205,38.532981,31425.0,Taita Taveta,,,2024-01-24T07:51,2024.0,1.0,24.0,HUMAN_OBSERVATION,iNaturalist,iNaturalist research-grade observations
4516314702,"Loxodonta africana (Blumenbach, 1797)",Loxodonta africana,Loxodonta,Elephantidae,-3.333946,38.539705,100151.0,Taita Taveta,,,2024-01-17T12:19:20,2024.0,1.0,17.0,HUMAN_OBSERVATION,iNaturalist,iNaturalist research-grade observations
4516398487,"Loxodonta africana (Blumenbach, 1797)",Loxodonta africana,Loxodonta,Elephantidae,-3.389732,38.519308,31425.0,Taita Taveta,,,2024-01-17T10:22:49,2024.0,1.0,17.0,HUMAN_OBSERVATION,iNaturalist,iNaturalist research-grade observations
4516410658,"Loxodonta africana (Blumenbach, 1797)",Loxodonta africana,Loxodonta,Elephantidae,0.571836,36.734056,31451.0,Laikipia,,,2024-01-11T17:58:02,2024.0,1.0,11.0,HUMAN_OBSERVATION,iNaturalist,iNaturalist research-grade observations
4516479687,"Loxodonta africana (Blumenbach, 1797)",Loxodonta africana,Loxodonta,Elephantidae,0.560075,36.768129,31451.0,Laikipia,,,2024-01-11T10:50:31,2024.0,1.0,11.0,HUMAN_OBSERVATION,iNaturalist,iNaturalist research-grade observations
4516789756,"Loxodonta africana (Blumenbach, 1797)",Loxodonta africana,Loxodonta,Elephantidae,-3.334709,38.487736,99929.0,Taita Taveta,,,2024-01-17T12:24:39,2024.0,1.0,17.0,HUMAN_OBSERVATION,iNaturalist,iNaturalist research-grade observations
4516815443,"Loxodonta africana (Blumenbach, 1797)",Loxodonta africana,Loxodonta,Elephantidae,-1.559909,35.215784,31446.0,Narok,,,2024-01-28T17:39:05,2024.0,1.0,28.0,HUMAN_OBSERVATION,iNaturalist,iNaturalist research-grade observations
4516890102,"Loxodonta africana (Blumenbach, 1797)",Loxodonta africana,Loxodonta,Elephantidae,-1.554211,35.326524,31446.0,Narok,,,2024-01-24T10:24,2024.0,1.0,24.0,HUMAN_OBSERVATION,iNaturalist,iNaturalist research-grade observations
4516923309,"Loxodonta africana (Blumenbach, 1797)",Loxodonta africana,Loxodonta,Elephantidae,0.056879,36.840261,31451.0,Laikipia,,,2024-01-15T14:16:10,2024.0,1.0,15.0,HUMAN_OBSERVATION,iNaturalist,iNaturalist research-grade observations
4519123232,"Loxodonta africana (Blumenbach, 1797)",Loxodonta africana,Loxodonta,Elephantidae,0.562479,37.441511,31451.0,Isiolo,,,2024-01-26T13:31:44,2024.0,1.0,26.0,HUMAN_OBSERVATION,iNaturalist,iNaturalist research-grade observations
4519159810,"Loxodonta africana (Blumenbach, 1797)",Loxodonta africana,Loxodonta,Elephantidae,-3.283435,38.805067,45359.0,Taita Taveta,,,2024-01-29T09:59:36,2024.0,1.0,29.0,HUMAN_OBSERVATION,iNaturalist,iNaturalist research-grade observations
4519168957,"Loxodonta africana (Blumenbach, 1797)",Loxodonta africana,Loxodonta,Elephantidae,-3.20499,38.917166,53596.0,Taita Taveta,,,2024-01-30T06:39:28,2024.0,1.0,30.0,HUMAN_OBSERVATION,iNaturalist,iNaturalist research-grade observations
4519195463,"Loxodonta africana (Blumenbach, 1797)",Loxodonta africana,Loxodonta,Elephantidae,0.076554,36.954768,31451.0,Laikipia,,,2024-01-09T10:18:14,2024.0,1.0,9.0,HUMAN_OBSERVATION,iNaturalist,iNaturalist research-grade observations
4519217831,"Loxodonta africana (Blumenbach, 1797)",Loxodonta africana,Loxodonta,Elephantidae,-3.253921,38.94239,49513.0,Taita Taveta,,,2024-01-30T06:26:02,2024.0,1.0,30.0,HUMAN_OBSERVATION,iNaturalist,iNaturalist research-grade observations
4519219823,"Loxodonta africana (Blumenbach, 1797)",Loxodonta africana,Loxodonta,Elephantidae,-3.089984,38.889168,64576.0,Taita Taveta,,,2024-01-29T14:31:48,2024.0,1.0,29.0,HUMAN_OBSERVATION,iNaturalist,iNaturalist research-grade observations
4519220767,"Loxodonta africana (Blumenbach, 1797)",Loxodonta africana,Loxodonta,Elephantidae,-3.051677,38.629108,66090.0,Taita Taveta,,,2024-01-29T14:30:51,2024.0,1.0,29.0,HUMAN_OBSERVATION,iNaturalist,iNaturalist research-grade observations
4519231508,"Loxodonta africana (Blumenbach, 1797)",Loxodonta africana,Loxodonta,Elephantidae,-3.379173,38.93564,55482.0,Taita Taveta,,,2024-01-29T14:29:55,2024.0,1.0,29.0,HUMAN_OBSERVATION,iNaturalist,iNaturalist research-grade observations
4519275415,"Loxodonta africana (Blumenbach, 1797)",Loxodonta africana,Loxodonta,Elephantidae,-0.107705,37.896041,716629.0,Meru,,,2024-01-30,2024.0,1.0,30.0,HUMAN_OBSERVATION,iNaturalist,iNaturalist research-grade observations
4535670586,"Loxodonta africana (Blumenbach, 1797)",Loxodonta africana,Loxodonta,Elephantidae,0.018787,36.921049,31451.0,Laikipia,,,2024-01-21T17:04,2024.0,1.0,21.0,HUMAN_OBSERVATION,iNaturalist,iNaturalist research-grade observations
4908690636,"Loxodonta africana (Blumenbach, 1797)",Loxodonta africana,Loxodonta,Elephantidae,-1.4324,35.121276,31446.0,Narok,,,2024-01-21T10:36,2024.0,1.0,21.0,HUMAN_OBSERVATION,iNaturalist,iNaturalist research-grade observations
4954335366,"Loxodonta africana (Blumenbach, 1797)",Loxodonta africana,Loxodonta,Elephantidae,0.648632,37.431316,31450.0,Samburu,,,2024-01-16T12:54:10,2024.0,1.0,16.0,HUMAN_OBSERVATION,iNaturalist,iNaturalist research-grade observations
5104462252,"Loxodonta africana (Blumenbach, 1797)",Loxodonta africana,Loxodonta,Elephantidae,-1.459049,35.19438,31446.0,Narok,,,2024-01-10T00:56,2024.0,1.0,10.0,HUMAN_OBSERVATION,iNaturalist,iNaturalist research-grade observations
5133107807,"Loxodonta africana (Blumenbach, 1797)",Loxodonta africana,Loxodonta,Elephantidae,-2.645639,37.076773,31434.0,Kajiado,,,2024-01-15T06:49:47,2024.0,1.0,15.0,HUMAN_OBSERVATION,iNaturalist,iNaturalist research-grade observations
5133133962,"Loxodonta africana (Blumenbach, 1797)",Loxodonta africana,Loxodonta,Elephantidae,-2.790613,37.187819,31434.0,Kajiado,,,2024-01-15T18:32:52,2024.0,1.0,15.0,HUMAN_OBSERVATION,iNaturalist,iNaturalist research-grade observations
5198573390,"Loxodonta africana (Blumenbach, 1797)",Loxodonta africana,Loxodonta,Elephantidae,-1.535471,35.193981,31446.0,Narok,,,2024-01-03T12:18:18,2024.0,1.0,3.0,HUMAN_OBSERVATION,iNaturalist,iNaturalist research-grade observations
5198615426,"Loxodonta africana (Blumenbach, 1797)",Loxodonta africana,Loxodonta,Elephantidae,-2.603995,37.315192,31434.0,Kajiado,,,2024-01-06T14:13:33,2024.0,1.0,6.0,HUMAN_OBSERVATION,iNaturalist,iNaturalist research-grade observations
5889272706,"Loxodonta africana (Blumenbach, 1797)",Loxodonta africana,Loxodonta,Elephantidae,0.220969,36.987714,31451.0,Laikipia,,,2024-01-08T09:44,2024.0,1.0,8.0,HUMAN_OBSERVATION,iNaturalist,iNaturalist research-grade observations
5889384661,"Loxodonta africana (Blumenbach, 1797)",Loxodonta africana,Loxodonta,Elephantidae,0.349505,36.977664,31451.0,Laikipia,,,2024-01-08T09:23,2024.0,1.0,8.0,HUMAN_OBSERVATION,iNaturalist,iNaturalist research-grade observations
5936324410,"Loxodonta africana (Blumenbach, 1797)",Loxodonta africana,Loxodonta,Elephantidae,-3.330275,38.844011,31425.0,Taita Taveta,,,2024-01-04T09:59,2024.0,1.0,4.0,HUMAN_OBSERVATION,iNaturalist,iNaturalist research-grade observations
6185557139,"Loxodonta africana (Blumenbach, 1797)",Loxodonta africana,Loxodonta,Elephantidae,-1.597193,35.103592,7313813.0,Narok,,,2024-01-12T08:36:18,2024.0,1.0,12.0,HUMAN_OBSERVATION,iNaturalist,iNaturalist research-grade observations
6252373889,"Loxodonta africana (Blumenbach, 1797)",Loxodonta africana,Loxodonta,Elephantidae,0.796342,37.4277,31450.0,Samburu,,,2024-01-16T11:02,2024.0,1.0,16.0,HUMAN_OBSERVATION,iNaturalist,iNaturalist research-grade observations
4522732162,"Loxodonta africana (Blumenbach, 1797)",Loxodonta africana,Loxodonta,Elephantidae,-3.217514,38.877291,102247.0,Taita Taveta,,,2024-02-02T15:14:04,2024.0,2.0,2.0,HUMAN_OBSERVATION,iNaturalist,iNaturalist research-grade observations
4525140286,"Loxodonta africana (Blumenbach, 1797)",Loxodonta africana,Loxodonta,Elephantidae,0.403705,37.552699,31451.0,Isiolo,,,2024-02-13T17:29:49,2024.0,2.0,13.0,HUMAN_OBSERVATION,iNaturalist,iNaturalist research-grade observations
4528044708,"Loxodonta africana (Blumenbach, 1797)",Loxodonta africana,Loxodonta,Elephantidae,-1.416921,35.015306,47840.0,Narok,,,2024-02-21T14:08,2024.0,2.0,21.0,HUMAN_OBSERVATION,iNaturalist,iNaturalist research-grade observations
4528385401,"Loxodonta africana (Blumenbach, 1797)",Loxodonta africana,Loxodonta,Elephantidae,-3.251345,38.759704,31425.0,Taita Taveta,,,2024-02-26T11:25:42,2024.0,2.0,26.0,HUMAN_OBSERVATION,iNaturalist,iNaturalist research-grade observations
4535701283,"Loxodonta africana (Blumenbach, 1797)",Loxodonta africana,Loxodonta,Elephantidae,-2.815165,38.090129,31431.0,Taita Taveta,,,2024-02-16T18:55,2024.0,2.0,16.0,HUMAN_OBSERVATION,iNaturalist,iNaturalist research-grade observations
4535702481,"Loxodonta africana (Blumenbach, 1797)",Loxodonta africana,Loxodonta,Elephantidae,0.615645,37.471542,31450.0,Samburu,,,2024-02-10T19:49,2024.0,2.0,10.0,HUMAN_OBSERVATION,iNaturalist,iNaturalist research-grade observations
4535709322,"Loxodonta africana (Blumenbach, 1797)",Loxodonta africana,Loxodonta,Elephantidae,-3.043223,37.908564,31428.0,Taita Taveta,,,2024-02-17T17:39,2024.0,2.0,17.0,HUMAN_OBSERVATION,iNaturalist,iNaturalist research-grade observations
4535718595,"Loxodonta africana (Blumenbach, 1797)",Loxodonta africana,Loxodonta,Elephantidae,-3.171736,38.47572,31428.0,Taita Taveta,,,2024-02-18T11:18,2024.0,2.0,18.0,HUMAN_OBSERVATION,iNaturalist,iNaturalist research-grade observations
4535725591,"Loxodonta africana (Blumenbach, 1797)",Loxodonta africana,Loxodonta,Elephantidae,-3.309419,38.817603,31425.0,Taita Taveta,,,2024-02-18T15:01,2024.0,2.0,18.0,HUMAN_OBSERVATION,iNaturalist,iNaturalist research-grade observations
4535727706,"Loxodonta africana (Blumenbach, 1797)",Loxodonta africana,Loxodonta,Elephantidae,-1.415726,35.205493,31446.0,Narok,,,2024-02-29T13:16:41,2024.0,2.0,29.0,HUMAN_OBSERVATION,iNaturalist,iNaturalist research-grade observations
4535740325,"Loxodonta africana (Blumenbach, 1797)",Loxodonta africana,Loxodonta,Elephantidae,-2.832743,38.094714,31431.0,Taita Taveta,,,2024-02-17T08:38,2024.0,2.0,17.0,HUMAN_OBSERVATION,iNaturalist,iNaturalist research-grade observations
4535764565,"Loxodonta africana (Blumenbach, 1797)",Loxodonta africana,Loxodonta,Elephantidae,0.718846,37.455458,31450.0,Samburu,,,2024-02-11T12:58,2024.0,2.0,11.0,HUMAN_OBSERVATION,iNaturalist,iNaturalist research-grade observations
4535967613,"Loxodonta africana (Blumenbach, 1797)",Loxodonta africana,Loxodonta,Elephantidae,-3.395337,38.58785,31425.0,Taita Taveta,,,2024-02-18T12:01,2024.0,2.0,18.0,HUMAN_OBSERVATION,iNaturalist,iNaturalist research-grade observations
4535979532,"Loxodonta africana (Blumenbach, 1797)",Loxodonta africana,Loxodonta,Elephantidae,0.605139,37.594511,31450.0,Samburu,,,2024-02-11T12:06,2024.0,2.0,11.0,HUMAN_OBSERVATION,iNaturalist,iNaturalist research-grade observations
4536001514,"Loxodonta africana (Blumenbach, 1797)",Loxodonta africana,Loxodonta,Elephantidae,0.783286,37.469445,31450.0,Samburu,,,2024-02-11T13:34,2024.0,2.0,11.0,HUMAN_OBSERVATION,iNaturalist,iNaturalist research-grade observations
4596856231,"Loxodonta africana (Blumenbach, 1797)",Loxodonta africana,Loxodonta,Elephantidae,-3.299381,38.737412,31425.0,Taita Taveta,,,2024-02-19T18:44,2024.0,2.0,19.0,HUMAN_OBSERVATION,iNaturalist,iNaturalist research-grade observations
4597352987,"Loxodonta africana (Blumenbach, 1797)",Loxodonta africana,Loxodonta,Elephantidae,-3.279328,38.80784,31425.0,Taita Taveta,,,2024-02-20T07:28,2024.0,2.0,20.0,HUMAN_OBSERVATION,iNaturalist,iNaturalist research-grade observations
4607574931,"Loxodonta africana (Blumenbach, 1797)",Loxodonta africana,Loxodonta,Elephantidae,-1.312855,35.148077,31447.0,Narok,,,2024-02-15T20:44,2024.0,2.0,15.0,HUMAN_OBSERVATION,iNaturalist,iNaturalist research-grade observations
4910770193,"Loxodonta africana (Blumenbach, 1797)",Loxodonta africana,Loxodonta,Elephantidae,-1.457524,35.158981,31446.0,Narok,,,2024-02-18T12:01:10,2024.0,2.0,18.0,HUMAN_OBSERVATION,iNaturalist,iNaturalist research-grade observations
4910977513,"Loxodonta africana (Blumenbach, 1797)",Loxodonta africana,Loxodonta,Elephantidae,0.592046,37.498462,31451.0,Isiolo,,,2024-02-14T09:22:14,2024.0,2.0,14.0,HUMAN_OBSERVATION,iNaturalist,iNaturalist research-grade observations
4911045112,"Loxodonta africana (Blumenbach, 1797)",Loxodonta africana,Loxodonta,Elephantidae,-0.374198,36.876978,31451.0,Nyeri,,,2024-02-15T16:07:22,2024.0,2.0,15.0,HUMAN_OBSERVATION,iNaturalist,iNaturalist research-grade observations
4946698619,"Loxodonta africana (Blumenbach, 1797)",Loxodonta africana,Loxodonta,Elephantidae,-2.608817,37.201814,31434.0,Kajiado,,,2024-02-14T18:00:11,2024.0,2.0,14.0,HUMAN_OBSERVATION,iNaturalist,iNaturalist research-grade observations
4953135593,"Loxodonta africana (Blumenbach, 1797)",Loxodonta africana,Loxodonta,Elephantidae,-2.305642,37.295528,31438.0,Kajiado,,,2024-02-13T12:26,2024.0,2.0,13.0,HUMAN_OBSERVATION,iNaturalist,iNaturalist research-grade observations
4953207405,"Loxodonta africana (Blumenbach, 1797)",Loxodonta africana,Loxodonta,Elephantidae,-2.734289,37.329177,31434.0,Kajiado,,,2024-02-11T23:28,2024.0,2.0,11.0,HUMAN_OBSERVATION,iNaturalist,iNaturalist research-grade observations
5006869271,"Loxodonta africana (Blumenbach, 1797)",Loxodonta africana,Loxodonta,Elephantidae,-2.725855,37.221043,31434.0,Kajiado,,,2024-02-11T09:20,2024.0,2.0,11.0,HUMAN_OBSERVATION,iNaturalist,iNaturalist research-grade observations
5006967797,"Loxodonta africana (Blumenbach, 1797)",Loxodonta africana,Loxodonta,Elephantidae,-1.503289,35.309926,31446.0,Narok,,,2024-02-15T09:41,2024.0,2.0,15.0,HUMAN_OBSERVATION,iNaturalist,iNaturalist research-grade observations
5006971217,"Loxodonta africana (Blumenbach, 1797)",Loxodonta africana,Loxodonta,Elephantidae,-2.631521,37.27541,31434.0,Kajiado,,,2024-02-10T12:24,2024.0,2.0,10.0,HUMAN_OBSERVATION,iNaturalist,iNaturalist research-grade observations
5007019494,"Loxodonta africana (Blumenbach, 1797)",Loxodonta africana,Loxodonta,Elephantidae,-2.637813,37.372597,31434.0,Kajiado,,,2024-02-11T14:17,2024.0,2.0,11.0,HUMAN_OBSERVATION,iNaturalist,iNaturalist research-grade observations
5007058345,"Loxodonta africana (Blumenbach, 1797)",Loxodonta africana,Loxodonta,Elephantidae,-1.43772,35.308417,31446.0,Narok,,,2024-02-16T07:47,2024.0,2.0,16.0,HUMAN_OBSERVATION,iNaturalist,iNaturalist research-grade observations
5007143015,"Loxodonta africana (Blumenbach, 1797)",Loxodonta africana,Loxodonta,Elephantidae,-2.749651,37.351109,31434.0,Kajiado,,,2024-02-10T16:51,2024.0,2.0,10.0,HUMAN_OBSERVATION,iNaturalist,iNaturalist research-grade observations
5007143174,"Loxodonta africana (Blumenbach, 1797)",Loxodonta africana,Loxodonta,Elephantidae,-1.777797,35.397839,31444.0,Narok,,,2024-02-15T16:37,2024.0,2.0,15.0,HUMAN_OBSERVATION,iNaturalist,iNaturalist research-grade observations
5007177323,"Loxodonta africana (Blumenbach, 1797)",Loxodonta africana,Loxodonta,Elephantidae,-2.635287,37.296849,31434.0,Kajiado,,,2024-02-10T16:48,2024.0,2.0,10.0,HUMAN_OBSERVATION,iNaturalist,iNaturalist research-grade observations
5007337244,"Loxodonta africana (Blumenbach, 1797)",Loxodonta africana,Loxodonta,Elephantidae,-2.649487,37.221117,31434.0,Kajiado,,,2024-02-11T10:35,2024.0,2.0,11.0,HUMAN_OBSERVATION,iNaturalist,iNaturalist research-grade observations
5007539636,"Loxodonta africana (Blumenbach, 1797)",Loxodonta africana,Loxodonta,Elephantidae,-1.508738,35.032186,31446.0,Narok,,,2024-02-15T12:10,2024.0,2.0,15.0,HUMAN_OBSERVATION,iNaturalist,iNaturalist research-grade observations
5007647417,"Loxodonta africana (Blumenbach, 1797)",Loxodonta africana,Loxodonta,Elephantidae,-2.691509,37.27635,31434.0,Kajiado,,,2024-02-10T18:06,2024.0,2.0,10.0,HUMAN_OBSERVATION,iNaturalist,iNaturalist research-grade observations
5007666571,"Loxodonta africana (Blumenbach, 1797)",Loxodonta africana,Loxodonta,Elephantidae,-1.589839,35.31394,31446.0,Narok,,,2024-02-15T10:02,2024.0,2.0,15.0,HUMAN_OBSERVATION,iNaturalist,iNaturalist research-grade observations
5008332302,"Loxodonta africana (Blumenbach, 1797)",Loxodonta africana,Loxodonta,Elephantidae,-2.713933,37.200233,31434.0,Kajiado,,,2024-02-11T10:36,2024.0,2.0,11.0,HUMAN_OBSERVATION,iNaturalist,iNaturalist research-grade observations
5008423005,"Loxodonta africana (Blumenbach, 1797)",Loxodonta africana,Loxodonta,Elephantidae,-2.718114,37.238885,31434.0,Kajiado,,,2024-02-11T09:51,2024.0,2.0,11.0,HUMAN_OBSERVATION,iNaturalist,iNaturalist research-grade observations
5108413836,"Loxodonta africana (Blumenbach, 1797)",Loxodonta africana,Loxodonta,Elephantidae,0.037731,36.895581,31451.0,Laikipia,,,2024-02-20T17:02,2024.0,2.0,20.0,HUMAN_OBSERVATION,iNaturalist,iNaturalist research-grade observations
5920075624,"Loxodonta africana (Blumenbach, 1797)",Loxodonta africana,Loxodonta,Elephantidae,-2.788062,37.386605,31434.0,Kajiado,,,2024-02-21T08:14,2024.0,2.0,21.0,HUMAN_OBSERVATION,iNaturalist,iNaturalist research-grade observations
6195401166,"Loxodonta africana (Blumenbach, 1797)",Loxodonta africana,Loxodonta,Elephantidae,-2.898525,38.912221,48151.0,Kitui,,,2024-02-29T08:23,2024.0,2.0,29.0,HUMAN_OBSERVATION,iNaturalist,iNaturalist research-grade observations
4535703907,"Loxodonta africana (Blumenbach, 1797)",Loxodonta africana,Loxodonta,Elephantidae,-2.610288,37.26117,31434.0,Kajiado,,,2024-03-02T10:37,2024.0,3.0,2.0,HUMAN_OBSERVATION,iNaturalist,iNaturalist research-grade observations
4535759939,"Loxodonta africana (Blumenbach, 1797)",Loxodonta africana,Loxodonta,Elephantidae,-2.762752,37.299084,31434.0,Kajiado,,,2024-03-02T11:38,2024.0,3.0,2.0,HUMAN_OBSERVATION,iNaturalist,iNaturalist research-grade observations
4535984973,"Loxodonta africana (Blumenbach, 1797)",Loxodonta africana,Loxodonta,Elephantidae,-2.710853,37.222291,31434.0,Kajiado,,,2024-03-02T11:34,2024.0,3.0,2.0,HUMAN_OBSERVATION,iNaturalist,iNaturalist research-grade observations
4535986899,"Loxodonta africana (Blumenbach, 1797)",Loxodonta africana,Loxodonta,Elephantidae,-2.683742,37.265962,31434.0,Kajiado,,,2024-03-02T12:45,2024.0,3.0,2.0,HUMAN_OBSERVATION,iNaturalist,iNaturalist research-grade observations
4535997886,"Loxodonta africana (Blumenbach, 1797)",Loxodonta africana,Loxodonta,Elephantidae,-2.740989,37.342269,31434.0,Kajiado,,,2024-03-02T14:20,2024.0,3.0,2.0,HUMAN_OBSERVATION,iNaturalist,iNaturalist research-grade observations
4536007321,"Loxodonta africana (Blumenbach, 1797)",Loxodonta africana,Loxodonta,Elephantidae,-3.203269,38.541501,31425.0,Taita Taveta,,,2024-03-04T10:19:14,2024.0,3.0,4.0,HUMAN_OBSERVATION,iNaturalist,iNaturalist research-grade observations
4536016355,"Loxodonta africana (Blumenbach, 1797)",Loxodonta africana,Loxodonta,Elephantidae,-2.609727,37.254315,31434.0,Kajiado,,,2024-03-05T15:18:59,2024.0,3.0,5.0,HUMAN_OBSERVATION,iNaturalist,iNaturalist research-grade observations
4596997792,"Loxodonta africana (Blumenbach, 1797)",Loxodonta africana,Loxodonta,Elephantidae,-3.394016,38.583784,31425.0,Taita Taveta,,,2024-03-04T09:56,2024.0,3.0,4.0,HUMAN_OBSERVATION,iNaturalist,iNaturalist research-grade observations
4597504738,"Loxodonta africana (Blumenbach, 1797)",Loxodonta africana,Loxodonta,Elephantidae,-3.303388,38.448245,31425.0,Taita Taveta,,,2024-03-04T10:11,2024.0,3.0,4.0,HUMAN_OBSERVATION,iNaturalist,iNaturalist research-grade observations
4599937181,"Loxodonta africana (Blumenbach, 1797)",Loxodonta africana,Loxodonta,Elephantidae,-3.58068,38.759528,31422.0,Taita Taveta,,,2024-03-23T11:37:09,2024.0,3.0,23.0,HUMAN_OBSERVATION,iNaturalist,iNaturalist research-grade observations
4600070546,"Loxodonta africana (Blumenbach, 1797)",Loxodonta africana,Loxodonta,Elephantidae,-2.693742,37.387558,31434.0,Kajiado,,,2024-03-07T10:07:44,2024.0,3.0,7.0,HUMAN_OBSERVATION,iNaturalist,iNaturalist research-grade observations
4600082540,"Loxodonta africana (Blumenbach, 1797)",Loxodonta africana,Loxodonta,Elephantidae,-3.228333,37.885859,31425.0,Taita Taveta,,,2024-03-18T09:57:18,2024.0,3.0,18.0,HUMAN_OBSERVATION,iNaturalist,iNaturalist research-grade observations
4600134536,"Loxodonta africana (Blumenbach, 1797)",Loxodonta africana,Loxodonta,Elephantidae,-3.22803,37.800706,31425.0,Taita Taveta,,,2024-03-18T10:42:58,2024.0,3.0,18.0,HUMAN_OBSERVATION,iNaturalist,iNaturalist research-grade observations
4600154762,"Loxodonta africana (Blumenbach, 1797)",Loxodonta africana,Loxodonta,Elephantidae,-2.558849,37.399489,31436.0,Kajiado,,,2024-03-19T10:13:53,2024.0,3.0,19.0,HUMAN_OBSERVATION,iNaturalist,iNaturalist research-grade observations
4600169677,"Loxodonta africana (Blumenbach, 1797)",Loxodonta africana,Loxodonta,Elephantidae,-2.762827,37.214997,31434.0,Kajiado,,,2024-03-19T14:01:18,2024.0,3.0,19.0,HUMAN_OBSERVATION,iNaturalist,iNaturalist research-grade observations
4600173716,"Loxodonta africana (Blumenbach, 1797)",Loxodonta africana,Loxodonta,Elephantidae,-2.614313,37.346353,31434.0,Kajiado,,,2024-03-20T05:41:19,2024.0,3.0,20.0,HUMAN_OBSERVATION,iNaturalist,iNaturalist research-grade observations
4606757882,"Loxodonta africana (Blumenbach, 1797)",Loxodonta africana,Loxodonta,Elephantidae,0.30625,36.819495,31451.0,Laikipia,,,2024-03-29T12:21,2024.0,3.0,29.0,HUMAN_OBSERVATION,iNaturalist,iNaturalist research-grade observations
4607368121,"Loxodonta africana (Blumenbach, 1797)",Loxodonta africana,Loxodonta,Elephantidae,-3.438031,37.937935,31422.0,Taita Taveta,,,2024-03-17T20:46,2024.0,3.0,17.0,HUMAN_OBSERVATION,iNaturalist,iNaturalist research-grade observations
4607453327,"Loxodonta africana (Blumenbach, 1797)",Loxodonta africana,Loxodonta,Elephantidae,0.330019,36.900281,31451.0,Laikipia,,,2024-03-10T10:06,2024.0,3.0,10.0,HUMAN_OBSERVATION,iNaturalist,iNaturalist research-grade observations
4852034079,"Loxodonta africana (Blumenbach, 1797)",Loxodonta africana,Loxodonta,Elephantidae,-2.396619,37.575616,31438.0,Kajiado,,,2024-03-28T04:56,2024.0,3.0,28.0,HUMAN_OBSERVATION,iNaturalist,iNaturalist research-grade observations
4908977999,"Loxodonta africana (Blumenbach, 1797)",Loxodonta africana,Loxodonta,Elephantidae,-2.676005,37.288849,31434.0,Kajiado,,,2024-03-15T09:57:42,2024.0,3.0,15.0,HUMAN_OBSERVATION,iNaturalist,iNaturalist research-grade observations
5760853223,"Loxodonta africana (Blumenbach, 1797)",Loxodonta africana,Loxodonta,Elephantidae,-2.703249,37.259063,31434.0,Kajiado,,,2024-03-27,2024.0,3.0,27.0,HUMAN_OBSERVATION,iNaturalist,iNaturalist research-grade observations
5920357758,"Loxodonta africana (Blumenbach, 1797)",Loxodonta africana,Loxodonta,Elephantidae,0.397211,36.943071,31451.0,Laikipia,,,2024-03-31T08:45:14,2024.0,3.0,31.0,HUMAN_OBSERVATION,iNaturalist,iNaturalist research-grade observations
5920439671,"Loxodonta africana (Blumenbach, 1797)",Loxodonta africana,Loxodonta,Elephantidae,0.248981,36.956273,31451.0,Laikipia,,,2024-03-29T06:48:13,2024.0,3.0,29.0,HUMAN_OBSERVATION,iNaturalist,iNaturalist research-grade observations
4606991687,"Loxodonta africana (Blumenbach, 1797)",Loxodonta africana,Loxodonta,Elephantidae,-3.546421,38.843041,31422.0,Taita Taveta,,,2024-04-07T15:15,2024.0,4.0,7.0,HUMAN_OBSERVATION,iNaturalist,iNaturalist research-grade observations
4851954343,"Loxodonta africana (Blumenbach, 1797)",Loxodonta africana,Loxodonta,Elephantidae,-3.428912,38.06065,31422.0,Taita Taveta,,,2024-04-21T08:54:09,2024.0,4.0,21.0,HUMAN_OBSERVATION,iNaturalist,iNaturalist research-grade observations
4852844766,"Loxodonta africana (Blumenbach, 1797)",Loxodonta africana,Loxodonta,Elephantidae,-3.561334,38.075787,31422.0,Taita Taveta,,,2024-04-21T07:13:15,2024.0,4.0,21.0,HUMAN_OBSERVATION,iNaturalist,iNaturalist research-grade observations
4852886782,"Loxodonta africana (Blumenbach, 1797)",Loxodonta africana,Loxodonta,Elephantidae,-3.558635,38.276778,31422.0,Taita Taveta,,,2024-04-21T06:52:07,2024.0,4.0,21.0,HUMAN_OBSERVATION,iNaturalist,iNaturalist research-grade observations
4854843775,"Loxodonta africana (Blumenbach, 1797)",Loxodonta africana,Loxodonta,Elephantidae,-3.716128,38.636507,31418.0,Taita Taveta,,,2024-04-27T13:40:28,2024.0,4.0,27.0,HUMAN_OBSERVATION,iNaturalist,iNaturalist research-grade observations
4854971597,"Loxodonta africana (Blumenbach, 1797)",Loxodonta africana,Loxodonta,Elephantidae,-3.350535,38.51425,31425.0,Taita Taveta,,,2024-04-28T16:38:09,2024.0,4.0,28.0,HUMAN_OBSERVATION,iNaturalist,iNaturalist research-grade observations
4863823762,"Loxodonta africana (Blumenbach, 1797)",Loxodonta africana,Loxodonta,Elephantidae,-1.316208,35.094561,73659.0,Narok,,,2024-04-21T11:12:07,2024.0,4.0,21.0,HUMAN_OBSERVATION,iNaturalist,iNaturalist research-grade observations
4935843964,"Loxodonta africana (Blumenbach, 1797)",Loxodonta africana,Loxodonta,Elephantidae,-2.650936,37.355973,31434.0,Kajiado,,,2024-04-16T14:55,2024.0,4.0,16.0,HUMAN_OBSERVATION,iNaturalist,iNaturalist research-grade observations
4936403513,"Loxodonta africana (Blumenbach, 1797)",Loxodonta africana,Loxodonta,Elephantidae,-2.647766,37.260887,31434.0,Kajiado,,,2024-04-16T16:46,2024.0,4.0,16.0,HUMAN_OBSERVATION,iNaturalist,iNaturalist research-grade observations
4936893569,"Loxodonta africana (Blumenbach, 1797)",Loxodonta africana,Loxodonta,Elephantidae,-1.446113,35.170277,31446.0,Narok,,,2024-04-13T16:22,2024.0,4.0,13.0,HUMAN_OBSERVATION,iNaturalist,iNaturalist research-grade observations
4950429010,"Loxodonta africana (Blumenbach, 1797)",Loxodonta africana,Loxodonta,Elephantidae,0.166836,38.171784,31451.0,Meru,,,2024-04-22T17:11:10,2024.0,4.0,22.0,HUMAN_OBSERVATION,iNaturalist,iNaturalist research-grade observations
5292821584,"Loxodonta africana (Blumenbach, 1797)",Loxodonta africana,Loxodonta,Elephantidae,-2.680564,37.213269,31434.0,Kajiado,,,2024-04-28T08:10,2024.0,4.0,28.0,HUMAN_OBSERVATION,iNaturalist,iNaturalist research-grade observations
4872114638,"Loxodonta africana (Blumenbach, 1797)",Loxodonta africana,Loxodonta,Elephantidae,-1.309352,35.153544,31447.0,Narok,,,2024-05-23T11:17:40,2024.0,5.0,23.0,HUMAN_OBSERVATION,iNaturalist,iNaturalist research-grade observations
4936902629,"Loxodonta africana (Blumenbach, 1797)",Loxodonta africana,Loxodonta,Elephantidae,0.60576,37.581643,31450.0,Samburu,,,2024-05-25T13:29,2024.0,5.0,25.0,HUMAN_OBSERVATION,iNaturalist,iNaturalist research-grade observations
6321048636,"Loxodonta africana (Blumenbach, 1797)",Loxodonta africana,Loxodonta,Elephantidae,1.126652,37.491059,31448.0,Samburu,,,2024-05-26T12:04:35,2024.0,5.0,26.0,HUMAN_OBSERVATION,iNaturalist,iNaturalist research-grade observations
6399082169,"Loxodonta africana (Blumenbach, 1797)",Loxodonta africana,Loxodonta,Elephantidae,-1.533795,35.258539,31446.0,Narok,,,2024-05-21T17:55:16,2024.0,5.0,21.0,HUMAN_OBSERVATION,iNaturalist,iNaturalist research-grade observations
6399670410,"Loxodonta africana (Blumenbach, 1797)",Loxodonta africana,Loxodonta,Elephantidae,0.102044,38.119186,31451.0,Meru,,,2024-05-24T18:17:24,2024.0,5.0,24.0,HUMAN_OBSERVATION,iNaturalist,iNaturalist research-grade observations
6400187927,"Loxodonta africana (Blumenbach, 1797)",Loxodonta africana,Loxodonta,Elephantidae,1.019587,37.249151,31448.0,Samburu,,,2024-05-25T17:12:54,2024.0,5.0,25.0,HUMAN_OBSERVATION,iNaturalist,iNaturalist research-grade observations
4891868608,"Loxodonta africana (Blumenbach, 1797)",Loxodonta africana,Loxodonta,Elephantidae,-0.238817,36.93577,31451.0,Nyeri,,,2024-06-05T18:52:08,2024.0,6.0,5.0,HUMAN_OBSERVATION,iNaturalist,iNaturalist research-grade observations
4892027225,"Loxodonta africana (Blumenbach, 1797)",Loxodonta africana,Loxodonta,Elephantidae,-2.298709,37.399974,31438.0,Kajiado,,,2024-06-05T18:07,2024.0,6.0,5.0,HUMAN_OBSERVATION,iNaturalist,iNaturalist research-grade observations
4901045530,"Loxodonta africana (Blumenbach, 1797)",Loxodonta africana,Loxodonta,Elephantidae,-1.402304,35.169276,31446.0,Narok,,,2024-06-15T13:05,2024.0,6.0,15.0,HUMAN_OBSERVATION,iNaturalist,iNaturalist research-grade observations
4901117539,"Loxodonta africana (Blumenbach, 1797)",Loxodonta africana,Loxodonta,Elephantidae,0.247564,36.827658,31451.0,Laikipia,,,2024-06-20T18:56:28,2024.0,6.0,20.0,HUMAN_OBSERVATION,iNaturalist,iNaturalist research-grade observations
4901790689,"Loxodonta africana (Blumenbach, 1797)",Loxodonta africana,Loxodonta,Elephantidae,-1.499943,35.271523,31446.0,Narok,,,2024-06-17T12:04:24,2024.0,6.0,17.0,HUMAN_OBSERVATION,iNaturalist,iNaturalist research-grade observations
4902091575,"Loxodonta africana (Blumenbach, 1797)",Loxodonta africana,Loxodonta,Elephantidae,0.375781,36.927746,31451.0,Laikipia,,,2024-06-18T17:39:27,2024.0,6.0,18.0,HUMAN_OBSERVATION,iNaturalist,iNaturalist research-grade observations
4902119084,"Loxodonta africana (Blumenbach, 1797)",Loxodonta africana,Loxodonta,Elephantidae,0.381822,36.815559,31451.0,Laikipia,,,2024-06-22T18:48:13,2024.0,6.0,22.0,HUMAN_OBSERVATION,iNaturalist,iNaturalist research-grade observations
4903848100,"Loxodonta africana (Blumenbach, 1797)",Loxodonta africana,Loxodonta,Elephantidae,-2.684019,37.263022,31434.0,Kajiado,,,2024-06-25T17:53:01,2024.0,6.0,25.0,HUMAN_OBSERVATION,iNaturalist,iNaturalist research-grade observations
4903931503,"Loxodonta africana (Blumenbach, 1797)",Loxodonta africana,Loxodonta,Elephantidae,-0.278301,36.894214,31451.0,Nyeri,,,2024-06-18T08:50,2024.0,6.0,18.0,HUMAN_OBSERVATION,iNaturalist,iNaturalist research-grade observations
4904007033,"Loxodonta africana (Blumenbach, 1797)",Loxodonta africana,Loxodonta,Elephantidae,-1.428122,35.18606,31446.0,Narok,,,2024-06-18T15:45:39,2024.0,6.0,18.0,HUMAN_OBSERVATION,iNaturalist,iNaturalist research-grade observations
4904030776,"Loxodonta africana (Blumenbach, 1797)",Loxodonta africana,Loxodonta,Elephantidae,0.519607,37.764648,31451.0,Isiolo,,,2024-06-19T08:15,2024.0,6.0,19.0,HUMAN_OBSERVATION,iNaturalist,iNaturalist research-grade observations
4904046265,"Loxodonta africana (Blumenbach, 1797)",Loxodonta africana,Loxodonta,Elephantidae,0.632981,36.573787,31450.0,Laikipia,,,2024-06-26T15:25:44,2024.0,6.0,26.0,HUMAN_OBSERVATION,iNaturalist,iNaturalist research-grade observations
4904135898,"Loxodonta africana (Blumenbach, 1797)",Loxodonta africana,Loxodonta,Elephantidae,0.407041,37.669833,31451.0,Isiolo,,,2024-06-20T00:14,2024.0,6.0,20.0,HUMAN_OBSERVATION,iNaturalist,iNaturalist research-grade observations
4904276524,"Loxodonta africana (Blumenbach, 1797)",Loxodonta africana,Loxodonta,Elephantidae,0.491076,37.659874,31451.0,Isiolo,,,2024-06-20T00:39,2024.0,6.0,20.0,HUMAN_OBSERVATION,iNaturalist,iNaturalist research-grade observations
4908048155,"Loxodonta africana (Blumenbach, 1797)",Loxodonta africana,Loxodonta,Elephantidae,-1.290269,35.401988,53457.0,Narok,,,2024-06-09T15:43:13,2024.0,6.0,9.0,HUMAN_OBSERVATION,iNaturalist,iNaturalist research-grade observations
4908224599,"Loxodonta africana (Blumenbach, 1797)",Loxodonta africana,Loxodonta,Elephantidae,-1.231777,35.154095,31447.0,Narok,,,2024-06-14T08:08,2024.0,6.0,14.0,HUMAN_OBSERVATION,iNaturalist,iNaturalist research-grade observations
4908368427,"Loxodonta africana (Blumenbach, 1797)",Loxodonta africana,Loxodonta,Elephantidae,-1.546426,35.304384,31446.0,Narok,,,2024-06-28T09:06,2024.0,6.0,28.0,HUMAN_OBSERVATION,iNaturalist,iNaturalist research-grade observations
4908435347,"Loxodonta africana (Blumenbach, 1797)",Loxodonta africana,Loxodonta,Elephantidae,-3.605183,38.787375,31418.0,Taita Taveta,,,2024-06-12T12:15:52,2024.0,6.0,12.0,HUMAN_OBSERVATION,iNaturalist,iNaturalist research-grade observations
4908473980,"Loxodonta africana (Blumenbach, 1797)",Loxodonta africana,Loxodonta,Elephantidae,-1.267499,35.178867,31447.0,Narok,,,2024-06-17T09:35,2024.0,6.0,17.0,HUMAN_OBSERVATION,iNaturalist,iNaturalist research-grade observations
4908721724,"Loxodonta africana (Blumenbach, 1797)",Loxodonta africana,Loxodonta,Elephantidae,-1.542283,35.292569,31446.0,Narok,,,2024-06-26T16:28,2024.0,6.0,26.0,HUMAN_OBSERVATION,iNaturalist,iNaturalist research-grade observations
4908797423,"Loxodonta africana (Blumenbach, 1797)",Loxodonta africana,Loxodonta,Elephantidae,-1.518218,35.054466,31446.0,Narok,,,2024-06-24T05:00,2024.0,6.0,24.0,HUMAN_OBSERVATION,iNaturalist,iNaturalist research-grade observations
4908935376,"Loxodonta africana (Blumenbach, 1797)",Loxodonta africana,Loxodonta,Elephantidae,-1.534886,35.344129,31446.0,Narok,,,2024-06-06T13:42:30,2024.0,6.0,6.0,HUMAN_OBSERVATION,iNaturalist,iNaturalist research-grade observations
4909035404,"Loxodonta africana (Blumenbach, 1797)",Loxodonta africana,Loxodonta,Elephantidae,-1.459936,35.330697,31446.0,Narok,,,2024-06-27T07:37,2024.0,6.0,27.0,HUMAN_OBSERVATION,iNaturalist,iNaturalist research-grade observations
4909089312,"Loxodonta africana (Blumenbach, 1797)",Loxodonta africana,Loxodonta,Elephantidae,-1.596129,35.01459,31446.0,Narok,,,2024-06-28T15:09,2024.0,6.0,28.0,HUMAN_OBSERVATION,iNaturalist,iNaturalist research-grade observations
4919364441,"Loxodonta africana (Blumenbach, 1797)",Loxodonta africana,Loxodonta,Elephantidae,-1.550476,35.071504,31446.0,Narok,,,2024-06-16T09:27,2024.0,6.0,16.0,HUMAN_OBSERVATION,iNaturalist,iNaturalist research-grade observations
4919632250,"Loxodonta africana (Blumenbach, 1797)",Loxodonta africana,Loxodonta,Elephantidae,-1.450122,35.016013,31446.0,Narok,,,2024-06-16T10:30,2024.0,6.0,16.0,HUMAN_OBSERVATION,iNaturalist,iNaturalist research-grade observations
4923598328,"Loxodonta africana (Blumenbach, 1797)",Loxodonta africana,Loxodonta,Elephantidae,-2.689102,37.399039,31434.0,Kajiado,,,2024-06-16T06:30,2024.0,6.0,16.0,HUMAN_OBSERVATION,iNaturalist,iNaturalist research-grade observations
4923895644,"Loxodonta africana (Blumenbach, 1797)",Loxodonta africana,Loxodonta,Elephantidae,0.681804,37.537271,31450.0,Samburu,,,2024-06-18T11:55,2024.0,6.0,18.0,HUMAN_OBSERVATION,iNaturalist,iNaturalist research-grade observations
4926253552,"Loxodonta africana (Blumenbach, 1797)",Loxodonta africana,Loxodonta,Elephantidae,-1.420187,34.841884,31446.0,Narok,,,2024-06-27T14:31,2024.0,6.0,27.0,HUMAN_OBSERVATION,iNaturalist,iNaturalist research-grade observations
4936034888,"Loxodonta africana (Blumenbach, 1797)",Loxodonta africana,Loxodonta,Elephantidae,-3.408256,38.785925,31422.0,Taita Taveta,,,2024-06-12T18:33:32,2024.0,6.0,12.0,HUMAN_OBSERVATION,iNaturalist,iNaturalist research-grade observations
4936869056,"Loxodonta africana (Blumenbach, 1797)",Loxodonta africana,Loxodonta,Elephantidae,-1.533703,35.213586,31446.0,Narok,,,2024-06-17T18:17,2024.0,6.0,17.0,HUMAN_OBSERVATION,iNaturalist,iNaturalist research-grade observations
4936903114,"Loxodonta africana (Blumenbach, 1797)",Loxodonta africana,Loxodonta,Elephantidae,-1.260301,35.018877,31447.0,Narok,,,2024-06-17T09:44,2024.0,6.0,17.0,HUMAN_OBSERVATION,iNaturalist,iNaturalist research-grade observations
4987537267,"Loxodonta africana (Blumenbach, 1797)",Loxodonta africana,Loxodonta,Elephantidae,-1.416909,35.295934,31446.0,Narok,,,2024-06-17T21:04,2024.0,6.0,17.0,HUMAN_OBSERVATION,iNaturalist,iNaturalist research-grade observations
4987549315,"Loxodonta africana (Blumenbach, 1797)",Loxodonta africana,Loxodonta,Elephantidae,-1.454069,35.025479,31446.0,Narok,,,2024-06-17T21:24,2024.0,6.0,17.0,HUMAN_OBSERVATION,iNaturalist,iNaturalist research-grade observations
4987716036,"Loxodonta africana (Blumenbach, 1797)",Loxodonta africana,Loxodonta,Elephantidae,-1.497017,35.07618,31446.0,Narok,,,2024-06-17T21:22,2024.0,6.0,17.0,HUMAN_OBSERVATION,iNaturalist,iNaturalist research-grade observations
4987719012,"Loxodonta africana (Blumenbach, 1797)",Loxodonta africana,Loxodonta,Elephantidae,-1.498761,35.36802,31446.0,Narok,,,2024-06-17,2024.0,6.0,17.0,HUMAN_OBSERVATION,iNaturalist,iNaturalist research-grade observations
5006821951,"Loxodonta africana (Blumenbach, 1797)",Loxodonta africana,Loxodonta,Elephantidae,-0.313729,36.839656,31451.0,Nyeri,,,2024-06-02T18:29:35,2024.0,6.0,2.0,HUMAN_OBSERVATION,iNaturalist,iNaturalist research-grade observations
5063747450,"Loxodonta africana (Blumenbach, 1797)",Loxodonta africana,Loxodonta,Elephantidae,-1.511919,35.209989,31446.0,Narok,,,2024-06-17T14:23,2024.0,6.0,17.0,HUMAN_OBSERVATION,iNaturalist,iNaturalist research-grade observations
5063774479,"Loxodonta africana (Blumenbach, 1797)",Loxodonta africana,Loxodonta,Elephantidae,-1.581347,35.338038,31446.0,Narok,,,2024-06-17T14:32,2024.0,6.0,17.0,HUMAN_OBSERVATION,iNaturalist,iNaturalist research-grade observations
5069991297,"Loxodonta africana (Blumenbach, 1797)",Loxodonta africana,Loxodonta,Elephantidae,-1.590127,35.289202,31446.0,Narok,,,2024-06-17T00:48,2024.0,6.0,17.0,HUMAN_OBSERVATION,iNaturalist,iNaturalist research-grade observations
5070023288,"Loxodonta africana (Blumenbach, 1797)",Loxodonta africana,Loxodonta,Elephantidae,-1.477765,35.277859,31446.0,Narok,,,2024-06-17T21:59,2024.0,6.0,17.0,HUMAN_OBSERVATION,iNaturalist,iNaturalist research-grade observations
5070143333,"Loxodonta africana (Blumenbach, 1797)",Loxodonta africana,Loxodonta,Elephantidae,-1.480857,35.025527,31446.0,Narok,,,2024-06-17T21:54,2024.0,6.0,17.0,HUMAN_OBSERVATION,iNaturalist,iNaturalist research-grade observations
5087067384,"Loxodonta africana (Blumenbach, 1797)",Loxodonta africana,Loxodonta,Elephantidae,-3.078687,39.302097,31428.0,Kilifi,,,2024-06-22T14:17:45,2024.0,6.0,22.0,HUMAN_OBSERVATION,iNaturalist,iNaturalist research-grade observations
5237966890,"Loxodonta africana (Blumenbach, 1797)",Loxodonta africana,Loxodonta,Elephantidae,-0.100765,37.998558,716492.0,Meru,,,2024-06-11,2024.0,6.0,11.0,HUMAN_OBSERVATION,iNaturalist,iNaturalist research-grade observations
5760737928,"Loxodonta africana (Blumenbach, 1797)",Loxodonta africana,Loxodonta,Elephantidae,-1.58656,34.815299,31446.0,Narok,,,2024-06-01T16:10,2024.0,6.0,1.0,HUMAN_OBSERVATION,iNaturalist,iNaturalist research-grade observations
5837661914,"Loxodonta africana (Blumenbach, 1797)",Loxodonta africana,Loxodonta,Elephantidae,-2.709551,37.394051,31434.0,Kajiado,,,2024-06-16T16:50,2024.0,6.0,16.0,HUMAN_OBSERVATION,iNaturalist,iNaturalist research-grade observations
5837801534,"Loxodonta africana (Blumenbach, 1797)",Loxodonta africana,Loxodonta,Elephantidae,-2.674458,37.277735,31434.0,Kajiado,,,2024-06-16T16:19,2024.0,6.0,16.0,HUMAN_OBSERVATION,iNaturalist,iNaturalist research-grade observations
5837842952,"Loxodonta africana (Blumenbach, 1797)",Loxodonta africana,Loxodonta,Elephantidae,0.424077,37.796252,31451.0,Isiolo,,,2024-06-18T16:12,2024.0,6.0,18.0,HUMAN_OBSERVATION,iNaturalist,iNaturalist research-grade observations
5837871757,"Loxodonta africana (Blumenbach, 1797)",Loxodonta africana,Loxodonta,Elephantidae,-1.27432,35.171732,31447.0,Narok,,,2024-06-21T12:25,2024.0,6.0,21.0,HUMAN_OBSERVATION,iNaturalist,iNaturalist research-grade observations
5837899919,"Loxodonta africana (Blumenbach, 1797)",Loxodonta africana,Loxodonta,Elephantidae,-1.211278,35.144064,31447.0,Narok,,,2024-06-20T12:50,2024.0,6.0,20.0,HUMAN_OBSERVATION,iNaturalist,iNaturalist research-grade observations
5837922734,"Loxodonta africana (Blumenbach, 1797)",Loxodonta africana,Loxodonta,Elephantidae,0.523519,37.697085,31451.0,Isiolo,,,2024-06-19T14:24,2024.0,6.0,19.0,HUMAN_OBSERVATION,iNaturalist,iNaturalist research-grade observations
5837954246,"Loxodonta africana (Blumenbach, 1797)",Loxodonta africana,Loxodonta,Elephantidae,0.644227,37.689313,31450.0,Samburu,,,2024-06-20T08:14,2024.0,6.0,20.0,HUMAN_OBSERVATION,iNaturalist,iNaturalist research-grade observations
5892791675,"Loxodonta africana (Blumenbach, 1797)",Loxodonta africana,Loxodonta,Elephantidae,-1.269247,35.076678,31447.0,Narok,,,2024-06-25T17:52:28,2024.0,6.0,25.0,HUMAN_OBSERVATION,iNaturalist,iNaturalist research-grade observations
6320309712,"Loxodonta africana (Blumenbach, 1797)",Loxodonta africana,Loxodonta,Elephantidae,-0.066236,37.372524,67397.0,Meru,,,2024-06-16T15:00,2024.0,6.0,16.0,HUMAN_OBSERVATION,iNaturalist,iNaturalist research-grade observations
4908080261,"Loxodonta africana (Blumenbach, 1797)",Loxodonta africana,Loxodonta,Elephantidae,-2.744312,37.335381,31434.0,Kajiado,,,2024-07-02T18:11,2024.0,7.0,2.0,HUMAN_OBSERVATION,iNaturalist,iNaturalist research-grade observations
4908097607,"Loxodonta africana (Blumenbach, 1797)",Loxodonta africana,Loxodonta,Elephantidae,-2.760408,37.252816,31434.0,Kajiado,,,2024-07-02T18:00,2024.0,7.0,2.0,HUMAN_OBSERVATION,iNaturalist,iNaturalist research-grade observations
4908106473,"Loxodonta africana (Blumenbach, 1797)",Loxodonta africana,Loxodonta,Elephantidae,-2.768218,37.380003,31434.0,Kajiado,,,2024-07-02T17:10,2024.0,7.0,2.0,HUMAN_OBSERVATION,iNaturalist,iNaturalist research-grade observations
4908116541,"Loxodonta africana (Blumenbach, 1797)",Loxodonta africana,Loxodonta,Elephantidae,-2.770081,37.230607,31434.0,Kajiado,,,2024-07-02T17:48,2024.0,7.0,2.0,HUMAN_OBSERVATION,iNaturalist,iNaturalist research-grade observations
4908551519,"Loxodonta africana (Blumenbach, 1797)",Loxodonta africana,Loxodonta,Elephantidae,0.332435,36.81498,31451.0,Laikipia,,,2024-07-12T18:09:15,2024.0,7.0,12.0,HUMAN_OBSERVATION,iNaturalist,iNaturalist research-grade observations
4908629774,"Loxodonta africana (Blumenbach, 1797)",Loxodonta africana,Loxodonta,Elephantidae,-1.533596,35.066604,31446.0,Narok,,,2024-07-13T11:54:20,2024.0,7.0,13.0,HUMAN_OBSERVATION,iNaturalist,iNaturalist research-grade observations
4908695577,"Loxodonta africana (Blumenbach, 1797)",Loxodonta africana,Loxodonta,Elephantidae,0.199915,38.084183,31451.0,Meru,,,2024-07-02T17:19:41,2024.0,7.0,2.0,HUMAN_OBSERVATION,iNaturalist,iNaturalist research-grade observations
4908753771,"Loxodonta africana (Blumenbach, 1797)",Loxodonta africana,Loxodonta,Elephantidae,-1.516369,35.065942,43163.0,Narok,,,2024-07-03T16:33:34,2024.0,7.0,3.0,HUMAN_OBSERVATION,iNaturalist,iNaturalist research-grade observations
4909186465,"Loxodonta africana (Blumenbach, 1797)",Loxodonta africana,Loxodonta,Elephantidae,0.717314,36.606114,31450.0,Laikipia,,,2024-07-16T11:15:05,2024.0,7.0,16.0,HUMAN_OBSERVATION,iNaturalist,iNaturalist research-grade observations
4909300188,"Loxodonta africana (Blumenbach, 1797)",Loxodonta africana,Loxodonta,Elephantidae,-1.597959,35.137859,31446.0,Narok,,,2024-07-04T06:04:44,2024.0,7.0,4.0,HUMAN_OBSERVATION,iNaturalist,iNaturalist research-grade observations
4910642490,"Loxodonta africana (Blumenbach, 1797)",Loxodonta africana,Loxodonta,Elephantidae,-2.6926,37.367384,31434.0,Kajiado,,,2024-07-03T10:58,2024.0,7.0,3.0,HUMAN_OBSERVATION,iNaturalist,iNaturalist research-grade observations
4910670903,"Loxodonta africana (Blumenbach, 1797)",Loxodonta africana,Loxodonta,Elephantidae,0.447648,37.448214,31451.0,Isiolo,,,2024-07-22T04:55:45,2024.0,7.0,22.0,HUMAN_OBSERVATION,iNaturalist,iNaturalist research-grade observations
4910720880,"Loxodonta africana (Blumenbach, 1797)",Loxodonta africana,Loxodonta,Elephantidae,-2.717269,37.387521,31434.0,Kajiado,,,2024-07-17T09:16:59,2024.0,7.0,17.0,HUMAN_OBSERVATION,iNaturalist,iNaturalist research-grade observations
4910760038,"Loxodonta africana (Blumenbach, 1797)",Loxodonta africana,Loxodonta,Elephantidae,-2.664209,37.350138,31434.0,Kajiado,,,2024-07-03T09:55,2024.0,7.0,3.0,HUMAN_OBSERVATION,iNaturalist,iNaturalist research-grade observations
4910785381,"Loxodonta africana (Blumenbach, 1797)",Loxodonta africana,Loxodonta,Elephantidae,0.104338,36.913547,31451.0,Laikipia,,,2024-07-06T11:13,2024.0,7.0,6.0,HUMAN_OBSERVATION,iNaturalist,iNaturalist research-grade observations
4911098496,"Loxodonta africana (Blumenbach, 1797)",Loxodonta africana,Loxodonta,Elephantidae,-2.741054,37.193546,31434.0,Kajiado,,,2024-07-22T17:04:28,2024.0,7.0,22.0,HUMAN_OBSERVATION,iNaturalist,iNaturalist research-grade observations
4919119841,"Loxodonta africana (Blumenbach, 1797)",Loxodonta africana,Loxodonta,Elephantidae,-4.322049,39.333472,31407.0,Kwale,,,2024-07-25T11:47,2024.0,7.0,25.0,HUMAN_OBSERVATION,iNaturalist,iNaturalist research-grade observations
4919138465,"Loxodonta africana (Blumenbach, 1797)",Loxodonta africana,Loxodonta,Elephantidae,0.401938,37.189609,31451.0,Laikipia,,,2024-07-20T23:20:48,2024.0,7.0,20.0,HUMAN_OBSERVATION,iNaturalist,iNaturalist research-grade observations
4919326949,"Loxodonta africana (Blumenbach, 1797)",Loxodonta africana,Loxodonta,Elephantidae,0.322404,36.803302,31451.0,Laikipia,,,2024-07-25T16:58:29,2024.0,7.0,25.0,HUMAN_OBSERVATION,iNaturalist,iNaturalist research-grade observations
4919354356,"Loxodonta africana (Blumenbach, 1797)",Loxodonta africana,Loxodonta,Elephantidae,0.55344,36.740433,31451.0,Laikipia,,,2024-07-25T14:44:49,2024.0,7.0,25.0,HUMAN_OBSERVATION,iNaturalist,iNaturalist research-grade observations
4919388301,"Loxodonta africana (Blumenbach, 1797)",Loxodonta africana,Loxodonta,Elephantidae,-1.239279,34.825216,31447.0,Narok,,,2024-07-23T04:01:21,2024.0,7.0,23.0,HUMAN_OBSERVATION,iNaturalist,iNaturalist research-grade observations
4919405197,"Loxodonta africana (Blumenbach, 1797)",Loxodonta africana,Loxodonta,Elephantidae,0.678956,37.558995,31450.0,Samburu,,,2024-07-23T22:37:24,2024.0,7.0,23.0,HUMAN_OBSERVATION,iNaturalist,iNaturalist research-grade observations
4919475257,"Loxodonta africana (Blumenbach, 1797)",Loxodonta africana,Loxodonta,Elephantidae,-1.291422,34.815534,31447.0,Narok,,,2024-07-21T08:23:48,2024.0,7.0,21.0,HUMAN_OBSERVATION,iNaturalist,iNaturalist research-grade observations
4919741951,"Loxodonta africana (Blumenbach, 1797)",Loxodonta africana,Loxodonta,Elephantidae,0.673084,37.530274,31450.0,Samburu,,,2024-07-23T02:27:10,2024.0,7.0,23.0,HUMAN_OBSERVATION,iNaturalist,iNaturalist research-grade observations
4921489255,"Loxodonta africana (Blumenbach, 1797)",Loxodonta africana,Loxodonta,Elephantidae,0.539281,37.718467,31451.0,Isiolo,,,2024-07-26T17:55,2024.0,7.0,26.0,HUMAN_OBSERVATION,iNaturalist,iNaturalist research-grade observations
4926196930,"Loxodonta africana (Blumenbach, 1797)",Loxodonta africana,Loxodonta,Elephantidae,-1.404358,35.334713,31446.0,Narok,,,2024-07-30T17:04:45,2024.0,7.0,30.0,HUMAN_OBSERVATION,iNaturalist,iNaturalist research-grade observations
4935742984,"Loxodonta africana (Blumenbach, 1797)",Loxodonta africana,Loxodonta,Elephantidae,0.429376,37.736519,31451.0,Isiolo,,,2024-07-27T12:25,2024.0,7.0,27.0,HUMAN_OBSERVATION,iNaturalist,iNaturalist research-grade observations
4936654339,"Loxodonta africana (Blumenbach, 1797)",Loxodonta africana,Loxodonta,Elephantidae,0.579937,37.601529,31451.0,Isiolo,,,2024-07-27T10:25,2024.0,7.0,27.0,HUMAN_OBSERVATION,iNaturalist,iNaturalist research-grade observations
4936911416,"Loxodonta africana (Blumenbach, 1797)",Loxodonta africana,Loxodonta,Elephantidae,0.541294,37.799423,31451.0,Isiolo,,,2024-07-27T10:24,2024.0,7.0,27.0,HUMAN_OBSERVATION,iNaturalist,iNaturalist research-grade observations
4946255052,"Loxodonta africana (Blumenbach, 1797)",Loxodonta africana,Loxodonta,Elephantidae,0.047115,37.048795,31451.0,Nyeri,,,2024-07-06T11:12,2024.0,7.0,6.0,HUMAN_OBSERVATION,iNaturalist,iNaturalist research-grade observations
4950250400,"Loxodonta africana (Blumenbach, 1797)",Loxodonta africana,Loxodonta,Elephantidae,-1.44116,35.236187,31446.0,Narok,,,2024-07-22T09:39:37,2024.0,7.0,22.0,HUMAN_OBSERVATION,iNaturalist,iNaturalist research-grade observations
5063414433,"Loxodonta africana (Blumenbach, 1797)",Loxodonta africana,Loxodonta,Elephantidae,-0.320725,36.16687,31451.0,Nakuru,,,2024-07-27T14:52:23,2024.0,7.0,27.0,HUMAN_OBSERVATION,iNaturalist,iNaturalist research-grade observations
5133097707,"Loxodonta africana (Blumenbach, 1797)",Loxodonta africana,Loxodonta,Elephantidae,-2.609661,37.000486,31434.0,Kajiado,,,2024-07-08T11:08:38,2024.0,7.0,8.0,HUMAN_OBSERVATION,iNaturalist,iNaturalist research-grade observations
5133105659,"Loxodonta africana (Blumenbach, 1797)",Loxodonta africana,Loxodonta,Elephantidae,-2.643715,37.075037,31434.0,Kajiado,,,2024-07-05T10:26:38,2024.0,7.0,5.0,HUMAN_OBSERVATION,iNaturalist,iNaturalist research-grade observations
5133127707,"Loxodonta africana (Blumenbach, 1797)",Loxodonta africana,Loxodonta,Elephantidae,-2.653067,37.2801,31434.0,Kajiado,,,2024-07-04T11:20:39,2024.0,7.0,4.0,HUMAN_OBSERVATION,iNaturalist,iNaturalist research-grade observations
5133133977,"Loxodonta africana (Blumenbach, 1797)",Loxodonta africana,Loxodonta,Elephantidae,-2.622295,37.110881,31434.0,Kajiado,,,2024-07-09T07:53:44,2024.0,7.0,9.0,HUMAN_OBSERVATION,iNaturalist,iNaturalist research-grade observations
5133145806,"Loxodonta africana (Blumenbach, 1797)",Loxodonta africana,Loxodonta,Elephantidae,-2.784236,37.145324,31434.0,Kajiado,,,2024-07-08T07:49:58,2024.0,7.0,8.0,HUMAN_OBSERVATION,iNaturalist,iNaturalist research-grade observations
5133150925,"Loxodonta africana (Blumenbach, 1797)",Loxodonta africana,Loxodonta,Elephantidae,-2.684987,37.172809,31434.0,Kajiado,,,2024-07-04T12:08:41,2024.0,7.0,4.0,HUMAN_OBSERVATION,iNaturalist,iNaturalist research-grade observations
5133150927,"Loxodonta africana (Blumenbach, 1797)",Loxodonta africana,Loxodonta,Elephantidae,-2.638779,37.097306,31434.0,Kajiado,,,2024-07-04T17:52:38,2024.0,7.0,4.0,HUMAN_OBSERVATION,iNaturalist,iNaturalist research-grade observations
5198437216,"Loxodonta africana (Blumenbach, 1797)",Loxodonta africana,Loxodonta,Elephantidae,-1.30582,35.437367,98140.0,Narok,,,2024-07-07T09:28:08,2024.0,7.0,7.0,HUMAN_OBSERVATION,iNaturalist,iNaturalist research-grade observations
5206655624,"Loxodonta africana (Blumenbach, 1797)",Loxodonta africana,Loxodonta,Elephantidae,-1.444436,35.218747,31446.0,Narok,,,2024-07-29T16:45:21,2024.0,7.0,29.0,HUMAN_OBSERVATION,iNaturalist,iNaturalist research-grade observations
5293333017,"Loxodonta africana (Blumenbach, 1797)",Loxodonta africana,Loxodonta,Elephantidae,0.597843,37.574475,31451.0,Samburu,,,2024-07-02T16:06,2024.0,7.0,2.0,HUMAN_OBSERVATION,iNaturalist,iNaturalist research-grade observations
5844215814,"Loxodonta africana (Blumenbach, 1797)",Loxodonta africana,Loxodonta,Elephantidae,-1.405996,35.181503,31446.0,Narok,,,2024-07-30T16:56:37,2024.0,7.0,30.0,HUMAN_OBSERVATION,iNaturalist,iNaturalist research-grade observations
5889273206,"Loxodonta africana (Blumenbach, 1797)",Loxodonta africana,Loxodonta,Elephantidae,-1.224321,34.840485,31447.0,Narok,,,2024-07-11T11:47,2024.0,7.0,11.0,HUMAN_OBSERVATION,iNaturalist,iNaturalist research-grade observations
5889373335,"Loxodonta africana (Blumenbach, 1797)",Loxodonta africana,Loxodonta,Elephantidae,-1.318274,34.96572,31447.0,Narok,,,2024-07-11T11:57,2024.0,7.0,11.0,HUMAN_OBSERVATION,iNaturalist,iNaturalist research-grade observations
5889875013,"Loxodonta africana (Blumenbach, 1797)",Loxodonta africana,Loxodonta,Elephantidae,-1.352539,34.810024,31447.0,Narok,,,2024-07-11T15:45,2024.0,7.0,11.0,HUMAN_OBSERVATION,iNaturalist,iNaturalist research-grade observations
5889956901,"Loxodonta africana (Blumenbach, 1797)",Loxodonta africana,Loxodonta,Elephantidae,-1.191302,35.160148,31448.0,Narok,,,2024-07-13T11:04,2024.0,7.0,13.0,HUMAN_OBSERVATION,iNaturalist,iNaturalist research-grade observations
5890170120,"Loxodonta africana (Blumenbach, 1797)",Loxodonta africana,Loxodonta,Elephantidae,-1.298517,34.840283,31447.0,Narok,,,2024-07-11T12:32,2024.0,7.0,11.0,HUMAN_OBSERVATION,iNaturalist,iNaturalist research-grade observations
5890326580,"Loxodonta africana (Blumenbach, 1797)",Loxodonta africana,Loxodonta,Elephantidae,-1.242053,34.85953,31447.0,Narok,,,2024-07-11T17:34,2024.0,7.0,11.0,HUMAN_OBSERVATION,iNaturalist,iNaturalist research-grade observations
5890337225,"Loxodonta africana (Blumenbach, 1797)",Loxodonta africana,Loxodonta,Elephantidae,-1.367145,34.963108,31447.0,Narok,,,2024-07-11T17:35,2024.0,7.0,11.0,HUMAN_OBSERVATION,iNaturalist,iNaturalist research-grade observations
5890378299,"Loxodonta africana (Blumenbach, 1797)",Loxodonta africana,Loxodonta,Elephantidae,-1.447509,34.978652,31446.0,Narok,,,2024-07-11T13:46,2024.0,7.0,11.0,HUMAN_OBSERVATION,iNaturalist,iNaturalist research-grade observations
5892419761,"Loxodonta africana (Blumenbach, 1797)",Loxodonta africana,Loxodonta,Elephantidae,-1.254298,34.924924,31447.0,Narok,,,2024-07-20T08:28,2024.0,7.0,20.0,HUMAN_OBSERVATION,iNaturalist,iNaturalist research-grade observations
5892516485,"Loxodonta africana (Blumenbach, 1797)",Loxodonta africana,Loxodonta,Elephantidae,-1.338158,34.942153,31447.0,Narok,,,2024-07-20T09:52,2024.0,7.0,20.0,HUMAN_OBSERVATION,iNaturalist,iNaturalist research-grade observations
5892579217,"Loxodonta africana (Blumenbach, 1797)",Loxodonta africana,Loxodonta,Elephantidae,-1.20312,34.804119,31447.0,Narok,,,2024-07-20T10:00,2024.0,7.0,20.0,HUMAN_OBSERVATION,iNaturalist,iNaturalist research-grade observations
5892603638,"Loxodonta africana (Blumenbach, 1797)",Loxodonta africana,Loxodonta,Elephantidae,-1.203841,34.939546,31447.0,Narok,,,2024-07-20T09:50,2024.0,7.0,20.0,HUMAN_OBSERVATION,iNaturalist,iNaturalist research-grade observations
5892666166,"Loxodonta africana (Blumenbach, 1797)",Loxodonta africana,Loxodonta,Elephantidae,-1.392289,34.977069,31447.0,Narok,,,2024-07-20T10:02,2024.0,7.0,20.0,HUMAN_OBSERVATION,iNaturalist,iNaturalist research-grade observations
5892758157,"Loxodonta africana (Blumenbach, 1797)",Loxodonta africana,Loxodonta,Elephantidae,-1.49958,34.827584,31446.0,Narok,,,2024-07-21T12:22,2024.0,7.0,21.0,HUMAN_OBSERVATION,iNaturalist,iNaturalist research-grade observations
5892804216,"Loxodonta africana (Blumenbach, 1797)",Loxodonta africana,Loxodonta,Elephantidae,-1.206936,34.9865,31447.0,Narok,,,2024-07-20T09:56,2024.0,7.0,20.0,HUMAN_OBSERVATION,iNaturalist,iNaturalist research-grade observations
5892861059,"Loxodonta africana (Blumenbach, 1797)",Loxodonta africana,Loxodonta,Elephantidae,-1.333404,34.969492,31447.0,Narok,,,2024-07-20T09:56,2024.0,7.0,20.0,HUMAN_OBSERVATION,iNaturalist,iNaturalist research-grade observations
5892992650,"Loxodonta africana (Blumenbach, 1797)",Loxodonta africana,Loxodonta,Elephantidae,-1.387462,34.902228,31447.0,Narok,,,2024-07-20T08:27,2024.0,7.0,20.0,HUMAN_OBSERVATION,iNaturalist,iNaturalist research-grade observations
5892997451,"Loxodonta africana (Blumenbach, 1797)",Loxodonta africana,Loxodonta,Elephantidae,-1.380568,34.983388,31447.0,Narok,,,2024-07-28T09:02,2024.0,7.0,28.0,HUMAN_OBSERVATION,iNaturalist,iNaturalist research-grade observations
6130321856,"Loxodonta africana (Blumenbach, 1797)",Loxodonta africana,Loxodonta,Elephantidae,0.481735,37.535147,31451.0,Isiolo,,,2024-07-23T00:02:14,2024.0,7.0,23.0,HUMAN_OBSERVATION,iNaturalist,iNaturalist research-grade observations
6147675908,"Loxodonta africana (Blumenbach, 1797)",Loxodonta africana,Loxodonta,Elephantidae,0.697384,36.877372,31450.0,Laikipia,,,2024-07-28T17:43:14,2024.0,7.0,28.0,HUMAN_OBSERVATION,iNaturalist,iNaturalist research-grade observations
6159139511,"Loxodonta africana (Blumenbach, 1797)",Loxodonta africana,Loxodonta,Elephantidae,-1.340718,35.253221,31447.0,Narok,,,2024-07-13T11:56,2024.0,7.0,13.0,HUMAN_OBSERVATION,iNaturalist,iNaturalist research-grade observations
6159575729,"Loxodonta africana (Blumenbach, 1797)",Loxodonta africana,Loxodonta,Elephantidae,-1.258143,35.335043,31447.0,Narok,,,2024-07-13T10:46,2024.0,7.0,13.0,HUMAN_OBSERVATION,iNaturalist,iNaturalist research-grade observations
6481447447,"Loxodonta africana (Blumenbach, 1797)",Loxodonta africana,Loxodonta,Elephantidae,-2.267237,37.14367,31438.0,Kajiado,,,2024-07-24T11:56,2024.0,7.0,24.0,HUMAN_OBSERVATION,iNaturalist,iNaturalist research-grade observations
4921938838,"Loxodonta africana (Blumenbach, 1797)",Loxodonta africana,Loxodonta,Elephantidae,0.280425,36.933114,31451.0,Laikipia,,,2024-08-02T18:28:39,2024.0,8.0,2.0,HUMAN_OBSERVATION,iNaturalist,iNaturalist research-grade observations
4923692341,"Loxodonta africana (Blumenbach, 1797)",Loxodonta africana,Loxodonta,Elephantidae,0.62029,36.727068,31450.0,Laikipia,,,2024-08-04T10:12:23,2024.0,8.0,4.0,HUMAN_OBSERVATION,iNaturalist,iNaturalist research-grade observations
4923706350,"Loxodonta africana (Blumenbach, 1797)",Loxodonta africana,Loxodonta,Elephantidae,0.274072,36.860466,31451.0,Laikipia,,,2024-08-13T17:53:15,2024.0,8.0,13.0,HUMAN_OBSERVATION,iNaturalist,iNaturalist research-grade observations
4923730688,"Loxodonta africana (Blumenbach, 1797)",Loxodonta africana,Loxodonta,Elephantidae,0.211258,36.95871,31451.0,Laikipia,,,2024-08-12T14:22:36,2024.0,8.0,12.0,HUMAN_OBSERVATION,iNaturalist,iNaturalist research-grade observations
4923783570,"Loxodonta africana (Blumenbach, 1797)",Loxodonta africana,Loxodonta,Elephantidae,-1.20798,34.808447,31447.0,Narok,,,2024-08-10T18:22:54,2024.0,8.0,10.0,HUMAN_OBSERVATION,iNaturalist,iNaturalist research-grade observations
4923802034,"Loxodonta africana (Blumenbach, 1797)",Loxodonta africana,Loxodonta,Elephantidae,-1.330283,35.025146,31447.0,Narok,,,2024-08-10T09:04:55,2024.0,8.0,10.0,HUMAN_OBSERVATION,iNaturalist,iNaturalist research-grade observations
4923842299,"Loxodonta africana (Blumenbach, 1797)",Loxodonta africana,Loxodonta,Elephantidae,0.30676,36.950647,31451.0,Laikipia,,,2024-08-13T18:08:25,2024.0,8.0,13.0,HUMAN_OBSERVATION,iNaturalist,iNaturalist research-grade observations
4923845529,"Loxodonta africana (Blumenbach, 1797)",Loxodonta africana,Loxodonta,Elephantidae,-1.561997,35.094898,43163.0,Narok,,,2024-08-02T01:17:01,2024.0,8.0,2.0,HUMAN_OBSERVATION,iNaturalist,iNaturalist research-grade observations
4923856097,"Loxodonta africana (Blumenbach, 1797)",Loxodonta africana,Loxodonta,Elephantidae,-1.334091,34.968014,31447.0,Narok,,,2024-08-11T13:16:57,2024.0,8.0,11.0,HUMAN_OBSERVATION,iNaturalist,iNaturalist research-grade observations
4923921098,"Loxodonta africana (Blumenbach, 1797)",Loxodonta africana,Loxodonta,Elephantidae,0.653373,36.780832,31450.0,Laikipia,,,2024-08-11T09:03:48,2024.0,8.0,11.0,HUMAN_OBSERVATION,iNaturalist,iNaturalist research-grade observations
4924096114,"Loxodonta africana (Blumenbach, 1797)",Loxodonta africana,Loxodonta,Elephantidae,0.798481,36.422764,31450.0,Laikipia,,,2024-08-09T16:48:19,2024.0,8.0,9.0,HUMAN_OBSERVATION,iNaturalist,iNaturalist research-grade observations
4924120962,"Loxodonta africana (Blumenbach, 1797)",Loxodonta africana,Loxodonta,Elephantidae,0.723425,36.792828,31450.0,Laikipia,,,2024-08-11T09:33:59,2024.0,8.0,11.0,HUMAN_OBSERVATION,iNaturalist,iNaturalist research-grade observations
4925923970,"Loxodonta africana (Blumenbach, 1797)",Loxodonta africana,Loxodonta,Elephantidae,-1.580062,35.331613,31446.0,Narok,,,2024-08-13T09:27:56,2024.0,8.0,13.0,HUMAN_OBSERVATION,iNaturalist,iNaturalist research-grade observations
4926190874,"Loxodonta africana (Blumenbach, 1797)",Loxodonta africana,Loxodonta,Elephantidae,-1.493654,35.1069,31446.0,Narok,,,2024-08-20T10:20:08,2024.0,8.0,20.0,HUMAN_OBSERVATION,iNaturalist,iNaturalist research-grade observations
4926351117,"Loxodonta africana (Blumenbach, 1797)",Loxodonta africana,Loxodonta,Elephantidae,-1.462206,35.274104,31446.0,Narok,,,2024-08-17T17:41:23,2024.0,8.0,17.0,HUMAN_OBSERVATION,iNaturalist,iNaturalist research-grade observations
4936017120,"Loxodonta africana (Blumenbach, 1797)",Loxodonta africana,Loxodonta,Elephantidae,0.479696,37.6874,31451.0,Isiolo,,,2024-08-31T17:41:22,2024.0,8.0,31.0,HUMAN_OBSERVATION,iNaturalist,iNaturalist research-grade observations
4936534695,"Loxodonta africana (Blumenbach, 1797)",Loxodonta africana,Loxodonta,Elephantidae,-1.336242,35.010336,31447.0,Narok,,,2024-08-26T11:07:32,2024.0,8.0,26.0,HUMAN_OBSERVATION,iNaturalist,iNaturalist research-grade observations
4950090313,"Loxodonta africana (Blumenbach, 1797)",Loxodonta africana,Loxodonta,Elephantidae,0.596319,37.443334,31451.0,Samburu,,,2024-08-10T10:05,2024.0,8.0,10.0,HUMAN_OBSERVATION,iNaturalist,iNaturalist research-grade observations
4950090401,"Loxodonta africana (Blumenbach, 1797)",Loxodonta africana,Loxodonta,Elephantidae,0.498505,37.486757,31451.0,Isiolo,,,2024-08-10T09:41,2024.0,8.0,10.0,HUMAN_OBSERVATION,iNaturalist,iNaturalist research-grade observations
4950097411,"Loxodonta africana (Blumenbach, 1797)",Loxodonta africana,Loxodonta,Elephantidae,0.528896,37.438368,31451.0,Samburu,,,2024-08-10T10:05,2024.0,8.0,10.0,HUMAN_OBSERVATION,iNaturalist,iNaturalist research-grade observations
4950217770,"Loxodonta africana (Blumenbach, 1797)",Loxodonta africana,Loxodonta,Elephantidae,0.413961,37.478756,31451.0,Isiolo,,,2024-08-10T01:50,2024.0,8.0,10.0,HUMAN_OBSERVATION,iNaturalist,iNaturalist research-grade observations
4950220385,"Loxodonta africana (Blumenbach, 1797)",Loxodonta africana,Loxodonta,Elephantidae,0.560889,37.574765,31451.0,Isiolo,,,2024-08-10T01:48,2024.0,8.0,10.0,HUMAN_OBSERVATION,iNaturalist,iNaturalist research-grade observations
4950272399,"Loxodonta africana (Blumenbach, 1797)",Loxodonta africana,Loxodonta,Elephantidae,0.441787,37.557965,31451.0,Isiolo,,,2024-08-10T10:11,2024.0,8.0,10.0,HUMAN_OBSERVATION,iNaturalist,iNaturalist research-grade observations
4950360790,"Loxodonta africana (Blumenbach, 1797)",Loxodonta africana,Loxodonta,Elephantidae,0.427957,37.599516,31451.0,Samburu,,,2024-08-10T10:08,2024.0,8.0,10.0,HUMAN_OBSERVATION,iNaturalist,iNaturalist research-grade observations
4950375436,"Loxodonta africana (Blumenbach, 1797)",Loxodonta africana,Loxodonta,Elephantidae,0.421476,37.543215,31451.0,Isiolo,,,2024-08-10T01:53,2024.0,8.0,10.0,HUMAN_OBSERVATION,iNaturalist,iNaturalist research-grade observations
4950456714,"Loxodonta africana (Blumenbach, 1797)",Loxodonta africana,Loxodonta,Elephantidae,0.535122,37.509263,31451.0,Isiolo,,,2024-08-10T01:55,2024.0,8.0,10.0,HUMAN_OBSERVATION,iNaturalist,iNaturalist research-grade observations
4950514153,"Loxodonta africana (Blumenbach, 1797)",Loxodonta africana,Loxodonta,Elephantidae,0.499855,37.502692,31451.0,Isiolo,,,2024-08-10T10:10,2024.0,8.0,10.0,HUMAN_OBSERVATION,iNaturalist,iNaturalist research-grade observations
4950549582,"Loxodonta africana (Blumenbach, 1797)",Loxodonta africana,Loxodonta,Elephantidae,0.498544,37.510637,31451.0,Samburu,,,2024-08-10T10:05,2024.0,8.0,10.0,HUMAN_OBSERVATION,iNaturalist,iNaturalist research-grade observations
4981902671,"Loxodonta africana (Blumenbach, 1797)",Loxodonta africana,Loxodonta,Elephantidae,-1.344894,35.034776,31447.0,Narok,,,2024-08-24T01:14,2024.0,8.0,24.0,HUMAN_OBSERVATION,iNaturalist,iNaturalist research-grade observations
4982088498,"Loxodonta africana (Blumenbach, 1797)",Loxodonta africana,Loxodonta,Elephantidae,-1.392318,35.10971,31447.0,Narok,,,2024-08-24T01:15,2024.0,8.0,24.0,HUMAN_OBSERVATION,iNaturalist,iNaturalist research-grade observations
4994033298,"Loxodonta africana (Blumenbach, 1797)",Loxodonta africana,Loxodonta,Elephantidae,0.650524,37.739711,31450.0,Samburu,,,2024-08-11T00:36,2024.0,8.0,11.0,HUMAN_OBSERVATION,iNaturalist,iNaturalist research-grade observations
4994655337,"Loxodonta africana (Blumenbach, 1797)",Loxodonta africana,Loxodonta,Elephantidae,0.713849,37.752661,31450.0,Samburu,,,2024-08-11T02:00,2024.0,8.0,11.0,HUMAN_OBSERVATION,iNaturalist,iNaturalist research-grade observations
5006694619,"Loxodonta africana (Blumenbach, 1797)",Loxodonta africana,Loxodonta,Elephantidae,-1.626056,35.264125,31444.0,Narok,,,2024-08-09T17:28,2024.0,8.0,9.0,HUMAN_OBSERVATION,iNaturalist,iNaturalist research-grade observations
5007041011,"Loxodonta africana (Blumenbach, 1797)",Loxodonta africana,Loxodonta,Elephantidae,-2.784405,37.222616,31434.0,Kajiado,,,2024-08-26T09:29,2024.0,8.0,26.0,HUMAN_OBSERVATION,iNaturalist,iNaturalist research-grade observations
5007248766,"Loxodonta africana (Blumenbach, 1797)",Loxodonta africana,Loxodonta,Elephantidae,0.414046,37.582927,31451.0,Isiolo,,,2024-08-12T00:33,2024.0,8.0,12.0,HUMAN_OBSERVATION,iNaturalist,iNaturalist research-grade observations
5007384241,"Loxodonta africana (Blumenbach, 1797)",Loxodonta africana,Loxodonta,Elephantidae,-2.719967,37.326753,31434.0,Kajiado,,,2024-08-26T23:18,2024.0,8.0,26.0,HUMAN_OBSERVATION,iNaturalist,iNaturalist research-grade observations
5007535702,"Loxodonta africana (Blumenbach, 1797)",Loxodonta africana,Loxodonta,Elephantidae,-1.703365,35.389971,31444.0,Narok,,,2024-08-09T17:17,2024.0,8.0,9.0,HUMAN_OBSERVATION,iNaturalist,iNaturalist research-grade observations
5007673888,"Loxodonta africana (Blumenbach, 1797)",Loxodonta africana,Loxodonta,Elephantidae,-1.383173,35.042902,31447.0,Narok,,,2024-08-22T01:40,2024.0,8.0,22.0,HUMAN_OBSERVATION,iNaturalist,iNaturalist research-grade observations
5007727401,"Loxodonta africana (Blumenbach, 1797)",Loxodonta africana,Loxodonta,Elephantidae,0.560344,37.409583,31451.0,Isiolo,,,2024-08-10T01:53,2024.0,8.0,10.0,HUMAN_OBSERVATION,iNaturalist,iNaturalist research-grade observations
5007789036,"Loxodonta africana (Blumenbach, 1797)",Loxodonta africana,Loxodonta,Elephantidae,-0.240515,36.878955,31451.0,Nyeri,,,2024-08-12T10:28,2024.0,8.0,12.0,HUMAN_OBSERVATION,iNaturalist,iNaturalist research-grade observations
5007795860,"Loxodonta africana (Blumenbach, 1797)",Loxodonta africana,Loxodonta,Elephantidae,-2.679772,37.212143,31434.0,Kajiado,,,2024-08-27T02:12,2024.0,8.0,27.0,HUMAN_OBSERVATION,iNaturalist,iNaturalist research-grade observations
5007836813,"Loxodonta africana (Blumenbach, 1797)",Loxodonta africana,Loxodonta,Elephantidae,-0.23252,36.979742,31451.0,Nyeri,,,2024-08-12T15:01,2024.0,8.0,12.0,HUMAN_OBSERVATION,iNaturalist,iNaturalist research-grade observations
5008046213,"Loxodonta africana (Blumenbach, 1797)",Loxodonta africana,Loxodonta,Elephantidae,0.779637,37.777746,31450.0,Samburu,,,2024-08-11T00:36,2024.0,8.0,11.0,HUMAN_OBSERVATION,iNaturalist,iNaturalist research-grade observations
5008077351,"Loxodonta africana (Blumenbach, 1797)",Loxodonta africana,Loxodonta,Elephantidae,-2.687845,37.216778,31434.0,Kajiado,,,2024-08-26T03:02,2024.0,8.0,26.0,HUMAN_OBSERVATION,iNaturalist,iNaturalist research-grade observations
5008149820,"Loxodonta africana (Blumenbach, 1797)",Loxodonta africana,Loxodonta,Elephantidae,-1.232959,35.103502,31447.0,Narok,,,2024-08-22T01:13,2024.0,8.0,22.0,HUMAN_OBSERVATION,iNaturalist,iNaturalist research-grade observations
5008352712,"Loxodonta africana (Blumenbach, 1797)",Loxodonta africana,Loxodonta,Elephantidae,-1.614955,35.231013,31444.0,Narok,,,2024-08-09T17:41,2024.0,8.0,9.0,HUMAN_OBSERVATION,iNaturalist,iNaturalist research-grade observations
5036661773,"Loxodonta africana (Blumenbach, 1797)",Loxodonta africana,Loxodonta,Elephantidae,-2.619823,37.335973,31434.0,Kajiado,,,2024-08-13T12:39,2024.0,8.0,13.0,HUMAN_OBSERVATION,iNaturalist,iNaturalist research-grade observations
5036693866,"Loxodonta africana (Blumenbach, 1797)",Loxodonta africana,Loxodonta,Elephantidae,-2.739996,37.314841,31434.0,Kajiado,,,2024-08-13T11:58,2024.0,8.0,13.0,HUMAN_OBSERVATION,iNaturalist,iNaturalist research-grade observations
5036718874,"Loxodonta africana (Blumenbach, 1797)",Loxodonta africana,Loxodonta,Elephantidae,-2.702515,37.393226,31434.0,Kajiado,,,2024-08-13T10:28,2024.0,8.0,13.0,HUMAN_OBSERVATION,iNaturalist,iNaturalist research-grade observations
5036818621,"Loxodonta africana (Blumenbach, 1797)",Loxodonta africana,Loxodonta,Elephantidae,-2.621681,37.328229,31434.0,Kajiado,,,2024-08-13T12:52,2024.0,8.0,13.0,HUMAN_OBSERVATION,iNaturalist,iNaturalist research-grade observations
5036832884,"Loxodonta africana (Blumenbach, 1797)",Loxodonta africana,Loxodonta,Elephantidae,-2.728793,37.492442,31434.0,Kajiado,,,2024-08-13T07:24:14,2024.0,8.0,13.0,HUMAN_OBSERVATION,iNaturalist,iNaturalist research-grade observations
5036908174,"Loxodonta africana (Blumenbach, 1797)",Loxodonta africana,Loxodonta,Elephantidae,-2.683887,37.325766,31434.0,Kajiado,,,2024-08-13T10:13,2024.0,8.0,13.0,HUMAN_OBSERVATION,iNaturalist,iNaturalist research-grade observations
5036959702,"Loxodonta africana (Blumenbach, 1797)",Loxodonta africana,Loxodonta,Elephantidae,-2.719451,37.344163,31434.0,Kajiado,,,2024-08-13T11:44,2024.0,8.0,13.0,HUMAN_OBSERVATION,iNaturalist,iNaturalist research-grade observations
5037055674,"Loxodonta africana (Blumenbach, 1797)",Loxodonta africana,Loxodonta,Elephantidae,-2.798354,37.291412,31434.0,Kajiado,,,2024-08-13T11:10,2024.0,8.0,13.0,HUMAN_OBSERVATION,iNaturalist,iNaturalist research-grade observations
5037087238,"Loxodonta africana (Blumenbach, 1797)",Loxodonta africana,Loxodonta,Elephantidae,-1.227937,34.922119,31447.0,Narok,,,2024-08-22T02:39,2024.0,8.0,22.0,HUMAN_OBSERVATION,iNaturalist,iNaturalist research-grade observations
5037130859,"Loxodonta africana (Blumenbach, 1797)",Loxodonta africana,Loxodonta,Elephantidae,-2.680926,37.398856,31434.0,Kajiado,,,2024-08-13T09:32,2024.0,8.0,13.0,HUMAN_OBSERVATION,iNaturalist,iNaturalist research-grade observations
5037255373,"Loxodonta africana (Blumenbach, 1797)",Loxodonta africana,Loxodonta,Elephantidae,-2.7799,37.251254,31434.0,Kajiado,,,2024-08-13T10:24,2024.0,8.0,13.0,HUMAN_OBSERVATION,iNaturalist,iNaturalist research-grade observations
5062975219,"Loxodonta africana (Blumenbach, 1797)",Loxodonta africana,Loxodonta,Elephantidae,-2.625475,37.392103,31434.0,Kajiado,,,2024-08-13T13:04,2024.0,8.0,13.0,HUMAN_OBSERVATION,iNaturalist,iNaturalist research-grade observations
5062981290,"Loxodonta africana (Blumenbach, 1797)",Loxodonta africana,Loxodonta,Elephantidae,-2.613551,37.32652,31434.0,Kajiado,,,2024-08-13T13:25,2024.0,8.0,13.0,HUMAN_OBSERVATION,iNaturalist,iNaturalist research-grade observations
5062982225,"Loxodonta africana (Blumenbach, 1797)",Loxodonta africana,Loxodonta,Elephantidae,-2.793009,37.273974,31434.0,Kajiado,,,2024-08-13T15:21,2024.0,8.0,13.0,HUMAN_OBSERVATION,iNaturalist,iNaturalist research-grade observations
5062985299,"Loxodonta africana (Blumenbach, 1797)",Loxodonta africana,Loxodonta,Elephantidae,-2.756805,37.23002,31434.0,Kajiado,,,2024-08-13T15:04,2024.0,8.0,13.0,HUMAN_OBSERVATION,iNaturalist,iNaturalist research-grade observations
5062994165,"Loxodonta africana (Blumenbach, 1797)",Loxodonta africana,Loxodonta,Elephantidae,-2.790593,37.24784,31434.0,Kajiado,,,2024-08-13T14:18,2024.0,8.0,13.0,HUMAN_OBSERVATION,iNaturalist,iNaturalist research-grade observations
5063036841,"Loxodonta africana (Blumenbach, 1797)",Loxodonta africana,Loxodonta,Elephantidae,-2.698714,37.289566,31434.0,Kajiado,,,2024-08-14T07:43,2024.0,8.0,14.0,HUMAN_OBSERVATION,iNaturalist,iNaturalist research-grade observations
5063037304,"Loxodonta africana (Blumenbach, 1797)",Loxodonta africana,Loxodonta,Elephantidae,-2.65823,37.220584,31434.0,Kajiado,,,2024-08-13T15:16,2024.0,8.0,13.0,HUMAN_OBSERVATION,iNaturalist,iNaturalist research-grade observations
5063051671,"Loxodonta africana (Blumenbach, 1797)",Loxodonta africana,Loxodonta,Elephantidae,-2.788511,37.302801,31434.0,Kajiado,,,2024-08-13T18:16,2024.0,8.0,13.0,HUMAN_OBSERVATION,iNaturalist,iNaturalist research-grade observations
5063072719,"Loxodonta africana (Blumenbach, 1797)",Loxodonta africana,Loxodonta,Elephantidae,-2.678505,37.260143,31434.0,Kajiado,,,2024-08-14T07:01,2024.0,8.0,14.0,HUMAN_OBSERVATION,iNaturalist,iNaturalist research-grade observations
5064020616,"Loxodonta africana (Blumenbach, 1797)",Loxodonta africana,Loxodonta,Elephantidae,-1.400042,35.177968,31446.0,Narok,,,2024-08-22T08:06,2024.0,8.0,22.0,HUMAN_OBSERVATION,iNaturalist,iNaturalist research-grade observations
5069814995,"Loxodonta africana (Blumenbach, 1797)",Loxodonta africana,Loxodonta,Elephantidae,-1.471492,34.863301,31446.0,Narok,,,2024-08-23T02:29,2024.0,8.0,23.0,HUMAN_OBSERVATION,iNaturalist,iNaturalist research-grade observations
5069834065,"Loxodonta africana (Blumenbach, 1797)",Loxodonta africana,Loxodonta,Elephantidae,-1.522084,34.909215,31446.0,Narok,,,2024-08-23T01:46,2024.0,8.0,23.0,HUMAN_OBSERVATION,iNaturalist,iNaturalist research-grade observations
5069856005,"Loxodonta africana (Blumenbach, 1797)",Loxodonta africana,Loxodonta,Elephantidae,-1.33547,34.950356,31447.0,Narok,,,2024-08-23T00:25,2024.0,8.0,23.0,HUMAN_OBSERVATION,iNaturalist,iNaturalist research-grade observations
5176505478,"Loxodonta africana (Blumenbach, 1797)",Loxodonta africana,Loxodonta,Elephantidae,-1.690864,35.393053,31444.0,Narok,,,2024-08-23T09:53:50,2024.0,8.0,23.0,HUMAN_OBSERVATION,iNaturalist,iNaturalist research-grade observations
5176573447,"Loxodonta africana (Blumenbach, 1797)",Loxodonta africana,Loxodonta,Elephantidae,-1.579224,35.046215,31446.0,Narok,,,2024-08-23T12:42:18,2024.0,8.0,23.0,HUMAN_OBSERVATION,iNaturalist,iNaturalist research-grade observations
5176644038,"Loxodonta africana (Blumenbach, 1797)",Loxodonta africana,Loxodonta,Elephantidae,-1.571781,35.127061,31446.0,Narok,,,2024-08-23T12:41:43,2024.0,8.0,23.0,HUMAN_OBSERVATION,iNaturalist,iNaturalist research-grade observations
5176931243,"Loxodonta africana (Blumenbach, 1797)",Loxodonta africana,Loxodonta,Elephantidae,-1.41936,35.069057,31446.0,Narok,,,2024-08-23T12:41:46,2024.0,8.0,23.0,HUMAN_OBSERVATION,iNaturalist,iNaturalist research-grade observations
5177061002,"Loxodonta africana (Blumenbach, 1797)",Loxodonta africana,Loxodonta,Elephantidae,-1.780509,35.280506,31444.0,Narok,,,2024-08-23T09:48:46,2024.0,8.0,23.0,HUMAN_OBSERVATION,iNaturalist,iNaturalist research-grade observations
5177086117,"Loxodonta africana (Blumenbach, 1797)",Loxodonta africana,Loxodonta,Elephantidae,-1.539184,35.054279,31446.0,Narok,,,2024-08-23T12:46:06,2024.0,8.0,23.0,HUMAN_OBSERVATION,iNaturalist,iNaturalist research-grade observations
5291990436,"Loxodonta africana (Blumenbach, 1797)",Loxodonta africana,Loxodonta,Elephantidae,-3.33098,38.504382,31425.0,Taita Taveta,,,2024-08-28T14:54:28,2024.0,8.0,28.0,HUMAN_OBSERVATION,iNaturalist,iNaturalist research-grade observations
5292056416,"Loxodonta africana (Blumenbach, 1797)",Loxodonta africana,Loxodonta,Elephantidae,-2.784739,37.26011,31434.0,Kajiado,,,2024-08-24T06:48,2024.0,8.0,24.0,HUMAN_OBSERVATION,iNaturalist,iNaturalist research-grade observations
5292283510,"Loxodonta africana (Blumenbach, 1797)",Loxodonta africana,Loxodonta,Elephantidae,0.718834,37.400921,31450.0,Samburu,,,2024-08-18T18:04,2024.0,8.0,18.0,HUMAN_OBSERVATION,iNaturalist,iNaturalist research-grade observations
5840230698,"Loxodonta africana (Blumenbach, 1797)",Loxodonta africana,Loxodonta,Elephantidae,0.634979,37.485154,31450.0,Samburu,,,2024-08-13T17:23:45,2024.0,8.0,13.0,HUMAN_OBSERVATION,iNaturalist,iNaturalist research-grade observations
5840558475,"Loxodonta africana (Blumenbach, 1797)",Loxodonta africana,Loxodonta,Elephantidae,-0.02189,36.844316,31451.0,Laikipia,,,2024-08-15T09:04:49,2024.0,8.0,15.0,HUMAN_OBSERVATION,iNaturalist,iNaturalist research-grade observations
5844009478,"Loxodonta africana (Blumenbach, 1797)",Loxodonta africana,Loxodonta,Elephantidae,0.740624,37.778663,31450.0,Isiolo,,,2024-08-22T08:44,2024.0,8.0,22.0,HUMAN_OBSERVATION,iNaturalist,iNaturalist research-grade observations
5844029931,"Loxodonta africana (Blumenbach, 1797)",Loxodonta africana,Loxodonta,Elephantidae,0.034326,38.179213,31451.0,Meru,,,2024-08-12T16:34,2024.0,8.0,12.0,HUMAN_OBSERVATION,iNaturalist,iNaturalist research-grade observations
5844142683,"Loxodonta africana (Blumenbach, 1797)",Loxodonta africana,Loxodonta,Elephantidae,0.578455,37.559037,31451.0,Isiolo,,,2024-08-14T07:04,2024.0,8.0,14.0,HUMAN_OBSERVATION,iNaturalist,iNaturalist research-grade observations
5844146291,"Loxodonta africana (Blumenbach, 1797)",Loxodonta africana,Loxodonta,Elephantidae,0.114919,36.888233,31451.0,Laikipia,,,2024-08-24T17:47,2024.0,8.0,24.0,HUMAN_OBSERVATION,iNaturalist,iNaturalist research-grade observations
5844155242,"Loxodonta africana (Blumenbach, 1797)",Loxodonta africana,Loxodonta,Elephantidae,0.053604,36.901565,31451.0,Laikipia,,,2024-08-15T17:45,2024.0,8.0,15.0,HUMAN_OBSERVATION,iNaturalist,iNaturalist research-grade observations
5844160969,"Loxodonta africana (Blumenbach, 1797)",Loxodonta africana,Loxodonta,Elephantidae,0.592086,37.491103,31451.0,Isiolo,,,2024-08-14T11:05,2024.0,8.0,14.0,HUMAN_OBSERVATION,iNaturalist,iNaturalist research-grade observations
5844178615,"Loxodonta africana (Blumenbach, 1797)",Loxodonta africana,Loxodonta,Elephantidae,0.470411,37.415324,31451.0,Isiolo,,,2024-08-15T08:53,2024.0,8.0,15.0,HUMAN_OBSERVATION,iNaturalist,iNaturalist research-grade observations
5844222183,"Loxodonta africana (Blumenbach, 1797)",Loxodonta africana,Loxodonta,Elephantidae,-1.34587,34.885175,31447.0,Narok,,,2024-08-30T12:09,2024.0,8.0,30.0,HUMAN_OBSERVATION,iNaturalist,iNaturalist research-grade observations
5844313561,"Loxodonta africana (Blumenbach, 1797)",Loxodonta africana,Loxodonta,Elephantidae,0.430997,37.464093,31451.0,Isiolo,,,2024-08-14T16:19,2024.0,8.0,14.0,HUMAN_OBSERVATION,iNaturalist,iNaturalist research-grade observations
5844629973,"Loxodonta africana (Blumenbach, 1797)",Loxodonta africana,Loxodonta,Elephantidae,0.538548,37.489624,31451.0,Isiolo,,,2024-08-13T18:22,2024.0,8.0,13.0,HUMAN_OBSERVATION,iNaturalist,iNaturalist research-grade observations
5909272503,"Loxodonta africana (Blumenbach, 1797)",Loxodonta africana,Loxodonta,Elephantidae,-1.384988,34.931218,31447.0,Narok,,,2024-08-25T15:47:20,2024.0,8.0,25.0,HUMAN_OBSERVATION,iNaturalist,iNaturalist research-grade observations
5938176075,"Loxodonta africana (Blumenbach, 1797)",Loxodonta africana,Loxodonta,Elephantidae,-1.514118,35.114777,31446.0,Narok,,,2024-08-24T16:07,2024.0,8.0,24.0,HUMAN_OBSERVATION,iNaturalist,iNaturalist research-grade observations
5938323800,"Loxodonta africana (Blumenbach, 1797)",Loxodonta africana,Loxodonta,Elephantidae,-1.235797,35.069191,31447.0,Narok,,,2024-08-24T08:50,2024.0,8.0,24.0,HUMAN_OBSERVATION,iNaturalist,iNaturalist research-grade observations
5938617613,"Loxodonta africana (Blumenbach, 1797)",Loxodonta africana,Loxodonta,Elephantidae,-1.598297,35.186793,31446.0,Narok,,,2024-08-24T13:11,2024.0,8.0,24.0,HUMAN_OBSERVATION,iNaturalist,iNaturalist research-grade observations
6130811414,"Loxodonta africana (Blumenbach, 1797)",Loxodonta africana,Loxodonta,Elephantidae,-2.69778,37.210003,31434.0,Kajiado,,,2024-08-27T08:52,2024.0,8.0,27.0,HUMAN_OBSERVATION,iNaturalist,iNaturalist research-grade observations
6130820996,"Loxodonta africana (Blumenbach, 1797)",Loxodonta africana,Loxodonta,Elephantidae,-2.629483,37.34933,31434.0,Kajiado,,,2024-08-27T09:47,2024.0,8.0,27.0,HUMAN_OBSERVATION,iNaturalist,iNaturalist research-grade observations
6131088356,"Loxodonta africana (Blumenbach, 1797)",Loxodonta africana,Loxodonta,Elephantidae,-2.724915,37.378378,31434.0,Kajiado,,,2024-08-27T09:48,2024.0,8.0,27.0,HUMAN_OBSERVATION,iNaturalist,iNaturalist research-grade observations
6131554261,"Loxodonta africana (Blumenbach, 1797)",Loxodonta africana,Loxodonta,Elephantidae,0.498349,37.440148,31451.0,Isiolo,,,2024-08-12T06:18,2024.0,8.0,12.0,HUMAN_OBSERVATION,iNaturalist,iNaturalist research-grade observations
6131608609,"Loxodonta africana (Blumenbach, 1797)",Loxodonta africana,Loxodonta,Elephantidae,0.513331,37.573646,31451.0,Isiolo,,,2024-08-12T06:05,2024.0,8.0,12.0,HUMAN_OBSERVATION,iNaturalist,iNaturalist research-grade observations
6131653711,"Loxodonta africana (Blumenbach, 1797)",Loxodonta africana,Loxodonta,Elephantidae,-2.644064,37.213651,31434.0,Kajiado,,,2024-08-27T06:53,2024.0,8.0,27.0,HUMAN_OBSERVATION,iNaturalist,iNaturalist research-grade observations
6133062249,"Loxodonta africana (Blumenbach, 1797)",Loxodonta africana,Loxodonta,Elephantidae,0.394722,37.125758,31451.0,Laikipia,,,2024-08-02T20:40:27,2024.0,8.0,2.0,HUMAN_OBSERVATION,iNaturalist,iNaturalist research-grade observations
6452013559,"Loxodonta africana (Blumenbach, 1797)",Loxodonta africana,Loxodonta,Elephantidae,-1.388957,35.240444,31447.0,Narok,,,2024-08-29T17:00:43,2024.0,8.0,29.0,HUMAN_OBSERVATION,iNaturalist,iNaturalist research-grade observations
4945492741,"Loxodonta africana (Blumenbach, 1797)",Loxodonta africana,Loxodonta,Elephantidae,-2.688896,38.883451,90758.0,Kitui,,,2024-09-10T15:45:53,2024.0,9.0,10.0,HUMAN_OBSERVATION,iNaturalist,iNaturalist research-grade observations
4945623911,"Loxodonta africana (Blumenbach, 1797)",Loxodonta africana,Loxodonta,Elephantidae,-2.674645,38.901131,90758.0,Kitui,,,2024-09-10T14:07:23,2024.0,9.0,10.0,HUMAN_OBSERVATION,iNaturalist,iNaturalist research-grade observations
4945893648,"Loxodonta africana (Blumenbach, 1797)",Loxodonta africana,Loxodonta,Elephantidae,-1.742496,35.21125,31444.0,Narok,,,2024-09-09T16:30:05,2024.0,9.0,9.0,HUMAN_OBSERVATION,iNaturalist,iNaturalist research-grade observations
4945923726,"Loxodonta africana (Blumenbach, 1797)",Loxodonta africana,Loxodonta,Elephantidae,-2.626123,37.200821,31434.0,Kajiado,,,2024-09-09T08:14:54,2024.0,9.0,9.0,HUMAN_OBSERVATION,iNaturalist,iNaturalist research-grade observations
4945927024,"Loxodonta africana (Blumenbach, 1797)",Loxodonta africana,Loxodonta,Elephantidae,-2.752895,38.899043,90758.0,Kitui,,,2024-09-10T13:18:40,2024.0,9.0,10.0,HUMAN_OBSERVATION,iNaturalist,iNaturalist research-grade observations
4945927066,"Loxodonta africana (Blumenbach, 1797)",Loxodonta africana,Loxodonta,Elephantidae,-2.653064,38.97272,90758.0,Kitui,,,2024-09-10T14:29:28,2024.0,9.0,10.0,HUMAN_OBSERVATION,iNaturalist,iNaturalist research-grade observations
4946118604,"Loxodonta africana (Blumenbach, 1797)",Loxodonta africana,Loxodonta,Elephantidae,-2.737864,38.912951,90758.0,Kitui,,,2024-09-10T18:53:16,2024.0,9.0,10.0,HUMAN_OBSERVATION,iNaturalist,iNaturalist research-grade observations
4946189387,"Loxodonta africana (Blumenbach, 1797)",Loxodonta africana,Loxodonta,Elephantidae,-2.77988,38.915461,90758.0,Kitui,,,2024-09-10T20:28:16,2024.0,9.0,10.0,HUMAN_OBSERVATION,iNaturalist,iNaturalist research-grade observations
4946196563,"Loxodonta africana (Blumenbach, 1797)",Loxodonta africana,Loxodonta,Elephantidae,-1.568661,35.209129,31446.0,Narok,,,2024-09-12T10:10:49,2024.0,9.0,12.0,HUMAN_OBSERVATION,iNaturalist,iNaturalist research-grade observations
4946386468,"Loxodonta africana (Blumenbach, 1797)",Loxodonta africana,Loxodonta,Elephantidae,-2.666292,37.205248,31434.0,Kajiado,,,2024-09-15T07:30:52,2024.0,9.0,15.0,HUMAN_OBSERVATION,iNaturalist,iNaturalist research-grade observations
4946684496,"Loxodonta africana (Blumenbach, 1797)",Loxodonta africana,Loxodonta,Elephantidae,-1.561318,35.135991,31446.0,Narok,,,2024-09-10T15:43:30,2024.0,9.0,10.0,HUMAN_OBSERVATION,iNaturalist,iNaturalist research-grade observations
4946709237,"Loxodonta africana (Blumenbach, 1797)",Loxodonta africana,Loxodonta,Elephantidae,-2.730052,38.981306,90758.0,Kitui,,,2024-09-10T14:36:59,2024.0,9.0,10.0,HUMAN_OBSERVATION,iNaturalist,iNaturalist research-grade observations
4950293531,"Loxodonta africana (Blumenbach, 1797)",Loxodonta africana,Loxodonta,Elephantidae,-3.021155,38.839727,46680.0,Taita Taveta,,,2024-09-23T13:31:17,2024.0,9.0,23.0,HUMAN_OBSERVATION,iNaturalist,iNaturalist research-grade observations
4950433538,"Loxodonta africana (Blumenbach, 1797)",Loxodonta africana,Loxodonta,Elephantidae,0.459609,37.571599,31451.0,Isiolo,,,2024-09-24T13:37:03,2024.0,9.0,24.0,HUMAN_OBSERVATION,iNaturalist,iNaturalist research-grade observations
4952745985,"Loxodonta africana (Blumenbach, 1797)",Loxodonta africana,Loxodonta,Elephantidae,-3.174906,39.353524,31428.0,Kilifi,,,2024-09-15T06:48,2024.0,9.0,15.0,HUMAN_OBSERVATION,iNaturalist,iNaturalist research-grade observations
4952932777,"Loxodonta africana (Blumenbach, 1797)",Loxodonta africana,Loxodonta,Elephantidae,-1.537186,35.034431,31446.0,Narok,,,2024-09-25T04:39:29,2024.0,9.0,25.0,HUMAN_OBSERVATION,iNaturalist,iNaturalist research-grade observations
4952983100,"Loxodonta africana (Blumenbach, 1797)",Loxodonta africana,Loxodonta,Elephantidae,-3.383982,38.513429,31425.0,Taita Taveta,,,2024-09-23T17:31:46,2024.0,9.0,23.0,HUMAN_OBSERVATION,iNaturalist,iNaturalist research-grade observations
4954315796,"Loxodonta africana (Blumenbach, 1797)",Loxodonta africana,Loxodonta,Elephantidae,-1.499865,35.177817,31446.0,Narok,,,2024-09-25T03:44,2024.0,9.0,25.0,HUMAN_OBSERVATION,iNaturalist,iNaturalist research-grade observations
4954544611,"Loxodonta africana (Blumenbach, 1797)",Loxodonta africana,Loxodonta,Elephantidae,-1.619858,35.250241,31444.0,Narok,,,2024-09-24T10:20,2024.0,9.0,24.0,HUMAN_OBSERVATION,iNaturalist,iNaturalist research-grade observations
4954545678,"Loxodonta africana (Blumenbach, 1797)",Loxodonta africana,Loxodonta,Elephantidae,-1.549992,35.193564,31446.0,Narok,,,2024-09-25T03:44,2024.0,9.0,25.0,HUMAN_OBSERVATION,iNaturalist,iNaturalist research-grade observations
4976399098,"Loxodonta africana (Blumenbach, 1797)",Loxodonta africana,Loxodonta,Elephantidae,0.774266,37.57279,31450.0,Samburu,,,2024-09-18T09:40,2024.0,9.0,18.0,HUMAN_OBSERVATION,iNaturalist,iNaturalist research-grade observations
4976554671,"Loxodonta africana (Blumenbach, 1797)",Loxodonta africana,Loxodonta,Elephantidae,-1.206464,35.068464,31447.0,Narok,,,2024-09-21T08:09,2024.0,9.0,21.0,HUMAN_OBSERVATION,iNaturalist,iNaturalist research-grade observations
4978386012,"Loxodonta africana (Blumenbach, 1797)",Loxodonta africana,Loxodonta,Elephantidae,-3.259227,39.850076,31425.0,Kilifi,,,2024-09-01T07:08,2024.0,9.0,1.0,HUMAN_OBSERVATION,iNaturalist,iNaturalist research-grade observations
4994335297,"Loxodonta africana (Blumenbach, 1797)",Loxodonta africana,Loxodonta,Elephantidae,-2.658505,37.271094,31434.0,Kajiado,,,2024-09-18T17:18:27,2024.0,9.0,18.0,HUMAN_OBSERVATION,iNaturalist,iNaturalist research-grade observations
5008435016,"Loxodonta africana (Blumenbach, 1797)",Loxodonta africana,Loxodonta,Elephantidae,-2.966834,38.589918,31431.0,Makueni,,,2024-09-04T19:29:16,2024.0,9.0,4.0,HUMAN_OBSERVATION,iNaturalist,iNaturalist research-grade observations
5063494401,"Loxodonta africana (Blumenbach, 1797)",Loxodonta africana,Loxodonta,Elephantidae,-3.268904,39.916987,31425.0,Kilifi,,,2024-09-01T14:43,2024.0,9.0,1.0,HUMAN_OBSERVATION,iNaturalist,iNaturalist research-grade observations
5063512191,"Loxodonta africana (Blumenbach, 1797)",Loxodonta africana,Loxodonta,Elephantidae,-1.463972,35.081045,31446.0,Narok,,,2024-09-16T04:52,2024.0,9.0,16.0,HUMAN_OBSERVATION,iNaturalist,iNaturalist research-grade observations
5063558686,"Loxodonta africana (Blumenbach, 1797)",Loxodonta africana,Loxodonta,Elephantidae,-3.31127,38.957041,31425.0,Taita Taveta,,,2024-09-03T07:44,2024.0,9.0,3.0,HUMAN_OBSERVATION,iNaturalist,iNaturalist research-grade observations
5063571587,"Loxodonta africana (Blumenbach, 1797)",Loxodonta africana,Loxodonta,Elephantidae,-3.26403,39.93061,31425.0,Kilifi,,,2024-09-01T17:07,2024.0,9.0,1.0,HUMAN_OBSERVATION,iNaturalist,iNaturalist research-grade observations
5076988335,"Loxodonta africana (Blumenbach, 1797)",Loxodonta africana,Loxodonta,Elephantidae,-3.148952,38.554328,31428.0,Taita Taveta,,,2024-09-04T05:30,2024.0,9.0,4.0,HUMAN_OBSERVATION,iNaturalist,iNaturalist research-grade observations
5076995529,"Loxodonta africana (Blumenbach, 1797)",Loxodonta africana,Loxodonta,Elephantidae,-3.242122,38.650665,31425.0,Taita Taveta,,,2024-09-03T10:26,2024.0,9.0,3.0,HUMAN_OBSERVATION,iNaturalist,iNaturalist research-grade observations
5077005525,"Loxodonta africana (Blumenbach, 1797)",Loxodonta africana,Loxodonta,Elephantidae,-3.377075,38.789251,31425.0,Taita Taveta,,,2024-09-03T10:44,2024.0,9.0,3.0,HUMAN_OBSERVATION,iNaturalist,iNaturalist research-grade observations
5077007566,"Loxodonta africana (Blumenbach, 1797)",Loxodonta africana,Loxodonta,Elephantidae,-3.394518,38.657211,31425.0,Taita Taveta,,,2024-09-04T03:12,2024.0,9.0,4.0,HUMAN_OBSERVATION,iNaturalist,iNaturalist research-grade observations
5088109894,"Loxodonta africana (Blumenbach, 1797)",Loxodonta africana,Loxodonta,Elephantidae,-3.187666,38.550213,31428.0,Taita Taveta,,,2024-09-04T05:39,2024.0,9.0,4.0,HUMAN_OBSERVATION,iNaturalist,iNaturalist research-grade observations
5133121728,"Loxodonta africana (Blumenbach, 1797)",Loxodonta africana,Loxodonta,Elephantidae,0.379305,37.394166,31451.0,Laikipia,,,2024-09-30T17:16:10,2024.0,9.0,30.0,HUMAN_OBSERVATION,iNaturalist,iNaturalist research-grade observations
5844215546,"Loxodonta africana (Blumenbach, 1797)",Loxodonta africana,Loxodonta,Elephantidae,-2.770729,37.325238,31434.0,Kajiado,,,2024-09-01T16:15,2024.0,9.0,1.0,HUMAN_OBSERVATION,iNaturalist,iNaturalist research-grade observations
5844637598,"Loxodonta africana (Blumenbach, 1797)",Loxodonta africana,Loxodonta,Elephantidae,-2.718028,37.25387,31434.0,Kajiado,,,2024-09-02T07:10,2024.0,9.0,2.0,HUMAN_OBSERVATION,iNaturalist,iNaturalist research-grade observations
6130633436,"Loxodonta africana (Blumenbach, 1797)",Loxodonta africana,Loxodonta,Elephantidae,-2.663879,37.392247,31434.0,Kajiado,,,2024-09-02T11:12:13,2024.0,9.0,2.0,HUMAN_OBSERVATION,iNaturalist,iNaturalist research-grade observations
6352318984,"Loxodonta africana (Blumenbach, 1797)",Loxodonta africana,Loxodonta,Elephantidae,-3.203749,39.93091,31425.0,Kilifi,,,2024-09-25T18:02,2024.0,9.0,25.0,HUMAN_OBSERVATION,iNaturalist,iNaturalist research-grade observations
6353132850,"Loxodonta africana (Blumenbach, 1797)",Loxodonta africana,Loxodonta,Elephantidae,-3.383277,38.716289,31425.0,Taita Taveta,,,2024-09-24T07:20,2024.0,9.0,24.0,HUMAN_OBSERVATION,iNaturalist,iNaturalist research-grade observations
6353179742,"Loxodonta africana (Blumenbach, 1797)",Loxodonta africana,Loxodonta,Elephantidae,-3.316008,38.897216,31425.0,Taita Taveta,,,2024-09-23T13:02,2024.0,9.0,23.0,HUMAN_OBSERVATION,iNaturalist,iNaturalist research-grade observations
6353202582,"Loxodonta africana (Blumenbach, 1797)",Loxodonta africana,Loxodonta,Elephantidae,-3.140652,38.271178,31428.0,Taita Taveta,,,2024-09-24T12:37,2024.0,9.0,24.0,HUMAN_OBSERVATION,iNaturalist,iNaturalist research-grade observations
4973802077,"Loxodonta africana (Blumenbach, 1797)",Loxodonta africana,Loxodonta,Elephantidae,0.345487,38.172215,31451.0,Meru,,,2024-10-16T17:33,2024.0,10.0,16.0,HUMAN_OBSERVATION,iNaturalist,iNaturalist research-grade observations
4973832312,"Loxodonta africana (Blumenbach, 1797)",Loxodonta africana,Loxodonta,Elephantidae,0.167074,38.165902,31451.0,Meru,,,2024-10-18T08:10,2024.0,10.0,18.0,HUMAN_OBSERVATION,iNaturalist,iNaturalist research-grade observations
4973923533,"Loxodonta africana (Blumenbach, 1797)",Loxodonta africana,Loxodonta,Elephantidae,-2.086896,38.559361,31441.0,Kitui,,,2024-10-19T18:24:42,2024.0,10.0,19.0,HUMAN_OBSERVATION,iNaturalist,iNaturalist research-grade observations
4974001073,"Loxodonta africana (Blumenbach, 1797)",Loxodonta africana,Loxodonta,Elephantidae,-3.220918,39.945626,31425.0,Kilifi,,,2024-10-09T17:08,2024.0,10.0,9.0,HUMAN_OBSERVATION,iNaturalist,iNaturalist research-grade observations
4976296324,"Loxodonta africana (Blumenbach, 1797)",Loxodonta africana,Loxodonta,Elephantidae,-0.017559,37.814039,716645.0,Meru,,,2024-10-16T17:00,2024.0,10.0,16.0,HUMAN_OBSERVATION,iNaturalist,iNaturalist research-grade observations
4976378194,"Loxodonta africana (Blumenbach, 1797)",Loxodonta africana,Loxodonta,Elephantidae,-0.097385,37.912281,716645.0,Meru,,,2024-10-17T08:32,2024.0,10.0,17.0,HUMAN_OBSERVATION,iNaturalist,iNaturalist research-grade observations
4976409531,"Loxodonta africana (Blumenbach, 1797)",Loxodonta africana,Loxodonta,Elephantidae,0.859254,38.114548,500000.0,Samburu,,,2024-10-17T08:24,2024.0,10.0,17.0,HUMAN_OBSERVATION,iNaturalist,iNaturalist research-grade observations
4976424764,"Loxodonta africana (Blumenbach, 1797)",Loxodonta africana,Loxodonta,Elephantidae,-2.73079,37.248863,31434.0,Kajiado,,,2024-10-27T07:56:58,2024.0,10.0,27.0,HUMAN_OBSERVATION,iNaturalist,iNaturalist research-grade observations
4976568862,"Loxodonta africana (Blumenbach, 1797)",Loxodonta africana,Loxodonta,Elephantidae,-0.14676,37.829351,716645.0,Meru,,,2024-10-17T08:30,2024.0,10.0,17.0,HUMAN_OBSERVATION,iNaturalist,iNaturalist research-grade observations
4978176057,"Loxodonta africana (Blumenbach, 1797)",Loxodonta africana,Loxodonta,Elephantidae,-3.321229,38.519454,31425.0,Taita Taveta,,,2024-10-31T14:00:19,2024.0,10.0,31.0,HUMAN_OBSERVATION,iNaturalist,iNaturalist research-grade observations
4978296847,"Loxodonta africana (Blumenbach, 1797)",Loxodonta africana,Loxodonta,Elephantidae,-2.636116,37.336092,31434.0,Kajiado,,,2024-10-10T20:31,2024.0,10.0,10.0,HUMAN_OBSERVATION,iNaturalist,iNaturalist research-grade observations
4980273852,"Loxodonta africana (Blumenbach, 1797)",Loxodonta africana,Loxodonta,Elephantidae,0.662743,37.495356,31450.0,Samburu,,,2024-10-14T00:16,2024.0,10.0,14.0,HUMAN_OBSERVATION,iNaturalist,iNaturalist research-grade observations
4981973593,"Loxodonta africana (Blumenbach, 1797)",Loxodonta africana,Loxodonta,Elephantidae,-1.399411,35.000616,31447.0,Narok,,,2024-10-10T09:49,2024.0,10.0,10.0,HUMAN_OBSERVATION,iNaturalist,iNaturalist research-grade observations
4982017240,"Loxodonta africana (Blumenbach, 1797)",Loxodonta africana,Loxodonta,Elephantidae,-1.256163,35.189098,31447.0,Narok,,,2024-10-10T09:47,2024.0,10.0,10.0,HUMAN_OBSERVATION,iNaturalist,iNaturalist research-grade observations
4982236183,"Loxodonta africana (Blumenbach, 1797)",Loxodonta africana,Loxodonta,Elephantidae,-1.480936,35.010724,31446.0,Narok,,,2024-10-21T22:10,2024.0,10.0,21.0,HUMAN_OBSERVATION,iNaturalist,iNaturalist research-grade observations
5006806943,"Loxodonta africana (Blumenbach, 1797)",Loxodonta africana,Loxodonta,Elephantidae,-2.614056,37.277746,31434.0,Kajiado,,,2024-10-19T16:22,2024.0,10.0,19.0,HUMAN_OBSERVATION,iNaturalist,iNaturalist research-grade observations
5006866514,"Loxodonta africana (Blumenbach, 1797)",Loxodonta africana,Loxodonta,Elephantidae,-2.705308,37.265624,31434.0,Kajiado,,,2024-10-19T17:42,2024.0,10.0,19.0,HUMAN_OBSERVATION,iNaturalist,iNaturalist research-grade observations
5006918565,"Loxodonta africana (Blumenbach, 1797)",Loxodonta africana,Loxodonta,Elephantidae,0.01967,37.03514,31451.0,Meru,,,2024-10-15T15:43:43,2024.0,10.0,15.0,HUMAN_OBSERVATION,iNaturalist,iNaturalist research-grade observations
5007047618,"Loxodonta africana (Blumenbach, 1797)",Loxodonta africana,Loxodonta,Elephantidae,-2.768488,37.229945,31434.0,Kajiado,,,2024-10-19T17:42,2024.0,10.0,19.0,HUMAN_OBSERVATION,iNaturalist,iNaturalist research-grade observations
5007256995,"Loxodonta africana (Blumenbach, 1797)",Loxodonta africana,Loxodonta,Elephantidae,-2.619025,37.325819,31434.0,Kajiado,,,2024-10-19T17:42,2024.0,10.0,19.0,HUMAN_OBSERVATION,iNaturalist,iNaturalist research-grade observations
5007264474,"Loxodonta africana (Blumenbach, 1797)",Loxodonta africana,Loxodonta,Elephantidae,-2.640217,37.241457,31434.0,Kajiado,,,2024-10-19T16:22,2024.0,10.0,19.0,HUMAN_OBSERVATION,iNaturalist,iNaturalist research-grade observations
5007324897,"Loxodonta africana (Blumenbach, 1797)",Loxodonta africana,Loxodonta,Elephantidae,-2.686464,37.217196,31434.0,Kajiado,,,2024-10-19T16:22,2024.0,10.0,19.0,HUMAN_OBSERVATION,iNaturalist,iNaturalist research-grade observations
5007329617,"Loxodonta africana (Blumenbach, 1797)",Loxodonta africana,Loxodonta,Elephantidae,-2.660276,37.225255,31434.0,Kajiado,,,2024-10-19T16:22,2024.0,10.0,19.0,HUMAN_OBSERVATION,iNaturalist,iNaturalist research-grade observations
5007382321,"Loxodonta africana (Blumenbach, 1797)",Loxodonta africana,Loxodonta,Elephantidae,-2.721138,37.244793,31434.0,Kajiado,,,2024-10-19T16:22,2024.0,10.0,19.0,HUMAN_OBSERVATION,iNaturalist,iNaturalist research-grade observations
5007428273,"Loxodonta africana (Blumenbach, 1797)",Loxodonta africana,Loxodonta,Elephantidae,0.412581,37.472455,31451.0,Isiolo,,,2024-10-17T10:50:22,2024.0,10.0,17.0,HUMAN_OBSERVATION,iNaturalist,iNaturalist research-grade observations
5007524156,"Loxodonta africana (Blumenbach, 1797)",Loxodonta africana,Loxodonta,Elephantidae,-2.70149,37.22159,31434.0,Kajiado,,,2024-10-19T17:15,2024.0,10.0,19.0,HUMAN_OBSERVATION,iNaturalist,iNaturalist research-grade observations
5007929881,"Loxodonta africana (Blumenbach, 1797)",Loxodonta africana,Loxodonta,Elephantidae,-2.431295,37.021867,31436.0,Kajiado,,,2024-10-19T14:36,2024.0,10.0,19.0,HUMAN_OBSERVATION,iNaturalist,iNaturalist research-grade observations
5008000749,"Loxodonta africana (Blumenbach, 1797)",Loxodonta africana,Loxodonta,Elephantidae,-2.751073,37.255385,31434.0,Kajiado,,,2024-10-19T16:31,2024.0,10.0,19.0,HUMAN_OBSERVATION,iNaturalist,iNaturalist research-grade observations
5008073009,"Loxodonta africana (Blumenbach, 1797)",Loxodonta africana,Loxodonta,Elephantidae,-2.651594,37.204871,31434.0,Kajiado,,,2024-10-19T17:47,2024.0,10.0,19.0,HUMAN_OBSERVATION,iNaturalist,iNaturalist research-grade observations
5008115505,"Loxodonta africana (Blumenbach, 1797)",Loxodonta africana,Loxodonta,Elephantidae,-2.718116,37.365887,31434.0,Kajiado,,,2024-10-19T17:42,2024.0,10.0,19.0,HUMAN_OBSERVATION,iNaturalist,iNaturalist research-grade observations
5008263783,"Loxodonta africana (Blumenbach, 1797)",Loxodonta africana,Loxodonta,Elephantidae,-1.334581,35.286402,31447.0,Narok,,,2024-10-11T16:53,2024.0,10.0,11.0,HUMAN_OBSERVATION,iNaturalist,iNaturalist research-grade observations
5008287026,"Loxodonta africana (Blumenbach, 1797)",Loxodonta africana,Loxodonta,Elephantidae,-2.669223,37.399249,31434.0,Kajiado,,,2024-10-19T16:29,2024.0,10.0,19.0,HUMAN_OBSERVATION,iNaturalist,iNaturalist research-grade observations
5008287789,"Loxodonta africana (Blumenbach, 1797)",Loxodonta africana,Loxodonta,Elephantidae,-2.671543,37.293257,31434.0,Kajiado,,,2024-10-19T16:29,2024.0,10.0,19.0,HUMAN_OBSERVATION,iNaturalist,iNaturalist research-grade observations
5008329807,"Loxodonta africana (Blumenbach, 1797)",Loxodonta africana,Loxodonta,Elephantidae,-2.697356,37.303779,31434.0,Kajiado,,,2024-10-19T17:42,2024.0,10.0,19.0,HUMAN_OBSERVATION,iNaturalist,iNaturalist research-grade observations
5008368032,"Loxodonta africana (Blumenbach, 1797)",Loxodonta africana,Loxodonta,Elephantidae,-2.673046,37.208163,31434.0,Kajiado,,,2024-10-19T17:42,2024.0,10.0,19.0,HUMAN_OBSERVATION,iNaturalist,iNaturalist research-grade observations
5008386348,"Loxodonta africana (Blumenbach, 1797)",Loxodonta africana,Loxodonta,Elephantidae,-2.658841,37.284196,31434.0,Kajiado,,,2024-10-19T17:12,2024.0,10.0,19.0,HUMAN_OBSERVATION,iNaturalist,iNaturalist research-grade observations
5133108921,"Loxodonta africana (Blumenbach, 1797)",Loxodonta africana,Loxodonta,Elephantidae,-1.467198,34.903505,31446.0,Narok,,,2024-10-04T08:38:03,2024.0,10.0,4.0,HUMAN_OBSERVATION,iNaturalist,iNaturalist research-grade observations
5133129143,"Loxodonta africana (Blumenbach, 1797)",Loxodonta africana,Loxodonta,Elephantidae,-2.617645,37.058342,31434.0,Kajiado,,,2024-10-08T18:01:53,2024.0,10.0,8.0,HUMAN_OBSERVATION,iNaturalist,iNaturalist research-grade observations
5133149115,"Loxodonta africana (Blumenbach, 1797)",Loxodonta africana,Loxodonta,Elephantidae,0.39834,37.303,31451.0,Laikipia,,,2024-10-02T08:12:43,2024.0,10.0,2.0,HUMAN_OBSERVATION,iNaturalist,iNaturalist research-grade observations
5154392266,"Loxodonta africana (Blumenbach, 1797)",Loxodonta africana,Loxodonta,Elephantidae,-1.520446,35.092033,31446.0,Narok,,,2024-10-16T18:07:54,2024.0,10.0,16.0,HUMAN_OBSERVATION,iNaturalist,iNaturalist research-grade observations
6130658633,"Loxodonta africana (Blumenbach, 1797)",Loxodonta africana,Loxodonta,Elephantidae,-0.125838,37.835288,275473.0,Tharaka-Nithi,,,2024-10-14T15:08,2024.0,10.0,14.0,HUMAN_OBSERVATION,iNaturalist,iNaturalist research-grade observations
4978479085,"Loxodonta africana (Blumenbach, 1797)",Loxodonta africana,Loxodonta,Elephantidae,0.30576,36.94048,31451.0,Laikipia,,,2024-11-03T17:00:20,2024.0,11.0,3.0,HUMAN_OBSERVATION,iNaturalist,iNaturalist research-grade observations
4980241439,"Loxodonta africana (Blumenbach, 1797)",Loxodonta africana,Loxodonta,Elephantidae,-2.699032,38.911105,90752.0,Kitui,,,2024-11-12T08:43:04,2024.0,11.0,12.0,HUMAN_OBSERVATION,iNaturalist,iNaturalist research-grade observations
4980250771,"Loxodonta africana (Blumenbach, 1797)",Loxodonta africana,Loxodonta,Elephantidae,-3.139861,38.053432,38741.0,Taita Taveta,,,2024-11-06T20:16:02,2024.0,11.0,6.0,HUMAN_OBSERVATION,iNaturalist,iNaturalist research-grade observations
4980315368,"Loxodonta africana (Blumenbach, 1797)",Loxodonta africana,Loxodonta,Elephantidae,-1.594383,35.389408,31446.0,Narok,,,2024-11-09T12:04:40,2024.0,11.0,9.0,HUMAN_OBSERVATION,iNaturalist,iNaturalist research-grade observations
4980595970,"Loxodonta africana (Blumenbach, 1797)",Loxodonta africana,Loxodonta,Elephantidae,0.426218,37.735772,31451.0,Isiolo,,,2024-11-05T14:33:29,2024.0,11.0,5.0,HUMAN_OBSERVATION,iNaturalist,iNaturalist research-grade observations
4981930807,"Loxodonta africana (Blumenbach, 1797)",Loxodonta africana,Loxodonta,Elephantidae,-0.24963,36.859374,31451.0,Nyeri,,,2024-11-14T18:26:51,2024.0,11.0,14.0,HUMAN_OBSERVATION,iNaturalist,iNaturalist research-grade observations
4981975949,"Loxodonta africana (Blumenbach, 1797)",Loxodonta africana,Loxodonta,Elephantidae,-2.686986,38.990469,90752.0,Kitui,,,2024-11-15T12:11:44,2024.0,11.0,15.0,HUMAN_OBSERVATION,iNaturalist,iNaturalist research-grade observations
4982167635,"Loxodonta africana (Blumenbach, 1797)",Loxodonta africana,Loxodonta,Elephantidae,-3.313006,38.678795,31425.0,Taita Taveta,,,2024-11-13T18:21:17,2024.0,11.0,13.0,HUMAN_OBSERVATION,iNaturalist,iNaturalist research-grade observations
4982317347,"Loxodonta africana (Blumenbach, 1797)",Loxodonta africana,Loxodonta,Elephantidae,-2.759669,37.080388,31434.0,Kajiado,,,2024-11-13T08:18:22,2024.0,11.0,13.0,HUMAN_OBSERVATION,iNaturalist,iNaturalist research-grade observations
4982319347,"Loxodonta africana (Blumenbach, 1797)",Loxodonta africana,Loxodonta,Elephantidae,-2.704126,38.874191,90752.0,Kitui,,,2024-11-13T16:35:12,2024.0,11.0,13.0,HUMAN_OBSERVATION,iNaturalist,iNaturalist research-grade observations
4982323803,"Loxodonta africana (Blumenbach, 1797)",Loxodonta africana,Loxodonta,Elephantidae,-2.798821,38.980287,90752.0,Kitui,,,2024-11-15T10:12:54,2024.0,11.0,15.0,HUMAN_OBSERVATION,iNaturalist,iNaturalist research-grade observations
5006858072,"Loxodonta africana (Blumenbach, 1797)",Loxodonta africana,Loxodonta,Elephantidae,0.689231,37.568479,31450.0,Samburu,,,2024-11-15T14:05,2024.0,11.0,15.0,HUMAN_OBSERVATION,iNaturalist,iNaturalist research-grade observations
5007130363,"Loxodonta africana (Blumenbach, 1797)",Loxodonta africana,Loxodonta,Elephantidae,-1.558523,34.853122,31446.0,Narok,,,2024-11-05T10:17,2024.0,11.0,5.0,HUMAN_OBSERVATION,iNaturalist,iNaturalist research-grade observations
5007338815,"Loxodonta africana (Blumenbach, 1797)",Loxodonta africana,Loxodonta,Elephantidae,0.756288,37.550058,31450.0,Samburu,,,2024-11-15T05:56,2024.0,11.0,15.0,HUMAN_OBSERVATION,iNaturalist,iNaturalist research-grade observations
5007350377,"Loxodonta africana (Blumenbach, 1797)",Loxodonta africana,Loxodonta,Elephantidae,-1.512581,35.128303,31446.0,Narok,,,2024-11-05T11:02,2024.0,11.0,5.0,HUMAN_OBSERVATION,iNaturalist,iNaturalist research-grade observations
5007472393,"Loxodonta africana (Blumenbach, 1797)",Loxodonta africana,Loxodonta,Elephantidae,0.601098,37.772655,31450.0,Isiolo,,,2024-11-17T13:38,2024.0,11.0,17.0,HUMAN_OBSERVATION,iNaturalist,iNaturalist research-grade observations
5008035584,"Loxodonta africana (Blumenbach, 1797)",Loxodonta africana,Loxodonta,Elephantidae,0.755864,37.571551,31450.0,Samburu,,,2024-11-15T14:07,2024.0,11.0,15.0,HUMAN_OBSERVATION,iNaturalist,iNaturalist research-grade observations
5008225845,"Loxodonta africana (Blumenbach, 1797)",Loxodonta africana,Loxodonta,Elephantidae,-1.508032,35.148692,31446.0,Narok,,,2024-11-04T11:46,2024.0,11.0,4.0,HUMAN_OBSERVATION,iNaturalist,iNaturalist research-grade observations
5008244887,"Loxodonta africana (Blumenbach, 1797)",Loxodonta africana,Loxodonta,Elephantidae,-1.417949,34.848367,31446.0,Narok,,,2024-11-04T08:40,2024.0,11.0,4.0,HUMAN_OBSERVATION,iNaturalist,iNaturalist research-grade observations
5008349911,"Loxodonta africana (Blumenbach, 1797)",Loxodonta africana,Loxodonta,Elephantidae,0.695493,37.489007,31450.0,Samburu,,,2024-11-15T11:02,2024.0,11.0,15.0,HUMAN_OBSERVATION,iNaturalist,iNaturalist research-grade observations
5063562121,"Loxodonta africana (Blumenbach, 1797)",Loxodonta africana,Loxodonta,Elephantidae,-1.588423,35.174746,31446.0,Narok,,,2024-11-24T06:32,2024.0,11.0,24.0,HUMAN_OBSERVATION,iNaturalist,iNaturalist research-grade observations
5063682921,"Loxodonta africana (Blumenbach, 1797)",Loxodonta africana,Loxodonta,Elephantidae,-1.236349,34.844452,31447.0,Narok,,,2024-11-24T08:11,2024.0,11.0,24.0,HUMAN_OBSERVATION,iNaturalist,iNaturalist research-grade observations
5063811358,"Loxodonta africana (Blumenbach, 1797)",Loxodonta africana,Loxodonta,Elephantidae,0.489427,36.836819,31451.0,Laikipia,,,2024-11-12T07:21:08,2024.0,11.0,12.0,HUMAN_OBSERVATION,iNaturalist,iNaturalist research-grade observations
5087278959,"Loxodonta africana (Blumenbach, 1797)",Loxodonta africana,Loxodonta,Elephantidae,-1.442306,34.805037,31446.0,Narok,,,2024-11-23T18:04,2024.0,11.0,23.0,HUMAN_OBSERVATION,iNaturalist,iNaturalist research-grade observations
5188460310,"Loxodonta africana (Blumenbach, 1797)",Loxodonta africana,Loxodonta,Elephantidae,0.167324,38.150575,31451.0,Meru,,,2024-11-10T13:50,2024.0,11.0,10.0,HUMAN_OBSERVATION,iNaturalist,iNaturalist research-grade observations
5230686230,"Loxodonta africana (Blumenbach, 1797)",Loxodonta africana,Loxodonta,Elephantidae,-3.258213,38.930169,34429.0,Taita Taveta,,,2024-11-04T16:56,2024.0,11.0,4.0,HUMAN_OBSERVATION,iNaturalist,iNaturalist research-grade observations
5231377174,"Loxodonta africana (Blumenbach, 1797)",Loxodonta africana,Loxodonta,Elephantidae,-3.302742,38.96989,60377.0,Taita Taveta,,,2024-11-04T16:53,2024.0,11.0,4.0,HUMAN_OBSERVATION,iNaturalist,iNaturalist research-grade observations
5238030126,"Loxodonta africana (Blumenbach, 1797)",Loxodonta africana,Loxodonta,Elephantidae,-3.859241,39.000046,62500.0,Kwale,,,2024-11-04T11:38,2024.0,11.0,4.0,HUMAN_OBSERVATION,iNaturalist,iNaturalist research-grade observations
5828790131,"Loxodonta africana (Blumenbach, 1797)",Loxodonta africana,Loxodonta,Elephantidae,-1.477529,35.101129,31446.0,Narok,,,2024-11-25T10:33:37,2024.0,11.0,25.0,HUMAN_OBSERVATION,iNaturalist,iNaturalist research-grade observations
5837636647,"Loxodonta africana (Blumenbach, 1797)",Loxodonta africana,Loxodonta,Elephantidae,-2.733808,37.264821,31434.0,Kajiado,,,2024-11-11T01:50,2024.0,11.0,11.0,HUMAN_OBSERVATION,iNaturalist,iNaturalist research-grade observations
5938072043,"Loxodonta africana (Blumenbach, 1797)",Loxodonta africana,Loxodonta,Elephantidae,0.369632,37.431704,31451.0,Meru,,,2024-11-14T11:32,2024.0,11.0,14.0,HUMAN_OBSERVATION,iNaturalist,iNaturalist research-grade observations
5938610576,"Loxodonta africana (Blumenbach, 1797)",Loxodonta africana,Loxodonta,Elephantidae,0.387303,37.44105,31451.0,Meru,,,2024-11-14T17:01,2024.0,11.0,14.0,HUMAN_OBSERVATION,iNaturalist,iNaturalist research-grade observations
6129985294,"Loxodonta africana (Blumenbach, 1797)",Loxodonta africana,Loxodonta,Elephantidae,-1.386279,35.299726,31447.0,Narok,,,2024-11-12T15:36,2024.0,11.0,12.0,HUMAN_OBSERVATION,iNaturalist,iNaturalist research-grade observations
6400799576,"Loxodonta africana (Blumenbach, 1797)",Loxodonta africana,Loxodonta,Elephantidae,0.346598,36.809066,31451.0,Laikipia,,,2024-11-30T16:16:19,2024.0,11.0,30.0,HUMAN_OBSERVATION,iNaturalist,iNaturalist research-grade observations
6412942999,"Loxodonta africana (Blumenbach, 1797)",Loxodonta africana,Loxodonta,Elephantidae,-3.305712,38.758211,31425.0,Taita Taveta,,,2024-11-12T23:28:53,2024.0,11.0,12.0,HUMAN_OBSERVATION,iNaturalist,iNaturalist research-grade observations
4993814002,"Loxodonta africana (Blumenbach, 1797)",Loxodonta africana,Loxodonta,Elephantidae,0.521069,37.598,31451.0,Samburu,,,2024-12-07T17:14:49,2024.0,12.0,7.0,HUMAN_OBSERVATION,iNaturalist,iNaturalist research-grade observations
4994220008,"Loxodonta africana (Blumenbach, 1797)",Loxodonta africana,Loxodonta,Elephantidae,-1.692188,35.172189,31444.0,Narok,,,2024-12-04T09:45:40,2024.0,12.0,4.0,HUMAN_OBSERVATION,iNaturalist,iNaturalist research-grade observations
4994231183,"Loxodonta africana (Blumenbach, 1797)",Loxodonta africana,Loxodonta,Elephantidae,-1.07576,35.390455,31448.0,Narok,,,2024-12-04T18:35:38,2024.0,12.0,4.0,HUMAN_OBSERVATION,iNaturalist,iNaturalist research-grade observations
4994635451,"Loxodonta africana (Blumenbach, 1797)",Loxodonta africana,Loxodonta,Elephantidae,-1.529734,35.123645,31446.0,Narok,,,2024-12-03T14:53,2024.0,12.0,3.0,HUMAN_OBSERVATION,iNaturalist,iNaturalist research-grade observations
4994637556,"Loxodonta africana (Blumenbach, 1797)",Loxodonta africana,Loxodonta,Elephantidae,-2.604502,37.305493,32874.0,Kajiado,,,2024-12-03T17:59:07,2024.0,12.0,3.0,HUMAN_OBSERVATION,iNaturalist,iNaturalist research-grade observations
5006817569,"Loxodonta africana (Blumenbach, 1797)",Loxodonta africana,Loxodonta,Elephantidae,-3.013479,38.60501,31428.0,Taita Taveta,,,2024-12-11T13:38:05,2024.0,12.0,11.0,HUMAN_OBSERVATION,iNaturalist,iNaturalist research-grade observations
5006917311,"Loxodonta africana (Blumenbach, 1797)",Loxodonta africana,Loxodonta,Elephantidae,-3.232699,38.194242,31425.0,Taita Taveta,,,2024-12-23T10:51:07,2024.0,12.0,23.0,HUMAN_OBSERVATION,iNaturalist,iNaturalist research-grade observations
5006937656,"Loxodonta africana (Blumenbach, 1797)",Loxodonta africana,Loxodonta,Elephantidae,-2.755692,37.244712,31434.0,Kajiado,,,2024-12-12T15:55:24,2024.0,12.0,12.0,HUMAN_OBSERVATION,iNaturalist,iNaturalist research-grade observations
5007399291,"Loxodonta africana (Blumenbach, 1797)",Loxodonta africana,Loxodonta,Elephantidae,-2.740711,37.242033,31434.0,Kajiado,,,2024-12-18T06:57:01,2024.0,12.0,18.0,HUMAN_OBSERVATION,iNaturalist,iNaturalist research-grade observations
5007423971,"Loxodonta africana (Blumenbach, 1797)",Loxodonta africana,Loxodonta,Elephantidae,-2.717321,37.268593,31434.0,Kajiado,,,2024-12-18T13:27:42,2024.0,12.0,18.0,HUMAN_OBSERVATION,iNaturalist,iNaturalist research-grade observations
5007443017,"Loxodonta africana (Blumenbach, 1797)",Loxodonta africana,Loxodonta,Elephantidae,0.134125,37.372666,31451.0,Meru,,,2024-12-29T12:50,2024.0,12.0,29.0,HUMAN_OBSERVATION,iNaturalist,iNaturalist research-grade observations
5007445960,"Loxodonta africana (Blumenbach, 1797)",Loxodonta africana,Loxodonta,Elephantidae,-2.712815,37.276558,31434.0,Kajiado,,,2024-12-18T08:59:44,2024.0,12.0,18.0,HUMAN_OBSERVATION,iNaturalist,iNaturalist research-grade observations
5007476152,"Loxodonta africana (Blumenbach, 1797)",Loxodonta africana,Loxodonta,Elephantidae,-2.926866,38.139158,31431.0,Taita Taveta,,,2024-12-20T12:39:51,2024.0,12.0,20.0,HUMAN_OBSERVATION,iNaturalist,iNaturalist research-grade observations
5007478226,"Loxodonta africana (Blumenbach, 1797)",Loxodonta africana,Loxodonta,Elephantidae,-2.846075,38.196962,31431.0,Taita Taveta,,,2024-12-20T14:05:15,2024.0,12.0,20.0,HUMAN_OBSERVATION,iNaturalist,iNaturalist research-grade observations
5007553646,"Loxodonta africana (Blumenbach, 1797)",Loxodonta africana,Loxodonta,Elephantidae,0.100254,38.368605,31451.0,Meru,,,2024-12-30T07:25,2024.0,12.0,30.0,HUMAN_OBSERVATION,iNaturalist,iNaturalist research-grade observations
5007587169,"Loxodonta africana (Blumenbach, 1797)",Loxodonta africana,Loxodonta,Elephantidae,0.02073,37.232899,31451.0,Meru,,,2024-12-29T09:46,2024.0,12.0,29.0,HUMAN_OBSERVATION,iNaturalist,iNaturalist research-grade observations
5007614473,"Loxodonta africana (Blumenbach, 1797)",Loxodonta africana,Loxodonta,Elephantidae,0.661147,36.748718,31450.0,Laikipia,,,2024-12-29T10:51:41,2024.0,12.0,29.0,HUMAN_OBSERVATION,iNaturalist,iNaturalist research-grade observations
5007947774,"Loxodonta africana (Blumenbach, 1797)",Loxodonta africana,Loxodonta,Elephantidae,-3.207515,37.881641,31425.0,Taita Taveta,,,2024-12-14T14:56:04,2024.0,12.0,14.0,HUMAN_OBSERVATION,iNaturalist,iNaturalist research-grade observations
5008042900,"Loxodonta africana (Blumenbach, 1797)",Loxodonta africana,Loxodonta,Elephantidae,0.057591,36.942229,31451.0,Laikipia,,,2024-12-18T10:13:01,2024.0,12.0,18.0,HUMAN_OBSERVATION,iNaturalist,iNaturalist research-grade observations
5008119734,"Loxodonta africana (Blumenbach, 1797)",Loxodonta africana,Loxodonta,Elephantidae,-2.636346,37.397587,31434.0,Kajiado,,,2024-12-18T18:09:46,2024.0,12.0,18.0,HUMAN_OBSERVATION,iNaturalist,iNaturalist research-grade observations
5008423788,"Loxodonta africana (Blumenbach, 1797)",Loxodonta africana,Loxodonta,Elephantidae,0.07769,37.237171,31451.0,Meru,,,2024-12-29T12:38:21,2024.0,12.0,29.0,HUMAN_OBSERVATION,iNaturalist,iNaturalist research-grade observations
5008424073,"Loxodonta africana (Blumenbach, 1797)",Loxodonta africana,Loxodonta,Elephantidae,-1.351756,35.061421,31447.0,Narok,,,2024-12-08T21:37,2024.0,12.0,8.0,HUMAN_OBSERVATION,iNaturalist,iNaturalist research-grade observations
5037054530,"Loxodonta africana (Blumenbach, 1797)",Loxodonta africana,Loxodonta,Elephantidae,0.679158,36.562044,31450.0,Laikipia,,,2024-12-29T10:08,2024.0,12.0,29.0,HUMAN_OBSERVATION,iNaturalist,iNaturalist research-grade observations
5063814270,"Loxodonta africana (Blumenbach, 1797)",Loxodonta africana,Loxodonta,Elephantidae,-2.605538,37.298294,31434.0,Kajiado,,,2024-12-11T20:23,2024.0,12.0,11.0,HUMAN_OBSERVATION,iNaturalist,iNaturalist research-grade observations
5063887446,"Loxodonta africana (Blumenbach, 1797)",Loxodonta africana,Loxodonta,Elephantidae,-2.677752,37.360425,31434.0,Kajiado,,,2024-12-11T20:24,2024.0,12.0,11.0,HUMAN_OBSERVATION,iNaturalist,iNaturalist research-grade observations
5133169946,"Loxodonta africana (Blumenbach, 1797)",Loxodonta africana,Loxodonta,Elephantidae,-2.639562,37.18446,31434.0,Kajiado,,,2024-12-21T17:34:08,2024.0,12.0,21.0,HUMAN_OBSERVATION,iNaturalist,iNaturalist research-grade observations
5198288034,"Loxodonta africana (Blumenbach, 1797)",Loxodonta africana,Loxodonta,Elephantidae,-3.08672,38.546803,31428.0,Taita Taveta,,,2024-12-20T18:21,2024.0,12.0,20.0,HUMAN_OBSERVATION,iNaturalist,iNaturalist research-grade observations
5198321082,"Loxodonta africana (Blumenbach, 1797)",Loxodonta africana,Loxodonta,Elephantidae,-3.116872,38.470035,31428.0,Taita Taveta,,,2024-12-20T18:21,2024.0,12.0,20.0,HUMAN_OBSERVATION,iNaturalist,iNaturalist research-grade observations
5198414075,"Loxodonta africana (Blumenbach, 1797)",Loxodonta africana,Loxodonta,Elephantidae,-3.024544,38.442168,31428.0,Taita Taveta,,,2024-12-20T18:19,2024.0,12.0,20.0,HUMAN_OBSERVATION,iNaturalist,iNaturalist research-grade observations
5198820035,"Loxodonta africana (Blumenbach, 1797)",Loxodonta africana,Loxodonta,Elephantidae,-3.186925,38.485541,31428.0,Taita Taveta,,,2024-12-20T18:16,2024.0,12.0,20.0,HUMAN_OBSERVATION,iNaturalist,iNaturalist research-grade observations
5198913986,"Loxodonta africana (Blumenbach, 1797)",Loxodonta africana,Loxodonta,Elephantidae,-3.199502,38.457017,31428.0,Taita Taveta,,,2024-12-20T18:16,2024.0,12.0,20.0,HUMAN_OBSERVATION,iNaturalist,iNaturalist research-grade observations
5199086077,"Loxodonta africana (Blumenbach, 1797)",Loxodonta africana,Loxodonta,Elephantidae,-3.026682,38.547215,31428.0,Taita Taveta,,,2024-12-20T18:22,2024.0,12.0,20.0,HUMAN_OBSERVATION,iNaturalist,iNaturalist research-grade observations
5206185622,"Loxodonta africana (Blumenbach, 1797)",Loxodonta africana,Loxodonta,Elephantidae,-3.00185,38.585421,31428.0,Taita Taveta,,,2024-12-20T18:21,2024.0,12.0,20.0,HUMAN_OBSERVATION,iNaturalist,iNaturalist research-grade observations
5231773320,"Loxodonta africana (Blumenbach, 1797)",Loxodonta africana,Loxodonta,Elephantidae,-1.525581,35.303508,31446.0,Narok,,,2024-12-19T07:23:11,2024.0,12.0,19.0,HUMAN_OBSERVATION,iNaturalist,iNaturalist research-grade observations
5827372882,"Loxodonta africana (Blumenbach, 1797)",Loxodonta africana,Loxodonta,Elephantidae,-3.40037,38.633923,31422.0,Taita Taveta,,,2024-12-16T07:49:22,2024.0,12.0,16.0,HUMAN_OBSERVATION,iNaturalist,iNaturalist research-grade observations
6133515621,"Loxodonta africana (Blumenbach, 1797)",Loxodonta africana,Loxodonta,Elephantidae,-3.057009,38.512654,31428.0,Taita Taveta,,,2024-12-20T18:19,2024.0,12.0,20.0,HUMAN_OBSERVATION,iNaturalist,iNaturalist research-grade observations
4014864080,"Loxodonta africana (Blumenbach, 1797)",Loxodonta africana,Loxodonta,Elephantidae,-1.47128,35.00119,31446.0,Narok,,,2023-01-02,2023.0,1.0,2.0,HUMAN_OBSERVATION,iNaturalist,iNaturalist research-grade observations
4015210855,"Loxodonta africana (Blumenbach, 1797)",Loxodonta africana,Loxodonta,Elephantidae,-3.583701,38.301094,31422.0,Taita Taveta,,,2023-01-04T08:17:05,2023.0,1.0,4.0,HUMAN_OBSERVATION,iNaturalist,iNaturalist research-grade observations
4018126887,"Loxodonta africana (Blumenbach, 1797)",Loxodonta africana,Loxodonta,Elephantidae,-3.316365,38.528202,31425.0,Taita Taveta,,,2023-01-01T07:11,2023.0,1.0,1.0,HUMAN_OBSERVATION,iNaturalist,iNaturalist research-grade observations
4018295269,"Loxodonta africana (Blumenbach, 1797)",Loxodonta africana,Loxodonta,Elephantidae,0.261578,36.908055,31451.0,Laikipia,,,2023-01-02T12:58:58,2023.0,1.0,2.0,HUMAN_OBSERVATION,iNaturalist,iNaturalist research-grade observations
4018524917,"Loxodonta africana (Blumenbach, 1797)",Loxodonta africana,Loxodonta,Elephantidae,-3.384584,38.949814,31425.0,Taita Taveta,,,2023-01-01T09:23,2023.0,1.0,1.0,HUMAN_OBSERVATION,iNaturalist,iNaturalist research-grade observations
4022071882,"Loxodonta africana (Blumenbach, 1797)",Loxodonta africana,Loxodonta,Elephantidae,-3.31396,39.955612,31425.0,Kilifi,,,2023-01-09T16:52:26,2023.0,1.0,9.0,HUMAN_OBSERVATION,iNaturalist,iNaturalist research-grade observations
4028678244,"Loxodonta africana (Blumenbach, 1797)",Loxodonta africana,Loxodonta,Elephantidae,0.549446,36.896585,31451.0,Laikipia,,,2023-01-25T11:33:29,2023.0,1.0,25.0,HUMAN_OBSERVATION,iNaturalist,iNaturalist research-grade observations
4034960671,"Loxodonta africana (Blumenbach, 1797)",Loxodonta africana,Loxodonta,Elephantidae,-1.526546,35.106031,31446.0,Narok,,,2023-01-22T00:36:55,2023.0,1.0,22.0,HUMAN_OBSERVATION,iNaturalist,iNaturalist research-grade observations
4039197760,"Loxodonta africana (Blumenbach, 1797)",Loxodonta africana,Loxodonta,Elephantidae,0.511155,37.533455,31451.0,Isiolo,,,2023-01-30T14:23,2023.0,1.0,30.0,HUMAN_OBSERVATION,iNaturalist,iNaturalist research-grade observations
4062994920,"Loxodonta africana (Blumenbach, 1797)",Loxodonta africana,Loxodonta,Elephantidae,-1.381652,35.187639,31447.0,Narok,,,2023-01-23T20:10,2023.0,1.0,23.0,HUMAN_OBSERVATION,iNaturalist,iNaturalist research-grade observations
4067283089,"Loxodonta africana (Blumenbach, 1797)",Loxodonta africana,Loxodonta,Elephantidae,0.347339,36.845819,31451.0,Laikipia,,,2023-01-15T13:48:20,2023.0,1.0,15.0,HUMAN_OBSERVATION,iNaturalist,iNaturalist research-grade observations
4112206619,"Loxodonta africana (Blumenbach, 1797)",Loxodonta africana,Loxodonta,Elephantidae,-0.36232,36.868565,31451.0,Nyeri,,,2023-01-31T22:07,2023.0,1.0,31.0,HUMAN_OBSERVATION,iNaturalist,iNaturalist research-grade observations
4510145422,"Loxodonta africana (Blumenbach, 1797)",Loxodonta africana,Loxodonta,Elephantidae,-3.260281,39.955545,31425.0,Kilifi,,,2023-01-28T07:58,2023.0,1.0,28.0,HUMAN_OBSERVATION,iNaturalist,iNaturalist research-grade observations
4510150319,"Loxodonta africana (Blumenbach, 1797)",Loxodonta africana,Loxodonta,Elephantidae,-3.247172,39.814224,31425.0,Kilifi,,,2023-01-28T17:14,2023.0,1.0,28.0,HUMAN_OBSERVATION,iNaturalist,iNaturalist research-grade observations
4519325331,"Loxodonta africana (Blumenbach, 1797)",Loxodonta africana,Loxodonta,Elephantidae,-3.136921,39.171449,31428.0,Taita Taveta,,,2023-01-31T09:25,2023.0,1.0,31.0,HUMAN_OBSERVATION,iNaturalist,iNaturalist research-grade observations
4606974916,"Loxodonta africana (Blumenbach, 1797)",Loxodonta africana,Loxodonta,Elephantidae,-3.021751,38.923532,31428.0,Taita Taveta,,,2023-01-31T13:23,2023.0,1.0,31.0,HUMAN_OBSERVATION,iNaturalist,iNaturalist research-grade observations
4852490550,"Loxodonta africana (Blumenbach, 1797)",Loxodonta africana,Loxodonta,Elephantidae,-3.294401,38.749556,31425.0,Taita Taveta,,,2023-01-31T17:51,2023.0,1.0,31.0,HUMAN_OBSERVATION,iNaturalist,iNaturalist research-grade observations
4852510879,"Loxodonta africana (Blumenbach, 1797)",Loxodonta africana,Loxodonta,Elephantidae,-3.385552,38.619692,31425.0,Taita Taveta,,,2023-01-31T17:55,2023.0,1.0,31.0,HUMAN_OBSERVATION,iNaturalist,iNaturalist research-grade observations
5838347268,"Loxodonta africana (Blumenbach, 1797)",Loxodonta africana,Loxodonta,Elephantidae,-2.695663,37.305068,31434.0,Kajiado,,,2023-01-01,2023.0,1.0,1.0,HUMAN_OBSERVATION,iNaturalist,iNaturalist research-grade observations
6133414515,"Loxodonta africana (Blumenbach, 1797)",Loxodonta africana,Loxodonta,Elephantidae,-2.639286,37.494316,31434.0,Kajiado,,,2023-01-24T10:29,2023.0,1.0,24.0,HUMAN_OBSERVATION,iNaturalist,iNaturalist research-grade observations
6133454693,"Loxodonta africana (Blumenbach, 1797)",Loxodonta africana,Loxodonta,Elephantidae,-2.609068,37.441311,31434.0,Kajiado,,,2023-01-16T08:29,2023.0,1.0,16.0,HUMAN_OBSERVATION,iNaturalist,iNaturalist research-grade observations
6133473805,"Loxodonta africana (Blumenbach, 1797)",Loxodonta africana,Loxodonta,Elephantidae,-2.635339,37.471921,31434.0,Kajiado,,,2023-01-24T10:19,2023.0,1.0,24.0,HUMAN_OBSERVATION,iNaturalist,iNaturalist research-grade observations
6159135750,"Loxodonta africana (Blumenbach, 1797)",Loxodonta africana,Loxodonta,Elephantidae,0.458939,37.710567,31451.0,Isiolo,,,2023-01-14T07:52,2023.0,1.0,14.0,HUMAN_OBSERVATION,iNaturalist,iNaturalist research-grade observations
6159248731,"Loxodonta africana (Blumenbach, 1797)",Loxodonta africana,Loxodonta,Elephantidae,-1.395919,34.896898,31447.0,Narok,,,2023-01-19T06:49,2023.0,1.0,19.0,HUMAN_OBSERVATION,iNaturalist,iNaturalist research-grade observations
6159483428,"Loxodonta africana (Blumenbach, 1797)",Loxodonta africana,Loxodonta,Elephantidae,0.522262,37.599503,31451.0,Isiolo,,,2023-01-13T12:09,2023.0,1.0,13.0,HUMAN_OBSERVATION,iNaturalist,iNaturalist research-grade observations
6159490718,"Loxodonta africana (Blumenbach, 1797)",Loxodonta africana,Loxodonta,Elephantidae,0.589758,37.46999,31451.0,Isiolo,,,2023-01-14T09:55,2023.0,1.0,14.0,HUMAN_OBSERVATION,iNaturalist,iNaturalist research-grade observations
6159641019,"Loxodonta africana (Blumenbach, 1797)",Loxodonta africana,Loxodonta,Elephantidae,0.590225,37.731383,31451.0,Isiolo,,,2023-01-13T16:23,2023.0,1.0,13.0,HUMAN_OBSERVATION,iNaturalist,iNaturalist research-grade observations
6159643196,"Loxodonta africana (Blumenbach, 1797)",Loxodonta africana,Loxodonta,Elephantidae,-1.475461,35.158625,31446.0,Narok,,,2023-01-20T09:17,2023.0,1.0,20.0,HUMAN_OBSERVATION,iNaturalist,iNaturalist research-grade observations
4029160670,"Loxodonta africana (Blumenbach, 1797)",Loxodonta africana,Loxodonta,Elephantidae,-3.270245,39.852546,31425.0,Kilifi,,,2023-02-04T16:41:30,2023.0,2.0,4.0,HUMAN_OBSERVATION,iNaturalist,iNaturalist research-grade observations
4034822167,"Loxodonta africana (Blumenbach, 1797)",Loxodonta africana,Loxodonta,Elephantidae,-1.407306,35.087671,31446.0,Narok,,,2023-02-04T14:42,2023.0,2.0,4.0,HUMAN_OBSERVATION,iNaturalist,iNaturalist research-grade observations
4034993383,"Loxodonta africana (Blumenbach, 1797)",Loxodonta africana,Loxodonta,Elephantidae,-1.474482,35.256602,31446.0,Narok,,,2023-02-12T10:47:43,2023.0,2.0,12.0,HUMAN_OBSERVATION,iNaturalist,iNaturalist research-grade observations
4054734679,"Loxodonta africana (Blumenbach, 1797)",Loxodonta africana,Loxodonta,Elephantidae,0.087465,36.898679,31451.0,Laikipia,,,2023-02-20T13:09,2023.0,2.0,20.0,HUMAN_OBSERVATION,iNaturalist,iNaturalist research-grade observations
4054761785,"Loxodonta africana (Blumenbach, 1797)",Loxodonta africana,Loxodonta,Elephantidae,0.578449,37.557442,31451.0,Isiolo,,,2023-02-21T10:53,2023.0,2.0,21.0,HUMAN_OBSERVATION,iNaturalist,iNaturalist research-grade observations
4054838234,"Loxodonta africana (Blumenbach, 1797)",Loxodonta africana,Loxodonta,Elephantidae,0.084036,38.001958,36311.0,Meru,,,2023-02-06T09:38,2023.0,2.0,6.0,HUMAN_OBSERVATION,iNaturalist,iNaturalist research-grade observations
4055043848,"Loxodonta africana (Blumenbach, 1797)",Loxodonta africana,Loxodonta,Elephantidae,0.163599,38.039467,31451.0,Meru,,,2023-02-05T06:38,2023.0,2.0,5.0,HUMAN_OBSERVATION,iNaturalist,iNaturalist research-grade observations
4062574639,"Loxodonta africana (Blumenbach, 1797)",Loxodonta africana,Loxodonta,Elephantidae,0.492237,37.525247,31451.0,Isiolo,,,2023-02-07T15:00,2023.0,2.0,7.0,HUMAN_OBSERVATION,iNaturalist,iNaturalist research-grade observations
4062626698,"Loxodonta africana (Blumenbach, 1797)",Loxodonta africana,Loxodonta,Elephantidae,0.54725,37.41087,31451.0,Isiolo,,,2023-02-07T17:14,2023.0,2.0,7.0,HUMAN_OBSERVATION,iNaturalist,iNaturalist research-grade observations
4062797281,"Loxodonta africana (Blumenbach, 1797)",Loxodonta africana,Loxodonta,Elephantidae,0.462079,37.568092,31451.0,Isiolo,,,2023-02-08T16:48,2023.0,2.0,8.0,HUMAN_OBSERVATION,iNaturalist,iNaturalist research-grade observations
4062899699,"Loxodonta africana (Blumenbach, 1797)",Loxodonta africana,Loxodonta,Elephantidae,0.571897,37.43394,31451.0,Isiolo,,,2023-02-07T16:38,2023.0,2.0,7.0,HUMAN_OBSERVATION,iNaturalist,iNaturalist research-grade observations
4075843822,"Loxodonta africana (Blumenbach, 1797)",Loxodonta africana,Loxodonta,Elephantidae,-3.208706,38.928366,31425.0,Taita Taveta,,,2023-02-10T06:07,2023.0,2.0,10.0,HUMAN_OBSERVATION,iNaturalist,iNaturalist research-grade observations
4075921757,"Loxodonta africana (Blumenbach, 1797)",Loxodonta africana,Loxodonta,Elephantidae,-3.230852,38.519705,31425.0,Taita Taveta,,,2023-02-10T09:54,2023.0,2.0,10.0,HUMAN_OBSERVATION,iNaturalist,iNaturalist research-grade observations
4076084540,"Loxodonta africana (Blumenbach, 1797)",Loxodonta africana,Loxodonta,Elephantidae,-2.969142,38.179178,31431.0,Taita Taveta,,,2023-02-19T17:26,2023.0,2.0,19.0,HUMAN_OBSERVATION,iNaturalist,iNaturalist research-grade observations
4076135395,"Loxodonta africana (Blumenbach, 1797)",Loxodonta africana,Loxodonta,Elephantidae,-1.250198,34.802952,31447.0,Narok,,,2023-02-25T07:28,2023.0,2.0,25.0,HUMAN_OBSERVATION,iNaturalist,iNaturalist research-grade observations
4076172328,"Loxodonta africana (Blumenbach, 1797)",Loxodonta africana,Loxodonta,Elephantidae,-1.57669,34.889259,31446.0,Narok,,,2023-02-24T17:12,2023.0,2.0,24.0,HUMAN_OBSERVATION,iNaturalist,iNaturalist research-grade observations
4076176565,"Loxodonta africana (Blumenbach, 1797)",Loxodonta africana,Loxodonta,Elephantidae,0.593476,37.712275,31451.0,Isiolo,,,2023-02-08T17:53:02,2023.0,2.0,8.0,HUMAN_OBSERVATION,iNaturalist,iNaturalist research-grade observations
4076334290,"Loxodonta africana (Blumenbach, 1797)",Loxodonta africana,Loxodonta,Elephantidae,-1.347081,34.915736,31447.0,Narok,,,2023-02-25T13:06,2023.0,2.0,25.0,HUMAN_OBSERVATION,iNaturalist,iNaturalist research-grade observations
4076427383,"Loxodonta africana (Blumenbach, 1797)",Loxodonta africana,Loxodonta,Elephantidae,-1.234045,34.817686,31447.0,Narok,,,2023-02-25T14:09,2023.0,2.0,25.0,HUMAN_OBSERVATION,iNaturalist,iNaturalist research-grade observations
4076428510,"Loxodonta africana (Blumenbach, 1797)",Loxodonta africana,Loxodonta,Elephantidae,-2.66516,37.328962,31434.0,Kajiado,,,2023-02-16T15:51,2023.0,2.0,16.0,HUMAN_OBSERVATION,iNaturalist,iNaturalist research-grade observations
4096413973,"Loxodonta africana (Blumenbach, 1797)",Loxodonta africana,Loxodonta,Elephantidae,-1.109883,35.053479,31448.0,Narok,,,2023-02-26T10:26,2023.0,2.0,26.0,HUMAN_OBSERVATION,iNaturalist,iNaturalist research-grade observations
4096482976,"Loxodonta africana (Blumenbach, 1797)",Loxodonta africana,Loxodonta,Elephantidae,-1.149145,35.033143,31448.0,Narok,,,2023-02-26T09:36,2023.0,2.0,26.0,HUMAN_OBSERVATION,iNaturalist,iNaturalist research-grade observations
4096783984,"Loxodonta africana (Blumenbach, 1797)",Loxodonta africana,Loxodonta,Elephantidae,-1.099812,35.129116,31448.0,Narok,,,2023-02-26T10:30,2023.0,2.0,26.0,HUMAN_OBSERVATION,iNaturalist,iNaturalist research-grade observations
4096840062,"Loxodonta africana (Blumenbach, 1797)",Loxodonta africana,Loxodonta,Elephantidae,-1.104793,35.016839,31448.0,Narok,,,2023-02-26T09:35,2023.0,2.0,26.0,HUMAN_OBSERVATION,iNaturalist,iNaturalist research-grade observations
4116231904,"Loxodonta africana (Blumenbach, 1797)",Loxodonta africana,Loxodonta,Elephantidae,-3.278991,38.674004,31425.0,Taita Taveta,,,2023-02-03T09:09:54,2023.0,2.0,3.0,HUMAN_OBSERVATION,iNaturalist,iNaturalist research-grade observations
4440714470,"Loxodonta africana (Blumenbach, 1797)",Loxodonta africana,Loxodonta,Elephantidae,-3.345244,38.600458,31425.0,Taita Taveta,,,2023-02-04T08:49,2023.0,2.0,4.0,HUMAN_OBSERVATION,iNaturalist,iNaturalist research-grade observations
4440902511,"Loxodonta africana (Blumenbach, 1797)",Loxodonta africana,Loxodonta,Elephantidae,-3.281172,38.851565,31425.0,Taita Taveta,,,2023-02-02T16:45:21,2023.0,2.0,2.0,HUMAN_OBSERVATION,iNaturalist,iNaturalist research-grade observations
4441007420,"Loxodonta africana (Blumenbach, 1797)",Loxodonta africana,Loxodonta,Elephantidae,-3.220392,38.99515,31425.0,Taita Taveta,,,2023-02-03T06:52:57,2023.0,2.0,3.0,HUMAN_OBSERVATION,iNaturalist,iNaturalist research-grade observations
4535703753,"Loxodonta africana (Blumenbach, 1797)",Loxodonta africana,Loxodonta,Elephantidae,-2.801011,38.389935,31431.0,Taita Taveta,,,2023-02-20T15:46,2023.0,2.0,20.0,HUMAN_OBSERVATION,iNaturalist,iNaturalist research-grade observations
4535763749,"Loxodonta africana (Blumenbach, 1797)",Loxodonta africana,Loxodonta,Elephantidae,2.262292,37.85753,31438.0,Marsabit,,,2023-02-11T11:36,2023.0,2.0,11.0,HUMAN_OBSERVATION,iNaturalist,iNaturalist research-grade observations
6133075461,"Loxodonta africana (Blumenbach, 1797)",Loxodonta africana,Loxodonta,Elephantidae,-2.73563,37.338785,31434.0,Kajiado,,,2023-02-01T14:30,2023.0,2.0,1.0,HUMAN_OBSERVATION,iNaturalist,iNaturalist research-grade observations
6133267461,"Loxodonta africana (Blumenbach, 1797)",Loxodonta africana,Loxodonta,Elephantidae,-2.608465,37.304264,31434.0,Kajiado,,,2023-02-01T14:30,2023.0,2.0,1.0,HUMAN_OBSERVATION,iNaturalist,iNaturalist research-grade observations
6133289906,"Loxodonta africana (Blumenbach, 1797)",Loxodonta africana,Loxodonta,Elephantidae,-2.723037,37.481073,31434.0,Kajiado,,,2023-02-13T09:03,2023.0,2.0,13.0,HUMAN_OBSERVATION,iNaturalist,iNaturalist research-grade observations
4054791202,"Loxodonta africana (Blumenbach, 1797)",Loxodonta africana,Loxodonta,Elephantidae,-1.773408,35.098935,31444.0,Narok,,,2023-03-06T17:13:44,2023.0,3.0,6.0,HUMAN_OBSERVATION,iNaturalist,iNaturalist research-grade observations
4075753073,"Loxodonta africana (Blumenbach, 1797)",Loxodonta africana,Loxodonta,Elephantidae,-3.440333,38.275749,31422.0,Taita Taveta,,,2023-03-20T19:54:38,2023.0,3.0,20.0,HUMAN_OBSERVATION,iNaturalist,iNaturalist research-grade observations
4075790531,"Loxodonta africana (Blumenbach, 1797)",Loxodonta africana,Loxodonta,Elephantidae,-3.26333,38.689489,31425.0,Taita Taveta,,,2023-03-19T10:32:24,2023.0,3.0,19.0,HUMAN_OBSERVATION,iNaturalist,iNaturalist research-grade observations
4076352878,"Loxodonta africana (Blumenbach, 1797)",Loxodonta africana,Loxodonta,Elephantidae,-3.290878,38.986706,31425.0,Taita Taveta,,,2023-03-18T15:51,2023.0,3.0,18.0,HUMAN_OBSERVATION,iNaturalist,iNaturalist research-grade observations
4091644710,"Loxodonta africana (Blumenbach, 1797)",Loxodonta africana,Loxodonta,Elephantidae,-3.275754,38.751114,31425.0,Taita Taveta,,,2023-03-31T10:30,2023.0,3.0,31.0,HUMAN_OBSERVATION,iNaturalist,iNaturalist research-grade observations
4153772962,"Loxodonta africana (Blumenbach, 1797)",Loxodonta africana,Loxodonta,Elephantidae,-2.760718,37.329632,31434.0,Kajiado,,,2023-03-27T16:20:04,2023.0,3.0,27.0,HUMAN_OBSERVATION,iNaturalist,iNaturalist research-grade observations
5087405069,"Loxodonta africana (Blumenbach, 1797)",Loxodonta africana,Loxodonta,Elephantidae,-2.728459,37.353245,31434.0,Kajiado,,,2023-03-30T06:56:12,2023.0,3.0,30.0,HUMAN_OBSERVATION,iNaturalist,iNaturalist research-grade observations
4076089966,"Loxodonta africana (Blumenbach, 1797)",Loxodonta africana,Loxodonta,Elephantidae,0.321923,36.818357,31451.0,Laikipia,,,2023-04-04T09:00,2023.0,4.0,4.0,HUMAN_OBSERVATION,iNaturalist,iNaturalist research-grade observations
4080905616,"Loxodonta africana (Blumenbach, 1797)",Loxodonta africana,Loxodonta,Elephantidae,-3.25022,38.622955,31425.0,Taita Taveta,,,2023-04-11T12:58,2023.0,4.0,11.0,HUMAN_OBSERVATION,iNaturalist,iNaturalist research-grade observations
4091367047,"Loxodonta africana (Blumenbach, 1797)",Loxodonta africana,Loxodonta,Elephantidae,-1.590161,35.051458,31446.0,Narok,,,2023-04-02T00:10,2023.0,4.0,2.0,HUMAN_OBSERVATION,iNaturalist,iNaturalist research-grade observations
4091406070,"Loxodonta africana (Blumenbach, 1797)",Loxodonta africana,Loxodonta,Elephantidae,0.297144,36.91232,31451.0,Laikipia,,,2023-04-10T10:28:06,2023.0,4.0,10.0,HUMAN_OBSERVATION,iNaturalist,iNaturalist research-grade observations
4091482876,"Loxodonta africana (Blumenbach, 1797)",Loxodonta africana,Loxodonta,Elephantidae,-4.235455,39.3717,31407.0,Kwale,,,2023-04-13T15:47,2023.0,4.0,13.0,HUMAN_OBSERVATION,iNaturalist,iNaturalist research-grade observations
4091589189,"Loxodonta africana (Blumenbach, 1797)",Loxodonta africana,Loxodonta,Elephantidae,-1.59796,35.05411,31446.0,Narok,,,2023-04-02T10:09,2023.0,4.0,2.0,HUMAN_OBSERVATION,iNaturalist,iNaturalist research-grade observations
4096468911,"Loxodonta africana (Blumenbach, 1797)",Loxodonta africana,Loxodonta,Elephantidae,-4.388511,39.328587,31407.0,Kwale,,,2023-04-14T18:13,2023.0,4.0,14.0,HUMAN_OBSERVATION,iNaturalist,iNaturalist research-grade observations
4096522910,"Loxodonta africana (Blumenbach, 1797)",Loxodonta africana,Loxodonta,Elephantidae,-4.355657,39.277637,31407.0,Kwale,,,2023-04-13T15:47,2023.0,4.0,13.0,HUMAN_OBSERVATION,iNaturalist,iNaturalist research-grade observations
4096556936,"Loxodonta africana (Blumenbach, 1797)",Loxodonta africana,Loxodonta,Elephantidae,-4.250128,39.243743,31407.0,Kwale,,,2023-04-14T17:21,2023.0,4.0,14.0,HUMAN_OBSERVATION,iNaturalist,iNaturalist research-grade observations
4120865651,"Loxodonta africana (Blumenbach, 1797)",Loxodonta africana,Loxodonta,Elephantidae,-2.797934,37.212459,36012.0,Kajiado,,,2023-04-12T11:28,2023.0,4.0,12.0,HUMAN_OBSERVATION,iNaturalist,iNaturalist research-grade observations
4120927207,"Loxodonta africana (Blumenbach, 1797)",Loxodonta africana,Loxodonta,Elephantidae,-2.675812,38.812187,31434.0,Kitui,,,2023-04-14T11:39,2023.0,4.0,14.0,HUMAN_OBSERVATION,iNaturalist,iNaturalist research-grade observations
4120933991,"Loxodonta africana (Blumenbach, 1797)",Loxodonta africana,Loxodonta,Elephantidae,-2.667286,38.994879,31434.0,Kitui,,,2023-04-14T11:39,2023.0,4.0,14.0,HUMAN_OBSERVATION,iNaturalist,iNaturalist research-grade observations
4120964884,"Loxodonta africana (Blumenbach, 1797)",Loxodonta africana,Loxodonta,Elephantidae,-2.728612,38.991055,31434.0,Kitui,,,2023-04-14T11:39,2023.0,4.0,14.0,HUMAN_OBSERVATION,iNaturalist,iNaturalist research-grade observations
4120969697,"Loxodonta africana (Blumenbach, 1797)",Loxodonta africana,Loxodonta,Elephantidae,-2.73904,37.258267,36012.0,Kajiado,,,2023-04-12T11:28,2023.0,4.0,12.0,HUMAN_OBSERVATION,iNaturalist,iNaturalist research-grade observations
4121062109,"Loxodonta africana (Blumenbach, 1797)",Loxodonta africana,Loxodonta,Elephantidae,-3.332476,37.978713,31425.0,Taita Taveta,,,2023-04-13T11:55,2023.0,4.0,13.0,HUMAN_OBSERVATION,iNaturalist,iNaturalist research-grade observations
4121083989,"Loxodonta africana (Blumenbach, 1797)",Loxodonta africana,Loxodonta,Elephantidae,-2.762193,37.274171,36012.0,Kajiado,,,2023-04-12T11:28,2023.0,4.0,12.0,HUMAN_OBSERVATION,iNaturalist,iNaturalist research-grade observations
4121092744,"Loxodonta africana (Blumenbach, 1797)",Loxodonta africana,Loxodonta,Elephantidae,-1.424205,35.161841,31446.0,Narok,,,2023-04-19T12:04,2023.0,4.0,19.0,HUMAN_OBSERVATION,iNaturalist,iNaturalist research-grade observations
4121108877,"Loxodonta africana (Blumenbach, 1797)",Loxodonta africana,Loxodonta,Elephantidae,-2.602516,38.859941,31434.0,Kitui,,,2023-04-14T11:39,2023.0,4.0,14.0,HUMAN_OBSERVATION,iNaturalist,iNaturalist research-grade observations
4121111906,"Loxodonta africana (Blumenbach, 1797)",Loxodonta africana,Loxodonta,Elephantidae,-2.691277,37.280495,36012.0,Kajiado,,,2023-04-12T11:28,2023.0,4.0,12.0,HUMAN_OBSERVATION,iNaturalist,iNaturalist research-grade observations
4121291315,"Loxodonta africana (Blumenbach, 1797)",Loxodonta africana,Loxodonta,Elephantidae,-2.710131,37.242226,36012.0,Kajiado,,,2023-04-12T11:28,2023.0,4.0,12.0,HUMAN_OBSERVATION,iNaturalist,iNaturalist research-grade observations
4121317057,"Loxodonta africana (Blumenbach, 1797)",Loxodonta africana,Loxodonta,Elephantidae,-2.651327,37.331209,36012.0,Kajiado,,,2023-04-12T11:28,2023.0,4.0,12.0,HUMAN_OBSERVATION,iNaturalist,iNaturalist research-grade observations
4121338370,"Loxodonta africana (Blumenbach, 1797)",Loxodonta africana,Loxodonta,Elephantidae,-1.542013,35.12996,31446.0,Narok,,,2023-04-19T12:04,2023.0,4.0,19.0,HUMAN_OBSERVATION,iNaturalist,iNaturalist research-grade observations
4121348851,"Loxodonta africana (Blumenbach, 1797)",Loxodonta africana,Loxodonta,Elephantidae,-2.670469,38.911617,31434.0,Kitui,,,2023-04-14T11:39,2023.0,4.0,14.0,HUMAN_OBSERVATION,iNaturalist,iNaturalist research-grade observations
4512108598,"Loxodonta africana (Blumenbach, 1797)",Loxodonta africana,Loxodonta,Elephantidae,-2.626145,37.388756,31434.0,Kajiado,,,2023-04-03T16:58:49,2023.0,4.0,3.0,HUMAN_OBSERVATION,iNaturalist,iNaturalist research-grade observations
4908030077,"Loxodonta africana (Blumenbach, 1797)",Loxodonta africana,Loxodonta,Elephantidae,0.662389,37.601497,31450.0,Samburu,,,2023-04-29T08:50,2023.0,4.0,29.0,HUMAN_OBSERVATION,iNaturalist,iNaturalist research-grade observations
4908808261,"Loxodonta africana (Blumenbach, 1797)",Loxodonta africana,Loxodonta,Elephantidae,0.460449,37.636294,31451.0,Isiolo,,,2023-04-30T07:24,2023.0,4.0,30.0,HUMAN_OBSERVATION,iNaturalist,iNaturalist research-grade observations
4908908334,"Loxodonta africana (Blumenbach, 1797)",Loxodonta africana,Loxodonta,Elephantidae,0.677928,37.491232,31450.0,Samburu,,,2023-04-29T13:28,2023.0,4.0,29.0,HUMAN_OBSERVATION,iNaturalist,iNaturalist research-grade observations
4980276203,"Loxodonta africana (Blumenbach, 1797)",Loxodonta africana,Loxodonta,Elephantidae,-1.587733,35.139168,31446.0,Narok,,,2023-04-14T08:11:52,2023.0,4.0,14.0,HUMAN_OBSERVATION,iNaturalist,iNaturalist research-grade observations
5903876045,"Loxodonta africana (Blumenbach, 1797)",Loxodonta africana,Loxodonta,Elephantidae,-1.536408,35.001558,31446.0,Narok,,,2023-04-08T11:09:19,2023.0,4.0,8.0,HUMAN_OBSERVATION,iNaturalist,iNaturalist research-grade observations
6520024541,"Loxodonta africana (Blumenbach, 1797)",Loxodonta africana,Loxodonta,Elephantidae,-2.603007,38.785829,60182.0,Kitui,,,2023-04-01T07:18:35,2023.0,4.0,1.0,HUMAN_OBSERVATION,iNaturalist,iNaturalist research-grade observations
4112026613,"Loxodonta africana (Blumenbach, 1797)",Loxodonta africana,Loxodonta,Elephantidae,-1.344192,34.930223,31447.0,Narok,,,2023-05-06T15:19,2023.0,5.0,6.0,HUMAN_OBSERVATION,iNaturalist,iNaturalist research-grade observations
4120977755,"Loxodonta africana (Blumenbach, 1797)",Loxodonta africana,Loxodonta,Elephantidae,-2.720107,37.328102,31434.0,Kajiado,,,2023-05-17T17:30:09,2023.0,5.0,17.0,HUMAN_OBSERVATION,iNaturalist,iNaturalist research-grade observations
4171993398,"Loxodonta africana (Blumenbach, 1797)",Loxodonta africana,Loxodonta,Elephantidae,0.369745,36.801083,31451.0,Laikipia,,,2023-05-31T11:02,2023.0,5.0,31.0,HUMAN_OBSERVATION,iNaturalist,iNaturalist research-grade observations
4172127923,"Loxodonta africana (Blumenbach, 1797)",Loxodonta africana,Loxodonta,Elephantidae,0.217938,36.929142,31451.0,Laikipia,,,2023-05-30T16:10,2023.0,5.0,30.0,HUMAN_OBSERVATION,iNaturalist,iNaturalist research-grade observations
4172127935,"Loxodonta africana (Blumenbach, 1797)",Loxodonta africana,Loxodonta,Elephantidae,0.253443,36.979061,31451.0,Laikipia,,,2023-05-31T10:56,2023.0,5.0,31.0,HUMAN_OBSERVATION,iNaturalist,iNaturalist research-grade observations
4172183164,"Loxodonta africana (Blumenbach, 1797)",Loxodonta africana,Loxodonta,Elephantidae,0.387508,36.861019,31451.0,Laikipia,,,2023-05-31T10:29,2023.0,5.0,31.0,HUMAN_OBSERVATION,iNaturalist,iNaturalist research-grade observations
4172240908,"Loxodonta africana (Blumenbach, 1797)",Loxodonta africana,Loxodonta,Elephantidae,0.397544,36.915621,31451.0,Laikipia,,,2023-05-31T11:57,2023.0,5.0,31.0,HUMAN_OBSERVATION,iNaturalist,iNaturalist research-grade observations
4436216991,"Loxodonta africana (Blumenbach, 1797)",Loxodonta africana,Loxodonta,Elephantidae,-2.664585,37.251463,31434.0,Kajiado,,,2023-05-10T16:44:32,2023.0,5.0,10.0,HUMAN_OBSERVATION,iNaturalist,iNaturalist research-grade observations
4607515345,"Loxodonta africana (Blumenbach, 1797)",Loxodonta africana,Loxodonta,Elephantidae,0.768646,37.446547,31450.0,Samburu,,,2023-05-17T07:57,2023.0,5.0,17.0,HUMAN_OBSERVATION,iNaturalist,iNaturalist research-grade observations
4867675040,"Loxodonta africana (Blumenbach, 1797)",Loxodonta africana,Loxodonta,Elephantidae,-2.882013,38.005898,31431.0,Taita Taveta,,,2023-05-31T12:36:57,2023.0,5.0,31.0,HUMAN_OBSERVATION,iNaturalist,iNaturalist research-grade observations
4867875436,"Loxodonta africana (Blumenbach, 1797)",Loxodonta africana,Loxodonta,Elephantidae,-2.714877,37.285059,31434.0,Kajiado,,,2023-05-30T09:16:59,2023.0,5.0,30.0,HUMAN_OBSERVATION,iNaturalist,iNaturalist research-grade observations
4901404178,"Loxodonta africana (Blumenbach, 1797)",Loxodonta africana,Loxodonta,Elephantidae,-1.438033,35.274312,31446.0,Narok,,,2023-05-07T12:39,2023.0,5.0,7.0,HUMAN_OBSERVATION,iNaturalist,iNaturalist research-grade observations
4901678309,"Loxodonta africana (Blumenbach, 1797)",Loxodonta africana,Loxodonta,Elephantidae,-1.404341,35.179642,31446.0,Narok,,,2023-05-07T12:32,2023.0,5.0,7.0,HUMAN_OBSERVATION,iNaturalist,iNaturalist research-grade observations
4901871815,"Loxodonta africana (Blumenbach, 1797)",Loxodonta africana,Loxodonta,Elephantidae,-1.418137,35.311217,31446.0,Narok,,,2023-05-08T10:33,2023.0,5.0,8.0,HUMAN_OBSERVATION,iNaturalist,iNaturalist research-grade observations
4993795602,"Loxodonta africana (Blumenbach, 1797)",Loxodonta africana,Loxodonta,Elephantidae,-1.557352,35.389062,31446.0,Narok,,,2023-05-30T14:51,2023.0,5.0,30.0,HUMAN_OBSERVATION,iNaturalist,iNaturalist research-grade observations
4993895580,"Loxodonta africana (Blumenbach, 1797)",Loxodonta africana,Loxodonta,Elephantidae,-2.793534,37.266356,31434.0,Kajiado,,,2023-05-28T05:57,2023.0,5.0,28.0,HUMAN_OBSERVATION,iNaturalist,iNaturalist research-grade observations
4993960417,"Loxodonta africana (Blumenbach, 1797)",Loxodonta africana,Loxodonta,Elephantidae,-2.7813,37.231543,31434.0,Kajiado,,,2023-05-28T05:51,2023.0,5.0,28.0,HUMAN_OBSERVATION,iNaturalist,iNaturalist research-grade observations
4994012104,"Loxodonta africana (Blumenbach, 1797)",Loxodonta africana,Loxodonta,Elephantidae,-2.622285,37.36875,31434.0,Kajiado,,,2023-05-28T10:00,2023.0,5.0,28.0,HUMAN_OBSERVATION,iNaturalist,iNaturalist research-grade observations
4994146910,"Loxodonta africana (Blumenbach, 1797)",Loxodonta africana,Loxodonta,Elephantidae,-2.782396,37.217374,31434.0,Kajiado,,,2023-05-28T09:52,2023.0,5.0,28.0,HUMAN_OBSERVATION,iNaturalist,iNaturalist research-grade observations
4994265446,"Loxodonta africana (Blumenbach, 1797)",Loxodonta africana,Loxodonta,Elephantidae,-2.633633,37.246473,31434.0,Kajiado,,,2023-05-27T14:31,2023.0,5.0,27.0,HUMAN_OBSERVATION,iNaturalist,iNaturalist research-grade observations
4994269320,"Loxodonta africana (Blumenbach, 1797)",Loxodonta africana,Loxodonta,Elephantidae,-2.702469,37.354478,31434.0,Kajiado,,,2023-05-27T15:16,2023.0,5.0,27.0,HUMAN_OBSERVATION,iNaturalist,iNaturalist research-grade observations
4994304813,"Loxodonta africana (Blumenbach, 1797)",Loxodonta africana,Loxodonta,Elephantidae,-1.44173,35.327821,31446.0,Narok,,,2023-05-30T16:16,2023.0,5.0,30.0,HUMAN_OBSERVATION,iNaturalist,iNaturalist research-grade observations
4994650467,"Loxodonta africana (Blumenbach, 1797)",Loxodonta africana,Loxodonta,Elephantidae,-2.789449,37.2889,31434.0,Kajiado,,,2023-05-27T14:36,2023.0,5.0,27.0,HUMAN_OBSERVATION,iNaturalist,iNaturalist research-grade observations
5892520926,"Loxodonta africana (Blumenbach, 1797)",Loxodonta africana,Loxodonta,Elephantidae,0.427056,37.570148,31451.0,Isiolo,,,2023-05-15T18:47,2023.0,5.0,15.0,HUMAN_OBSERVATION,iNaturalist,iNaturalist research-grade observations
5892705263,"Loxodonta africana (Blumenbach, 1797)",Loxodonta africana,Loxodonta,Elephantidae,0.451507,37.422862,31451.0,Isiolo,,,2023-05-14T17:13,2023.0,5.0,14.0,HUMAN_OBSERVATION,iNaturalist,iNaturalist research-grade observations
6251611171,"Loxodonta africana (Blumenbach, 1797)",Loxodonta africana,Loxodonta,Elephantidae,-3.476355,38.839751,31422.0,Taita Taveta,,,2023-05-31T07:37:51,2023.0,5.0,31.0,HUMAN_OBSERVATION,iNaturalist,iNaturalist research-grade observations
6251833775,"Loxodonta africana (Blumenbach, 1797)",Loxodonta africana,Loxodonta,Elephantidae,-3.578869,38.875274,31422.0,Taita Taveta,,,2023-05-31T07:27:20,2023.0,5.0,31.0,HUMAN_OBSERVATION,iNaturalist,iNaturalist research-grade observations
6251934144,"Loxodonta africana (Blumenbach, 1797)",Loxodonta africana,Loxodonta,Elephantidae,-3.543284,38.944683,31422.0,Taita Taveta,,,2023-05-31T07:27:26,2023.0,5.0,31.0,HUMAN_OBSERVATION,iNaturalist,iNaturalist research-grade observations
6252951762,"Loxodonta africana (Blumenbach, 1797)",Loxodonta africana,Loxodonta,Elephantidae,-3.529793,38.926296,31422.0,Taita Taveta,,,2023-05-31T09:05:53,2023.0,5.0,31.0,HUMAN_OBSERVATION,iNaturalist,iNaturalist research-grade observations
6253058618,"Loxodonta africana (Blumenbach, 1797)",Loxodonta africana,Loxodonta,Elephantidae,-3.209347,38.958452,31425.0,Taita Taveta,,,2023-05-31T13:52:37,2023.0,5.0,31.0,HUMAN_OBSERVATION,iNaturalist,iNaturalist research-grade observations
4130230366,"Loxodonta africana (Blumenbach, 1797)",Loxodonta africana,Loxodonta,Elephantidae,-1.777118,35.30556,31444.0,Narok,,,2023-06-05T15:50:38,2023.0,6.0,5.0,HUMAN_OBSERVATION,iNaturalist,iNaturalist research-grade observations
4137881347,"Loxodonta africana (Blumenbach, 1797)",Loxodonta africana,Loxodonta,Elephantidae,-1.533273,35.259541,31446.0,Narok,,,2023-06-25T08:36:56,2023.0,6.0,25.0,HUMAN_OBSERVATION,iNaturalist,iNaturalist research-grade observations
4138113587,"Loxodonta africana (Blumenbach, 1797)",Loxodonta africana,Loxodonta,Elephantidae,-1.73921,35.284672,31444.0,Narok,,,2023-06-05T08:16:15,2023.0,6.0,5.0,HUMAN_OBSERVATION,iNaturalist,iNaturalist research-grade observations
4138471223,"Loxodonta africana (Blumenbach, 1797)",Loxodonta africana,Loxodonta,Elephantidae,-2.955235,37.813928,31431.0,Taita Taveta,,,2023-06-21T17:26:26,2023.0,6.0,21.0,HUMAN_OBSERVATION,iNaturalist,iNaturalist research-grade observations
4138554055,"Loxodonta africana (Blumenbach, 1797)",Loxodonta africana,Loxodonta,Elephantidae,-1.512608,35.080591,31446.0,Narok,,,2023-06-10T01:36,2023.0,6.0,10.0,HUMAN_OBSERVATION,iNaturalist,iNaturalist research-grade observations
4138586664,"Loxodonta africana (Blumenbach, 1797)",Loxodonta africana,Loxodonta,Elephantidae,-2.996474,37.818613,31431.0,Taita Taveta,,,2023-06-20T16:53:04,2023.0,6.0,20.0,HUMAN_OBSERVATION,iNaturalist,iNaturalist research-grade observations
4153773352,"Loxodonta africana (Blumenbach, 1797)",Loxodonta africana,Loxodonta,Elephantidae,0.362901,36.855961,31451.0,Laikipia,,,2023-06-04T14:41:21,2023.0,6.0,4.0,HUMAN_OBSERVATION,iNaturalist,iNaturalist research-grade observations
4171497144,"Loxodonta africana (Blumenbach, 1797)",Loxodonta africana,Loxodonta,Elephantidae,0.266349,36.945176,31451.0,Laikipia,,,2023-06-01T08:26,2023.0,6.0,1.0,HUMAN_OBSERVATION,iNaturalist,iNaturalist research-grade observations
4171943224,"Loxodonta africana (Blumenbach, 1797)",Loxodonta africana,Loxodonta,Elephantidae,0.309126,36.957049,31451.0,Laikipia,,,2023-06-01T08:39,2023.0,6.0,1.0,HUMAN_OBSERVATION,iNaturalist,iNaturalist research-grade observations
4172158435,"Loxodonta africana (Blumenbach, 1797)",Loxodonta africana,Loxodonta,Elephantidae,0.353787,36.892396,31451.0,Laikipia,,,2023-06-01T18:07,2023.0,6.0,1.0,HUMAN_OBSERVATION,iNaturalist,iNaturalist research-grade observations
4172187537,"Loxodonta africana (Blumenbach, 1797)",Loxodonta africana,Loxodonta,Elephantidae,0.316218,36.836566,31451.0,Laikipia,,,2023-06-01T17:51,2023.0,6.0,1.0,HUMAN_OBSERVATION,iNaturalist,iNaturalist research-grade observations
4172289065,"Loxodonta africana (Blumenbach, 1797)",Loxodonta africana,Loxodonta,Elephantidae,0.346311,36.826971,31451.0,Laikipia,,,2023-06-02T18:03,2023.0,6.0,2.0,HUMAN_OBSERVATION,iNaturalist,iNaturalist research-grade observations
4172315564,"Loxodonta africana (Blumenbach, 1797)",Loxodonta africana,Loxodonta,Elephantidae,0.37333,36.85827,31451.0,Laikipia,,,2023-06-02T13:10,2023.0,6.0,2.0,HUMAN_OBSERVATION,iNaturalist,iNaturalist research-grade observations
4405363897,"Loxodonta africana (Blumenbach, 1797)",Loxodonta africana,Loxodonta,Elephantidae,0.228537,36.97787,31451.0,Laikipia,,,2023-06-03T11:45,2023.0,6.0,3.0,HUMAN_OBSERVATION,iNaturalist,iNaturalist research-grade observations
4405412049,"Loxodonta africana (Blumenbach, 1797)",Loxodonta africana,Loxodonta,Elephantidae,0.257354,36.801024,31451.0,Laikipia,,,2023-06-03T00:44,2023.0,6.0,3.0,HUMAN_OBSERVATION,iNaturalist,iNaturalist research-grade observations
4405483722,"Loxodonta africana (Blumenbach, 1797)",Loxodonta africana,Loxodonta,Elephantidae,0.390462,36.988858,31451.0,Laikipia,,,2023-06-03T11:53,2023.0,6.0,3.0,HUMAN_OBSERVATION,iNaturalist,iNaturalist research-grade observations
4405505069,"Loxodonta africana (Blumenbach, 1797)",Loxodonta africana,Loxodonta,Elephantidae,0.262913,36.90489,31451.0,Laikipia,,,2023-06-03T11:27,2023.0,6.0,3.0,HUMAN_OBSERVATION,iNaturalist,iNaturalist research-grade observations
4416705754,"Loxodonta africana (Blumenbach, 1797)",Loxodonta africana,Loxodonta,Elephantidae,-2.899592,38.028792,31431.0,Taita Taveta,,,2023-06-29T12:15,2023.0,6.0,29.0,HUMAN_OBSERVATION,iNaturalist,iNaturalist research-grade observations
4416850087,"Loxodonta africana (Blumenbach, 1797)",Loxodonta africana,Loxodonta,Elephantidae,-2.60349,38.162888,49336.0,Taita Taveta,,,2023-06-29T16:53,2023.0,6.0,29.0,HUMAN_OBSERVATION,iNaturalist,iNaturalist research-grade observations
4417011466,"Loxodonta africana (Blumenbach, 1797)",Loxodonta africana,Loxodonta,Elephantidae,-3.066468,38.025782,60306.0,Taita Taveta,,,2023-06-29T15:09,2023.0,6.0,29.0,HUMAN_OBSERVATION,iNaturalist,iNaturalist research-grade observations
4424274068,"Loxodonta africana (Blumenbach, 1797)",Loxodonta africana,Loxodonta,Elephantidae,-2.627146,37.203732,31434.0,Kajiado,,,2023-06-30,2023.0,6.0,30.0,HUMAN_OBSERVATION,iNaturalist,iNaturalist research-grade observations
4424274672,"Loxodonta africana (Blumenbach, 1797)",Loxodonta africana,Loxodonta,Elephantidae,-2.694348,37.375802,31434.0,Kajiado,,,2023-06-30,2023.0,6.0,30.0,HUMAN_OBSERVATION,iNaturalist,iNaturalist research-grade observations
4424318909,"Loxodonta africana (Blumenbach, 1797)",Loxodonta africana,Loxodonta,Elephantidae,-2.647852,37.265286,31434.0,Kajiado,,,2023-06-30,2023.0,6.0,30.0,HUMAN_OBSERVATION,iNaturalist,iNaturalist research-grade observations
4424336867,"Loxodonta africana (Blumenbach, 1797)",Loxodonta africana,Loxodonta,Elephantidae,-2.705635,37.217678,31434.0,Kajiado,,,2023-06-30,2023.0,6.0,30.0,HUMAN_OBSERVATION,iNaturalist,iNaturalist research-grade observations
4606765441,"Loxodonta africana (Blumenbach, 1797)",Loxodonta africana,Loxodonta,Elephantidae,-1.934068,36.027858,31442.0,Kajiado,,,2023-06-15,2023.0,6.0,15.0,HUMAN_OBSERVATION,iNaturalist,iNaturalist research-grade observations
4867686377,"Loxodonta africana (Blumenbach, 1797)",Loxodonta africana,Loxodonta,Elephantidae,-2.884352,38.192556,31431.0,Taita Taveta,,,2023-06-01T15:40:08,2023.0,6.0,1.0,HUMAN_OBSERVATION,iNaturalist,iNaturalist research-grade observations
4867737502,"Loxodonta africana (Blumenbach, 1797)",Loxodonta africana,Loxodonta,Elephantidae,-2.855833,38.128959,31431.0,Taita Taveta,,,2023-06-03T09:52:39,2023.0,6.0,3.0,HUMAN_OBSERVATION,iNaturalist,iNaturalist research-grade observations
4867765227,"Loxodonta africana (Blumenbach, 1797)",Loxodonta africana,Loxodonta,Elephantidae,-2.850086,38.185015,31431.0,Taita Taveta,,,2023-06-01T17:47:49,2023.0,6.0,1.0,HUMAN_OBSERVATION,iNaturalist,iNaturalist research-grade observations
4867997327,"Loxodonta africana (Blumenbach, 1797)",Loxodonta africana,Loxodonta,Elephantidae,-2.801051,38.155825,31431.0,Taita Taveta,,,2023-06-01T16:03:39,2023.0,6.0,1.0,HUMAN_OBSERVATION,iNaturalist,iNaturalist research-grade observations
5889552146,"Loxodonta africana (Blumenbach, 1797)",Loxodonta africana,Loxodonta,Elephantidae,-0.96373,36.743778,280038.0,Kiambu,,,2023-06-30T18:11:17,2023.0,6.0,30.0,HUMAN_OBSERVATION,iNaturalist,iNaturalist research-grade observations
6130947434,"Loxodonta africana (Blumenbach, 1797)",Loxodonta africana,Loxodonta,Elephantidae,-1.321835,35.011616,31447.0,Narok,,,2023-06-09T14:10,2023.0,6.0,9.0,HUMAN_OBSERVATION,iNaturalist,iNaturalist research-grade observations
6251856300,"Loxodonta africana (Blumenbach, 1797)",Loxodonta africana,Loxodonta,Elephantidae,-2.740119,37.236726,31434.0,Kajiado,,,2023-06-02T04:31:04,2023.0,6.0,2.0,HUMAN_OBSERVATION,iNaturalist,iNaturalist research-grade observations
6252024312,"Loxodonta africana (Blumenbach, 1797)",Loxodonta africana,Loxodonta,Elephantidae,-3.243813,38.768054,31425.0,Taita Taveta,,,2023-06-01T03:57:38,2023.0,6.0,1.0,HUMAN_OBSERVATION,iNaturalist,iNaturalist research-grade observations
6252091619,"Loxodonta africana (Blumenbach, 1797)",Loxodonta africana,Loxodonta,Elephantidae,-2.695983,37.295797,31434.0,Kajiado,,,2023-06-02T04:33:22,2023.0,6.0,2.0,HUMAN_OBSERVATION,iNaturalist,iNaturalist research-grade observations
6252191801,"Loxodonta africana (Blumenbach, 1797)",Loxodonta africana,Loxodonta,Elephantidae,-3.471587,38.247792,31422.0,Taita Taveta,,,2023-06-02T14:46:33,2023.0,6.0,2.0,HUMAN_OBSERVATION,iNaturalist,iNaturalist research-grade observations
6252212114,"Loxodonta africana (Blumenbach, 1797)",Loxodonta africana,Loxodonta,Elephantidae,-2.743323,37.353095,31434.0,Kajiado,,,2023-06-02T04:20:32,2023.0,6.0,2.0,HUMAN_OBSERVATION,iNaturalist,iNaturalist research-grade observations
6252307673,"Loxodonta africana (Blumenbach, 1797)",Loxodonta africana,Loxodonta,Elephantidae,-2.698188,37.376093,31434.0,Kajiado,,,2023-06-02T04:30:14,2023.0,6.0,2.0,HUMAN_OBSERVATION,iNaturalist,iNaturalist research-grade observations
6252621820,"Loxodonta africana (Blumenbach, 1797)",Loxodonta africana,Loxodonta,Elephantidae,-2.75434,37.282054,31434.0,Kajiado,,,2023-06-02T05:28,2023.0,6.0,2.0,HUMAN_OBSERVATION,iNaturalist,iNaturalist research-grade observations
6252936883,"Loxodonta africana (Blumenbach, 1797)",Loxodonta africana,Loxodonta,Elephantidae,-2.773601,37.230911,31434.0,Kajiado,,,2023-06-02T04:06:01,2023.0,6.0,2.0,HUMAN_OBSERVATION,iNaturalist,iNaturalist research-grade observations
6253276654,"Loxodonta africana (Blumenbach, 1797)",Loxodonta africana,Loxodonta,Elephantidae,-2.665013,37.367743,31434.0,Kajiado,,,2023-06-01T15:02:48,2023.0,6.0,1.0,HUMAN_OBSERVATION,iNaturalist,iNaturalist research-grade observations
6273708706,"Loxodonta africana (Blumenbach, 1797)",Loxodonta africana,Loxodonta,Elephantidae,-3.408275,38.268487,31422.0,Taita Taveta,,,2023-06-03T07:23:31,2023.0,6.0,3.0,HUMAN_OBSERVATION,iNaturalist,iNaturalist research-grade observations
6273765982,"Loxodonta africana (Blumenbach, 1797)",Loxodonta africana,Loxodonta,Elephantidae,-3.455744,38.352819,31422.0,Taita Taveta,,,2023-06-02T14:44,2023.0,6.0,2.0,HUMAN_OBSERVATION,iNaturalist,iNaturalist research-grade observations
4153392868,"Loxodonta africana (Blumenbach, 1797)",Loxodonta africana,Loxodonta,Elephantidae,-3.426511,38.669402,31422.0,Taita Taveta,,,2023-07-03T14:06:44,2023.0,7.0,3.0,HUMAN_OBSERVATION,iNaturalist,iNaturalist research-grade observations
4153412651,"Loxodonta africana (Blumenbach, 1797)",Loxodonta africana,Loxodonta,Elephantidae,0.060773,36.814922,31451.0,Laikipia,,,2023-07-11T15:16:03,2023.0,7.0,11.0,HUMAN_OBSERVATION,iNaturalist,iNaturalist research-grade observations
4162101194,"Loxodonta africana (Blumenbach, 1797)",Loxodonta africana,Loxodonta,Elephantidae,-3.769988,38.705305,31418.0,Taita Taveta,,,2023-07-17T18:02:51,2023.0,7.0,17.0,HUMAN_OBSERVATION,iNaturalist,iNaturalist research-grade observations
4165823396,"Loxodonta africana (Blumenbach, 1797)",Loxodonta africana,Loxodonta,Elephantidae,-2.654629,37.331489,31434.0,Kajiado,,,2023-07-15T16:43:36,2023.0,7.0,15.0,HUMAN_OBSERVATION,iNaturalist,iNaturalist research-grade observations
4165870770,"Loxodonta africana (Blumenbach, 1797)",Loxodonta africana,Loxodonta,Elephantidae,-1.50545,35.147157,31446.0,Narok,,,2023-07-22T13:03:56,2023.0,7.0,22.0,HUMAN_OBSERVATION,iNaturalist,iNaturalist research-grade observations
4165941560,"Loxodonta africana (Blumenbach, 1797)",Loxodonta africana,Loxodonta,Elephantidae,-3.315038,38.197038,31425.0,Taita Taveta,,,2023-07-14T13:11:15,2023.0,7.0,14.0,HUMAN_OBSERVATION,iNaturalist,iNaturalist research-grade observations
4171601554,"Loxodonta africana (Blumenbach, 1797)",Loxodonta africana,Loxodonta,Elephantidae,-1.498162,35.011326,31446.0,Narok,,,2023-07-20T23:49,2023.0,7.0,20.0,HUMAN_OBSERVATION,iNaturalist,iNaturalist research-grade observations
4177333933,"Loxodonta africana (Blumenbach, 1797)",Loxodonta africana,Loxodonta,Elephantidae,-3.5415,38.339179,31422.0,Taita Taveta,,,2023-07-31T16:14:51,2023.0,7.0,31.0,HUMAN_OBSERVATION,iNaturalist,iNaturalist research-grade observations
4177336795,"Loxodonta africana (Blumenbach, 1797)",Loxodonta africana,Loxodonta,Elephantidae,0.085901,36.808367,31451.0,Laikipia,,,2023-07-11T07:15,2023.0,7.0,11.0,HUMAN_OBSERVATION,iNaturalist,iNaturalist research-grade observations
4177534439,"Loxodonta africana (Blumenbach, 1797)",Loxodonta africana,Loxodonta,Elephantidae,-1.226619,35.114368,31447.0,Narok,,,2023-07-20T01:26,2023.0,7.0,20.0,HUMAN_OBSERVATION,iNaturalist,iNaturalist research-grade observations
4177578447,"Loxodonta africana (Blumenbach, 1797)",Loxodonta africana,Loxodonta,Elephantidae,0.108545,36.865294,31451.0,Laikipia,,,2023-07-11T06:43,2023.0,7.0,11.0,HUMAN_OBSERVATION,iNaturalist,iNaturalist research-grade observations
4420951498,"Loxodonta africana (Blumenbach, 1797)",Loxodonta africana,Loxodonta,Elephantidae,-1.491688,35.014778,31446.0,Narok,,,2023-07-13T16:17,2023.0,7.0,13.0,HUMAN_OBSERVATION,iNaturalist,iNaturalist research-grade observations
4430763009,"Loxodonta africana (Blumenbach, 1797)",Loxodonta africana,Loxodonta,Elephantidae,-1.497359,35.025001,43119.0,Narok,,,2023-07-25T11:19,2023.0,7.0,25.0,HUMAN_OBSERVATION,iNaturalist,iNaturalist research-grade observations
4431045058,"Loxodonta africana (Blumenbach, 1797)",Loxodonta africana,Loxodonta,Elephantidae,-1.436302,35.050748,31446.0,Narok,,,2023-07-06T16:19,2023.0,7.0,6.0,HUMAN_OBSERVATION,iNaturalist,iNaturalist research-grade observations
4431221976,"Loxodonta africana (Blumenbach, 1797)",Loxodonta africana,Loxodonta,Elephantidae,-1.555514,35.121658,43119.0,Narok,,,2023-07-25T11:20,2023.0,7.0,25.0,HUMAN_OBSERVATION,iNaturalist,iNaturalist research-grade observations
4436196487,"Loxodonta africana (Blumenbach, 1797)",Loxodonta africana,Loxodonta,Elephantidae,-1.574049,35.105954,31446.0,Narok,,,2023-07-07T10:58,2023.0,7.0,7.0,HUMAN_OBSERVATION,iNaturalist,iNaturalist research-grade observations
4465504265,"Loxodonta africana (Blumenbach, 1797)",Loxodonta africana,Loxodonta,Elephantidae,-1.545401,35.071013,31446.0,Narok,,,2023-07-12T16:03,2023.0,7.0,12.0,HUMAN_OBSERVATION,iNaturalist,iNaturalist research-grade observations
4465522111,"Loxodonta africana (Blumenbach, 1797)",Loxodonta africana,Loxodonta,Elephantidae,-0.433081,38.961721,1492557.0,Tana River,,,2023-07-13,2023.0,7.0,13.0,HUMAN_OBSERVATION,iNaturalist,iNaturalist research-grade observations
4600023170,"Loxodonta africana (Blumenbach, 1797)",Loxodonta africana,Loxodonta,Elephantidae,-1.027407,35.272616,31448.0,Narok,,,2023-07-31T17:24:06,2023.0,7.0,31.0,HUMAN_OBSERVATION,iNaturalist,iNaturalist research-grade observations
5007710172,"Loxodonta africana (Blumenbach, 1797)",Loxodonta africana,Loxodonta,Elephantidae,-2.602827,37.232329,31434.0,Kajiado,,,2023-07-28T07:17:31,2023.0,7.0,28.0,HUMAN_OBSERVATION,iNaturalist,iNaturalist research-grade observations
5133165858,"Loxodonta africana (Blumenbach, 1797)",Loxodonta africana,Loxodonta,Elephantidae,-1.201806,35.173155,31447.0,Narok,,,2023-07-08T16:35:38,2023.0,7.0,8.0,HUMAN_OBSERVATION,iNaturalist,iNaturalist research-grade observations
5140123897,"Loxodonta africana (Blumenbach, 1797)",Loxodonta africana,Loxodonta,Elephantidae,-1.49658,35.253935,31446.0,Narok,,,2023-07-15T17:30:46,2023.0,7.0,15.0,HUMAN_OBSERVATION,iNaturalist,iNaturalist research-grade observations
5140146986,"Loxodonta africana (Blumenbach, 1797)",Loxodonta africana,Loxodonta,Elephantidae,-2.716977,37.358842,31434.0,Kajiado,,,2023-07-17T16:33,2023.0,7.0,17.0,HUMAN_OBSERVATION,iNaturalist,iNaturalist research-grade observations
5140252233,"Loxodonta africana (Blumenbach, 1797)",Loxodonta africana,Loxodonta,Elephantidae,-3.527529,38.258952,31422.0,Taita Taveta,,,2023-07-18T15:00,2023.0,7.0,18.0,HUMAN_OBSERVATION,iNaturalist,iNaturalist research-grade observations
5140253999,"Loxodonta africana (Blumenbach, 1797)",Loxodonta africana,Loxodonta,Elephantidae,-1.500164,35.260159,31446.0,Narok,,,2023-07-16T09:19,2023.0,7.0,16.0,HUMAN_OBSERVATION,iNaturalist,iNaturalist research-grade observations
5140282090,"Loxodonta africana (Blumenbach, 1797)",Loxodonta africana,Loxodonta,Elephantidae,-2.752611,37.32071,31434.0,Kajiado,,,2023-07-18T07:15,2023.0,7.0,18.0,HUMAN_OBSERVATION,iNaturalist,iNaturalist research-grade observations
5154658474,"Loxodonta africana (Blumenbach, 1797)",Loxodonta africana,Loxodonta,Elephantidae,-1.533279,35.038255,31446.0,Narok,,,2023-07-16T07:35,2023.0,7.0,16.0,HUMAN_OBSERVATION,iNaturalist,iNaturalist research-grade observations
5237605635,"Loxodonta africana (Blumenbach, 1797)",Loxodonta africana,Loxodonta,Elephantidae,0.452615,37.739331,31451.0,Isiolo,,,2023-07-21T15:46,2023.0,7.0,21.0,HUMAN_OBSERVATION,iNaturalist,iNaturalist research-grade observations
5237784641,"Loxodonta africana (Blumenbach, 1797)",Loxodonta africana,Loxodonta,Elephantidae,0.546496,37.617532,31451.0,Isiolo,,,2023-07-21T15:56,2023.0,7.0,21.0,HUMAN_OBSERVATION,iNaturalist,iNaturalist research-grade observations
5238361676,"Loxodonta africana (Blumenbach, 1797)",Loxodonta africana,Loxodonta,Elephantidae,0.591993,37.65645,31451.0,Isiolo,,,2023-07-21T13:55,2023.0,7.0,21.0,HUMAN_OBSERVATION,iNaturalist,iNaturalist research-grade observations
5238369693,"Loxodonta africana (Blumenbach, 1797)",Loxodonta africana,Loxodonta,Elephantidae,0.450775,37.769709,31451.0,Isiolo,,,2023-07-21T23:03,2023.0,7.0,21.0,HUMAN_OBSERVATION,iNaturalist,iNaturalist research-grade observations
5827622185,"Loxodonta africana (Blumenbach, 1797)",Loxodonta africana,Loxodonta,Elephantidae,-1.323062,35.387682,31447.0,Narok,,,2023-07-29T07:26:27,2023.0,7.0,29.0,HUMAN_OBSERVATION,iNaturalist,iNaturalist research-grade observations
5828065197,"Loxodonta africana (Blumenbach, 1797)",Loxodonta africana,Loxodonta,Elephantidae,-1.287257,35.288423,31447.0,Narok,,,2023-07-30T17:31:45,2023.0,7.0,30.0,HUMAN_OBSERVATION,iNaturalist,iNaturalist research-grade observations
6170872696,"Loxodonta africana (Blumenbach, 1797)",Loxodonta africana,Loxodonta,Elephantidae,0.051574,36.963769,31451.0,Laikipia,,,2023-07-23T12:00:47,2023.0,7.0,23.0,HUMAN_OBSERVATION,iNaturalist,iNaturalist research-grade observations
6185504344,"Loxodonta africana (Blumenbach, 1797)",Loxodonta africana,Loxodonta,Elephantidae,-1.560916,35.147824,31446.0,Narok,,,2023-07-29T08:35:25,2023.0,7.0,29.0,HUMAN_OBSERVATION,iNaturalist,iNaturalist research-grade observations
4172110029,"Loxodonta africana (Blumenbach, 1797)",Loxodonta africana,Loxodonta,Elephantidae,-1.445518,35.097066,31446.0,Narok,,,2023-08-04T14:44:41,2023.0,8.0,4.0,HUMAN_OBSERVATION,iNaturalist,iNaturalist research-grade observations
4172192371,"Loxodonta africana (Blumenbach, 1797)",Loxodonta africana,Loxodonta,Elephantidae,-1.304267,34.84908,31447.0,Narok,,,2023-08-05T17:27:57,2023.0,8.0,5.0,HUMAN_OBSERVATION,iNaturalist,iNaturalist research-grade observations
4177555365,"Loxodonta africana (Blumenbach, 1797)",Loxodonta africana,Loxodonta,Elephantidae,-1.399651,35.183686,31447.0,Narok,,,2023-08-13T06:46:33,2023.0,8.0,13.0,HUMAN_OBSERVATION,iNaturalist,iNaturalist research-grade observations
4399865785,"Loxodonta africana (Blumenbach, 1797)",Loxodonta africana,Loxodonta,Elephantidae,-1.210656,35.067051,31447.0,Narok,,,2023-08-16T17:06:49,2023.0,8.0,16.0,HUMAN_OBSERVATION,iNaturalist,iNaturalist research-grade observations
4399936015,"Loxodonta africana (Blumenbach, 1797)",Loxodonta africana,Loxodonta,Elephantidae,-0.73336,36.621059,31450.0,Murang'a,,,2023-08-19T13:58:38,2023.0,8.0,19.0,HUMAN_OBSERVATION,iNaturalist,iNaturalist research-grade observations
4400125599,"Loxodonta africana (Blumenbach, 1797)",Loxodonta africana,Loxodonta,Elephantidae,-2.951419,37.659523,31431.0,Kajiado,,,2023-08-01T07:39:04,2023.0,8.0,1.0,HUMAN_OBSERVATION,iNaturalist,iNaturalist research-grade observations
4400382296,"Loxodonta africana (Blumenbach, 1797)",Loxodonta africana,Loxodonta,Elephantidae,0.673837,37.52126,31450.0,Samburu,,,2023-08-13T06:40,2023.0,8.0,13.0,HUMAN_OBSERVATION,iNaturalist,iNaturalist research-grade observations
4400478619,"Loxodonta africana (Blumenbach, 1797)",Loxodonta africana,Loxodonta,Elephantidae,-0.548289,36.353205,31451.0,Nakuru,,,2023-08-20T23:05:06,2023.0,8.0,20.0,HUMAN_OBSERVATION,iNaturalist,iNaturalist research-grade observations
4405051138,"Loxodonta africana (Blumenbach, 1797)",Loxodonta africana,Loxodonta,Elephantidae,-1.474343,35.091099,31446.0,Narok,,,2023-08-21T12:44,2023.0,8.0,21.0,HUMAN_OBSERVATION,iNaturalist,iNaturalist research-grade observations
4405066279,"Loxodonta africana (Blumenbach, 1797)",Loxodonta africana,Loxodonta,Elephantidae,-1.410912,35.125662,31446.0,Narok,,,2023-08-21T11:08,2023.0,8.0,21.0,HUMAN_OBSERVATION,iNaturalist,iNaturalist research-grade observations
4405175958,"Loxodonta africana (Blumenbach, 1797)",Loxodonta africana,Loxodonta,Elephantidae,-1.422214,34.93898,31446.0,Narok,,,2023-08-08T12:41:04,2023.0,8.0,8.0,HUMAN_OBSERVATION,iNaturalist,iNaturalist research-grade observations
4405313931,"Loxodonta africana (Blumenbach, 1797)",Loxodonta africana,Loxodonta,Elephantidae,0.330887,37.584655,31451.0,Meru,,,2023-08-13T01:33,2023.0,8.0,13.0,HUMAN_OBSERVATION,iNaturalist,iNaturalist research-grade observations
4405442025,"Loxodonta africana (Blumenbach, 1797)",Loxodonta africana,Loxodonta,Elephantidae,-1.410754,35.161741,31446.0,Narok,,,2023-08-20T19:51,2023.0,8.0,20.0,HUMAN_OBSERVATION,iNaturalist,iNaturalist research-grade observations
4405469784,"Loxodonta africana (Blumenbach, 1797)",Loxodonta africana,Loxodonta,Elephantidae,-1.523179,35.080382,31446.0,Narok,,,2023-08-21T18:44,2023.0,8.0,21.0,HUMAN_OBSERVATION,iNaturalist,iNaturalist research-grade observations
4405486173,"Loxodonta africana (Blumenbach, 1797)",Loxodonta africana,Loxodonta,Elephantidae,-1.58547,35.071279,31446.0,Narok,,,2023-08-21T19:17,2023.0,8.0,21.0,HUMAN_OBSERVATION,iNaturalist,iNaturalist research-grade observations
4405587730,"Loxodonta africana (Blumenbach, 1797)",Loxodonta africana,Loxodonta,Elephantidae,-1.473447,35.378869,31446.0,Narok,,,2023-08-05T15:55,2023.0,8.0,5.0,HUMAN_OBSERVATION,iNaturalist,iNaturalist research-grade observations
4407489558,"Loxodonta africana (Blumenbach, 1797)",Loxodonta africana,Loxodonta,Elephantidae,-3.729255,38.701246,31418.0,Taita Taveta,,,2023-08-01T18:06,2023.0,8.0,1.0,HUMAN_OBSERVATION,iNaturalist,iNaturalist research-grade observations
4413704796,"Loxodonta africana (Blumenbach, 1797)",Loxodonta africana,Loxodonta,Elephantidae,-1.379159,35.047306,31447.0,Narok,,,2023-08-08T18:12,2023.0,8.0,8.0,HUMAN_OBSERVATION,iNaturalist,iNaturalist research-grade observations
4413712083,"Loxodonta africana (Blumenbach, 1797)",Loxodonta africana,Loxodonta,Elephantidae,-1.24997,35.199878,31447.0,Narok,,,2023-08-11T09:29,2023.0,8.0,11.0,HUMAN_OBSERVATION,iNaturalist,iNaturalist research-grade observations
4413721982,"Loxodonta africana (Blumenbach, 1797)",Loxodonta africana,Loxodonta,Elephantidae,-0.18429,37.892584,275473.0,Tharaka-Nithi,,,2023-08-10T10:59,2023.0,8.0,10.0,HUMAN_OBSERVATION,iNaturalist,iNaturalist research-grade observations
4413758020,"Loxodonta africana (Blumenbach, 1797)",Loxodonta africana,Loxodonta,Elephantidae,-1.324996,35.187574,31447.0,Narok,,,2023-08-12T12:01,2023.0,8.0,12.0,HUMAN_OBSERVATION,iNaturalist,iNaturalist research-grade observations
4413884190,"Loxodonta africana (Blumenbach, 1797)",Loxodonta africana,Loxodonta,Elephantidae,-2.772462,37.377898,34923.0,Kajiado,,,2023-08-05T09:55,2023.0,8.0,5.0,HUMAN_OBSERVATION,iNaturalist,iNaturalist research-grade observations
4414201108,"Loxodonta africana (Blumenbach, 1797)",Loxodonta africana,Loxodonta,Elephantidae,-1.223545,35.106183,31447.0,Narok,,,2023-08-09T13:54,2023.0,8.0,9.0,HUMAN_OBSERVATION,iNaturalist,iNaturalist research-grade observations
4414241404,"Loxodonta africana (Blumenbach, 1797)",Loxodonta africana,Loxodonta,Elephantidae,-2.715084,37.348936,34923.0,Kajiado,,,2023-08-06T08:29,2023.0,8.0,6.0,HUMAN_OBSERVATION,iNaturalist,iNaturalist research-grade observations
4414276536,"Loxodonta africana (Blumenbach, 1797)",Loxodonta africana,Loxodonta,Elephantidae,-2.644926,37.289323,34923.0,Kajiado,,,2023-08-06T08:11,2023.0,8.0,6.0,HUMAN_OBSERVATION,iNaturalist,iNaturalist research-grade observations
4416948721,"Loxodonta africana (Blumenbach, 1797)",Loxodonta africana,Loxodonta,Elephantidae,-1.541435,35.140724,31446.0,Narok,,,2023-08-24T18:15:20,2023.0,8.0,24.0,HUMAN_OBSERVATION,iNaturalist,iNaturalist research-grade observations
4417010352,"Loxodonta africana (Blumenbach, 1797)",Loxodonta africana,Loxodonta,Elephantidae,-2.693546,38.880494,31434.0,Kitui,,,2023-08-03,2023.0,8.0,3.0,HUMAN_OBSERVATION,iNaturalist,iNaturalist research-grade observations
4420685277,"Loxodonta africana (Blumenbach, 1797)",Loxodonta africana,Loxodonta,Elephantidae,0.554162,37.463279,31451.0,Isiolo,,,2023-08-21T08:00,2023.0,8.0,21.0,HUMAN_OBSERVATION,iNaturalist,iNaturalist research-grade observations
4421054983,"Loxodonta africana (Blumenbach, 1797)",Loxodonta africana,Loxodonta,Elephantidae,-0.21537,36.927229,31451.0,Nyeri,,,2023-08-19T17:26,2023.0,8.0,19.0,HUMAN_OBSERVATION,iNaturalist,iNaturalist research-grade observations
4430553000,"Loxodonta africana (Blumenbach, 1797)",Loxodonta africana,Loxodonta,Elephantidae,-2.657963,37.341055,34923.0,Kajiado,,,2023-08-04T05:04,2023.0,8.0,4.0,HUMAN_OBSERVATION,iNaturalist,iNaturalist research-grade observations
4430568221,"Loxodonta africana (Blumenbach, 1797)",Loxodonta africana,Loxodonta,Elephantidae,-2.728411,37.379342,34923.0,Kajiado,,,2023-08-03T06:58,2023.0,8.0,3.0,HUMAN_OBSERVATION,iNaturalist,iNaturalist research-grade observations
4430577193,"Loxodonta africana (Blumenbach, 1797)",Loxodonta africana,Loxodonta,Elephantidae,-2.785583,37.27688,34923.0,Kajiado,,,2023-08-03T07:58,2023.0,8.0,3.0,HUMAN_OBSERVATION,iNaturalist,iNaturalist research-grade observations
4430655463,"Loxodonta africana (Blumenbach, 1797)",Loxodonta africana,Loxodonta,Elephantidae,-2.785978,37.388049,34923.0,Kajiado,,,2023-08-03T06:55,2023.0,8.0,3.0,HUMAN_OBSERVATION,iNaturalist,iNaturalist research-grade observations
4431083027,"Loxodonta africana (Blumenbach, 1797)",Loxodonta africana,Loxodonta,Elephantidae,-2.647965,37.210003,34923.0,Kajiado,,,2023-08-04T05:01,2023.0,8.0,4.0,HUMAN_OBSERVATION,iNaturalist,iNaturalist research-grade observations
4431107406,"Loxodonta africana (Blumenbach, 1797)",Loxodonta africana,Loxodonta,Elephantidae,-2.754098,37.255431,34923.0,Kajiado,,,2023-08-03T07:51,2023.0,8.0,3.0,HUMAN_OBSERVATION,iNaturalist,iNaturalist research-grade observations
4535995071,"Loxodonta africana (Blumenbach, 1797)",Loxodonta africana,Loxodonta,Elephantidae,-2.643276,37.2152,31434.0,Kajiado,,,2023-08-25T20:20,2023.0,8.0,25.0,HUMAN_OBSERVATION,iNaturalist,iNaturalist research-grade observations
4903767435,"Loxodonta africana (Blumenbach, 1797)",Loxodonta africana,Loxodonta,Elephantidae,-1.510963,35.17315,31446.0,Narok,,,2023-08-01T19:02:16,2023.0,8.0,1.0,HUMAN_OBSERVATION,iNaturalist,iNaturalist research-grade observations
4945798114,"Loxodonta africana (Blumenbach, 1797)",Loxodonta africana,Loxodonta,Elephantidae,-2.854965,38.034316,31431.0,Taita Taveta,,,2023-08-22T13:57,2023.0,8.0,22.0,HUMAN_OBSERVATION,iNaturalist,iNaturalist research-grade observations
5291735356,"Loxodonta africana (Blumenbach, 1797)",Loxodonta africana,Loxodonta,Elephantidae,-1.483064,34.830896,31446.0,Narok,,,2023-08-03T16:22,2023.0,8.0,3.0,HUMAN_OBSERVATION,iNaturalist,iNaturalist research-grade observations
5292809529,"Loxodonta africana (Blumenbach, 1797)",Loxodonta africana,Loxodonta,Elephantidae,-1.639011,35.273113,31444.0,Narok,,,2023-08-18T16:43,2023.0,8.0,18.0,HUMAN_OBSERVATION,iNaturalist,iNaturalist research-grade observations
5292946382,"Loxodonta africana (Blumenbach, 1797)",Loxodonta africana,Loxodonta,Elephantidae,-1.510883,35.212859,31446.0,Narok,,,2023-08-18T09:44,2023.0,8.0,18.0,HUMAN_OBSERVATION,iNaturalist,iNaturalist research-grade observations
5760100963,"Loxodonta africana (Blumenbach, 1797)",Loxodonta africana,Loxodonta,Elephantidae,-3.394128,38.764813,31425.0,Taita Taveta,,,2023-08-23T11:28,2023.0,8.0,23.0,HUMAN_OBSERVATION,iNaturalist,iNaturalist research-grade observations
5760194771,"Loxodonta africana (Blumenbach, 1797)",Loxodonta africana,Loxodonta,Elephantidae,-2.936163,38.377979,31431.0,Taita Taveta,,,2023-08-23T07:40,2023.0,8.0,23.0,HUMAN_OBSERVATION,iNaturalist,iNaturalist research-grade observations
5837903983,"Loxodonta africana (Blumenbach, 1797)",Loxodonta africana,Loxodonta,Elephantidae,-2.617807,37.337228,31434.0,Kajiado,,,2023-08-12T17:07:07,2023.0,8.0,12.0,HUMAN_OBSERVATION,iNaturalist,iNaturalist research-grade observations
5838161654,"Loxodonta africana (Blumenbach, 1797)",Loxodonta africana,Loxodonta,Elephantidae,-2.706078,37.207591,31434.0,Kajiado,,,2023-08-13T08:58:02,2023.0,8.0,13.0,HUMAN_OBSERVATION,iNaturalist,iNaturalist research-grade observations
6084214297,"Loxodonta africana (Blumenbach, 1797)",Loxodonta africana,Loxodonta,Elephantidae,-1.573594,35.202942,250.0,,,"Masai Mara NR, Kenya",2023-08-31T00:00,2023.0,8.0,31.0,HUMAN_OBSERVATION,NABU|naturgucker,
6188122979,"Loxodonta africana (Blumenbach, 1797)",Loxodonta africana,Loxodonta,Elephantidae,-1.468355,35.108435,31446.0,Narok,,,2023-08-13T16:37:30,2023.0,8.0,13.0,HUMAN_OBSERVATION,iNaturalist,iNaturalist research-grade observations
4414017885,"Loxodonta africana (Blumenbach, 1797)",Loxodonta africana,Loxodonta,Elephantidae,0.463207,37.46418,31451.0,Isiolo,,,2023-09-03T18:03:46,2023.0,9.0,3.0,HUMAN_OBSERVATION,iNaturalist,iNaturalist research-grade observations
4414031349,"Loxodonta africana (Blumenbach, 1797)",Loxodonta africana,Loxodonta,Elephantidae,-1.444244,35.352354,31446.0,Narok,,,2023-09-02T07:47,2023.0,9.0,2.0,HUMAN_OBSERVATION,iNaturalist,iNaturalist research-grade observations
4414323672,"Loxodonta africana (Blumenbach, 1797)",Loxodonta africana,Loxodonta,Elephantidae,0.638682,37.410908,31450.0,Samburu,,,2023-09-04T02:10:15,2023.0,9.0,4.0,HUMAN_OBSERVATION,iNaturalist,iNaturalist research-grade observations
4414397480,"Loxodonta africana (Blumenbach, 1797)",Loxodonta africana,Loxodonta,Elephantidae,-1.462843,35.282453,31446.0,Narok,,,2023-09-01T12:53,2023.0,9.0,1.0,HUMAN_OBSERVATION,iNaturalist,iNaturalist research-grade observations
4416757163,"Loxodonta africana (Blumenbach, 1797)",Loxodonta africana,Loxodonta,Elephantidae,-2.717597,37.348478,31434.0,Kajiado,,,2023-09-09T06:23,2023.0,9.0,9.0,HUMAN_OBSERVATION,iNaturalist,iNaturalist research-grade observations
4416893701,"Loxodonta africana (Blumenbach, 1797)",Loxodonta africana,Loxodonta,Elephantidae,-2.731686,37.377166,31434.0,Kajiado,,,2023-09-08T15:34,2023.0,9.0,8.0,HUMAN_OBSERVATION,iNaturalist,iNaturalist research-grade observations
4416903820,"Loxodonta africana (Blumenbach, 1797)",Loxodonta africana,Loxodonta,Elephantidae,-2.625527,37.219883,31434.0,Kajiado,,,2023-09-08T17:18,2023.0,9.0,8.0,HUMAN_OBSERVATION,iNaturalist,iNaturalist research-grade observations
4417005523,"Loxodonta africana (Blumenbach, 1797)",Loxodonta africana,Loxodonta,Elephantidae,-2.762153,37.359849,31434.0,Kajiado,,,2023-09-09T13:49,2023.0,9.0,9.0,HUMAN_OBSERVATION,iNaturalist,iNaturalist research-grade observations
4417054138,"Loxodonta africana (Blumenbach, 1797)",Loxodonta africana,Loxodonta,Elephantidae,-2.739916,37.218459,31434.0,Kajiado,,,2023-09-09T06:37,2023.0,9.0,9.0,HUMAN_OBSERVATION,iNaturalist,iNaturalist research-grade observations
4417090227,"Loxodonta africana (Blumenbach, 1797)",Loxodonta africana,Loxodonta,Elephantidae,-2.717142,37.317814,31434.0,Kajiado,,,2023-09-09T11:53,2023.0,9.0,9.0,HUMAN_OBSERVATION,iNaturalist,iNaturalist research-grade observations
4417094882,"Loxodonta africana (Blumenbach, 1797)",Loxodonta africana,Loxodonta,Elephantidae,-2.768607,37.36734,31434.0,Kajiado,,,2023-09-09T06:59,2023.0,9.0,9.0,HUMAN_OBSERVATION,iNaturalist,iNaturalist research-grade observations
4417105838,"Loxodonta africana (Blumenbach, 1797)",Loxodonta africana,Loxodonta,Elephantidae,-0.26708,36.998602,31451.0,Nyeri,,,2023-09-06T18:13,2023.0,9.0,6.0,HUMAN_OBSERVATION,iNaturalist,iNaturalist research-grade observations
4417106938,"Loxodonta africana (Blumenbach, 1797)",Loxodonta africana,Loxodonta,Elephantidae,-3.508512,38.367018,31422.0,Taita Taveta,,,2023-09-10T09:55,2023.0,9.0,10.0,HUMAN_OBSERVATION,iNaturalist,iNaturalist research-grade observations
4417205357,"Loxodonta africana (Blumenbach, 1797)",Loxodonta africana,Loxodonta,Elephantidae,-2.757156,37.301041,31434.0,Kajiado,,,2023-09-09T11:27,2023.0,9.0,9.0,HUMAN_OBSERVATION,iNaturalist,iNaturalist research-grade observations
4424286634,"Loxodonta africana (Blumenbach, 1797)",Loxodonta africana,Loxodonta,Elephantidae,0.199126,36.907267,31451.0,Laikipia,,,2023-09-22T11:12,2023.0,9.0,22.0,HUMAN_OBSERVATION,iNaturalist,iNaturalist research-grade observations
4424539262,"Loxodonta africana (Blumenbach, 1797)",Loxodonta africana,Loxodonta,Elephantidae,0.282425,36.898387,31451.0,Laikipia,,,2023-09-25T15:33,2023.0,9.0,25.0,HUMAN_OBSERVATION,iNaturalist,iNaturalist research-grade observations
4424579236,"Loxodonta africana (Blumenbach, 1797)",Loxodonta africana,Loxodonta,Elephantidae,0.178556,36.852761,31451.0,Laikipia,,,2023-09-22T17:58,2023.0,9.0,22.0,HUMAN_OBSERVATION,iNaturalist,iNaturalist research-grade observations
4424619692,"Loxodonta africana (Blumenbach, 1797)",Loxodonta africana,Loxodonta,Elephantidae,0.356492,36.839619,31451.0,Laikipia,,,2023-09-25T10:06,2023.0,9.0,25.0,HUMAN_OBSERVATION,iNaturalist,iNaturalist research-grade observations
4436123868,"Loxodonta africana (Blumenbach, 1797)",Loxodonta africana,Loxodonta,Elephantidae,-1.587163,35.072297,43164.0,Narok,,,2023-09-16T08:27:30,2023.0,9.0,16.0,HUMAN_OBSERVATION,iNaturalist,iNaturalist research-grade observations
4465727112,"Loxodonta africana (Blumenbach, 1797)",Loxodonta africana,Loxodonta,Elephantidae,-1.519954,34.967041,31446.0,Narok,,,2023-09-16T12:26,2023.0,9.0,16.0,HUMAN_OBSERVATION,iNaturalist,iNaturalist research-grade observations
4937145573,"Loxodonta africana (Blumenbach, 1797)",Loxodonta africana,Loxodonta,Elephantidae,-3.331847,38.412643,31425.0,Taita Taveta,,,2023-09-09T18:30:37,2023.0,9.0,9.0,HUMAN_OBSERVATION,iNaturalist,iNaturalist research-grade observations
5063052811,"Loxodonta africana (Blumenbach, 1797)",Loxodonta africana,Loxodonta,Elephantidae,-1.302121,35.209537,31447.0,Narok,,,2023-09-09T12:08,2023.0,9.0,9.0,HUMAN_OBSERVATION,iNaturalist,iNaturalist research-grade observations
5104630369,"Loxodonta africana (Blumenbach, 1797)",Loxodonta africana,Loxodonta,Elephantidae,0.409277,37.613463,31451.0,Isiolo,,,2023-09-15T22:06,2023.0,9.0,15.0,HUMAN_OBSERVATION,iNaturalist,iNaturalist research-grade observations
5231878490,"Loxodonta africana (Blumenbach, 1797)",Loxodonta africana,Loxodonta,Elephantidae,0.80767,39.000626,31449.0,Isiolo,,,2023-09-20T19:11,2023.0,9.0,20.0,HUMAN_OBSERVATION,iNaturalist,iNaturalist research-grade observations
6084207024,"Loxodonta africana (Blumenbach, 1797)",Loxodonta africana,Loxodonta,Elephantidae,-1.573594,35.202942,250.0,,,"Masai Mara NR, Kenya",2023-09-01T00:00,2023.0,9.0,1.0,HUMAN_OBSERVATION,NABU|naturgucker,
6084212635,"Loxodonta africana (Blumenbach, 1797)",Loxodonta africana,Loxodonta,Elephantidae,-1.573594,35.202942,250.0,,,"Masai Mara NR, Kenya",2023-09-03T00:00,2023.0,9.0,3.0,HUMAN_OBSERVATION,NABU|naturgucker,
6084215465,"Loxodonta africana (Blumenbach, 1797)",Loxodonta africana,Loxodonta,Elephantidae,-1.399759,34.906483,250.0,,,"Mara Triangle, Kenya",2023-09-04T00:00,2023.0,9.0,4.0,HUMAN_OBSERVATION,NABU|naturgucker,
6178478973,"Loxodonta africana (Blumenbach, 1797)",Loxodonta africana,Loxodonta,Elephantidae,-2.725569,37.39466,31434.0,Kajiado,,,2023-09-20T17:45:07,2023.0,9.0,20.0,HUMAN_OBSERVATION,iNaturalist,iNaturalist research-grade observations
4430600937,"Loxodonta africana (Blumenbach, 1797)",Loxodonta africana,Loxodonta,Elephantidae,0.073371,36.948049,31451.0,Laikipia,,,2023-10-14T09:25:48,2023.0,10.0,14.0,HUMAN_OBSERVATION,iNaturalist,iNaturalist research-grade observations
4430692461,"Loxodonta africana (Blumenbach, 1797)",Loxodonta africana,Loxodonta,Elephantidae,-1.29078,35.074758,31447.0,Narok,,,2023-10-17T17:26:40,2023.0,10.0,17.0,HUMAN_OBSERVATION,iNaturalist,iNaturalist research-grade observations
4431113900,"Loxodonta africana (Blumenbach, 1797)",Loxodonta africana,Loxodonta,Elephantidae,-2.742971,37.226745,31434.0,Kajiado,,,2023-10-16T14:27:05,2023.0,10.0,16.0,HUMAN_OBSERVATION,iNaturalist,iNaturalist research-grade observations
4436404478,"Loxodonta africana (Blumenbach, 1797)",Loxodonta africana,Loxodonta,Elephantidae,-1.289413,35.012857,31447.0,Narok,,,2023-10-25T09:24:28,2023.0,10.0,25.0,HUMAN_OBSERVATION,iNaturalist,iNaturalist research-grade observations
4436467391,"Loxodonta africana (Blumenbach, 1797)",Loxodonta africana,Loxodonta,Elephantidae,-3.157927,38.556007,31428.0,Taita Taveta,,,2023-10-03T00:49,2023.0,10.0,3.0,HUMAN_OBSERVATION,iNaturalist,iNaturalist research-grade observations
4438837196,"Loxodonta africana (Blumenbach, 1797)",Loxodonta africana,Loxodonta,Elephantidae,-3.297457,39.837478,31425.0,Kilifi,,,2023-10-29T16:52:41,2023.0,10.0,29.0,HUMAN_OBSERVATION,iNaturalist,iNaturalist research-grade observations
4439038109,"Loxodonta africana (Blumenbach, 1797)",Loxodonta africana,Loxodonta,Elephantidae,-3.238595,39.970071,31425.0,Kilifi,,,2023-10-29T18:08:53,2023.0,10.0,29.0,HUMAN_OBSERVATION,iNaturalist,iNaturalist research-grade observations
4440733213,"Loxodonta africana (Blumenbach, 1797)",Loxodonta africana,Loxodonta,Elephantidae,-3.422278,38.378351,31422.0,Taita Taveta,,,2023-10-22T07:51:04,2023.0,10.0,22.0,HUMAN_OBSERVATION,iNaturalist,iNaturalist research-grade observations
4440733541,"Loxodonta africana (Blumenbach, 1797)",Loxodonta africana,Loxodonta,Elephantidae,-1.564349,34.853913,31446.0,Narok,,,2023-10-17T16:50,2023.0,10.0,17.0,HUMAN_OBSERVATION,iNaturalist,iNaturalist research-grade observations
4440743782,"Loxodonta africana (Blumenbach, 1797)",Loxodonta africana,Loxodonta,Elephantidae,0.47908,37.591681,31451.0,Samburu,,,2023-10-23T10:31,2023.0,10.0,23.0,HUMAN_OBSERVATION,iNaturalist,iNaturalist research-grade observations
4440758740,"Loxodonta africana (Blumenbach, 1797)",Loxodonta africana,Loxodonta,Elephantidae,-3.273511,39.928515,31425.0,Kilifi,,,2023-10-29T17:52,2023.0,10.0,29.0,HUMAN_OBSERVATION,iNaturalist,iNaturalist research-grade observations
4440762472,"Loxodonta africana (Blumenbach, 1797)",Loxodonta africana,Loxodonta,Elephantidae,-1.479926,35.206499,31446.0,Narok,,,2023-10-18T15:47,2023.0,10.0,18.0,HUMAN_OBSERVATION,iNaturalist,iNaturalist research-grade observations
4440768563,"Loxodonta africana (Blumenbach, 1797)",Loxodonta africana,Loxodonta,Elephantidae,0.796953,37.572496,31450.0,Samburu,,,2023-10-23T08:43,2023.0,10.0,23.0,HUMAN_OBSERVATION,iNaturalist,iNaturalist research-grade observations
4440842294,"Loxodonta africana (Blumenbach, 1797)",Loxodonta africana,Loxodonta,Elephantidae,0.525034,37.409315,31451.0,Isiolo,,,2023-10-22T17:53,2023.0,10.0,22.0,HUMAN_OBSERVATION,iNaturalist,iNaturalist research-grade observations
4440845104,"Loxodonta africana (Blumenbach, 1797)",Loxodonta africana,Loxodonta,Elephantidae,-3.266361,38.62644,31425.0,Taita Taveta,,,2023-10-14T00:00,2023.0,10.0,14.0,HUMAN_OBSERVATION,iNaturalist,iNaturalist research-grade observations
4440881774,"Loxodonta africana (Blumenbach, 1797)",Loxodonta africana,Loxodonta,Elephantidae,-1.579227,34.931598,31446.0,Narok,,,2023-10-17T17:55,2023.0,10.0,17.0,HUMAN_OBSERVATION,iNaturalist,iNaturalist research-grade observations
4440896053,"Loxodonta africana (Blumenbach, 1797)",Loxodonta africana,Loxodonta,Elephantidae,0.446298,37.523256,31451.0,Isiolo,,,2023-10-23T10:53,2023.0,10.0,23.0,HUMAN_OBSERVATION,iNaturalist,iNaturalist research-grade observations
4440905667,"Loxodonta africana (Blumenbach, 1797)",Loxodonta africana,Loxodonta,Elephantidae,-2.601496,37.292033,31434.0,Kajiado,,,2023-10-16T11:29,2023.0,10.0,16.0,HUMAN_OBSERVATION,iNaturalist,iNaturalist research-grade observations
4440958920,"Loxodonta africana (Blumenbach, 1797)",Loxodonta africana,Loxodonta,Elephantidae,-2.64377,37.358563,31434.0,Kajiado,,,2023-10-16T09:56,2023.0,10.0,16.0,HUMAN_OBSERVATION,iNaturalist,iNaturalist research-grade observations
4440980508,"Loxodonta africana (Blumenbach, 1797)",Loxodonta africana,Loxodonta,Elephantidae,-1.205641,34.887714,31447.0,Narok,,,2023-10-17T19:08,2023.0,10.0,17.0,HUMAN_OBSERVATION,iNaturalist,iNaturalist research-grade observations
4500681415,"Loxodonta africana (Blumenbach, 1797)",Loxodonta africana,Loxodonta,Elephantidae,0.734621,37.581045,31450.0,Samburu,,,2023-10-14T13:52,2023.0,10.0,14.0,HUMAN_OBSERVATION,iNaturalist,iNaturalist research-grade observations
4500690595,"Loxodonta africana (Blumenbach, 1797)",Loxodonta africana,Loxodonta,Elephantidae,-2.751221,37.316152,31434.0,Kajiado,,,2023-10-20T13:52,2023.0,10.0,20.0,HUMAN_OBSERVATION,iNaturalist,iNaturalist research-grade observations
4500698524,"Loxodonta africana (Blumenbach, 1797)",Loxodonta africana,Loxodonta,Elephantidae,-2.629937,37.259998,31434.0,Kajiado,,,2023-10-23T08:08,2023.0,10.0,23.0,HUMAN_OBSERVATION,iNaturalist,iNaturalist research-grade observations
4500709517,"Loxodonta africana (Blumenbach, 1797)",Loxodonta africana,Loxodonta,Elephantidae,0.660585,37.755613,31450.0,Isiolo,,,2023-10-15T14:49,2023.0,10.0,15.0,HUMAN_OBSERVATION,iNaturalist,iNaturalist research-grade observations
4500844586,"Loxodonta africana (Blumenbach, 1797)",Loxodonta africana,Loxodonta,Elephantidae,-2.720648,37.300176,31434.0,Kajiado,,,2023-10-20T13:29,2023.0,10.0,20.0,HUMAN_OBSERVATION,iNaturalist,iNaturalist research-grade observations
4500846493,"Loxodonta africana (Blumenbach, 1797)",Loxodonta africana,Loxodonta,Elephantidae,-2.637317,37.32531,31434.0,Kajiado,,,2023-10-20T13:52,2023.0,10.0,20.0,HUMAN_OBSERVATION,iNaturalist,iNaturalist research-grade observations
4500891543,"Loxodonta africana (Blumenbach, 1797)",Loxodonta africana,Loxodonta,Elephantidae,0.770969,37.765256,31450.0,Isiolo,,,2023-10-15T14:29,2023.0,10.0,15.0,HUMAN_OBSERVATION,iNaturalist,iNaturalist research-grade observations
4500899344,"Loxodonta africana (Blumenbach, 1797)",Loxodonta africana,Loxodonta,Elephantidae,0.073987,36.849163,31451.0,Laikipia,,,2023-10-12T10:41,2023.0,10.0,12.0,HUMAN_OBSERVATION,iNaturalist,iNaturalist research-grade observations
4500907471,"Loxodonta africana (Blumenbach, 1797)",Loxodonta africana,Loxodonta,Elephantidae,-2.639966,37.247807,31434.0,Kajiado,,,2023-10-19T14:01,2023.0,10.0,19.0,HUMAN_OBSERVATION,iNaturalist,iNaturalist research-grade observations
4500924432,"Loxodonta africana (Blumenbach, 1797)",Loxodonta africana,Loxodonta,Elephantidae,-2.644295,37.30276,31434.0,Kajiado,,,2023-10-21T13:52,2023.0,10.0,21.0,HUMAN_OBSERVATION,iNaturalist,iNaturalist research-grade observations
4500931584,"Loxodonta africana (Blumenbach, 1797)",Loxodonta africana,Loxodonta,Elephantidae,-2.699714,37.283903,31434.0,Kajiado,,,2023-10-19T14:24,2023.0,10.0,19.0,HUMAN_OBSERVATION,iNaturalist,iNaturalist research-grade observations
4500934486,"Loxodonta africana (Blumenbach, 1797)",Loxodonta africana,Loxodonta,Elephantidae,-2.643503,37.363298,31434.0,Kajiado,,,2023-10-22T15:05,2023.0,10.0,22.0,HUMAN_OBSERVATION,iNaturalist,iNaturalist research-grade observations
4867901211,"Loxodonta africana (Blumenbach, 1797)",Loxodonta africana,Loxodonta,Elephantidae,-1.486322,35.370138,31446.0,Narok,,,2023-10-29T23:32,2023.0,10.0,29.0,HUMAN_OBSERVATION,iNaturalist,iNaturalist research-grade observations
5013080355,"Loxodonta africana (Blumenbach, 1797)",Loxodonta africana,Loxodonta,Elephantidae,0.678291,37.427406,250.0,,,UTM50_37N_0300_0050,2023-10-16T00:00,2023.0,10.0,16.0,HUMAN_OBSERVATION,NABU|naturgucker,
5013518371,"Loxodonta africana (Blumenbach, 1797)",Loxodonta africana,Loxodonta,Elephantidae,-1.402652,35.125713,25.0,,,"Masai Mara NR, Kenya",2023-10-19T00:00,2023.0,10.0,19.0,HUMAN_OBSERVATION,NABU|naturgucker,
5016403734,"Loxodonta africana (Blumenbach, 1797)",Loxodonta africana,Loxodonta,Elephantidae,-3.349104,38.856483,25.0,,,TSAVO-OST-Nationalpark,2023-10-24T00:00,2023.0,10.0,24.0,HUMAN_OBSERVATION,NABU|naturgucker,
5019165884,"Loxodonta africana (Blumenbach, 1797)",Loxodonta africana,Loxodonta,Elephantidae,-3.363016,38.595181,25.0,,,TSAVO-OST-Nationalpark,2023-10-23T00:00,2023.0,10.0,23.0,HUMAN_OBSERVATION,NABU|naturgucker,
5023536063,"Loxodonta africana (Blumenbach, 1797)",Loxodonta africana,Loxodonta,Elephantidae,-1.455496,35.11264,25.0,,,"Masai Mara NR, Kenya",2023-10-20T00:00,2023.0,10.0,20.0,HUMAN_OBSERVATION,NABU|naturgucker,
6498216337,"Loxodonta africana (Blumenbach, 1797)",Loxodonta africana,Loxodonta,Elephantidae,-1.548268,35.137094,31446.0,Narok,,,2023-10-27T12:57,2023.0,10.0,27.0,HUMAN_OBSERVATION,iNaturalist,iNaturalist research-grade observations
4438759103,"Loxodonta africana (Blumenbach, 1797)",Loxodonta africana,Loxodonta,Elephantidae,-3.537802,38.606398,31422.0,Taita Taveta,,,2023-11-01T16:15:26,2023.0,11.0,1.0,HUMAN_OBSERVATION,iNaturalist,iNaturalist research-grade observations
4438858732,"Loxodonta africana (Blumenbach, 1797)",Loxodonta africana,Loxodonta,Elephantidae,-1.406425,35.393098,31446.0,Narok,,,2023-11-03T15:22,2023.0,11.0,3.0,HUMAN_OBSERVATION,iNaturalist,iNaturalist research-grade observations
4440815939,"Loxodonta africana (Blumenbach, 1797)",Loxodonta africana,Loxodonta,Elephantidae,-1.549936,35.191323,31446.0,Narok,,,2023-11-10T12:48:25,2023.0,11.0,10.0,HUMAN_OBSERVATION,iNaturalist,iNaturalist research-grade observations
4453668221,"Loxodonta africana (Blumenbach, 1797)",Loxodonta africana,Loxodonta,Elephantidae,-1.774561,35.399017,31444.0,Narok,,,2023-11-06T16:14,2023.0,11.0,6.0,HUMAN_OBSERVATION,iNaturalist,iNaturalist research-grade observations
4453734060,"Loxodonta africana (Blumenbach, 1797)",Loxodonta africana,Loxodonta,Elephantidae,-2.68508,37.322853,31434.0,Kajiado,,,2023-11-09T16:41,2023.0,11.0,9.0,HUMAN_OBSERVATION,iNaturalist,iNaturalist research-grade observations
4453862249,"Loxodonta africana (Blumenbach, 1797)",Loxodonta africana,Loxodonta,Elephantidae,-2.629932,37.360014,31434.0,Kajiado,,,2023-11-09T16:33,2023.0,11.0,9.0,HUMAN_OBSERVATION,iNaturalist,iNaturalist research-grade observations
4453970168,"Loxodonta africana (Blumenbach, 1797)",Loxodonta africana,Loxodonta,Elephantidae,-2.726308,37.332671,31434.0,Kajiado,,,2023-11-21T07:51:54,2023.0,11.0,21.0,HUMAN_OBSERVATION,iNaturalist,iNaturalist research-grade observations
4454012380,"Loxodonta africana (Blumenbach, 1797)",Loxodonta africana,Loxodonta,Elephantidae,-1.536395,35.303536,31446.0,Narok,,,2023-11-06T15:30,2023.0,11.0,6.0,HUMAN_OBSERVATION,iNaturalist,iNaturalist research-grade observations
4454031841,"Loxodonta africana (Blumenbach, 1797)",Loxodonta africana,Loxodonta,Elephantidae,-2.627311,37.396414,31434.0,Kajiado,,,2023-11-09T17:28,2023.0,11.0,9.0,HUMAN_OBSERVATION,iNaturalist,iNaturalist research-grade observations
4500636345,"Loxodonta africana (Blumenbach, 1797)",Loxodonta africana,Loxodonta,Elephantidae,0.788638,37.419036,31450.0,Samburu,,,2023-11-24T08:37,2023.0,11.0,24.0,HUMAN_OBSERVATION,iNaturalist,iNaturalist research-grade observations
4867818577,"Loxodonta africana (Blumenbach, 1797)",Loxodonta africana,Loxodonta,Elephantidae,-1.457007,35.05808,31446.0,Narok,,,2023-11-16T01:00,2023.0,11.0,16.0,HUMAN_OBSERVATION,iNaturalist,iNaturalist research-grade observations
4946345654,"Loxodonta africana (Blumenbach, 1797)",Loxodonta africana,Loxodonta,Elephantidae,-3.226165,39.988101,31425.0,Kilifi,,,2023-11-26T16:54,2023.0,11.0,26.0,HUMAN_OBSERVATION,iNaturalist,iNaturalist research-grade observations
5167619583,"Loxodonta africana (Blumenbach, 1797)",Loxodonta africana,Loxodonta,Elephantidae,-1.58195,35.027884,31446.0,Narok,,,2023-11-18T12:32:20,2023.0,11.0,18.0,HUMAN_OBSERVATION,iNaturalist,iNaturalist research-grade observations
5293024771,"Loxodonta africana (Blumenbach, 1797)",Loxodonta africana,Loxodonta,Elephantidae,-2.750405,37.345157,31434.0,Kajiado,,,2023-11-04T14:59,2023.0,11.0,4.0,HUMAN_OBSERVATION,iNaturalist,iNaturalist research-grade observations
5293305306,"Loxodonta africana (Blumenbach, 1797)",Loxodonta africana,Loxodonta,Elephantidae,-2.653131,37.328745,31434.0,Kajiado,,,2023-11-04T11:05,2023.0,11.0,4.0,HUMAN_OBSERVATION,iNaturalist,iNaturalist research-grade observations
6413815997,"Loxodonta africana (Blumenbach, 1797)",Loxodonta africana,Loxodonta,Elephantidae,-0.153305,37.244143,31451.0,Meru,,,2023-11-18T07:36,2023.0,11.0,18.0,HUMAN_OBSERVATION,iNaturalist,iNaturalist research-grade observations
4458636204,"Loxodonta africana (Blumenbach, 1797)",Loxodonta africana,Loxodonta,Elephantidae,-1.596551,35.250664,31446.0,Narok,,,2023-12-01T04:36,2023.0,12.0,1.0,HUMAN_OBSERVATION,iNaturalist,iNaturalist research-grade observations
4500815284,"Loxodonta africana (Blumenbach, 1797)",Loxodonta africana,Loxodonta,Elephantidae,-1.57347,35.033743,31446.0,Narok,,,2023-12-17T18:31:26,2023.0,12.0,17.0,HUMAN_OBSERVATION,iNaturalist,iNaturalist research-grade observations
4506319476,"Loxodonta africana (Blumenbach, 1797)",Loxodonta africana,Loxodonta,Elephantidae,-1.0942,35.056979,31448.0,Narok,,,2023-12-21T08:50:02,2023.0,12.0,21.0,HUMAN_OBSERVATION,iNaturalist,iNaturalist research-grade observations
4506357535,"Loxodonta africana (Blumenbach, 1797)",Loxodonta africana,Loxodonta,Elephantidae,-1.035362,35.21184,31448.0,Narok,,,2023-12-24T10:13:06,2023.0,12.0,24.0,HUMAN_OBSERVATION,iNaturalist,iNaturalist research-grade observations
4506545734,"Loxodonta africana (Blumenbach, 1797)",Loxodonta africana,Loxodonta,Elephantidae,0.485132,37.480952,31451.0,Isiolo,,,2023-12-25T10:19:01,2023.0,12.0,25.0,HUMAN_OBSERVATION,iNaturalist,iNaturalist research-grade observations
4507679538,"Loxodonta africana (Blumenbach, 1797)",Loxodonta africana,Loxodonta,Elephantidae,-1.467713,35.146901,31446.0,Narok,,,2023-12-22T16:34:13,2023.0,12.0,22.0,HUMAN_OBSERVATION,iNaturalist,iNaturalist research-grade observations
4507706594,"Loxodonta africana (Blumenbach, 1797)",Loxodonta africana,Loxodonta,Elephantidae,-1.552505,35.211207,31446.0,Narok,,,2023-12-28T17:22,2023.0,12.0,28.0,HUMAN_OBSERVATION,iNaturalist,iNaturalist research-grade observations
4507983513,"Loxodonta africana (Blumenbach, 1797)",Loxodonta africana,Loxodonta,Elephantidae,-1.562832,35.073483,31446.0,Narok,,,2023-12-30T14:34:33,2023.0,12.0,30.0,HUMAN_OBSERVATION,iNaturalist,iNaturalist research-grade observations
4946101299,"Loxodonta africana (Blumenbach, 1797)",Loxodonta africana,Loxodonta,Elephantidae,0.371695,38.198745,31451.0,Meru,,,2023-12-09T06:55,2023.0,12.0,9.0,HUMAN_OBSERVATION,iNaturalist,iNaturalist research-grade observations
4946649144,"Loxodonta africana (Blumenbach, 1797)",Loxodonta africana,Loxodonta,Elephantidae,0.279208,38.10939,31451.0,Meru,,,2023-12-09T06:02,2023.0,12.0,9.0,HUMAN_OBSERVATION,iNaturalist,iNaturalist research-grade observations
4952873827,"Loxodonta africana (Blumenbach, 1797)",Loxodonta africana,Loxodonta,Elephantidae,-2.73141,38.343184,31434.0,Makueni,,,2023-12-28T13:06,2023.0,12.0,28.0,HUMAN_OBSERVATION,iNaturalist,iNaturalist research-grade observations
5064110328,"Loxodonta africana (Blumenbach, 1797)",Loxodonta africana,Loxodonta,Elephantidae,-3.326701,38.720204,31425.0,Taita Taveta,,,2023-12-28T21:35,2023.0,12.0,28.0,HUMAN_OBSERVATION,iNaturalist,iNaturalist research-grade observations
5133121697,"Loxodonta africana (Blumenbach, 1797)",Loxodonta africana,Loxodonta,Elephantidae,-1.248557,35.046106,31447.0,Narok,,,2023-12-23T17:54:04,2023.0,12.0,23.0,HUMAN_OBSERVATION,iNaturalist,iNaturalist research-grade observations
5133129942,"Loxodonta africana (Blumenbach, 1797)",Loxodonta africana,Loxodonta,Elephantidae,-1.135511,35.299665,31448.0,Narok,,,2023-12-15T17:55:56,2023.0,12.0,15.0,HUMAN_OBSERVATION,iNaturalist,iNaturalist research-grade observations
5133146895,"Loxodonta africana (Blumenbach, 1797)",Loxodonta africana,Loxodonta,Elephantidae,-1.127924,35.328828,31448.0,Narok,,,2023-12-14T17:47:15,2023.0,12.0,14.0,HUMAN_OBSERVATION,iNaturalist,iNaturalist research-grade observations
5133159820,"Loxodonta africana (Blumenbach, 1797)",Loxodonta africana,Loxodonta,Elephantidae,-2.70009,37.136361,31434.0,Kajiado,,,2023-12-29T09:47:46,2023.0,12.0,29.0,HUMAN_OBSERVATION,iNaturalist,iNaturalist research-grade observations
5292383255,"Loxodonta africana (Blumenbach, 1797)",Loxodonta africana,Loxodonta,Elephantidae,-3.464977,38.369686,31422.0,Taita Taveta,,,2023-12-20T18:20,2023.0,12.0,20.0,HUMAN_OBSERVATION,iNaturalist,iNaturalist research-grade observations
5844434485,"Loxodonta africana (Blumenbach, 1797)",Loxodonta africana,Loxodonta,Elephantidae,-2.770786,38.703856,76592.0,Kitui,,,2023-12-16T22:08:37,2023.0,12.0,16.0,HUMAN_OBSERVATION,iNaturalist,iNaturalist research-grade observations
5935266110,"Loxodonta africana (Blumenbach, 1797)",Loxodonta africana,Loxodonta,Elephantidae,-3.591613,39.84124,31422.0,Kilifi,,,2023-12-26T11:09,2023.0,12.0,26.0,HUMAN_OBSERVATION,iNaturalist,iNaturalist research-grade observations
6413217992,"Loxodonta africana (Blumenbach, 1797)",Loxodonta africana,Loxodonta,Elephantidae,0.615733,37.556979,31450.0,Samburu,,,2023-12-11T09:30:35,2023.0,12.0,11.0,HUMAN_OBSERVATION,iNaturalist,iNaturalist research-grade observations
6413891354,"Loxodonta africana (Blumenbach, 1797)",Loxodonta africana,Loxodonta,Elephantidae,-3.750209,38.895788,31418.0,Kwale,,,2023-12-06T11:51:43,2023.0,12.0,6.0,HUMAN_OBSERVATION,iNaturalist,iNaturalist research-grade observations
3455854181,"Loxodonta africana (Blumenbach, 1797)",Loxodonta africana,Loxodonta,Elephantidae,-3.497341,38.642394,31422.0,Taita Taveta,,,2022-01-08T10:43,2022.0,1.0,8.0,HUMAN_OBSERVATION,iNaturalist,iNaturalist research-grade observations
3455901377,"Loxodonta africana (Blumenbach, 1797)",Loxodonta africana,Loxodonta,Elephantidae,-1.46946,35.185238,37009.0,Narok,,,2022-01-02T14:19:40,2022.0,1.0,2.0,HUMAN_OBSERVATION,iNaturalist,iNaturalist research-grade observations
3456283754,"Loxodonta africana (Blumenbach, 1797)",Loxodonta africana,Loxodonta,Elephantidae,-2.820288,38.066909,31431.0,Taita Taveta,,,2022-01-10T06:13,2022.0,1.0,10.0,HUMAN_OBSERVATION,iNaturalist,iNaturalist research-grade observations
3456407988,"Loxodonta africana (Blumenbach, 1797)",Loxodonta africana,Loxodonta,Elephantidae,-2.670155,37.274171,31434.0,Kajiado,,,2022-01-12T06:44,2022.0,1.0,12.0,HUMAN_OBSERVATION,iNaturalist,iNaturalist research-grade observations
3859498230,"Loxodonta africana (Blumenbach, 1797)",Loxodonta africana,Loxodonta,Elephantidae,-0.244991,36.727111,31451.0,Nyeri,,,2022-01-27T17:08,2022.0,1.0,27.0,HUMAN_OBSERVATION,iNaturalist,iNaturalist research-grade observations
4075754286,"Loxodonta africana (Blumenbach, 1797)",Loxodonta africana,Loxodonta,Elephantidae,-2.267832,38.262672,31438.0,Kitui,,,2022-01-05T11:43:44,2022.0,1.0,5.0,HUMAN_OBSERVATION,iNaturalist,iNaturalist research-grade observations
4453701238,"Loxodonta africana (Blumenbach, 1797)",Loxodonta africana,Loxodonta,Elephantidae,-2.604172,37.345252,31434.0,Kajiado,,,2022-01-26T16:39:08,2022.0,1.0,26.0,HUMAN_OBSERVATION,iNaturalist,iNaturalist research-grade observations
4453935302,"Loxodonta africana (Blumenbach, 1797)",Loxodonta africana,Loxodonta,Elephantidae,-2.76923,37.245069,31434.0,Kajiado,,,2022-01-26T18:20:15,2022.0,1.0,26.0,HUMAN_OBSERVATION,iNaturalist,iNaturalist research-grade observations
4162257972,"Loxodonta africana (Blumenbach, 1797)",Loxodonta africana,Loxodonta,Elephantidae,0.68796,37.511884,31450.0,Samburu,,,2022-02-05T18:05:06,2022.0,2.0,5.0,HUMAN_OBSERVATION,iNaturalist,iNaturalist research-grade observations
5108189878,"Loxodonta africana (Blumenbach, 1797)",Loxodonta africana,Loxodonta,Elephantidae,-1.591949,35.13347,31446.0,Narok,,,2022-02-25T16:26,2022.0,2.0,25.0,HUMAN_OBSERVATION,iNaturalist,iNaturalist research-grade observations
5292157757,"Loxodonta africana (Blumenbach, 1797)",Loxodonta africana,Loxodonta,Elephantidae,0.621395,37.610908,31450.0,Isiolo,,,2022-02-21,2022.0,2.0,21.0,HUMAN_OBSERVATION,iNaturalist,iNaturalist research-grade observations
3747332613,"Loxodonta africana (Blumenbach, 1797)",Loxodonta africana,Loxodonta,Elephantidae,0.460009,37.507652,31451.0,Isiolo,,,2022-03-10T10:16:09,2022.0,3.0,10.0,HUMAN_OBSERVATION,iNaturalist,iNaturalist research-grade observations
3759262121,"Loxodonta africana (Blumenbach, 1797)",Loxodonta africana,Loxodonta,Elephantidae,0.572263,37.542964,31451.0,Isiolo,,,2022-03-10T10:17Z,2022.0,3.0,10.0,HUMAN_OBSERVATION,iNaturalist,iNaturalist research-grade observations
3760327411,"Loxodonta africana (Blumenbach, 1797)",Loxodonta africana,Loxodonta,Elephantidae,-2.742173,37.389416,31434.0,Kajiado,,,2022-03-29T11:22,2022.0,3.0,29.0,HUMAN_OBSERVATION,iNaturalist,iNaturalist research-grade observations
3760412702,"Loxodonta africana (Blumenbach, 1797)",Loxodonta africana,Loxodonta,Elephantidae,-1.488807,35.225288,31446.0,Narok,,,2022-03-27T22:28,2022.0,3.0,27.0,HUMAN_OBSERVATION,iNaturalist,iNaturalist research-grade observations
4067499449,"Loxodonta africana (Blumenbach, 1797)",Loxodonta africana,Loxodonta,Elephantidae,-0.135455,37.845899,275473.0,Tharaka-Nithi,,,2022-03-20T15:33,2022.0,3.0,20.0,HUMAN_OBSERVATION,iNaturalist,iNaturalist research-grade observations
5292128777,"Loxodonta africana (Blumenbach, 1797)",Loxodonta africana,Loxodonta,Elephantidae,-2.756993,37.234743,31434.0,Kajiado,,,2022-03-01,2022.0,3.0,1.0,HUMAN_OBSERVATION,iNaturalist,iNaturalist research-grade observations
6129675365,"Loxodonta africana (Blumenbach, 1797)",Loxodonta africana,Loxodonta,Elephantidae,-2.639218,37.199364,250.0,,,Amboseli Nationalpark,2022-03-12T00:00,2022.0,3.0,12.0,HUMAN_OBSERVATION,NABU|naturgucker,
6129679691,"Loxodonta africana (Blumenbach, 1797)",Loxodonta africana,Loxodonta,Elephantidae,-2.639218,37.199364,250.0,,,Amboseli Nationalpark,2022-03-14T00:00,2022.0,3.0,14.0,HUMAN_OBSERVATION,NABU|naturgucker,
6129680782,"Loxodonta africana (Blumenbach, 1797)",Loxodonta africana,Loxodonta,Elephantidae,0.57128,37.608948,250.0,,,"Samburu, Kenya",2022-03-06T00:00,2022.0,3.0,6.0,HUMAN_OBSERVATION,NABU|naturgucker,
6129681052,"Loxodonta africana (Blumenbach, 1797)",Loxodonta africana,Loxodonta,Elephantidae,-2.639218,37.199364,250.0,,,Amboseli Nationalpark,2022-03-13T00:00,2022.0,3.0,13.0,HUMAN_OBSERVATION,NABU|naturgucker,
6129681645,"Loxodonta africana (Blumenbach, 1797)",Loxodonta africana,Loxodonta,Elephantidae,0.589967,37.604549,250.0,,,Elephant-Bedroom-Camp / Samburu,2022-03-10T00:00,2022.0,3.0,10.0,HUMAN_OBSERVATION,NABU|naturgucker,
6129682612,"Loxodonta africana (Blumenbach, 1797)",Loxodonta africana,Loxodonta,Elephantidae,0.57128,37.608948,250.0,,,"Samburu, Kenya",2022-03-07T00:00,2022.0,3.0,7.0,HUMAN_OBSERVATION,NABU|naturgucker,
6129682915,"Loxodonta africana (Blumenbach, 1797)",Loxodonta africana,Loxodonta,Elephantidae,0.57128,37.608948,250.0,,,"Samburu, Kenya",2022-03-08T00:00,2022.0,3.0,8.0,HUMAN_OBSERVATION,NABU|naturgucker,
6129683557,"Loxodonta africana (Blumenbach, 1797)",Loxodonta africana,Loxodonta,Elephantidae,0.589967,37.604549,250.0,,,Elephant-Bedroom-Camp / Samburu,2022-03-07T00:00,2022.0,3.0,7.0,HUMAN_OBSERVATION,NABU|naturgucker,
6129683698,"Loxodonta africana (Blumenbach, 1797)",Loxodonta africana,Loxodonta,Elephantidae,-2.639218,37.199364,250.0,,,Amboseli Nationalpark,2022-03-11T00:00,2022.0,3.0,11.0,HUMAN_OBSERVATION,NABU|naturgucker,
6129684815,"Loxodonta africana (Blumenbach, 1797)",Loxodonta africana,Loxodonta,Elephantidae,0.589967,37.604549,250.0,,,Elephant-Bedroom-Camp / Samburu,2022-03-09T00:00,2022.0,3.0,9.0,HUMAN_OBSERVATION,NABU|naturgucker,
6129686339,"Loxodonta africana (Blumenbach, 1797)",Loxodonta africana,Loxodonta,Elephantidae,0.589967,37.604549,250.0,,,Elephant-Bedroom-Camp / Samburu,2022-03-06T00:00,2022.0,3.0,6.0,HUMAN_OBSERVATION,NABU|naturgucker,
6129686574,"Loxodonta africana (Blumenbach, 1797)",Loxodonta africana,Loxodonta,Elephantidae,0.57128,37.608948,250.0,,,"Samburu, Kenya",2022-03-09T00:00,2022.0,3.0,9.0,HUMAN_OBSERVATION,NABU|naturgucker,
6129945003,"Loxodonta africana (Blumenbach, 1797)",Loxodonta africana,Loxodonta,Elephantidae,-3.594731,38.124117,31422.0,Taita Taveta,,,2022-03-17T07:27,2022.0,3.0,17.0,HUMAN_OBSERVATION,iNaturalist,iNaturalist research-grade observations
6130853140,"Loxodonta africana (Blumenbach, 1797)",Loxodonta africana,Loxodonta,Elephantidae,-3.505092,38.080733,31422.0,Taita Taveta,,,2022-03-17T06:47,2022.0,3.0,17.0,HUMAN_OBSERVATION,iNaturalist,iNaturalist research-grade observations
6130950969,"Loxodonta africana (Blumenbach, 1797)",Loxodonta africana,Loxodonta,Elephantidae,-3.595331,38.034104,31422.0,Taita Taveta,,,2022-03-17T08:52,2022.0,3.0,17.0,HUMAN_OBSERVATION,iNaturalist,iNaturalist research-grade observations
6137475869,"Loxodonta africana (Blumenbach, 1797)",Loxodonta africana,Loxodonta,Elephantidae,-3.475644,38.168373,250.0,,,Lumo Conservancy,2022-03-14T00:00,2022.0,3.0,14.0,HUMAN_OBSERVATION,NABU|naturgucker,
6137483413,"Loxodonta africana (Blumenbach, 1797)",Loxodonta africana,Loxodonta,Elephantidae,-3.475644,38.168373,250.0,,,Lumo Conservancy,2022-03-15T00:00,2022.0,3.0,15.0,HUMAN_OBSERVATION,NABU|naturgucker,
3759244043,"Loxodonta africana (Blumenbach, 1797)",Loxodonta africana,Loxodonta,Elephantidae,-3.315167,39.866066,31425.0,Kilifi,,,2022-04-05T16:43:57,2022.0,4.0,5.0,HUMAN_OBSERVATION,iNaturalist,iNaturalist research-grade observations
3759272002,"Loxodonta africana (Blumenbach, 1797)",Loxodonta africana,Loxodonta,Elephantidae,-2.613189,37.285078,31434.0,Kajiado,,,2022-04-12T10:28:49,2022.0,4.0,12.0,HUMAN_OBSERVATION,iNaturalist,iNaturalist research-grade observations
3759629567,"Loxodonta africana (Blumenbach, 1797)",Loxodonta africana,Loxodonta,Elephantidae,-3.420544,38.227054,31422.0,Taita Taveta,,,2022-04-10T07:20:52Z,2022.0,4.0,10.0,HUMAN_OBSERVATION,iNaturalist,iNaturalist research-grade observations
3759658537,"Loxodonta africana (Blumenbach, 1797)",Loxodonta africana,Loxodonta,Elephantidae,-3.461343,37.935846,31422.0,Taita Taveta,,,2022-04-15T21:38Z,2022.0,4.0,15.0,HUMAN_OBSERVATION,iNaturalist,iNaturalist research-grade observations
3760072872,"Loxodonta africana (Blumenbach, 1797)",Loxodonta africana,Loxodonta,Elephantidae,-1.446958,34.82014,31446.0,Narok,,,2022-04-07T07:13:36,2022.0,4.0,7.0,HUMAN_OBSERVATION,iNaturalist,iNaturalist research-grade observations
3764447282,"Loxodonta africana (Blumenbach, 1797)",Loxodonta africana,Loxodonta,Elephantidae,0.528883,37.406555,31451.0,Isiolo,,,2022-04-28T09:55:31,2022.0,4.0,28.0,HUMAN_OBSERVATION,iNaturalist,iNaturalist research-grade observations
3773335724,"Loxodonta africana (Blumenbach, 1797)",Loxodonta africana,Loxodonta,Elephantidae,-1.472095,35.016407,31446.0,Narok,,,2022-04-02T04:14,2022.0,4.0,2.0,HUMAN_OBSERVATION,iNaturalist,iNaturalist research-grade observations
3773601939,"Loxodonta africana (Blumenbach, 1797)",Loxodonta africana,Loxodonta,Elephantidae,-1.283399,34.830754,31447.0,Narok,,,2022-04-02T07:42,2022.0,4.0,2.0,HUMAN_OBSERVATION,iNaturalist,iNaturalist research-grade observations
3773606622,"Loxodonta africana (Blumenbach, 1797)",Loxodonta africana,Loxodonta,Elephantidae,-1.323159,34.878517,31447.0,Narok,,,2022-04-02T17:44,2022.0,4.0,2.0,HUMAN_OBSERVATION,iNaturalist,iNaturalist research-grade observations
3784807528,"Loxodonta africana (Blumenbach, 1797)",Loxodonta africana,Loxodonta,Elephantidae,0.208725,36.882202,31451.0,Laikipia,,,2022-04-29T17:20,2022.0,4.0,29.0,HUMAN_OBSERVATION,iNaturalist,iNaturalist research-grade observations
3938536416,"Loxodonta africana (Blumenbach, 1797)",Loxodonta africana,Loxodonta,Elephantidae,-3.125,38.625,12000.0,Coast Province,,Lugard’s Falls,2022-04-17,2022.0,4.0,17.0,HUMAN_OBSERVATION,,MammalMAP
4500498750,"Loxodonta africana (Blumenbach, 1797)",Loxodonta africana,Loxodonta,Elephantidae,-2.692315,37.86126,31434.0,Kajiado,,,2022-04-07T13:06,2022.0,4.0,7.0,HUMAN_OBSERVATION,iNaturalist,iNaturalist research-grade observations
3784806465,"Loxodonta africana (Blumenbach, 1797)",Loxodonta africana,Loxodonta,Elephantidae,0.410416,36.853993,31451.0,Laikipia,,,2022-05-02T08:00,2022.0,5.0,2.0,HUMAN_OBSERVATION,iNaturalist,iNaturalist research-grade observations
3785160651,"Loxodonta africana (Blumenbach, 1797)",Loxodonta africana,Loxodonta,Elephantidae,-2.626319,37.351225,31434.0,Kajiado,,,2022-05-17T14:45:50,2022.0,5.0,17.0,HUMAN_OBSERVATION,iNaturalist,iNaturalist research-grade observations
3994077769,"Loxodonta africana (Blumenbach, 1797)",Loxodonta africana,Loxodonta,Elephantidae,0.143073,36.864368,31451.0,Laikipia,,,2022-05-17T17:22:57,2022.0,5.0,17.0,HUMAN_OBSERVATION,iNaturalist,iNaturalist research-grade observations
4137825301,"Loxodonta africana (Blumenbach, 1797)",Loxodonta africana,Loxodonta,Elephantidae,-1.296975,34.841201,31447.0,Narok,,,2022-05-31T13:27,2022.0,5.0,31.0,HUMAN_OBSERVATION,iNaturalist,iNaturalist research-grade observations
4599880038,"Loxodonta africana (Blumenbach, 1797)",Loxodonta africana,Loxodonta,Elephantidae,0.596949,36.942033,160272.0,Laikipia,,,2022-05-18T00:04,2022.0,5.0,18.0,HUMAN_OBSERVATION,iNaturalist,iNaturalist research-grade observations
4921544994,"Loxodonta africana (Blumenbach, 1797)",Loxodonta africana,Loxodonta,Elephantidae,-0.575202,36.720213,31451.0,Nyeri,,,2022-05-21T12:22:23,2022.0,5.0,21.0,HUMAN_OBSERVATION,iNaturalist,iNaturalist research-grade observations
5231367241,"Loxodonta africana (Blumenbach, 1797)",Loxodonta africana,Loxodonta,Elephantidae,0.164083,37.404914,31451.0,Meru,,,2022-05-29T14:05:25,2022.0,5.0,29.0,HUMAN_OBSERVATION,iNaturalist,iNaturalist research-grade observations
3858419204,"Loxodonta africana (Blumenbach, 1797)",Loxodonta africana,Loxodonta,Elephantidae,0.396621,36.995825,31451.0,Laikipia,,,2022-06-01T10:06:59,2022.0,6.0,1.0,HUMAN_OBSERVATION,iNaturalist,iNaturalist research-grade observations
3858559587,"Loxodonta africana (Blumenbach, 1797)",Loxodonta africana,Loxodonta,Elephantidae,0.366547,36.999187,31451.0,Laikipia,,,2022-06-04T09:53,2022.0,6.0,4.0,HUMAN_OBSERVATION,iNaturalist,iNaturalist research-grade observations
3858707724,"Loxodonta africana (Blumenbach, 1797)",Loxodonta africana,Loxodonta,Elephantidae,-2.913124,38.119349,31431.0,Taita Taveta,,,2022-06-08T03:58,2022.0,6.0,8.0,HUMAN_OBSERVATION,iNaturalist,iNaturalist research-grade observations
3858864196,"Loxodonta africana (Blumenbach, 1797)",Loxodonta africana,Loxodonta,Elephantidae,0.359271,36.805159,31451.0,Laikipia,,,2022-06-02T18:06,2022.0,6.0,2.0,HUMAN_OBSERVATION,iNaturalist,iNaturalist research-grade observations
3859000841,"Loxodonta africana (Blumenbach, 1797)",Loxodonta africana,Loxodonta,Elephantidae,-3.02336,38.705243,31428.0,Taita Taveta,,,2022-06-09T05:28,2022.0,6.0,9.0,HUMAN_OBSERVATION,iNaturalist,iNaturalist research-grade observations
3859395222,"Loxodonta africana (Blumenbach, 1797)",Loxodonta africana,Loxodonta,Elephantidae,0.352841,36.938104,31451.0,Laikipia,,,2022-06-01T10:19:16,2022.0,6.0,1.0,HUMAN_OBSERVATION,iNaturalist,iNaturalist research-grade observations
3860694621,"Loxodonta africana (Blumenbach, 1797)",Loxodonta africana,Loxodonta,Elephantidae,-2.629179,37.208365,36012.0,Kajiado,,,2022-06-29,2022.0,6.0,29.0,HUMAN_OBSERVATION,iNaturalist,iNaturalist research-grade observations
3873133456,"Loxodonta africana (Blumenbach, 1797)",Loxodonta africana,Loxodonta,Elephantidae,0.790075,37.617549,31450.0,Isiolo,,,2022-06-18T16:40:02,2022.0,6.0,18.0,HUMAN_OBSERVATION,iNaturalist,iNaturalist research-grade observations
3873152767,"Loxodonta africana (Blumenbach, 1797)",Loxodonta africana,Loxodonta,Elephantidae,-1.384157,35.1579,31447.0,Narok,,,2022-06-22,2022.0,6.0,22.0,HUMAN_OBSERVATION,iNaturalist,iNaturalist research-grade observations
3873227960,"Loxodonta africana (Blumenbach, 1797)",Loxodonta africana,Loxodonta,Elephantidae,-1.505845,35.311797,31446.0,Narok,,,2022-06-21,2022.0,6.0,21.0,HUMAN_OBSERVATION,iNaturalist,iNaturalist research-grade observations
3873477132,"Loxodonta africana (Blumenbach, 1797)",Loxodonta africana,Loxodonta,Elephantidae,0.532379,37.565209,31451.0,Samburu,,,2022-06-19,2022.0,6.0,19.0,HUMAN_OBSERVATION,iNaturalist,iNaturalist research-grade observations
3873880359,"Loxodonta africana (Blumenbach, 1797)",Loxodonta africana,Loxodonta,Elephantidae,0.45974,37.658357,31451.0,Isiolo,,,2022-06-20,2022.0,6.0,20.0,HUMAN_OBSERVATION,iNaturalist,iNaturalist research-grade observations
3874049455,"Loxodonta africana (Blumenbach, 1797)",Loxodonta africana,Loxodonta,Elephantidae,0.535166,37.656995,31451.0,Isiolo,,,2022-06-19,2022.0,6.0,19.0,HUMAN_OBSERVATION,iNaturalist,iNaturalist research-grade observations
3881356659,"Loxodonta africana (Blumenbach, 1797)",Loxodonta africana,Loxodonta,Elephantidae,-2.694222,37.319436,31434.0,Kajiado,,,2022-06-24,2022.0,6.0,24.0,HUMAN_OBSERVATION,iNaturalist,iNaturalist research-grade observations
3881419638,"Loxodonta africana (Blumenbach, 1797)",Loxodonta africana,Loxodonta,Elephantidae,-3.230897,38.649111,31425.0,Taita Taveta,,,2022-06-25,2022.0,6.0,25.0,HUMAN_OBSERVATION,iNaturalist,iNaturalist research-grade observations
3881440707,"Loxodonta africana (Blumenbach, 1797)",Loxodonta africana,Loxodonta,Elephantidae,-3.226362,38.76854,31425.0,Taita Taveta,,,2022-06-25,2022.0,6.0,25.0,HUMAN_OBSERVATION,iNaturalist,iNaturalist research-grade observations
3881520638,"Loxodonta africana (Blumenbach, 1797)",Loxodonta africana,Loxodonta,Elephantidae,-2.732171,37.397824,31434.0,Kajiado,,,2022-06-24,2022.0,6.0,24.0,HUMAN_OBSERVATION,iNaturalist,iNaturalist research-grade observations
3881576600,"Loxodonta africana (Blumenbach, 1797)",Loxodonta africana,Loxodonta,Elephantidae,-2.765167,37.335225,31434.0,Kajiado,,,2022-06-23,2022.0,6.0,23.0,HUMAN_OBSERVATION,iNaturalist,iNaturalist research-grade observations
3881675595,"Loxodonta africana (Blumenbach, 1797)",Loxodonta africana,Loxodonta,Elephantidae,-2.669562,37.371912,31434.0,Kajiado,,,2022-06-24,2022.0,6.0,24.0,HUMAN_OBSERVATION,iNaturalist,iNaturalist research-grade observations
3881762659,"Loxodonta africana (Blumenbach, 1797)",Loxodonta africana,Loxodonta,Elephantidae,-3.34126,38.665906,31425.0,Taita Taveta,,,2022-06-25,2022.0,6.0,25.0,HUMAN_OBSERVATION,iNaturalist,iNaturalist research-grade observations
3892266116,"Loxodonta africana (Blumenbach, 1797)",Loxodonta africana,Loxodonta,Elephantidae,0.517201,37.56685,31451.0,Isiolo,,,2022-06-29T09:03:21,2022.0,6.0,29.0,HUMAN_OBSERVATION,iNaturalist,iNaturalist research-grade observations
3892325158,"Loxodonta africana (Blumenbach, 1797)",Loxodonta africana,Loxodonta,Elephantidae,0.162886,38.091739,31451.0,Meru,,,2022-06-27T05:18:31,2022.0,6.0,27.0,HUMAN_OBSERVATION,iNaturalist,iNaturalist research-grade observations
3892357166,"Loxodonta africana (Blumenbach, 1797)",Loxodonta africana,Loxodonta,Elephantidae,0.499211,37.530523,31451.0,Isiolo,,,2022-06-29T08:56:56,2022.0,6.0,29.0,HUMAN_OBSERVATION,iNaturalist,iNaturalist research-grade observations
3892361173,"Loxodonta africana (Blumenbach, 1797)",Loxodonta africana,Loxodonta,Elephantidae,0.418142,37.505042,31451.0,Isiolo,,,2022-06-28T10:57:01,2022.0,6.0,28.0,HUMAN_OBSERVATION,iNaturalist,iNaturalist research-grade observations
3892402144,"Loxodonta africana (Blumenbach, 1797)",Loxodonta africana,Loxodonta,Elephantidae,0.036708,38.056848,31451.0,Meru,,,2022-06-27T07:31:19,2022.0,6.0,27.0,HUMAN_OBSERVATION,iNaturalist,iNaturalist research-grade observations
3892420189,"Loxodonta africana (Blumenbach, 1797)",Loxodonta africana,Loxodonta,Elephantidae,0.110941,38.083998,31451.0,Meru,,,2022-06-27T06:44:50,2022.0,6.0,27.0,HUMAN_OBSERVATION,iNaturalist,iNaturalist research-grade observations
3892580126,"Loxodonta africana (Blumenbach, 1797)",Loxodonta africana,Loxodonta,Elephantidae,0.001239,38.17337,31451.0,Meru,,,2022-06-26T11:37:22,2022.0,6.0,26.0,HUMAN_OBSERVATION,iNaturalist,iNaturalist research-grade observations
3892609140,"Loxodonta africana (Blumenbach, 1797)",Loxodonta africana,Loxodonta,Elephantidae,0.183744,37.20465,31451.0,Meru,,,2022-06-30T11:54:29,2022.0,6.0,30.0,HUMAN_OBSERVATION,iNaturalist,iNaturalist research-grade observations
3892637168,"Loxodonta africana (Blumenbach, 1797)",Loxodonta africana,Loxodonta,Elephantidae,0.138443,38.1443,31451.0,Meru,,,2022-06-27T09:19:37,2022.0,6.0,27.0,HUMAN_OBSERVATION,iNaturalist,iNaturalist research-grade observations
4076000812,"Loxodonta africana (Blumenbach, 1797)",Loxodonta africana,Loxodonta,Elephantidae,0.265278,37.482615,31451.0,Meru,,,2022-06-19T14:58,2022.0,6.0,19.0,HUMAN_OBSERVATION,iNaturalist,iNaturalist research-grade observations
4076391946,"Loxodonta africana (Blumenbach, 1797)",Loxodonta africana,Loxodonta,Elephantidae,0.660238,37.421538,31450.0,Samburu,,,2022-06-24T08:15,2022.0,6.0,24.0,HUMAN_OBSERVATION,iNaturalist,iNaturalist research-grade observations
4945503227,"Loxodonta africana (Blumenbach, 1797)",Loxodonta africana,Loxodonta,Elephantidae,0.41257,37.410512,31451.0,Isiolo,,,2022-06-18T14:17,2022.0,6.0,18.0,HUMAN_OBSERVATION,iNaturalist,iNaturalist research-grade observations
4945824106,"Loxodonta africana (Blumenbach, 1797)",Loxodonta africana,Loxodonta,Elephantidae,0.489069,37.489364,31451.0,Isiolo,,,2022-06-20T08:33,2022.0,6.0,20.0,HUMAN_OBSERVATION,iNaturalist,iNaturalist research-grade observations
4946535126,"Loxodonta africana (Blumenbach, 1797)",Loxodonta africana,Loxodonta,Elephantidae,0.642684,37.915919,31450.0,Isiolo,,,2022-06-18T08:54,2022.0,6.0,18.0,HUMAN_OBSERVATION,iNaturalist,iNaturalist research-grade observations
4946588335,"Loxodonta africana (Blumenbach, 1797)",Loxodonta africana,Loxodonta,Elephantidae,0.461367,37.480148,31451.0,Isiolo,,,2022-06-19T13:11,2022.0,6.0,19.0,HUMAN_OBSERVATION,iNaturalist,iNaturalist research-grade observations
3872897139,"Loxodonta africana (Blumenbach, 1797)",Loxodonta africana,Loxodonta,Elephantidae,-1.501162,35.007283,31446.0,Narok,,,2022-07-08T14:05:48,2022.0,7.0,8.0,HUMAN_OBSERVATION,iNaturalist,iNaturalist research-grade observations
3873554955,"Loxodonta africana (Blumenbach, 1797)",Loxodonta africana,Loxodonta,Elephantidae,-1.409422,35.042892,34578.0,Narok,,,2022-07-09T08:56:47,2022.0,7.0,9.0,HUMAN_OBSERVATION,iNaturalist,iNaturalist research-grade observations
3873879900,"Loxodonta africana (Blumenbach, 1797)",Loxodonta africana,Loxodonta,Elephantidae,-1.533611,35.156858,31446.0,Narok,,,2022-07-11T10:16:45,2022.0,7.0,11.0,HUMAN_OBSERVATION,iNaturalist,iNaturalist research-grade observations
3873901331,"Loxodonta africana (Blumenbach, 1797)",Loxodonta africana,Loxodonta,Elephantidae,-1.481618,35.263409,31446.0,Narok,,,2022-07-22T16:07:36,2022.0,7.0,22.0,HUMAN_OBSERVATION,iNaturalist,iNaturalist research-grade observations
3881499775,"Loxodonta africana (Blumenbach, 1797)",Loxodonta africana,Loxodonta,Elephantidae,-2.98724,38.046323,31431.0,Taita Taveta,,,2022-07-27T17:56:01,2022.0,7.0,27.0,HUMAN_OBSERVATION,iNaturalist,iNaturalist research-grade observations
3881608515,"Loxodonta africana (Blumenbach, 1797)",Loxodonta africana,Loxodonta,Elephantidae,-1.486427,35.281629,31446.0,Narok,,,2022-07-22T16:07:27,2022.0,7.0,22.0,HUMAN_OBSERVATION,iNaturalist,iNaturalist research-grade observations
3881678939,"Loxodonta africana (Blumenbach, 1797)",Loxodonta africana,Loxodonta,Elephantidae,-2.341597,38.774001,31438.0,Tana River,,,2022-07-10T20:24,2022.0,7.0,10.0,HUMAN_OBSERVATION,iNaturalist,iNaturalist research-grade observations
3881693987,"Loxodonta africana (Blumenbach, 1797)",Loxodonta africana,Loxodonta,Elephantidae,-1.615813,35.524136,31444.0,Narok,,,2022-07-10T16:23,2022.0,7.0,10.0,HUMAN_OBSERVATION,iNaturalist,iNaturalist research-grade observations
3881794940,"Loxodonta africana (Blumenbach, 1797)",Loxodonta africana,Loxodonta,Elephantidae,-1.700475,35.584442,31444.0,Narok,,,2022-07-10T16:27,2022.0,7.0,10.0,HUMAN_OBSERVATION,iNaturalist,iNaturalist research-grade observations
3881870571,"Loxodonta africana (Blumenbach, 1797)",Loxodonta africana,Loxodonta,Elephantidae,-2.759453,37.260942,31434.0,Kajiado,,,2022-07-09T13:06,2022.0,7.0,9.0,HUMAN_OBSERVATION,iNaturalist,iNaturalist research-grade observations
3888891141,"Loxodonta africana (Blumenbach, 1797)",Loxodonta africana,Loxodonta,Elephantidae,-1.206938,34.631485,31447.0,Narok,,,2022-07-04T08:21,2022.0,7.0,4.0,HUMAN_OBSERVATION,iNaturalist,iNaturalist research-grade observations
3889122375,"Loxodonta africana (Blumenbach, 1797)",Loxodonta africana,Loxodonta,Elephantidae,-2.647635,37.299116,31434.0,Kajiado,,,2022-07-09T13:05,2022.0,7.0,9.0,HUMAN_OBSERVATION,iNaturalist,iNaturalist research-grade observations
3889137060,"Loxodonta africana (Blumenbach, 1797)",Loxodonta africana,Loxodonta,Elephantidae,-2.728534,37.295172,31434.0,Kajiado,,,2022-07-11T09:32,2022.0,7.0,11.0,HUMAN_OBSERVATION,iNaturalist,iNaturalist research-grade observations
3889181770,"Loxodonta africana (Blumenbach, 1797)",Loxodonta africana,Loxodonta,Elephantidae,-2.787078,37.343911,31434.0,Kajiado,,,2022-07-09T16:12,2022.0,7.0,9.0,HUMAN_OBSERVATION,iNaturalist,iNaturalist research-grade observations
3889194973,"Loxodonta africana (Blumenbach, 1797)",Loxodonta africana,Loxodonta,Elephantidae,-2.715544,37.279084,31434.0,Kajiado,,,2022-07-10T06:37,2022.0,7.0,10.0,HUMAN_OBSERVATION,iNaturalist,iNaturalist research-grade observations
3889229354,"Loxodonta africana (Blumenbach, 1797)",Loxodonta africana,Loxodonta,Elephantidae,-2.772075,37.212707,31434.0,Kajiado,,,2022-07-10T07:58,2022.0,7.0,10.0,HUMAN_OBSERVATION,iNaturalist,iNaturalist research-grade observations
3892571273,"Loxodonta africana (Blumenbach, 1797)",Loxodonta africana,Loxodonta,Elephantidae,-2.726814,37.314384,31434.0,Kajiado,,,2022-07-04T15:07:52,2022.0,7.0,4.0,HUMAN_OBSERVATION,iNaturalist,iNaturalist research-grade observations
3892689264,"Loxodonta africana (Blumenbach, 1797)",Loxodonta africana,Loxodonta,Elephantidae,-2.787874,37.266298,31434.0,Kajiado,,,2022-07-05T07:25:38,2022.0,7.0,5.0,HUMAN_OBSERVATION,iNaturalist,iNaturalist research-grade observations
3892698237,"Loxodonta africana (Blumenbach, 1797)",Loxodonta africana,Loxodonta,Elephantidae,-2.638331,37.341603,31434.0,Kajiado,,,2022-07-05T07:59:07,2022.0,7.0,5.0,HUMAN_OBSERVATION,iNaturalist,iNaturalist research-grade observations
3902703424,"Loxodonta africana (Blumenbach, 1797)",Loxodonta africana,Loxodonta,Elephantidae,-2.734375,37.264124,36012.0,Kajiado,,,2022-07-28T15:50,2022.0,7.0,28.0,HUMAN_OBSERVATION,iNaturalist,iNaturalist research-grade observations
3986240094,"Loxodonta africana (Blumenbach, 1797)",Loxodonta africana,Loxodonta,Elephantidae,0.08715,36.812395,31451.0,Laikipia,,,2022-07-23T17:52:37,2022.0,7.0,23.0,HUMAN_OBSERVATION,iNaturalist,iNaturalist research-grade observations
4126793234,"Loxodonta africana (Blumenbach, 1797)",Loxodonta africana,Loxodonta,Elephantidae,-1.589092,35.167438,31446.0,Narok,,,2022-07-15T21:12:14,2022.0,7.0,15.0,HUMAN_OBSERVATION,iNaturalist,iNaturalist research-grade observations
4522639607,"Loxodonta africana (Blumenbach, 1797)",Loxodonta africana,Loxodonta,Elephantidae,-1.584284,35.279199,31446.0,Narok,,,2022-07-05T11:10:14,2022.0,7.0,5.0,HUMAN_OBSERVATION,iNaturalist,iNaturalist research-grade observations
4936714790,"Loxodonta africana (Blumenbach, 1797)",Loxodonta africana,Loxodonta,Elephantidae,-1.457526,35.07097,31446.0,Narok,,,2022-07-13T21:38:42,2022.0,7.0,13.0,HUMAN_OBSERVATION,iNaturalist,iNaturalist research-grade observations
4987457907,"Loxodonta africana (Blumenbach, 1797)",Loxodonta africana,Loxodonta,Elephantidae,-2.609522,37.393426,31434.0,Kajiado,,,2022-07-31T15:26,2022.0,7.0,31.0,HUMAN_OBSERVATION,iNaturalist,iNaturalist research-grade observations
4987475876,"Loxodonta africana (Blumenbach, 1797)",Loxodonta africana,Loxodonta,Elephantidae,-2.796893,37.367848,31434.0,Kajiado,,,2022-07-31T09:25,2022.0,7.0,31.0,HUMAN_OBSERVATION,iNaturalist,iNaturalist research-grade observations
4987543403,"Loxodonta africana (Blumenbach, 1797)",Loxodonta africana,Loxodonta,Elephantidae,-2.784894,37.371908,31434.0,Kajiado,,,2022-07-30T14:34,2022.0,7.0,30.0,HUMAN_OBSERVATION,iNaturalist,iNaturalist research-grade observations
4987683335,"Loxodonta africana (Blumenbach, 1797)",Loxodonta africana,Loxodonta,Elephantidae,-2.758034,37.319843,31434.0,Kajiado,,,2022-07-30T14:42,2022.0,7.0,30.0,HUMAN_OBSERVATION,iNaturalist,iNaturalist research-grade observations
4987737629,"Loxodonta africana (Blumenbach, 1797)",Loxodonta africana,Loxodonta,Elephantidae,-2.720454,37.373665,31434.0,Kajiado,,,2022-07-30T17:27,2022.0,7.0,30.0,HUMAN_OBSERVATION,iNaturalist,iNaturalist research-grade observations
4987747309,"Loxodonta africana (Blumenbach, 1797)",Loxodonta africana,Loxodonta,Elephantidae,-2.743541,37.35367,31434.0,Kajiado,,,2022-07-31T10:18,2022.0,7.0,31.0,HUMAN_OBSERVATION,iNaturalist,iNaturalist research-grade observations
4987837105,"Loxodonta africana (Blumenbach, 1797)",Loxodonta africana,Loxodonta,Elephantidae,-2.756734,37.340118,31434.0,Kajiado,,,2022-07-31T06:16,2022.0,7.0,31.0,HUMAN_OBSERVATION,iNaturalist,iNaturalist research-grade observations
4987847809,"Loxodonta africana (Blumenbach, 1797)",Loxodonta africana,Loxodonta,Elephantidae,-2.633942,37.30601,31434.0,Kajiado,,,2022-07-31T05:07,2022.0,7.0,31.0,HUMAN_OBSERVATION,iNaturalist,iNaturalist research-grade observations
5936202742,"Loxodonta africana (Blumenbach, 1797)",Loxodonta africana,Loxodonta,Elephantidae,-2.657478,37.268486,31434.0,Kajiado,,,2022-07-12T10:58:27,2022.0,7.0,12.0,HUMAN_OBSERVATION,iNaturalist,iNaturalist research-grade observations
6159448594,"Loxodonta africana (Blumenbach, 1797)",Loxodonta africana,Loxodonta,Elephantidae,-3.252111,38.589614,31425.0,Taita Taveta,,,2022-07-28T04:02,2022.0,7.0,28.0,HUMAN_OBSERVATION,iNaturalist,iNaturalist research-grade observations
6159521586,"Loxodonta africana (Blumenbach, 1797)",Loxodonta africana,Loxodonta,Elephantidae,-3.295068,38.488795,31425.0,Taita Taveta,,,2022-07-26T10:22,2022.0,7.0,26.0,HUMAN_OBSERVATION,iNaturalist,iNaturalist research-grade observations
6398703425,"Loxodonta africana (Blumenbach, 1797)",Loxodonta africana,Loxodonta,Elephantidae,-1.44633,35.242938,31446.0,Narok,,,2022-07-25T11:31:46,2022.0,7.0,25.0,HUMAN_OBSERVATION,iNaturalist,iNaturalist research-grade observations
3902337678,"Loxodonta africana (Blumenbach, 1797)",Loxodonta africana,Loxodonta,Elephantidae,-1.560512,35.226763,31446.0,Narok,,,2022-08-19T17:49:43,2022.0,8.0,19.0,HUMAN_OBSERVATION,iNaturalist,iNaturalist research-grade observations
3912275980,"Loxodonta africana (Blumenbach, 1797)",Loxodonta africana,Loxodonta,Elephantidae,-1.386761,36.501675,31447.0,Kajiado,,,2022-08-02T23:48,2022.0,8.0,2.0,HUMAN_OBSERVATION,iNaturalist,iNaturalist research-grade observations
4102596729,"Loxodonta africana (Blumenbach, 1797)",Loxodonta africana,Loxodonta,Elephantidae,-3.445081,38.946321,31422.0,Taita Taveta,,,2022-08-21T11:44:44,2022.0,8.0,21.0,HUMAN_OBSERVATION,iNaturalist,iNaturalist research-grade observations
4440934897,"Loxodonta africana (Blumenbach, 1797)",Loxodonta africana,Loxodonta,Elephantidae,-1.433055,34.912458,31446.0,Narok,,,2022-08-28T11:30,2022.0,8.0,28.0,HUMAN_OBSERVATION,iNaturalist,iNaturalist research-grade observations
4442722056,"Loxodonta africana (Blumenbach, 1797)",Loxodonta africana,Loxodonta,Elephantidae,-1.365826,35.095643,31447.0,Narok,,,2022-08-05T17:34,2022.0,8.0,5.0,HUMAN_OBSERVATION,iNaturalist,iNaturalist research-grade observations
4607099988,"Loxodonta africana (Blumenbach, 1797)",Loxodonta africana,Loxodonta,Elephantidae,0.390124,36.993628,31451.0,Laikipia,,,2022-08-14T13:56,2022.0,8.0,14.0,HUMAN_OBSERVATION,iNaturalist,iNaturalist research-grade observations
4987814312,"Loxodonta africana (Blumenbach, 1797)",Loxodonta africana,Loxodonta,Elephantidae,-1.545391,35.11866,31446.0,Narok,,,2022-08-03T12:33,2022.0,8.0,3.0,HUMAN_OBSERVATION,iNaturalist,iNaturalist research-grade observations
4987831706,"Loxodonta africana (Blumenbach, 1797)",Loxodonta africana,Loxodonta,Elephantidae,-1.431116,35.088372,31446.0,Narok,,,2022-08-03T09:42,2022.0,8.0,3.0,HUMAN_OBSERVATION,iNaturalist,iNaturalist research-grade observations
5021267648,"Loxodonta africana (Blumenbach, 1797)",Loxodonta africana,Loxodonta,Elephantidae,0.105743,38.189163,250.0,,,Meru National Park,2022-08-11T00:00,2022.0,8.0,11.0,HUMAN_OBSERVATION,NABU|naturgucker,
5021670996,"Loxodonta africana (Blumenbach, 1797)",Loxodonta africana,Loxodonta,Elephantidae,0.105743,38.189163,250.0,,,Meru National Park,2022-08-14T00:00,2022.0,8.0,14.0,HUMAN_OBSERVATION,NABU|naturgucker,
5023937871,"Loxodonta africana (Blumenbach, 1797)",Loxodonta africana,Loxodonta,Elephantidae,0.105743,38.189163,250.0,,,Meru National Park,2022-08-12T00:00,2022.0,8.0,12.0,HUMAN_OBSERVATION,NABU|naturgucker,
5827458946,"Loxodonta africana (Blumenbach, 1797)",Loxodonta africana,Loxodonta,Elephantidae,-1.372,35.018673,31447.0,Narok,,,2022-08-19T15:47:18,2022.0,8.0,19.0,HUMAN_OBSERVATION,iNaturalist,iNaturalist research-grade observations
6352248945,"Loxodonta africana (Blumenbach, 1797)",Loxodonta africana,Loxodonta,Elephantidae,-2.752321,37.226659,31434.0,Kajiado,,,2022-08-01T12:23:21,2022.0,8.0,1.0,HUMAN_OBSERVATION,iNaturalist,iNaturalist research-grade observations
6399065625,"Loxodonta africana (Blumenbach, 1797)",Loxodonta africana,Loxodonta,Elephantidae,-2.7554,37.102089,31434.0,Kajiado,,,2022-08-01T08:27:21,2022.0,8.0,1.0,HUMAN_OBSERVATION,iNaturalist,iNaturalist research-grade observations
3903502270,"Loxodonta africana (Blumenbach, 1797)",Loxodonta africana,Loxodonta,Elephantidae,-3.384326,39.868988,31425.0,Kilifi,,,2022-09-06T06:31:45,2022.0,9.0,6.0,HUMAN_OBSERVATION,iNaturalist,iNaturalist research-grade observations
3912221273,"Loxodonta africana (Blumenbach, 1797)",Loxodonta africana,Loxodonta,Elephantidae,-1.431946,35.254625,31446.0,Narok,,,2022-09-18T18:52:49,2022.0,9.0,18.0,HUMAN_OBSERVATION,iNaturalist,iNaturalist research-grade observations
3912224258,"Loxodonta africana (Blumenbach, 1797)",Loxodonta africana,Loxodonta,Elephantidae,-2.548591,38.275844,31436.0,Kitui,,,2022-09-16T05:27,2022.0,9.0,16.0,HUMAN_OBSERVATION,iNaturalist,iNaturalist research-grade observations
3912226152,"Loxodonta africana (Blumenbach, 1797)",Loxodonta africana,Loxodonta,Elephantidae,-1.448949,35.364505,31446.0,Narok,,,2022-09-18T20:48:26,2022.0,9.0,18.0,HUMAN_OBSERVATION,iNaturalist,iNaturalist research-grade observations
3912251498,"Loxodonta africana (Blumenbach, 1797)",Loxodonta africana,Loxodonta,Elephantidae,0.113834,36.857681,31451.0,Laikipia,,,2022-09-17T12:00:21,2022.0,9.0,17.0,HUMAN_OBSERVATION,iNaturalist,iNaturalist research-grade observations
3912384570,"Loxodonta africana (Blumenbach, 1797)",Loxodonta africana,Loxodonta,Elephantidae,-1.58737,35.335159,31446.0,Narok,,,2022-09-17,2022.0,9.0,17.0,HUMAN_OBSERVATION,iNaturalist,iNaturalist research-grade observations
3915522343,"Loxodonta africana (Blumenbach, 1797)",Loxodonta africana,Loxodonta,Elephantidae,-2.721569,37.385408,31434.0,Kajiado,,,2022-09-23T08:32:10,2022.0,9.0,23.0,HUMAN_OBSERVATION,iNaturalist,iNaturalist research-grade observations
3925099893,"Loxodonta africana (Blumenbach, 1797)",Loxodonta africana,Loxodonta,Elephantidae,0.020665,36.944216,31451.0,Laikipia,,,2022-09-18T02:36,2022.0,9.0,18.0,HUMAN_OBSERVATION,iNaturalist,iNaturalist research-grade observations
3925109175,"Loxodonta africana (Blumenbach, 1797)",Loxodonta africana,Loxodonta,Elephantidae,0.174538,36.955835,31451.0,Laikipia,,,2022-09-18T06:37,2022.0,9.0,18.0,HUMAN_OBSERVATION,iNaturalist,iNaturalist research-grade observations
3925122806,"Loxodonta africana (Blumenbach, 1797)",Loxodonta africana,Loxodonta,Elephantidae,0.499583,37.568911,31451.0,Isiolo,,,2022-09-28T15:56:40,2022.0,9.0,28.0,HUMAN_OBSERVATION,iNaturalist,iNaturalist research-grade observations
3925176766,"Loxodonta africana (Blumenbach, 1797)",Loxodonta africana,Loxodonta,Elephantidae,0.053518,36.988714,31451.0,Laikipia,,,2022-09-17T01:43,2022.0,9.0,17.0,HUMAN_OBSERVATION,iNaturalist,iNaturalist research-grade observations
3947289056,"Loxodonta africana (Blumenbach, 1797)",Loxodonta africana,Loxodonta,Elephantidae,-0.356379,36.968508,31451.0,Nyeri,,,2022-09-29T15:06:44,2022.0,9.0,29.0,HUMAN_OBSERVATION,iNaturalist,iNaturalist research-grade observations
3947407607,"Loxodonta africana (Blumenbach, 1797)",Loxodonta africana,Loxodonta,Elephantidae,-1.421527,35.235915,31446.0,Narok,,,2022-09-30T15:42,2022.0,9.0,30.0,HUMAN_OBSERVATION,iNaturalist,iNaturalist research-grade observations
3947440470,"Loxodonta africana (Blumenbach, 1797)",Loxodonta africana,Loxodonta,Elephantidae,0.555118,37.483838,31451.0,Isiolo,,,2022-09-27T17:02,2022.0,9.0,27.0,HUMAN_OBSERVATION,iNaturalist,iNaturalist research-grade observations
3947530504,"Loxodonta africana (Blumenbach, 1797)",Loxodonta africana,Loxodonta,Elephantidae,0.447596,37.462759,31451.0,Isiolo,,,2022-09-27T17:27,2022.0,9.0,27.0,HUMAN_OBSERVATION,iNaturalist,iNaturalist research-grade observations
3947579687,"Loxodonta africana (Blumenbach, 1797)",Loxodonta africana,Loxodonta,Elephantidae,-1.52592,35.197208,31446.0,Narok,,,2022-09-30T14:56,2022.0,9.0,30.0,HUMAN_OBSERVATION,iNaturalist,iNaturalist research-grade observations
3947642411,"Loxodonta africana (Blumenbach, 1797)",Loxodonta africana,Loxodonta,Elephantidae,-2.567832,37.396973,31436.0,Kajiado,,,2022-09-30T07:32,2022.0,9.0,30.0,HUMAN_OBSERVATION,iNaturalist,iNaturalist research-grade observations
3947685404,"Loxodonta africana (Blumenbach, 1797)",Loxodonta africana,Loxodonta,Elephantidae,0.412369,37.511,31451.0,Isiolo,,,2022-09-27T17:18,2022.0,9.0,27.0,HUMAN_OBSERVATION,iNaturalist,iNaturalist research-grade observations
3947783387,"Loxodonta africana (Blumenbach, 1797)",Loxodonta africana,Loxodonta,Elephantidae,0.470851,37.485397,31451.0,Isiolo,,,2022-09-26T17:55,2022.0,9.0,26.0,HUMAN_OBSERVATION,iNaturalist,iNaturalist research-grade observations
3947833691,"Loxodonta africana (Blumenbach, 1797)",Loxodonta africana,Loxodonta,Elephantidae,-1.414621,35.300804,31446.0,Narok,,,2022-09-30T07:47,2022.0,9.0,30.0,HUMAN_OBSERVATION,iNaturalist,iNaturalist research-grade observations
3961078493,"Loxodonta africana (Blumenbach, 1797)",Loxodonta africana,Loxodonta,Elephantidae,-1.329622,35.172951,31447.0,Narok,,,2022-09-20T20:53,2022.0,9.0,20.0,HUMAN_OBSERVATION,iNaturalist,iNaturalist research-grade observations
3961178523,"Loxodonta africana (Blumenbach, 1797)",Loxodonta africana,Loxodonta,Elephantidae,-1.434619,34.860822,31446.0,Narok,,,2022-09-20T06:15,2022.0,9.0,20.0,HUMAN_OBSERVATION,iNaturalist,iNaturalist research-grade observations
3961298515,"Loxodonta africana (Blumenbach, 1797)",Loxodonta africana,Loxodonta,Elephantidae,-1.379993,35.142746,31447.0,Narok,,,2022-09-20T20:50,2022.0,9.0,20.0,HUMAN_OBSERVATION,iNaturalist,iNaturalist research-grade observations
4006542985,"Loxodonta africana (Blumenbach, 1797)",Loxodonta africana,Loxodonta,Elephantidae,-3.394144,38.744906,31425.0,Taita Taveta,,,2022-09-12T12:14,2022.0,9.0,12.0,HUMAN_OBSERVATION,iNaturalist,iNaturalist research-grade observations
4006670225,"Loxodonta africana (Blumenbach, 1797)",Loxodonta africana,Loxodonta,Elephantidae,-3.301129,38.597644,31425.0,Taita Taveta,,,2022-09-13T07:01,2022.0,9.0,13.0,HUMAN_OBSERVATION,iNaturalist,iNaturalist research-grade observations
4006732215,"Loxodonta africana (Blumenbach, 1797)",Loxodonta africana,Loxodonta,Elephantidae,-3.375373,38.731099,31425.0,Taita Taveta,,,2022-09-12T16:13,2022.0,9.0,12.0,HUMAN_OBSERVATION,iNaturalist,iNaturalist research-grade observations
4006735020,"Loxodonta africana (Blumenbach, 1797)",Loxodonta africana,Loxodonta,Elephantidae,-3.184475,38.636698,31428.0,Taita Taveta,,,2022-09-12T10:58,2022.0,9.0,12.0,HUMAN_OBSERVATION,iNaturalist,iNaturalist research-grade observations
4111986239,"Loxodonta africana (Blumenbach, 1797)",Loxodonta africana,Loxodonta,Elephantidae,-1.332811,35.018862,31447.0,Narok,,,2022-09-01T12:17,2022.0,9.0,1.0,HUMAN_OBSERVATION,iNaturalist,iNaturalist research-grade observations
4165943738,"Loxodonta africana (Blumenbach, 1797)",Loxodonta africana,Loxodonta,Elephantidae,0.354697,36.984185,31451.0,Laikipia,,,2022-09-20T09:17,2022.0,9.0,20.0,HUMAN_OBSERVATION,iNaturalist,iNaturalist research-grade observations
4405074644,"Loxodonta africana (Blumenbach, 1797)",Loxodonta africana,Loxodonta,Elephantidae,0.240473,36.946967,31451.0,Laikipia,,,2022-09-14T17:49,2022.0,9.0,14.0,HUMAN_OBSERVATION,iNaturalist,iNaturalist research-grade observations
4405162753,"Loxodonta africana (Blumenbach, 1797)",Loxodonta africana,Loxodonta,Elephantidae,0.252413,36.80752,31451.0,Laikipia,,,2022-09-14T17:02,2022.0,9.0,14.0,HUMAN_OBSERVATION,iNaturalist,iNaturalist research-grade observations
4405407486,"Loxodonta africana (Blumenbach, 1797)",Loxodonta africana,Loxodonta,Elephantidae,0.214892,36.945632,31451.0,Laikipia,,,2022-09-15T10:36,2022.0,9.0,15.0,HUMAN_OBSERVATION,iNaturalist,iNaturalist research-grade observations
4430737625,"Loxodonta africana (Blumenbach, 1797)",Loxodonta africana,Loxodonta,Elephantidae,-1.557263,35.172421,43165.0,Narok,,,2022-09-16T20:25:01,2022.0,9.0,16.0,HUMAN_OBSERVATION,iNaturalist,iNaturalist research-grade observations
4442628513,"Loxodonta africana (Blumenbach, 1797)",Loxodonta africana,Loxodonta,Elephantidae,0.227496,36.984955,31451.0,Laikipia,,,2022-09-04,2022.0,9.0,4.0,HUMAN_OBSERVATION,iNaturalist,iNaturalist research-grade observations
4987745197,"Loxodonta africana (Blumenbach, 1797)",Loxodonta africana,Loxodonta,Elephantidae,-3.390076,38.41572,31425.0,Taita Taveta,,,2022-09-13T06:51,2022.0,9.0,13.0,HUMAN_OBSERVATION,iNaturalist,iNaturalist research-grade observations
5867896249,"Loxodonta africana (Blumenbach, 1797)",Loxodonta africana,Loxodonta,Elephantidae,-1.428588,35.215577,31446.0,Narok,,,2022-09-18T18:52:49,2022.0,9.0,18.0,HUMAN_OBSERVATION,iNaturalist,iNaturalist research-grade observations
5932349904,"Loxodonta africana (Blumenbach, 1797)",Loxodonta africana,Loxodonta,Elephantidae,-2.650944,37.292249,31434.0,Kajiado,,,2022-09-13T10:09:15,2022.0,9.0,13.0,HUMAN_OBSERVATION,iNaturalist,iNaturalist research-grade observations
6195560031,"Loxodonta africana (Blumenbach, 1797)",Loxodonta africana,Loxodonta,Elephantidae,-1.420063,35.12785,33966.0,Narok,,,2022-09-24,2022.0,9.0,24.0,HUMAN_OBSERVATION,iNaturalist,iNaturalist research-grade observations
3925476674,"Loxodonta africana (Blumenbach, 1797)",Loxodonta africana,Loxodonta,Elephantidae,-2.712366,37.348028,36012.0,Kajiado,,,2022-10-04T15:43:16,2022.0,10.0,4.0,HUMAN_OBSERVATION,iNaturalist,iNaturalist research-grade observations
3947218772,"Loxodonta africana (Blumenbach, 1797)",Loxodonta africana,Loxodonta,Elephantidae,-2.774864,37.324024,31434.0,Kajiado,,,2022-10-02T17:45,2022.0,10.0,2.0,HUMAN_OBSERVATION,iNaturalist,iNaturalist research-grade observations
3947225836,"Loxodonta africana (Blumenbach, 1797)",Loxodonta africana,Loxodonta,Elephantidae,-2.73826,37.29347,31434.0,Kajiado,,,2022-10-02T17:41,2022.0,10.0,2.0,HUMAN_OBSERVATION,iNaturalist,iNaturalist research-grade observations
3947306794,"Loxodonta africana (Blumenbach, 1797)",Loxodonta africana,Loxodonta,Elephantidae,-2.649839,37.366057,31434.0,Kajiado,,,2022-10-02T17:53,2022.0,10.0,2.0,HUMAN_OBSERVATION,iNaturalist,iNaturalist research-grade observations
3947388728,"Loxodonta africana (Blumenbach, 1797)",Loxodonta africana,Loxodonta,Elephantidae,-2.650657,37.20964,31434.0,Kajiado,,,2022-10-02T17:23,2022.0,10.0,2.0,HUMAN_OBSERVATION,iNaturalist,iNaturalist research-grade observations
3947391829,"Loxodonta africana (Blumenbach, 1797)",Loxodonta africana,Loxodonta,Elephantidae,-2.624743,37.327156,31434.0,Kajiado,,,2022-10-03T08:08,2022.0,10.0,3.0,HUMAN_OBSERVATION,iNaturalist,iNaturalist research-grade observations
3947713163,"Loxodonta africana (Blumenbach, 1797)",Loxodonta africana,Loxodonta,Elephantidae,0.443139,37.481987,31451.0,Isiolo,,,2022-10-21T09:32:04,2022.0,10.0,21.0,HUMAN_OBSERVATION,iNaturalist,iNaturalist research-grade observations
3961009785,"Loxodonta africana (Blumenbach, 1797)",Loxodonta africana,Loxodonta,Elephantidae,-2.613532,37.365115,31434.0,Kajiado,,,2022-10-03T14:40,2022.0,10.0,3.0,HUMAN_OBSERVATION,iNaturalist,iNaturalist research-grade observations
3961111788,"Loxodonta africana (Blumenbach, 1797)",Loxodonta africana,Loxodonta,Elephantidae,-2.634338,37.087353,31434.0,Kajiado,,,2022-10-03T12:05,2022.0,10.0,3.0,HUMAN_OBSERVATION,iNaturalist,iNaturalist research-grade observations
3961220776,"Loxodonta africana (Blumenbach, 1797)",Loxodonta africana,Loxodonta,Elephantidae,-2.677547,37.283088,31434.0,Kajiado,,,2022-10-03T10:09,2022.0,10.0,3.0,HUMAN_OBSERVATION,iNaturalist,iNaturalist research-grade observations
3961260803,"Loxodonta africana (Blumenbach, 1797)",Loxodonta africana,Loxodonta,Elephantidae,-2.737198,37.319199,31434.0,Kajiado,,,2022-10-03T14:54,2022.0,10.0,3.0,HUMAN_OBSERVATION,iNaturalist,iNaturalist research-grade observations
3966416989,"Loxodonta africana (Blumenbach, 1797)",Loxodonta africana,Loxodonta,Elephantidae,-1.510496,35.015384,31446.0,Narok,,,2022-10-01T15:56:05,2022.0,10.0,1.0,HUMAN_OBSERVATION,iNaturalist,iNaturalist research-grade observations
4014921121,"Loxodonta africana (Blumenbach, 1797)",Loxodonta africana,Loxodonta,Elephantidae,-1.457873,35.20535,31446.0,Narok,,,2022-10-11T16:20,2022.0,10.0,11.0,HUMAN_OBSERVATION,iNaturalist,iNaturalist research-grade observations
4015015032,"Loxodonta africana (Blumenbach, 1797)",Loxodonta africana,Loxodonta,Elephantidae,-1.419923,35.064652,31446.0,Narok,,,2022-10-12T09:05,2022.0,10.0,12.0,HUMAN_OBSERVATION,iNaturalist,iNaturalist research-grade observations
4015219071,"Loxodonta africana (Blumenbach, 1797)",Loxodonta africana,Loxodonta,Elephantidae,-1.495945,35.330427,31446.0,Narok,,,2022-10-11T16:25,2022.0,10.0,11.0,HUMAN_OBSERVATION,iNaturalist,iNaturalist research-grade observations
4015280050,"Loxodonta africana (Blumenbach, 1797)",Loxodonta africana,Loxodonta,Elephantidae,-1.519886,35.333696,31446.0,Narok,,,2022-10-11T16:22,2022.0,10.0,11.0,HUMAN_OBSERVATION,iNaturalist,iNaturalist research-grade observations
4901306375,"Loxodonta africana (Blumenbach, 1797)",Loxodonta africana,Loxodonta,Elephantidae,-1.347697,35.056823,31447.0,Narok,,,2022-10-05T16:38,2022.0,10.0,5.0,HUMAN_OBSERVATION,iNaturalist,iNaturalist research-grade observations
5012614574,"Loxodonta africana (Blumenbach, 1797)",Loxodonta africana,Loxodonta,Elephantidae,-2.639218,37.199364,250.0,,,Amboseli Nationalpark,2022-10-02T00:00,2022.0,10.0,2.0,HUMAN_OBSERVATION,NABU|naturgucker,
5013276948,"Loxodonta africana (Blumenbach, 1797)",Loxodonta africana,Loxodonta,Elephantidae,0.105743,38.189163,250.0,,,Meru National Park,2022-10-06T00:00,2022.0,10.0,6.0,HUMAN_OBSERVATION,NABU|naturgucker,
5014485904,"Loxodonta africana (Blumenbach, 1797)",Loxodonta africana,Loxodonta,Elephantidae,-1.573594,35.202942,250.0,,,"Masai Mara NR, Kenya",2022-10-11T00:00,2022.0,10.0,11.0,HUMAN_OBSERVATION,NABU|naturgucker,
5014768248,"Loxodonta africana (Blumenbach, 1797)",Loxodonta africana,Loxodonta,Elephantidae,0.105743,38.189163,250.0,,,Meru National Park,2022-10-05T00:00,2022.0,10.0,5.0,HUMAN_OBSERVATION,NABU|naturgucker,
5016460166,"Loxodonta africana (Blumenbach, 1797)",Loxodonta africana,Loxodonta,Elephantidae,-1.228175,35.134007,250.0,,,Mara North Conservancy,2022-10-11T00:00,2022.0,10.0,11.0,HUMAN_OBSERVATION,NABU|naturgucker,
5018147619,"Loxodonta africana (Blumenbach, 1797)",Loxodonta africana,Loxodonta,Elephantidae,-1.228175,35.134007,250.0,,,Mara North Conservancy,2022-10-09T00:00,2022.0,10.0,9.0,HUMAN_OBSERVATION,NABU|naturgucker,
5018959605,"Loxodonta africana (Blumenbach, 1797)",Loxodonta africana,Loxodonta,Elephantidae,-2.639218,37.199364,250.0,,,Amboseli Nationalpark,2022-10-03T00:00,2022.0,10.0,3.0,HUMAN_OBSERVATION,NABU|naturgucker,
5018999013,"Loxodonta africana (Blumenbach, 1797)",Loxodonta africana,Loxodonta,Elephantidae,0.21252,37.443424,250.0,,,"Lewa Wildlife Conservancy, Meru, Isiolo",2022-10-07T00:00,2022.0,10.0,7.0,HUMAN_OBSERVATION,NABU|naturgucker,
5019340206,"Loxodonta africana (Blumenbach, 1797)",Loxodonta africana,Loxodonta,Elephantidae,-1.228175,35.134007,250.0,,,Mara North Conservancy,2022-10-12T00:00,2022.0,10.0,12.0,HUMAN_OBSERVATION,NABU|naturgucker,
5021872217,"Loxodonta africana (Blumenbach, 1797)",Loxodonta africana,Loxodonta,Elephantidae,-2.639218,37.199364,250.0,,,Amboseli Nationalpark,2022-10-01T00:00,2022.0,10.0,1.0,HUMAN_OBSERVATION,NABU|naturgucker,
5023068625,"Loxodonta africana (Blumenbach, 1797)",Loxodonta africana,Loxodonta,Elephantidae,-2.80527,37.404354,250.0,,,Elerai Conservancy Amboseli,2022-10-03T00:00,2022.0,10.0,3.0,HUMAN_OBSERVATION,NABU|naturgucker,
5024970152,"Loxodonta africana (Blumenbach, 1797)",Loxodonta africana,Loxodonta,Elephantidae,0.105743,38.189163,250.0,,,Meru National Park,2022-10-04T00:00,2022.0,10.0,4.0,HUMAN_OBSERVATION,NABU|naturgucker,
5027285185,"Loxodonta africana (Blumenbach, 1797)",Loxodonta africana,Loxodonta,Elephantidae,-1.228175,35.134007,250.0,,,Mara North Conservancy,2022-10-10T00:00,2022.0,10.0,10.0,HUMAN_OBSERVATION,NABU|naturgucker,
5028583689,"Loxodonta africana (Blumenbach, 1797)",Loxodonta africana,Loxodonta,Elephantidae,0.21252,37.443424,250.0,,,"Lewa Wildlife Conservancy, Meru, Isiolo",2022-10-08T00:00,2022.0,10.0,8.0,HUMAN_OBSERVATION,NABU|naturgucker,
6320112011,"Loxodonta africana (Blumenbach, 1797)",Loxodonta africana,Loxodonta,Elephantidae,-1.591245,35.222094,31446.0,Narok,,,2022-10-08T15:10:08,2022.0,10.0,8.0,HUMAN_OBSERVATION,iNaturalist,iNaturalist research-grade observations
3985765067,"Loxodonta africana (Blumenbach, 1797)",Loxodonta africana,Loxodonta,Elephantidae,-2.125517,37.79585,31441.0,Kajiado,,,2022-11-16T10:13:13,2022.0,11.0,16.0,HUMAN_OBSERVATION,iNaturalist,iNaturalist research-grade observations
3988515221,"Loxodonta africana (Blumenbach, 1797)",Loxodonta africana,Loxodonta,Elephantidae,-2.860584,38.685555,31431.0,Kitui,,,2022-11-18,2022.0,11.0,18.0,HUMAN_OBSERVATION,iNaturalist,iNaturalist research-grade observations
4006564191,"Loxodonta africana (Blumenbach, 1797)",Loxodonta africana,Loxodonta,Elephantidae,-2.945195,38.141148,31431.0,Taita Taveta,,,2022-11-25,2022.0,11.0,25.0,HUMAN_OBSERVATION,iNaturalist,iNaturalist research-grade observations
4006642183,"Loxodonta africana (Blumenbach, 1797)",Loxodonta africana,Loxodonta,Elephantidae,-2.937912,38.055955,31431.0,Taita Taveta,,,2022-11-26,2022.0,11.0,26.0,HUMAN_OBSERVATION,iNaturalist,iNaturalist research-grade observations
4006665192,"Loxodonta africana (Blumenbach, 1797)",Loxodonta africana,Loxodonta,Elephantidae,-2.803974,38.120944,31431.0,Taita Taveta,,,2022-11-24,2022.0,11.0,24.0,HUMAN_OBSERVATION,iNaturalist,iNaturalist research-grade observations
4009740842,"Loxodonta africana (Blumenbach, 1797)",Loxodonta africana,Loxodonta,Elephantidae,-2.911068,38.19461,31431.0,Taita Taveta,,,2022-11-30,2022.0,11.0,30.0,HUMAN_OBSERVATION,iNaturalist,iNaturalist research-grade observations
4011525807,"Loxodonta africana (Blumenbach, 1797)",Loxodonta africana,Loxodonta,Elephantidae,-0.599529,36.662227,31451.0,Nyeri,,,2022-11-22T14:12:06,2022.0,11.0,22.0,HUMAN_OBSERVATION,iNaturalist,iNaturalist research-grade observations
5036989636,"Loxodonta africana (Blumenbach, 1797)",Loxodonta africana,Loxodonta,Elephantidae,-3.782069,38.2507,31418.0,Taita Taveta,,,2022-11-10T20:37,2022.0,11.0,10.0,HUMAN_OBSERVATION,iNaturalist,iNaturalist research-grade observations
5292690506,"Loxodonta africana (Blumenbach, 1797)",Loxodonta africana,Loxodonta,Elephantidae,-2.894566,38.112113,31431.0,Taita Taveta,,,2022-11-25,2022.0,11.0,25.0,HUMAN_OBSERVATION,iNaturalist,iNaturalist research-grade observations
4006520968,"Loxodonta africana (Blumenbach, 1797)",Loxodonta africana,Loxodonta,Elephantidae,-3.346149,39.961273,31425.0,Kilifi,,,2022-12-17T09:33:04,2022.0,12.0,17.0,HUMAN_OBSERVATION,iNaturalist,iNaturalist research-grade observations
4006611208,"Loxodonta africana (Blumenbach, 1797)",Loxodonta africana,Loxodonta,Elephantidae,-1.313076,35.251949,31447.0,Narok,,,2022-12-13T08:45,2022.0,12.0,13.0,HUMAN_OBSERVATION,iNaturalist,iNaturalist research-grade observations
4006683019,"Loxodonta africana (Blumenbach, 1797)",Loxodonta africana,Loxodonta,Elephantidae,0.540327,36.909658,31451.0,Laikipia,,,2022-12-08T15:10,2022.0,12.0,8.0,HUMAN_OBSERVATION,iNaturalist,iNaturalist research-grade observations
4006751996,"Loxodonta africana (Blumenbach, 1797)",Loxodonta africana,Loxodonta,Elephantidae,0.431383,36.933753,31451.0,Laikipia,,,2022-12-11T15:41,2022.0,12.0,11.0,HUMAN_OBSERVATION,iNaturalist,iNaturalist research-grade observations
4011594870,"Loxodonta africana (Blumenbach, 1797)",Loxodonta africana,Loxodonta,Elephantidae,0.592197,37.568127,31451.0,Samburu,,,2022-12-17T18:35,2022.0,12.0,17.0,HUMAN_OBSERVATION,iNaturalist,iNaturalist research-grade observations
4011596728,"Loxodonta africana (Blumenbach, 1797)",Loxodonta africana,Loxodonta,Elephantidae,-1.311469,35.443308,31447.0,Narok,,,2022-12-28T10:28:02,2022.0,12.0,28.0,HUMAN_OBSERVATION,iNaturalist,iNaturalist research-grade observations
5007452140,"Loxodonta africana (Blumenbach, 1797)",Loxodonta africana,Loxodonta,Elephantidae,-0.263302,36.962672,31451.0,Nyeri,,,2022-12-28T16:01:57,2022.0,12.0,28.0,HUMAN_OBSERVATION,iNaturalist,iNaturalist research-grade observations
5088103614,"Loxodonta africana (Blumenbach, 1797)",Loxodonta africana,Loxodonta,Elephantidae,-1.465949,35.096564,31446.0,Narok,,,2022-12-28T12:20:20,2022.0,12.0,28.0,HUMAN_OBSERVATION,iNaturalist,iNaturalist research-grade observations
5838007352,"Loxodonta africana (Blumenbach, 1797)",Loxodonta africana,Loxodonta,Elephantidae,-2.876723,38.430663,82384.0,Kitui,,,2022-12-31,2022.0,12.0,31.0,HUMAN_OBSERVATION,iNaturalist,iNaturalist research-grade observations
3031907207,"Loxodonta africana (Blumenbach, 1797)",Loxodonta africana,Loxodonta,Elephantidae,-0.889087,37.667059,31449.0,Embu,,,2021-01-06T19:53,2021.0,1.0,6.0,HUMAN_OBSERVATION,iNaturalist,iNaturalist research-grade observations
3985610127,"Loxodonta africana (Blumenbach, 1797)",Loxodonta africana,Loxodonta,Elephantidae,-0.07504,37.887953,716650.0,Meru,,,2021-01-14T20:31,2021.0,1.0,14.0,HUMAN_OBSERVATION,iNaturalist,iNaturalist research-grade observations
4407087254,"Loxodonta africana (Blumenbach, 1797)",Loxodonta africana,Loxodonta,Elephantidae,0.522992,37.426557,31451.0,Samburu,,,2021-01-08T07:32,2021.0,1.0,8.0,HUMAN_OBSERVATION,iNaturalist,iNaturalist research-grade observations
4407510656,"Loxodonta africana (Blumenbach, 1797)",Loxodonta africana,Loxodonta,Elephantidae,0.505091,37.413932,31451.0,Isiolo,,,2021-01-08T14:25,2021.0,1.0,8.0,HUMAN_OBSERVATION,iNaturalist,iNaturalist research-grade observations
4413759554,"Loxodonta africana (Blumenbach, 1797)",Loxodonta africana,Loxodonta,Elephantidae,-1.594753,35.049282,31446.0,Narok,,,2021-01-14T08:52,2021.0,1.0,14.0,HUMAN_OBSERVATION,iNaturalist,iNaturalist research-grade observations
4413770779,"Loxodonta africana (Blumenbach, 1797)",Loxodonta africana,Loxodonta,Elephantidae,-1.588321,35.026706,31446.0,Narok,,,2021-01-15T15:13,2021.0,1.0,15.0,HUMAN_OBSERVATION,iNaturalist,iNaturalist research-grade observations
4414134408,"Loxodonta africana (Blumenbach, 1797)",Loxodonta africana,Loxodonta,Elephantidae,-1.264063,34.851529,31447.0,Narok,,,2021-01-16T10:49,2021.0,1.0,16.0,HUMAN_OBSERVATION,iNaturalist,iNaturalist research-grade observations
3039453960,"Loxodonta africana (Blumenbach, 1797)",Loxodonta africana,Loxodonta,Elephantidae,-1.317647,34.883858,31447.0,Narok,,,2021-02-06T18:43:02,2021.0,2.0,6.0,HUMAN_OBSERVATION,iNaturalist,iNaturalist research-grade observations
3044872428,"Loxodonta africana (Blumenbach, 1797)",Loxodonta africana,Loxodonta,Elephantidae,-0.349929,36.958034,31451.0,Nyeri,,,2021-02-13T00:00,2021.0,2.0,13.0,HUMAN_OBSERVATION,iNaturalist,iNaturalist research-grade observations
3398701212,"Loxodonta africana (Blumenbach, 1797)",Loxodonta africana,Loxodonta,Elephantidae,-1.425219,35.108307,31446.0,Narok,,,2021-03-14T07:09,2021.0,3.0,14.0,HUMAN_OBSERVATION,iNaturalist,iNaturalist research-grade observations
3398949194,"Loxodonta africana (Blumenbach, 1797)",Loxodonta africana,Loxodonta,Elephantidae,-2.724593,37.279656,31434.0,Kajiado,,,2021-03-17T11:58,2021.0,3.0,17.0,HUMAN_OBSERVATION,iNaturalist,iNaturalist research-grade observations
3399029284,"Loxodonta africana (Blumenbach, 1797)",Loxodonta africana,Loxodonta,Elephantidae,-1.504598,35.096134,31446.0,Narok,,,2021-03-13T17:27,2021.0,3.0,13.0,HUMAN_OBSERVATION,iNaturalist,iNaturalist research-grade observations
3399173228,"Loxodonta africana (Blumenbach, 1797)",Loxodonta africana,Loxodonta,Elephantidae,-1.506445,35.102308,31446.0,Narok,,,2021-03-15T07:04,2021.0,3.0,15.0,HUMAN_OBSERVATION,iNaturalist,iNaturalist research-grade observations
3455918278,"Loxodonta africana (Blumenbach, 1797)",Loxodonta africana,Loxodonta,Elephantidae,0.450303,37.433064,31451.0,Isiolo,,,2021-03-02T10:37,2021.0,3.0,2.0,HUMAN_OBSERVATION,iNaturalist,iNaturalist research-grade observations
3456145157,"Loxodonta africana (Blumenbach, 1797)",Loxodonta africana,Loxodonta,Elephantidae,0.570839,37.508133,31451.0,Isiolo,,,2021-03-01T11:13,2021.0,3.0,1.0,HUMAN_OBSERVATION,iNaturalist,iNaturalist research-grade observations
3903043458,"Loxodonta africana (Blumenbach, 1797)",Loxodonta africana,Loxodonta,Elephantidae,-2.703415,37.219055,31434.0,Kajiado,,,2021-03-30T16:42,2021.0,3.0,30.0,HUMAN_OBSERVATION,iNaturalist,iNaturalist research-grade observations
3903087451,"Loxodonta africana (Blumenbach, 1797)",Loxodonta africana,Loxodonta,Elephantidae,-2.609237,37.262338,31434.0,Kajiado,,,2021-03-30T07:37,2021.0,3.0,30.0,HUMAN_OBSERVATION,iNaturalist,iNaturalist research-grade observations
5063902195,"Loxodonta africana (Blumenbach, 1797)",Loxodonta africana,Loxodonta,Elephantidae,0.179321,38.212269,31451.0,Meru,,,2021-03-08T18:16,2021.0,3.0,8.0,HUMAN_OBSERVATION,iNaturalist,iNaturalist research-grade observations
3112449398,"Loxodonta africana (Blumenbach, 1797)",Loxodonta africana,Loxodonta,Elephantidae,-2.801288,37.911541,31431.0,Kajiado,,,2021-05-01T17:37,2021.0,5.0,1.0,HUMAN_OBSERVATION,iNaturalist,iNaturalist research-grade observations
3124581053,"Loxodonta africana (Blumenbach, 1797)",Loxodonta africana,Loxodonta,Elephantidae,-3.284781,38.586724,31425.0,Taita Taveta,,,2021-05-06T22:54,2021.0,5.0,6.0,HUMAN_OBSERVATION,iNaturalist,iNaturalist research-grade observations
3124730057,"Loxodonta africana (Blumenbach, 1797)",Loxodonta africana,Loxodonta,Elephantidae,-3.417012,38.333001,31422.0,Taita Taveta,,,2021-05-06T05:59,2021.0,5.0,6.0,HUMAN_OBSERVATION,iNaturalist,iNaturalist research-grade observations
3124745132,"Loxodonta africana (Blumenbach, 1797)",Loxodonta africana,Loxodonta,Elephantidae,2.161024,36.83261,31441.0,Samburu,,,2021-05-20T17:08,2021.0,5.0,20.0,HUMAN_OBSERVATION,iNaturalist,iNaturalist research-grade observations
3124786719,"Loxodonta africana (Blumenbach, 1797)",Loxodonta africana,Loxodonta,Elephantidae,-2.747982,37.541753,31434.0,Kajiado,,,2021-05-20T17:08,2021.0,5.0,20.0,HUMAN_OBSERVATION,iNaturalist,iNaturalist research-grade observations
3124790928,"Loxodonta africana (Blumenbach, 1797)",Loxodonta africana,Loxodonta,Elephantidae,1.777891,37.925122,31444.0,Marsabit,,,2021-05-20T17:08,2021.0,5.0,20.0,HUMAN_OBSERVATION,iNaturalist,iNaturalist research-grade observations
3302541931,"Loxodonta africana (Blumenbach, 1797)",Loxodonta africana,Loxodonta,Elephantidae,-3.283933,38.580633,31425.0,Taita Taveta,,,2021-05-25T02:39,2021.0,5.0,25.0,HUMAN_OBSERVATION,iNaturalist,iNaturalist research-grade observations
3314404684,"Loxodonta africana (Blumenbach, 1797)",Loxodonta africana,Loxodonta,Elephantidae,0.146588,37.097987,31451.0,Laikipia,,,2021-06-15T05:46,2021.0,6.0,15.0,HUMAN_OBSERVATION,iNaturalist,iNaturalist research-grade observations
3333366451,"Loxodonta africana (Blumenbach, 1797)",Loxodonta africana,Loxodonta,Elephantidae,-2.69171,37.20539,31434.0,Kajiado,,,2021-06-26T05:00:40,2021.0,6.0,26.0,HUMAN_OBSERVATION,iNaturalist,iNaturalist research-grade observations
3384845091,"Loxodonta africana (Blumenbach, 1797)",Loxodonta africana,Loxodonta,Elephantidae,-2.458509,37.353762,31436.0,Kajiado,,,2021-06-27T04:07:33,2021.0,6.0,27.0,HUMAN_OBSERVATION,iNaturalist,iNaturalist research-grade observations
3705737921,"Loxodonta africana (Blumenbach, 1797)",Loxodonta africana,Loxodonta,Elephantidae,-2.592083,37.953435,31436.0,Makueni,,,2021-06-09T04:42Z,2021.0,6.0,9.0,HUMAN_OBSERVATION,iNaturalist,iNaturalist research-grade observations
3968409691,"Loxodonta africana (Blumenbach, 1797)",Loxodonta africana,Loxodonta,Elephantidae,-2.625,37.375,12000.0,Makueni County,,Ol Tukai Lodge,2021-06-19,2021.0,6.0,19.0,HUMAN_OBSERVATION,,MammalMAP
5153236131,"Loxodonta africana (Blumenbach, 1797)",Loxodonta africana,Loxodonta,Elephantidae,-3.242311,38.897383,31425.0,Taita Taveta,,,2021-06-18T17:57,2021.0,6.0,18.0,HUMAN_OBSERVATION,iNaturalist,iNaturalist research-grade observations
5153596065,"Loxodonta africana (Blumenbach, 1797)",Loxodonta africana,Loxodonta,Elephantidae,-3.590877,38.701013,31422.0,Taita Taveta,,,2021-06-20T11:15,2021.0,6.0,20.0,HUMAN_OBSERVATION,iNaturalist,iNaturalist research-grade observations
5154205904,"Loxodonta africana (Blumenbach, 1797)",Loxodonta africana,Loxodonta,Elephantidae,-3.590454,38.797604,31422.0,Taita Taveta,,,2021-06-19T10:02,2021.0,6.0,19.0,HUMAN_OBSERVATION,iNaturalist,iNaturalist research-grade observations
5154502374,"Loxodonta africana (Blumenbach, 1797)",Loxodonta africana,Loxodonta,Elephantidae,-3.375751,38.874051,31425.0,Taita Taveta,,,2021-06-19T13:56,2021.0,6.0,19.0,HUMAN_OBSERVATION,iNaturalist,iNaturalist research-grade observations
5154614187,"Loxodonta africana (Blumenbach, 1797)",Loxodonta africana,Loxodonta,Elephantidae,-3.304592,38.783806,31425.0,Taita Taveta,,,2021-06-19T12:32,2021.0,6.0,19.0,HUMAN_OBSERVATION,iNaturalist,iNaturalist research-grade observations
3335439786,"Loxodonta africana (Blumenbach, 1797)",Loxodonta africana,Loxodonta,Elephantidae,-2.17958,36.178014,31441.0,Kajiado,,,2021-07-27T05:25,2021.0,7.0,27.0,HUMAN_OBSERVATION,iNaturalist,iNaturalist research-grade observations
3355126616,"Loxodonta africana (Blumenbach, 1797)",Loxodonta africana,Loxodonta,Elephantidae,-1.212793,35.628774,31447.0,Narok,,,2021-07-31T16:36,2021.0,7.0,31.0,HUMAN_OBSERVATION,iNaturalist,iNaturalist research-grade observations
3355634373,"Loxodonta africana (Blumenbach, 1797)",Loxodonta africana,Loxodonta,Elephantidae,-0.317465,36.947661,31451.0,Nyeri,,,2021-07-29T14:32,2021.0,7.0,29.0,HUMAN_OBSERVATION,iNaturalist,iNaturalist research-grade observations
3355699470,"Loxodonta africana (Blumenbach, 1797)",Loxodonta africana,Loxodonta,Elephantidae,-0.306814,36.995418,31451.0,Nyeri,,,2021-07-29T16:48,2021.0,7.0,29.0,HUMAN_OBSERVATION,iNaturalist,iNaturalist research-grade observations
3355732457,"Loxodonta africana (Blumenbach, 1797)",Loxodonta africana,Loxodonta,Elephantidae,-0.38404,36.828946,31451.0,Nyeri,,,2021-07-29T23:33,2021.0,7.0,29.0,HUMAN_OBSERVATION,iNaturalist,iNaturalist research-grade observations
3355733522,"Loxodonta africana (Blumenbach, 1797)",Loxodonta africana,Loxodonta,Elephantidae,-0.271523,36.906982,31451.0,Nyeri,,,2021-07-29T16:45,2021.0,7.0,29.0,HUMAN_OBSERVATION,iNaturalist,iNaturalist research-grade observations
3415801078,"Loxodonta africana (Blumenbach, 1797)",Loxodonta africana,Loxodonta,Elephantidae,-1.329483,35.612573,31447.0,Narok,,,2021-07-31T16:54,2021.0,7.0,31.0,HUMAN_OBSERVATION,iNaturalist,iNaturalist research-grade observations
4440697256,"Loxodonta africana (Blumenbach, 1797)",Loxodonta africana,Loxodonta,Elephantidae,-1.598081,34.911272,31446.0,Narok,,,2021-07-13,2021.0,7.0,13.0,HUMAN_OBSERVATION,iNaturalist,iNaturalist research-grade observations
4440755707,"Loxodonta africana (Blumenbach, 1797)",Loxodonta africana,Loxodonta,Elephantidae,-3.235772,38.736753,31425.0,Taita Taveta,,,2021-07-26,2021.0,7.0,26.0,HUMAN_OBSERVATION,iNaturalist,iNaturalist research-grade observations
4440768686,"Loxodonta africana (Blumenbach, 1797)",Loxodonta africana,Loxodonta,Elephantidae,-0.220507,36.844725,31451.0,Nyeri,,,2021-07-18,2021.0,7.0,18.0,HUMAN_OBSERVATION,iNaturalist,iNaturalist research-grade observations
4440978855,"Loxodonta africana (Blumenbach, 1797)",Loxodonta africana,Loxodonta,Elephantidae,-3.248653,38.749546,31425.0,Taita Taveta,,,2021-07-26,2021.0,7.0,26.0,HUMAN_OBSERVATION,iNaturalist,iNaturalist research-grade observations
4512402048,"Loxodonta africana (Blumenbach, 1797)",Loxodonta africana,Loxodonta,Elephantidae,-2.741591,37.399629,31434.0,Kajiado,,,2021-07-25T10:24,2021.0,7.0,25.0,HUMAN_OBSERVATION,iNaturalist,iNaturalist research-grade observations
4535649379,"Loxodonta africana (Blumenbach, 1797)",Loxodonta africana,Loxodonta,Elephantidae,-1.495851,35.168391,31446.0,Narok,,,2021-07-19T06:21,2021.0,7.0,19.0,HUMAN_OBSERVATION,iNaturalist,iNaturalist research-grade observations
4535948389,"Loxodonta africana (Blumenbach, 1797)",Loxodonta africana,Loxodonta,Elephantidae,-2.713992,37.314297,31434.0,Kajiado,,,2021-07-14T23:52,2021.0,7.0,14.0,HUMAN_OBSERVATION,iNaturalist,iNaturalist research-grade observations
4952237366,"Loxodonta africana (Blumenbach, 1797)",Loxodonta africana,Loxodonta,Elephantidae,-1.465543,35.183469,31446.0,Narok,,,2021-07-31T15:36,2021.0,7.0,31.0,HUMAN_OBSERVATION,iNaturalist,iNaturalist research-grade observations
5153731640,"Loxodonta africana (Blumenbach, 1797)",Loxodonta africana,Loxodonta,Elephantidae,-3.28353,38.845689,31425.0,Taita Taveta,,,2021-07-10T16:08,2021.0,7.0,10.0,HUMAN_OBSERVATION,iNaturalist,iNaturalist research-grade observations
5154817788,"Loxodonta africana (Blumenbach, 1797)",Loxodonta africana,Loxodonta,Elephantidae,-3.572832,38.773175,31422.0,Taita Taveta,,,2021-07-10T18:11,2021.0,7.0,10.0,HUMAN_OBSERVATION,iNaturalist,iNaturalist research-grade observations
3335206424,"Loxodonta africana (Blumenbach, 1797)",Loxodonta africana,Loxodonta,Elephantidae,-2.749912,37.337152,31434.0,Kajiado,,,2021-08-04T12:39:39,2021.0,8.0,4.0,HUMAN_OBSERVATION,iNaturalist,iNaturalist research-grade observations
3343901778,"Loxodonta africana (Blumenbach, 1797)",Loxodonta africana,Loxodonta,Elephantidae,0.214186,38.050377,31451.0,Meru,,,2021-08-21T13:13:20,2021.0,8.0,21.0,HUMAN_OBSERVATION,iNaturalist,iNaturalist research-grade observations
3355173403,"Loxodonta africana (Blumenbach, 1797)",Loxodonta africana,Loxodonta,Elephantidae,-2.723274,37.287652,31434.0,Kajiado,,,2021-08-25T17:47:49,2021.0,8.0,25.0,HUMAN_OBSERVATION,iNaturalist,iNaturalist research-grade observations
3355188629,"Loxodonta africana (Blumenbach, 1797)",Loxodonta africana,Loxodonta,Elephantidae,0.17919,38.083028,31451.0,Meru,,,2021-08-21T13:11,2021.0,8.0,21.0,HUMAN_OBSERVATION,iNaturalist,iNaturalist research-grade observations
3355408930,"Loxodonta africana (Blumenbach, 1797)",Loxodonta africana,Loxodonta,Elephantidae,-1.241986,35.090278,31447.0,Narok,,,2021-08-04T14:13,2021.0,8.0,4.0,HUMAN_OBSERVATION,iNaturalist,iNaturalist research-grade observations
3384131240,"Loxodonta africana (Blumenbach, 1797)",Loxodonta africana,Loxodonta,Elephantidae,-1.537941,35.195925,31446.0,Narok,,,2021-08-01T07:20,2021.0,8.0,1.0,HUMAN_OBSERVATION,iNaturalist,iNaturalist research-grade observations
3398726752,"Loxodonta africana (Blumenbach, 1797)",Loxodonta africana,Loxodonta,Elephantidae,-3.235492,39.817186,31425.0,Kilifi,,,2021-08-10T11:29:50,2021.0,8.0,10.0,HUMAN_OBSERVATION,iNaturalist,iNaturalist research-grade observations
3398834651,"Loxodonta africana (Blumenbach, 1797)",Loxodonta africana,Loxodonta,Elephantidae,0.285763,36.977981,31451.0,Laikipia,,,2021-08-01T10:19,2021.0,8.0,1.0,HUMAN_OBSERVATION,iNaturalist,iNaturalist research-grade observations
3466145666,"Loxodonta africana (Blumenbach, 1797)",Loxodonta africana,Loxodonta,Elephantidae,-1.195662,35.172541,31448.0,Narok,,,2021-08-02T16:30:20,2021.0,8.0,2.0,HUMAN_OBSERVATION,iNaturalist,iNaturalist research-grade observations
3466179200,"Loxodonta africana (Blumenbach, 1797)",Loxodonta africana,Loxodonta,Elephantidae,-2.614785,37.236833,31434.0,Kajiado,,,2021-08-25T11:31Z,2021.0,8.0,25.0,HUMAN_OBSERVATION,iNaturalist,iNaturalist research-grade observations
3466440772,"Loxodonta africana (Blumenbach, 1797)",Loxodonta africana,Loxodonta,Elephantidae,-1.285023,34.813184,31447.0,Narok,,,2021-08-30T10:09Z,2021.0,8.0,30.0,HUMAN_OBSERVATION,iNaturalist,iNaturalist research-grade observations
3468920329,"Loxodonta africana (Blumenbach, 1797)",Loxodonta africana,Loxodonta,Elephantidae,-2.61843,37.332917,31434.0,Kajiado,,,2021-08-25T12:57Z,2021.0,8.0,25.0,HUMAN_OBSERVATION,iNaturalist,iNaturalist research-grade observations
3468961587,"Loxodonta africana (Blumenbach, 1797)",Loxodonta africana,Loxodonta,Elephantidae,-1.376017,35.010637,31447.0,Narok,,,2021-08-30T02:18Z,2021.0,8.0,30.0,HUMAN_OBSERVATION,iNaturalist,iNaturalist research-grade observations
3469075310,"Loxodonta africana (Blumenbach, 1797)",Loxodonta africana,Loxodonta,Elephantidae,-1.242033,35.074065,31447.0,Narok,,,2021-08-30T09:19Z,2021.0,8.0,30.0,HUMAN_OBSERVATION,iNaturalist,iNaturalist research-grade observations
3499339444,"Loxodonta africana (Blumenbach, 1797)",Loxodonta africana,Loxodonta,Elephantidae,-2.679766,37.345324,31434.0,Kajiado,,,2021-08-25T18:10Z,2021.0,8.0,25.0,HUMAN_OBSERVATION,iNaturalist,iNaturalist research-grade observations
3499352543,"Loxodonta africana (Blumenbach, 1797)",Loxodonta africana,Loxodonta,Elephantidae,-1.215324,35.04016,31447.0,Narok,,,2021-08-30T10:42Z,2021.0,8.0,30.0,HUMAN_OBSERVATION,iNaturalist,iNaturalist research-grade observations
3499427759,"Loxodonta africana (Blumenbach, 1797)",Loxodonta africana,Loxodonta,Elephantidae,-1.449025,34.874128,31446.0,Narok,,,2021-08-31T18:23Z,2021.0,8.0,31.0,HUMAN_OBSERVATION,iNaturalist,iNaturalist research-grade observations
3698143582,"Loxodonta africana (Blumenbach, 1797)",Loxodonta africana,Loxodonta,Elephantidae,-2.636657,37.246227,31434.0,Kajiado,,,2021-08-25T08:05Z,2021.0,8.0,25.0,HUMAN_OBSERVATION,iNaturalist,iNaturalist research-grade observations
3698385608,"Loxodonta africana (Blumenbach, 1797)",Loxodonta africana,Loxodonta,Elephantidae,-2.669825,37.374392,31434.0,Kajiado,,,2021-08-25T10:59Z,2021.0,8.0,25.0,HUMAN_OBSERVATION,iNaturalist,iNaturalist research-grade observations
3705411513,"Loxodonta africana (Blumenbach, 1797)",Loxodonta africana,Loxodonta,Elephantidae,-2.674639,37.31934,31434.0,Kajiado,,,2021-08-25T06:51Z,2021.0,8.0,25.0,HUMAN_OBSERVATION,iNaturalist,iNaturalist research-grade observations
3705417529,"Loxodonta africana (Blumenbach, 1797)",Loxodonta africana,Loxodonta,Elephantidae,-2.77024,37.296513,31434.0,Kajiado,,,2021-08-25T11:27Z,2021.0,8.0,25.0,HUMAN_OBSERVATION,iNaturalist,iNaturalist research-grade observations
3705426517,"Loxodonta africana (Blumenbach, 1797)",Loxodonta africana,Loxodonta,Elephantidae,-2.667092,37.233908,31434.0,Kajiado,,,2021-08-25T08:40Z,2021.0,8.0,25.0,HUMAN_OBSERVATION,iNaturalist,iNaturalist research-grade observations
3705444558,"Loxodonta africana (Blumenbach, 1797)",Loxodonta africana,Loxodonta,Elephantidae,-2.716391,37.228466,31434.0,Kajiado,,,2021-08-25T17:16Z,2021.0,8.0,25.0,HUMAN_OBSERVATION,iNaturalist,iNaturalist research-grade observations
3705456531,"Loxodonta africana (Blumenbach, 1797)",Loxodonta africana,Loxodonta,Elephantidae,-2.715101,37.331968,31434.0,Kajiado,,,2021-08-25T10:33Z,2021.0,8.0,25.0,HUMAN_OBSERVATION,iNaturalist,iNaturalist research-grade observations
3705465515,"Loxodonta africana (Blumenbach, 1797)",Loxodonta africana,Loxodonta,Elephantidae,-2.795058,37.39272,31434.0,Kajiado,,,2021-08-25T00:56Z,2021.0,8.0,25.0,HUMAN_OBSERVATION,iNaturalist,iNaturalist research-grade observations
3705494533,"Loxodonta africana (Blumenbach, 1797)",Loxodonta africana,Loxodonta,Elephantidae,-2.685649,37.29649,31434.0,Kajiado,,,2021-08-25T17:14Z,2021.0,8.0,25.0,HUMAN_OBSERVATION,iNaturalist,iNaturalist research-grade observations
3705499549,"Loxodonta africana (Blumenbach, 1797)",Loxodonta africana,Loxodonta,Elephantidae,-2.740381,37.32744,31434.0,Kajiado,,,2021-08-25T17:37Z,2021.0,8.0,25.0,HUMAN_OBSERVATION,iNaturalist,iNaturalist research-grade observations
3705510537,"Loxodonta africana (Blumenbach, 1797)",Loxodonta africana,Loxodonta,Elephantidae,-2.756617,37.371142,31434.0,Kajiado,,,2021-08-25T13:09Z,2021.0,8.0,25.0,HUMAN_OBSERVATION,iNaturalist,iNaturalist research-grade observations
3705534537,"Loxodonta africana (Blumenbach, 1797)",Loxodonta africana,Loxodonta,Elephantidae,-2.66837,37.234992,31434.0,Kajiado,,,2021-08-25T13:12Z,2021.0,8.0,25.0,HUMAN_OBSERVATION,iNaturalist,iNaturalist research-grade observations
3705804533,"Loxodonta africana (Blumenbach, 1797)",Loxodonta africana,Loxodonta,Elephantidae,-2.664153,37.31037,31434.0,Kajiado,,,2021-08-25T08:41Z,2021.0,8.0,25.0,HUMAN_OBSERVATION,iNaturalist,iNaturalist research-grade observations
3772457445,"Loxodonta africana (Blumenbach, 1797)",Loxodonta africana,Loxodonta,Elephantidae,-2.778437,37.388789,31434.0,Kajiado,,,2021-08-27T17:28,2021.0,8.0,27.0,HUMAN_OBSERVATION,iNaturalist,iNaturalist research-grade observations
3772509456,"Loxodonta africana (Blumenbach, 1797)",Loxodonta africana,Loxodonta,Elephantidae,-1.568531,35.303913,31446.0,Narok,,,2021-08-20T18:13,2021.0,8.0,20.0,HUMAN_OBSERVATION,iNaturalist,iNaturalist research-grade observations
3772574438,"Loxodonta africana (Blumenbach, 1797)",Loxodonta africana,Loxodonta,Elephantidae,0.752139,37.772867,31450.0,Samburu,,,2021-08-09T16:06,2021.0,8.0,9.0,HUMAN_OBSERVATION,iNaturalist,iNaturalist research-grade observations
3772599465,"Loxodonta africana (Blumenbach, 1797)",Loxodonta africana,Loxodonta,Elephantidae,-2.727281,37.353569,31434.0,Kajiado,,,2021-08-27T10:12,2021.0,8.0,27.0,HUMAN_OBSERVATION,iNaturalist,iNaturalist research-grade observations
3772672453,"Loxodonta africana (Blumenbach, 1797)",Loxodonta africana,Loxodonta,Elephantidae,-2.785367,38.161661,31434.0,Taita Taveta,,,2021-08-24T13:41,2021.0,8.0,24.0,HUMAN_OBSERVATION,iNaturalist,iNaturalist research-grade observations
3772699495,"Loxodonta africana (Blumenbach, 1797)",Loxodonta africana,Loxodonta,Elephantidae,-1.444911,35.354986,31446.0,Narok,,,2021-08-22T09:54,2021.0,8.0,22.0,HUMAN_OBSERVATION,iNaturalist,iNaturalist research-grade observations
3772721473,"Loxodonta africana (Blumenbach, 1797)",Loxodonta africana,Loxodonta,Elephantidae,-2.605201,37.265301,31434.0,Kajiado,,,2021-08-26T12:55,2021.0,8.0,26.0,HUMAN_OBSERVATION,iNaturalist,iNaturalist research-grade observations
3772728468,"Loxodonta africana (Blumenbach, 1797)",Loxodonta africana,Loxodonta,Elephantidae,-2.781507,37.242532,31434.0,Kajiado,,,2021-08-27T08:34,2021.0,8.0,27.0,HUMAN_OBSERVATION,iNaturalist,iNaturalist research-grade observations
3772894455,"Loxodonta africana (Blumenbach, 1797)",Loxodonta africana,Loxodonta,Elephantidae,-1.451773,35.091104,31446.0,Narok,,,2021-08-21T13:07,2021.0,8.0,21.0,HUMAN_OBSERVATION,iNaturalist,iNaturalist research-grade observations
3773070468,"Loxodonta africana (Blumenbach, 1797)",Loxodonta africana,Loxodonta,Elephantidae,-2.748743,37.295215,31434.0,Kajiado,,,2021-08-28T07:26,2021.0,8.0,28.0,HUMAN_OBSERVATION,iNaturalist,iNaturalist research-grade observations
3773134485,"Loxodonta africana (Blumenbach, 1797)",Loxodonta africana,Loxodonta,Elephantidae,-2.753969,37.243097,31434.0,Kajiado,,,2021-08-27T09:16,2021.0,8.0,27.0,HUMAN_OBSERVATION,iNaturalist,iNaturalist research-grade observations
3773197457,"Loxodonta africana (Blumenbach, 1797)",Loxodonta africana,Loxodonta,Elephantidae,-2.749045,38.195735,31434.0,Taita Taveta,,,2021-08-25T08:05,2021.0,8.0,25.0,HUMAN_OBSERVATION,iNaturalist,iNaturalist research-grade observations
3773203472,"Loxodonta africana (Blumenbach, 1797)",Loxodonta africana,Loxodonta,Elephantidae,-2.77178,37.310349,31434.0,Kajiado,,,2021-08-27T09:40,2021.0,8.0,27.0,HUMAN_OBSERVATION,iNaturalist,iNaturalist research-grade observations
3773262455,"Loxodonta africana (Blumenbach, 1797)",Loxodonta africana,Loxodonta,Elephantidae,-2.751926,37.343036,31434.0,Kajiado,,,2021-08-28T08:34,2021.0,8.0,28.0,HUMAN_OBSERVATION,iNaturalist,iNaturalist research-grade observations
3773294471,"Loxodonta africana (Blumenbach, 1797)",Loxodonta africana,Loxodonta,Elephantidae,-2.776735,37.344498,31434.0,Kajiado,,,2021-08-28T08:38,2021.0,8.0,28.0,HUMAN_OBSERVATION,iNaturalist,iNaturalist research-grade observations
3860247412,"Loxodonta africana (Blumenbach, 1797)",Loxodonta africana,Loxodonta,Elephantidae,-0.288443,36.79352,31451.0,Nyeri,,,2021-08-27T07:17,2021.0,8.0,27.0,HUMAN_OBSERVATION,iNaturalist,iNaturalist research-grade observations
3860725310,"Loxodonta africana (Blumenbach, 1797)",Loxodonta africana,Loxodonta,Elephantidae,0.503755,37.576432,31451.0,Samburu,,,2021-08-24T17:48,2021.0,8.0,24.0,HUMAN_OBSERVATION,iNaturalist,iNaturalist research-grade observations
3873532213,"Loxodonta africana (Blumenbach, 1797)",Loxodonta africana,Loxodonta,Elephantidae,-1.730704,35.262069,31444.0,Narok,,,2021-08-01T15:31,2021.0,8.0,1.0,HUMAN_OBSERVATION,iNaturalist,iNaturalist research-grade observations
4952208954,"Loxodonta africana (Blumenbach, 1797)",Loxodonta africana,Loxodonta,Elephantidae,0.123831,38.122861,31451.0,Meru,,,2021-08-03T06:43,2021.0,8.0,3.0,HUMAN_OBSERVATION,iNaturalist,iNaturalist research-grade observations
4952485109,"Loxodonta africana (Blumenbach, 1797)",Loxodonta africana,Loxodonta,Elephantidae,-1.504577,35.245565,31446.0,Narok,,,2021-08-03T10:21,2021.0,8.0,3.0,HUMAN_OBSERVATION,iNaturalist,iNaturalist research-grade observations
4952718647,"Loxodonta africana (Blumenbach, 1797)",Loxodonta africana,Loxodonta,Elephantidae,0.160838,36.856309,31451.0,Laikipia,,,2021-08-06T13:36,2021.0,8.0,6.0,HUMAN_OBSERVATION,iNaturalist,iNaturalist research-grade observations
4952956797,"Loxodonta africana (Blumenbach, 1797)",Loxodonta africana,Loxodonta,Elephantidae,0.403528,37.651134,31451.0,Isiolo,,,2021-08-04T18:28,2021.0,8.0,4.0,HUMAN_OBSERVATION,iNaturalist,iNaturalist research-grade observations
4953149791,"Loxodonta africana (Blumenbach, 1797)",Loxodonta africana,Loxodonta,Elephantidae,-1.497471,35.034768,31446.0,Narok,,,2021-08-14T15:58,2021.0,8.0,14.0,HUMAN_OBSERVATION,iNaturalist,iNaturalist research-grade observations
4987613890,"Loxodonta africana (Blumenbach, 1797)",Loxodonta africana,Loxodonta,Elephantidae,-1.395599,35.171753,31447.0,Narok,,,2021-08-10T14:28,2021.0,8.0,10.0,HUMAN_OBSERVATION,iNaturalist,iNaturalist research-grade observations
5063899272,"Loxodonta africana (Blumenbach, 1797)",Loxodonta africana,Loxodonta,Elephantidae,-3.283852,38.799841,31425.0,Taita Taveta,,,2021-08-09T17:22,2021.0,8.0,9.0,HUMAN_OBSERVATION,iNaturalist,iNaturalist research-grade observations
5069918725,"Loxodonta africana (Blumenbach, 1797)",Loxodonta africana,Loxodonta,Elephantidae,-3.396196,38.756429,31425.0,Taita Taveta,,,2021-08-06T13:42,2021.0,8.0,6.0,HUMAN_OBSERVATION,iNaturalist,iNaturalist research-grade observations
3384046908,"Loxodonta africana (Blumenbach, 1797)",Loxodonta africana,Loxodonta,Elephantidae,-2.663499,37.32449,31434.0,Kajiado,,,2021-09-14T10:38,2021.0,9.0,14.0,HUMAN_OBSERVATION,iNaturalist,iNaturalist research-grade observations
3384100870,"Loxodonta africana (Blumenbach, 1797)",Loxodonta africana,Loxodonta,Elephantidae,-3.476717,38.96069,31422.0,Taita Taveta,,,2021-09-22T10:42:41,2021.0,9.0,22.0,HUMAN_OBSERVATION,iNaturalist,iNaturalist research-grade observations
3384243382,"Loxodonta africana (Blumenbach, 1797)",Loxodonta africana,Loxodonta,Elephantidae,-1.558486,35.136902,31446.0,Narok,,,2021-09-18T18:11:59,2021.0,9.0,18.0,HUMAN_OBSERVATION,iNaturalist,iNaturalist research-grade observations
3384407926,"Loxodonta africana (Blumenbach, 1797)",Loxodonta africana,Loxodonta,Elephantidae,-2.691627,37.293895,31434.0,Kajiado,,,2021-09-14T12:01:24,2021.0,9.0,14.0,HUMAN_OBSERVATION,iNaturalist,iNaturalist research-grade observations
3384423851,"Loxodonta africana (Blumenbach, 1797)",Loxodonta africana,Loxodonta,Elephantidae,-3.565027,38.936002,31422.0,Taita Taveta,,,2021-09-22T10:43:02,2021.0,9.0,22.0,HUMAN_OBSERVATION,iNaturalist,iNaturalist research-grade observations
3384451938,"Loxodonta africana (Blumenbach, 1797)",Loxodonta africana,Loxodonta,Elephantidae,-3.325595,38.699556,31425.0,Taita Taveta,,,2021-09-22T14:21:37,2021.0,9.0,22.0,HUMAN_OBSERVATION,iNaturalist,iNaturalist research-grade observations
3384478418,"Loxodonta africana (Blumenbach, 1797)",Loxodonta africana,Loxodonta,Elephantidae,-1.47745,35.087017,31446.0,Narok,,,2021-09-18T18:14:14,2021.0,9.0,18.0,HUMAN_OBSERVATION,iNaturalist,iNaturalist research-grade observations
3384681847,"Loxodonta africana (Blumenbach, 1797)",Loxodonta africana,Loxodonta,Elephantidae,-3.248444,38.657293,31425.0,Taita Taveta,,,2021-09-22T14:03:20,2021.0,9.0,22.0,HUMAN_OBSERVATION,iNaturalist,iNaturalist research-grade observations
3384682913,"Loxodonta africana (Blumenbach, 1797)",Loxodonta africana,Loxodonta,Elephantidae,-2.722798,37.341041,31434.0,Kajiado,,,2021-09-14T12:02:39,2021.0,9.0,14.0,HUMAN_OBSERVATION,iNaturalist,iNaturalist research-grade observations
3384683946,"Loxodonta africana (Blumenbach, 1797)",Loxodonta africana,Loxodonta,Elephantidae,-2.630798,37.241298,31434.0,Kajiado,,,2021-09-14T14:17:43,2021.0,9.0,14.0,HUMAN_OBSERVATION,iNaturalist,iNaturalist research-grade observations
3384715446,"Loxodonta africana (Blumenbach, 1797)",Loxodonta africana,Loxodonta,Elephantidae,1.850541,37.377325,3399060.0,Marsabit,,,2021-09-11T09:13,2021.0,9.0,11.0,HUMAN_OBSERVATION,iNaturalist,iNaturalist research-grade observations
3384715914,"Loxodonta africana (Blumenbach, 1797)",Loxodonta africana,Loxodonta,Elephantidae,-2.623942,37.323974,31434.0,Kajiado,,,2021-09-14T10:38:23,2021.0,9.0,14.0,HUMAN_OBSERVATION,iNaturalist,iNaturalist research-grade observations
3384814900,"Loxodonta africana (Blumenbach, 1797)",Loxodonta africana,Loxodonta,Elephantidae,-2.657745,37.349194,31434.0,Kajiado,,,2021-09-14T12:44:16,2021.0,9.0,14.0,HUMAN_OBSERVATION,iNaturalist,iNaturalist research-grade observations
3384823915,"Loxodonta africana (Blumenbach, 1797)",Loxodonta africana,Loxodonta,Elephantidae,-3.798843,38.92878,31418.0,Taita Taveta,,,2021-09-22T09:40:37,2021.0,9.0,22.0,HUMAN_OBSERVATION,iNaturalist,iNaturalist research-grade observations
3384876895,"Loxodonta africana (Blumenbach, 1797)",Loxodonta africana,Loxodonta,Elephantidae,-3.488632,38.871242,31422.0,Taita Taveta,,,2021-09-22T11:34:40,2021.0,9.0,22.0,HUMAN_OBSERVATION,iNaturalist,iNaturalist research-grade observations
3384940826,"Loxodonta africana (Blumenbach, 1797)",Loxodonta africana,Loxodonta,Elephantidae,-2.744923,37.245505,31434.0,Kajiado,,,2021-09-13T17:17:17,2021.0,9.0,13.0,HUMAN_OBSERVATION,iNaturalist,iNaturalist research-grade observations
3384983952,"Loxodonta africana (Blumenbach, 1797)",Loxodonta africana,Loxodonta,Elephantidae,-2.707859,37.334001,31434.0,Kajiado,,,2021-09-14T11:59:32,2021.0,9.0,14.0,HUMAN_OBSERVATION,iNaturalist,iNaturalist research-grade observations
3385042314,"Loxodonta africana (Blumenbach, 1797)",Loxodonta africana,Loxodonta,Elephantidae,-1.553499,35.092342,31446.0,Narok,,,2021-09-17T16:07:25,2021.0,9.0,17.0,HUMAN_OBSERVATION,iNaturalist,iNaturalist research-grade observations
3385050952,"Loxodonta africana (Blumenbach, 1797)",Loxodonta africana,Loxodonta,Elephantidae,-2.647494,37.391554,31434.0,Kajiado,,,2021-09-14T11:19,2021.0,9.0,14.0,HUMAN_OBSERVATION,iNaturalist,iNaturalist research-grade observations
3385063881,"Loxodonta africana (Blumenbach, 1797)",Loxodonta africana,Loxodonta,Elephantidae,-3.52399,38.914025,31422.0,Taita Taveta,,,2021-09-22T10:43:48,2021.0,9.0,22.0,HUMAN_OBSERVATION,iNaturalist,iNaturalist research-grade observations
3385081325,"Loxodonta africana (Blumenbach, 1797)",Loxodonta africana,Loxodonta,Elephantidae,-1.543584,35.183516,31446.0,Narok,,,2021-09-18T18:10:54,2021.0,9.0,18.0,HUMAN_OBSERVATION,iNaturalist,iNaturalist research-grade observations
3391301140,"Loxodonta africana (Blumenbach, 1797)",Loxodonta africana,Loxodonta,Elephantidae,-3.656124,38.852661,31418.0,Taita Taveta,,,2021-09-22T11:43,2021.0,9.0,22.0,HUMAN_OBSERVATION,iNaturalist,iNaturalist research-grade observations
3391302138,"Loxodonta africana (Blumenbach, 1797)",Loxodonta africana,Loxodonta,Elephantidae,-3.201408,38.761629,31425.0,Taita Taveta,,,2021-09-22T14:20,2021.0,9.0,22.0,HUMAN_OBSERVATION,iNaturalist,iNaturalist research-grade observations
3391506169,"Loxodonta africana (Blumenbach, 1797)",Loxodonta africana,Loxodonta,Elephantidae,-3.732816,38.816353,31418.0,Taita Taveta,,,2021-09-22T11:33,2021.0,9.0,22.0,HUMAN_OBSERVATION,iNaturalist,iNaturalist research-grade observations
3468781246,"Loxodonta africana (Blumenbach, 1797)",Loxodonta africana,Loxodonta,Elephantidae,-1.286858,35.083307,31447.0,Narok,,,2021-09-01T16:02Z,2021.0,9.0,1.0,HUMAN_OBSERVATION,iNaturalist,iNaturalist research-grade observations
3499387687,"Loxodonta africana (Blumenbach, 1797)",Loxodonta africana,Loxodonta,Elephantidae,-1.204677,34.902183,31447.0,Narok,,,2021-09-01T09:10Z,2021.0,9.0,1.0,HUMAN_OBSERVATION,iNaturalist,iNaturalist research-grade observations
4021982214,"Loxodonta africana (Blumenbach, 1797)",Loxodonta africana,Loxodonta,Elephantidae,1.431192,36.851463,190779.0,Samburu,,,2021-09-09T08:14,2021.0,9.0,9.0,HUMAN_OBSERVATION,iNaturalist,iNaturalist research-grade observations
4046378878,"Loxodonta africana (Blumenbach, 1797)",Loxodonta africana,Loxodonta,Elephantidae,-2.712956,37.249951,31434.0,Kajiado,,,2021-09-13T17:21:45,2021.0,9.0,13.0,HUMAN_OBSERVATION,iNaturalist,iNaturalist research-grade observations
5292434853,"Loxodonta africana (Blumenbach, 1797)",Loxodonta africana,Loxodonta,Elephantidae,-1.538907,35.248125,31446.0,Narok,,,2021-09-11,2021.0,9.0,11.0,HUMAN_OBSERVATION,iNaturalist,iNaturalist research-grade observations
3399229983,"Loxodonta africana (Blumenbach, 1797)",Loxodonta africana,Loxodonta,Elephantidae,-3.389032,39.837645,31425.0,Kilifi,,,2021-10-21T13:39:14,2021.0,10.0,21.0,HUMAN_OBSERVATION,iNaturalist,iNaturalist research-grade observations
3415730034,"Loxodonta africana (Blumenbach, 1797)",Loxodonta africana,Loxodonta,Elephantidae,0.207209,37.471963,31451.0,Meru,,,2021-10-20T05:46,2021.0,10.0,20.0,HUMAN_OBSERVATION,iNaturalist,iNaturalist research-grade observations
3465926608,"Loxodonta africana (Blumenbach, 1797)",Loxodonta africana,Loxodonta,Elephantidae,-3.292677,38.704348,31425.0,Taita Taveta,,,2021-10-29T22:40:06,2021.0,10.0,29.0,HUMAN_OBSERVATION,iNaturalist,iNaturalist research-grade observations
3466233110,"Loxodonta africana (Blumenbach, 1797)",Loxodonta africana,Loxodonta,Elephantidae,-3.335873,38.809717,31425.0,Taita Taveta,,,2021-10-30T15:37:01,2021.0,10.0,30.0,HUMAN_OBSERVATION,iNaturalist,iNaturalist research-grade observations
3468675154,"Loxodonta africana (Blumenbach, 1797)",Loxodonta africana,Loxodonta,Elephantidae,-3.497975,38.795246,31422.0,Taita Taveta,,,2021-10-31T12:46Z,2021.0,10.0,31.0,HUMAN_OBSERVATION,iNaturalist,iNaturalist research-grade observations
3468734948,"Loxodonta africana (Blumenbach, 1797)",Loxodonta africana,Loxodonta,Elephantidae,-3.411057,38.702054,31422.0,Taita Taveta,,,2021-10-29T13:24Z,2021.0,10.0,29.0,HUMAN_OBSERVATION,iNaturalist,iNaturalist research-grade observations
3468957295,"Loxodonta africana (Blumenbach, 1797)",Loxodonta africana,Loxodonta,Elephantidae,-3.242602,38.932176,31425.0,Taita Taveta,,,2021-10-30T16:21Z,2021.0,10.0,30.0,HUMAN_OBSERVATION,iNaturalist,iNaturalist research-grade observations
3468959217,"Loxodonta africana (Blumenbach, 1797)",Loxodonta africana,Loxodonta,Elephantidae,-3.291609,38.799391,31425.0,Taita Taveta,,,2021-10-30T17:33Z,2021.0,10.0,30.0,HUMAN_OBSERVATION,iNaturalist,iNaturalist research-grade observations
3705647838,"Loxodonta africana (Blumenbach, 1797)",Loxodonta africana,Loxodonta,Elephantidae,-3.526165,38.789054,31422.0,Taita Taveta,,,2021-10-29T14:49Z,2021.0,10.0,29.0,HUMAN_OBSERVATION,iNaturalist,iNaturalist research-grade observations
3705648199,"Loxodonta africana (Blumenbach, 1797)",Loxodonta africana,Loxodonta,Elephantidae,-3.730756,38.9119,31418.0,Taita Taveta,,,2021-10-08T02:39Z,2021.0,10.0,8.0,HUMAN_OBSERVATION,iNaturalist,iNaturalist research-grade observations
3705683284,"Loxodonta africana (Blumenbach, 1797)",Loxodonta africana,Loxodonta,Elephantidae,-3.601796,38.823335,31418.0,Taita Taveta,,,2021-10-08T04:36Z,2021.0,10.0,8.0,HUMAN_OBSERVATION,iNaturalist,iNaturalist research-grade observations
3743037579,"Loxodonta africana (Blumenbach, 1797)",Loxodonta africana,Loxodonta,Elephantidae,-3.256845,38.657724,31425.0,Taita Taveta,,,2021-10-31T09:34Z,2021.0,10.0,31.0,HUMAN_OBSERVATION,iNaturalist,iNaturalist research-grade observations
3938536439,"Loxodonta africana (Blumenbach, 1797)",Loxodonta africana,Loxodonta,Elephantidae,0.625,37.375,12000.0,Samburu County Province,,Samburu NR,2021-10-10,2021.0,10.0,10.0,HUMAN_OBSERVATION,,MammalMAP
4022051261,"Loxodonta africana (Blumenbach, 1797)",Loxodonta africana,Loxodonta,Elephantidae,-3.390225,39.903232,31425.0,Kilifi,,,2021-10-09T18:14,2021.0,10.0,9.0,HUMAN_OBSERVATION,iNaturalist,iNaturalist research-grade observations
3455882812,"Loxodonta africana (Blumenbach, 1797)",Loxodonta africana,Loxodonta,Elephantidae,0.605953,37.554946,31450.0,Samburu,,,2021-11-09T04:32,2021.0,11.0,9.0,HUMAN_OBSERVATION,iNaturalist,iNaturalist research-grade observations
3456866491,"Loxodonta africana (Blumenbach, 1797)",Loxodonta africana,Loxodonta,Elephantidae,0.595863,37.427233,31451.0,Isiolo,,,2021-11-09T05:52,2021.0,11.0,9.0,HUMAN_OBSERVATION,iNaturalist,iNaturalist research-grade observations
3457200276,"Loxodonta africana (Blumenbach, 1797)",Loxodonta africana,Loxodonta,Elephantidae,-2.658909,37.069964,31434.0,Kajiado,,,2021-11-05T04:03,2021.0,11.0,5.0,HUMAN_OBSERVATION,iNaturalist,iNaturalist research-grade observations
4018300217,"Loxodonta africana (Blumenbach, 1797)",Loxodonta africana,Loxodonta,Elephantidae,-1.302153,34.813234,31447.0,Narok,,,2021-11-11T13:53:18,2021.0,11.0,11.0,HUMAN_OBSERVATION,iNaturalist,iNaturalist research-grade observations
4413471280,"Loxodonta africana (Blumenbach, 1797)",Loxodonta africana,Loxodonta,Elephantidae,0.182327,38.244299,31451.0,Meru,,,2021-11-12T14:25,2021.0,11.0,12.0,HUMAN_OBSERVATION,iNaturalist,iNaturalist research-grade observations
4413754697,"Loxodonta africana (Blumenbach, 1797)",Loxodonta africana,Loxodonta,Elephantidae,-0.551661,36.672131,37794.0,Nyeri,,,2021-11-12T14:25,2021.0,11.0,12.0,HUMAN_OBSERVATION,iNaturalist,iNaturalist research-grade observations
4414144578,"Loxodonta africana (Blumenbach, 1797)",Loxodonta africana,Loxodonta,Elephantidae,-2.704124,38.985544,31434.0,Kitui,,,2021-11-19T14:25,2021.0,11.0,19.0,HUMAN_OBSERVATION,iNaturalist,iNaturalist research-grade observations
4516482930,"Loxodonta africana (Blumenbach, 1797)",Loxodonta africana,Loxodonta,Elephantidae,-0.422287,36.716414,31451.0,Nyeri,,,2021-11-12T16:02,2021.0,11.0,12.0,HUMAN_OBSERVATION,iNaturalist,iNaturalist research-grade observations
3455714125,"Loxodonta africana (Blumenbach, 1797)",Loxodonta africana,Loxodonta,Elephantidae,-0.331301,36.89262,31451.0,Nyeri,,,2021-12-30T13:54,2021.0,12.0,30.0,HUMAN_OBSERVATION,iNaturalist,iNaturalist research-grade observations
3455839354,"Loxodonta africana (Blumenbach, 1797)",Loxodonta africana,Loxodonta,Elephantidae,0.500322,37.648717,31451.0,Isiolo,,,2021-12-31T14:04,2021.0,12.0,31.0,HUMAN_OBSERVATION,iNaturalist,iNaturalist research-grade observations
3455856536,"Loxodonta africana (Blumenbach, 1797)",Loxodonta africana,Loxodonta,Elephantidae,-3.140979,38.665121,31428.0,Taita Taveta,,,2021-12-18T10:40:17,2021.0,12.0,18.0,HUMAN_OBSERVATION,iNaturalist,iNaturalist research-grade observations
3456087582,"Loxodonta africana (Blumenbach, 1797)",Loxodonta africana,Loxodonta,Elephantidae,-1.499033,35.182093,31446.0,Narok,,,2021-12-21T09:52,2021.0,12.0,21.0,HUMAN_OBSERVATION,iNaturalist,iNaturalist research-grade observations
3456746406,"Loxodonta africana (Blumenbach, 1797)",Loxodonta africana,Loxodonta,Elephantidae,-1.350417,34.946651,31447.0,Narok,,,2021-12-21T17:17,2021.0,12.0,21.0,HUMAN_OBSERVATION,iNaturalist,iNaturalist research-grade observations
3457163100,"Loxodonta africana (Blumenbach, 1797)",Loxodonta africana,Loxodonta,Elephantidae,-1.496037,34.951774,31446.0,Narok,,,2021-12-20T15:20,2021.0,12.0,20.0,HUMAN_OBSERVATION,iNaturalist,iNaturalist research-grade observations
3457190545,"Loxodonta africana (Blumenbach, 1797)",Loxodonta africana,Loxodonta,Elephantidae,-1.271011,34.960559,31447.0,Narok,,,2021-12-20T16:00,2021.0,12.0,20.0,HUMAN_OBSERVATION,iNaturalist,iNaturalist research-grade observations
3705692790,"Loxodonta africana (Blumenbach, 1797)",Loxodonta africana,Loxodonta,Elephantidae,0.889322,36.789638,80142.0,Laikipia,,,2021-12-22T08:47:35,2021.0,12.0,22.0,HUMAN_OBSERVATION,iNaturalist,iNaturalist research-grade observations
2634249295,"Loxodonta africana (Blumenbach, 1797)",Loxodonta africana,Loxodonta,Elephantidae,0.426382,36.811785,31451.0,Laikipia,,,2020-01-25T16:13,2020.0,1.0,25.0,HUMAN_OBSERVATION,iNaturalist,iNaturalist research-grade observations
2634608152,"Loxodonta africana (Blumenbach, 1797)",Loxodonta africana,Loxodonta,Elephantidae,0.333704,37.016394,31451.0,Laikipia,,,2020-01-15T11:33,2020.0,1.0,15.0,HUMAN_OBSERVATION,iNaturalist,iNaturalist research-grade observations
2818827552,"Loxodonta africana (Blumenbach, 1797)",Loxodonta africana,Loxodonta,Elephantidae,-1.516215,35.047371,31446.0,Narok,,,2020-01-01T12:28,2020.0,1.0,1.0,HUMAN_OBSERVATION,iNaturalist,iNaturalist research-grade observations
3039188139,"Loxodonta africana (Blumenbach, 1797)",Loxodonta africana,Loxodonta,Elephantidae,0.446594,37.508009,31451.0,Isiolo,,,2020-01-06T03:59,2020.0,1.0,6.0,HUMAN_OBSERVATION,iNaturalist,iNaturalist research-grade observations
3859781181,"Loxodonta africana (Blumenbach, 1797)",Loxodonta africana,Loxodonta,Elephantidae,-1.312601,35.037288,31447.0,Narok,,,2020-01-05T11:55,2020.0,1.0,5.0,HUMAN_OBSERVATION,iNaturalist,iNaturalist research-grade observations
3888982724,"Loxodonta africana (Blumenbach, 1797)",Loxodonta africana,Loxodonta,Elephantidae,-1.390457,35.200732,31447.0,Narok,,,2020-01-31T17:38,2020.0,1.0,31.0,HUMAN_OBSERVATION,iNaturalist,iNaturalist research-grade observations
3889244446,"Loxodonta africana (Blumenbach, 1797)",Loxodonta africana,Loxodonta,Elephantidae,-1.410942,35.257951,31446.0,Narok,,,2020-01-26T12:25,2020.0,1.0,26.0,HUMAN_OBSERVATION,iNaturalist,iNaturalist research-grade observations
4165593164,"Loxodonta africana (Blumenbach, 1797)",Loxodonta africana,Loxodonta,Elephantidae,0.603088,37.592362,31450.0,Samburu,,,2020-01-23T11:02,2020.0,1.0,23.0,HUMAN_OBSERVATION,iNaturalist,iNaturalist research-grade observations
4976649164,"Loxodonta africana (Blumenbach, 1797)",Loxodonta africana,Loxodonta,Elephantidae,-1.547072,35.006292,43163.0,Narok,,,2020-01-04T13:07:45,2020.0,1.0,4.0,HUMAN_OBSERVATION,iNaturalist,iNaturalist research-grade observations
5133791377,"Loxodonta africana (Blumenbach, 1797)",Loxodonta africana,Loxodonta,Elephantidae,-2.77395,37.265545,31434.0,Kajiado,,,2020-01-13T11:45,2020.0,1.0,13.0,HUMAN_OBSERVATION,iNaturalist,iNaturalist research-grade observations
5935203373,"Loxodonta africana (Blumenbach, 1797)",Loxodonta africana,Loxodonta,Elephantidae,-1.373575,34.845484,31447.0,Narok,,,2020-01-30T17:39,2020.0,1.0,30.0,HUMAN_OBSERVATION,iNaturalist,iNaturalist research-grade observations
5935500789,"Loxodonta africana (Blumenbach, 1797)",Loxodonta africana,Loxodonta,Elephantidae,-1.46267,34.909047,31446.0,Narok,,,2020-01-30T23:24,2020.0,1.0,30.0,HUMAN_OBSERVATION,iNaturalist,iNaturalist research-grade observations
5935755547,"Loxodonta africana (Blumenbach, 1797)",Loxodonta africana,Loxodonta,Elephantidae,-1.372169,35.195975,31447.0,Narok,,,2020-01-30T16:04,2020.0,1.0,30.0,HUMAN_OBSERVATION,iNaturalist,iNaturalist research-grade observations
2573962728,"Loxodonta africana (Blumenbach, 1797)",Loxodonta africana,Loxodonta,Elephantidae,-1.599977,35.100352,31446.0,Narok,,,2020-02-19,2020.0,2.0,19.0,HUMAN_OBSERVATION,iNaturalist,iNaturalist research-grade observations
2574018440,"Loxodonta africana (Blumenbach, 1797)",Loxodonta africana,Loxodonta,Elephantidae,-1.35956,35.091277,31447.0,Narok,,,2020-02-07T06:55,2020.0,2.0,7.0,HUMAN_OBSERVATION,iNaturalist,iNaturalist research-grade observations
2574079592,"Loxodonta africana (Blumenbach, 1797)",Loxodonta africana,Loxodonta,Elephantidae,-1.142605,35.269343,31448.0,Narok,,,2020-02-04T12:24,2020.0,2.0,4.0,HUMAN_OBSERVATION,iNaturalist,iNaturalist research-grade observations
2576263625,"Loxodonta africana (Blumenbach, 1797)",Loxodonta africana,Loxodonta,Elephantidae,-3.238498,38.833274,31425.0,Taita Taveta,,,2020-02-26,2020.0,2.0,26.0,HUMAN_OBSERVATION,iNaturalist,iNaturalist research-grade observations
2576272596,"Loxodonta africana (Blumenbach, 1797)",Loxodonta africana,Loxodonta,Elephantidae,-2.756343,37.239831,31434.0,Kajiado,,,2020-02-23,2020.0,2.0,23.0,HUMAN_OBSERVATION,iNaturalist,iNaturalist research-grade observations
2576412415,"Loxodonta africana (Blumenbach, 1797)",Loxodonta africana,Loxodonta,Elephantidae,-3.499467,38.313117,31422.0,Taita Taveta,,,2020-02-26,2020.0,2.0,26.0,HUMAN_OBSERVATION,iNaturalist,iNaturalist research-grade observations
2579249970,"Loxodonta africana (Blumenbach, 1797)",Loxodonta africana,Loxodonta,Elephantidae,-1.087086,35.310735,31448.0,Narok,,,2020-02-29T10:05,2020.0,2.0,29.0,HUMAN_OBSERVATION,iNaturalist,iNaturalist research-grade observations
3902336362,"Loxodonta africana (Blumenbach, 1797)",Loxodonta africana,Loxodonta,Elephantidae,-2.77033,37.258227,31434.0,Kajiado,,,2020-02-16T01:34,2020.0,2.0,16.0,HUMAN_OBSERVATION,iNaturalist,iNaturalist research-grade observations
3961021824,"Loxodonta africana (Blumenbach, 1797)",Loxodonta africana,Loxodonta,Elephantidae,-1.308167,35.323519,31447.0,Narok,,,2020-02-28T09:06,2020.0,2.0,28.0,HUMAN_OBSERVATION,iNaturalist,iNaturalist research-grade observations
4126794731,"Loxodonta africana (Blumenbach, 1797)",Loxodonta africana,Loxodonta,Elephantidae,-2.777191,37.335879,31434.0,Kajiado,,,2020-02-13T17:33:18,2020.0,2.0,13.0,HUMAN_OBSERVATION,iNaturalist,iNaturalist research-grade observations
5282446551,"Loxodonta africana (Blumenbach, 1797)",Loxodonta africana,Loxodonta,Elephantidae,0.662652,37.628933,31450.0,Isiolo,,,2020-02-14T09:19,2020.0,2.0,14.0,HUMAN_OBSERVATION,iNaturalist,iNaturalist research-grade observations
5827530949,"Loxodonta africana (Blumenbach, 1797)",Loxodonta africana,Loxodonta,Elephantidae,-1.389332,35.192341,31447.0,Narok,,,2020-02-23T00:47:29,2020.0,2.0,23.0,HUMAN_OBSERVATION,iNaturalist,iNaturalist research-grade observations
5827653770,"Loxodonta africana (Blumenbach, 1797)",Loxodonta africana,Loxodonta,Elephantidae,-1.280355,35.013941,31447.0,Narok,,,2020-02-22T19:34:11,2020.0,2.0,22.0,HUMAN_OBSERVATION,iNaturalist,iNaturalist research-grade observations
5827951674,"Loxodonta africana (Blumenbach, 1797)",Loxodonta africana,Loxodonta,Elephantidae,-1.479905,35.312711,31446.0,Narok,,,2020-02-23T16:03:03,2020.0,2.0,23.0,HUMAN_OBSERVATION,iNaturalist,iNaturalist research-grade observations
5828363363,"Loxodonta africana (Blumenbach, 1797)",Loxodonta africana,Loxodonta,Elephantidae,-1.532234,35.351979,31446.0,Narok,,,2020-02-23T16:02:11,2020.0,2.0,23.0,HUMAN_OBSERVATION,iNaturalist,iNaturalist research-grade observations
5837986505,"Loxodonta africana (Blumenbach, 1797)",Loxodonta africana,Loxodonta,Elephantidae,-1.273075,35.460961,31447.0,Narok,,,2020-02-29T10:07:01,2020.0,2.0,29.0,HUMAN_OBSERVATION,iNaturalist,iNaturalist research-grade observations
5844025481,"Loxodonta africana (Blumenbach, 1797)",Loxodonta africana,Loxodonta,Elephantidae,-3.394981,38.457276,31425.0,Taita Taveta,,,2020-02-14T06:15,2020.0,2.0,14.0,HUMAN_OBSERVATION,iNaturalist,iNaturalist research-grade observations
5844079236,"Loxodonta africana (Blumenbach, 1797)",Loxodonta africana,Loxodonta,Elephantidae,-1.742446,35.308241,31444.0,Narok,,,2020-02-09T14:38,2020.0,2.0,9.0,HUMAN_OBSERVATION,iNaturalist,iNaturalist research-grade observations
5844107904,"Loxodonta africana (Blumenbach, 1797)",Loxodonta africana,Loxodonta,Elephantidae,-2.646078,37.376719,31434.0,Kajiado,,,2020-02-12T08:10,2020.0,2.0,12.0,HUMAN_OBSERVATION,iNaturalist,iNaturalist research-grade observations
5844184825,"Loxodonta africana (Blumenbach, 1797)",Loxodonta africana,Loxodonta,Elephantidae,-1.563946,35.108489,31446.0,Narok,,,2020-02-09T07:52,2020.0,2.0,9.0,HUMAN_OBSERVATION,iNaturalist,iNaturalist research-grade observations
5844204536,"Loxodonta africana (Blumenbach, 1797)",Loxodonta africana,Loxodonta,Elephantidae,-3.158255,38.439638,31428.0,Taita Taveta,,,2020-02-13T11:53,2020.0,2.0,13.0,HUMAN_OBSERVATION,iNaturalist,iNaturalist research-grade observations
5844489443,"Loxodonta africana (Blumenbach, 1797)",Loxodonta africana,Loxodonta,Elephantidae,-2.773669,37.363035,31434.0,Kajiado,,,2020-02-12T09:53,2020.0,2.0,12.0,HUMAN_OBSERVATION,iNaturalist,iNaturalist research-grade observations
5844586245,"Loxodonta africana (Blumenbach, 1797)",Loxodonta africana,Loxodonta,Elephantidae,-1.727695,35.28956,31444.0,Narok,,,2020-02-08T16:01,2020.0,2.0,8.0,HUMAN_OBSERVATION,iNaturalist,iNaturalist research-grade observations
5935283335,"Loxodonta africana (Blumenbach, 1797)",Loxodonta africana,Loxodonta,Elephantidae,-2.698781,37.268076,31434.0,Kajiado,,,2020-02-01T23:09,2020.0,2.0,1.0,HUMAN_OBSERVATION,iNaturalist,iNaturalist research-grade observations
6470246929,"Loxodonta africana (Blumenbach, 1797)",Loxodonta africana,Loxodonta,Elephantidae,-0.202218,36.682501,31451.0,Nyeri,,,2020-02-02T19:11,2020.0,2.0,2.0,HUMAN_OBSERVATION,iNaturalist,iNaturalist research-grade observations
2597781774,"Loxodonta africana (Blumenbach, 1797)",Loxodonta africana,Loxodonta,Elephantidae,-2.749286,37.280012,31434.0,Kajiado,,,2020-03-18T09:22:54,2020.0,3.0,18.0,HUMAN_OBSERVATION,iNaturalist,iNaturalist research-grade observations
2851036549,"Loxodonta africana (Blumenbach, 1797)",Loxodonta africana,Loxodonta,Elephantidae,-3.306869,38.750507,31425.0,Taita Taveta,,,2020-03-17T15:49,2020.0,3.0,17.0,HUMAN_OBSERVATION,iNaturalist,iNaturalist research-grade observations
3902373346,"Loxodonta africana (Blumenbach, 1797)",Loxodonta africana,Loxodonta,Elephantidae,-2.739497,37.257975,31434.0,Kajiado,,,2020-03-18T05:54,2020.0,3.0,18.0,HUMAN_OBSERVATION,iNaturalist,iNaturalist research-grade observations
3902381307,"Loxodonta africana (Blumenbach, 1797)",Loxodonta africana,Loxodonta,Elephantidae,-2.819177,38.025684,31431.0,Taita Taveta,,,2020-03-08T09:11,2020.0,3.0,8.0,HUMAN_OBSERVATION,iNaturalist,iNaturalist research-grade observations
3961402777,"Loxodonta africana (Blumenbach, 1797)",Loxodonta africana,Loxodonta,Elephantidae,-1.231004,35.31848,31447.0,Narok,,,2020-03-01T05:40,2020.0,3.0,1.0,HUMAN_OBSERVATION,iNaturalist,iNaturalist research-grade observations
6413299706,"Loxodonta africana (Blumenbach, 1797)",Loxodonta africana,Loxodonta,Elephantidae,-3.268303,37.856815,31425.0,Taita Taveta,,,2020-03-03T02:06,2020.0,3.0,3.0,HUMAN_OBSERVATION,iNaturalist,iNaturalist research-grade observations
2626383063,"Loxodonta africana (Blumenbach, 1797)",Loxodonta africana,Loxodonta,Elephantidae,-3.490653,37.933858,110272.0,Taita Taveta,,,2020-05-10T20:26:42,2020.0,5.0,10.0,HUMAN_OBSERVATION,iNaturalist,iNaturalist research-grade observations
2626385716,"Loxodonta africana (Blumenbach, 1797)",Loxodonta africana,Loxodonta,Elephantidae,-3.434181,37.899813,42957.0,Taita Taveta,,,2020-05-10T20:27:13,2020.0,5.0,10.0,HUMAN_OBSERVATION,iNaturalist,iNaturalist research-grade observations
2823192474,"Loxodonta africana (Blumenbach, 1797)",Loxodonta africana,Loxodonta,Elephantidae,-3.303046,38.791777,31425.0,Taita Taveta,,,2020-07-19T07:01,2020.0,7.0,19.0,HUMAN_OBSERVATION,iNaturalist,iNaturalist research-grade observations
2823209433,"Loxodonta africana (Blumenbach, 1797)",Loxodonta africana,Loxodonta,Elephantidae,-3.240396,38.786053,31425.0,Taita Taveta,,,2020-07-17T07:00,2020.0,7.0,17.0,HUMAN_OBSERVATION,iNaturalist,iNaturalist research-grade observations
2823263484,"Loxodonta africana (Blumenbach, 1797)",Loxodonta africana,Loxodonta,Elephantidae,-3.4878,38.635109,31422.0,Taita Taveta,,,2020-07-18T12:36,2020.0,7.0,18.0,HUMAN_OBSERVATION,iNaturalist,iNaturalist research-grade observations
2823375314,"Loxodonta africana (Blumenbach, 1797)",Loxodonta africana,Loxodonta,Elephantidae,-3.397999,38.676711,31425.0,Taita Taveta,,,2020-07-17T07:04,2020.0,7.0,17.0,HUMAN_OBSERVATION,iNaturalist,iNaturalist research-grade observations
2823380411,"Loxodonta africana (Blumenbach, 1797)",Loxodonta africana,Loxodonta,Elephantidae,-3.529911,38.720875,31422.0,Taita Taveta,,,2020-07-18T12:34,2020.0,7.0,18.0,HUMAN_OBSERVATION,iNaturalist,iNaturalist research-grade observations
2851019017,"Loxodonta africana (Blumenbach, 1797)",Loxodonta africana,Loxodonta,Elephantidae,0.436398,37.491722,31451.0,Isiolo,,,2020-07-17T10:26:56,2020.0,7.0,17.0,HUMAN_OBSERVATION,iNaturalist,iNaturalist research-grade observations
4424392599,"Loxodonta africana (Blumenbach, 1797)",Loxodonta africana,Loxodonta,Elephantidae,2.256346,38.15943,244751.0,Marsabit,,,2020-07-04T17:37,2020.0,7.0,4.0,HUMAN_OBSERVATION,iNaturalist,iNaturalist research-grade observations
5167031947,"Loxodonta africana (Blumenbach, 1797)",Loxodonta africana,Loxodonta,Elephantidae,-3.371967,38.713311,31425.0,Taita Taveta,,,2020-07-21T09:43,2020.0,7.0,21.0,HUMAN_OBSERVATION,iNaturalist,iNaturalist research-grade observations
5167293449,"Loxodonta africana (Blumenbach, 1797)",Loxodonta africana,Loxodonta,Elephantidae,-3.114968,39.120444,31428.0,Taita Taveta,,,2020-07-22T19:58,2020.0,7.0,22.0,HUMAN_OBSERVATION,iNaturalist,iNaturalist research-grade observations
5167351284,"Loxodonta africana (Blumenbach, 1797)",Loxodonta africana,Loxodonta,Elephantidae,-3.055461,38.658396,31428.0,Taita Taveta,,,2020-07-09T18:22,2020.0,7.0,9.0,HUMAN_OBSERVATION,iNaturalist,iNaturalist research-grade observations
5167802750,"Loxodonta africana (Blumenbach, 1797)",Loxodonta africana,Loxodonta,Elephantidae,-3.290327,38.932988,31425.0,Taita Taveta,,,2020-07-19T12:07,2020.0,7.0,19.0,HUMAN_OBSERVATION,iNaturalist,iNaturalist research-grade observations
5168233383,"Loxodonta africana (Blumenbach, 1797)",Loxodonta africana,Loxodonta,Elephantidae,-2.782079,38.353732,31434.0,Makueni,,,2020-07-08T17:58,2020.0,7.0,8.0,HUMAN_OBSERVATION,iNaturalist,iNaturalist research-grade observations
5168252642,"Loxodonta africana (Blumenbach, 1797)",Loxodonta africana,Loxodonta,Elephantidae,-3.219018,38.954362,31425.0,Taita Taveta,,,2020-07-19T16:30,2020.0,7.0,19.0,HUMAN_OBSERVATION,iNaturalist,iNaturalist research-grade observations
2850783948,"Loxodonta africana (Blumenbach, 1797)",Loxodonta africana,Loxodonta,Elephantidae,-1.533528,35.393724,31446.0,Narok,,,2020-08-14T00:00:30,2020.0,8.0,14.0,HUMAN_OBSERVATION,iNaturalist,iNaturalist research-grade observations
2851057686,"Loxodonta africana (Blumenbach, 1797)",Loxodonta africana,Loxodonta,Elephantidae,-1.207752,34.890662,31447.0,Narok,,,2020-08-08T10:55,2020.0,8.0,8.0,HUMAN_OBSERVATION,iNaturalist,iNaturalist research-grade observations
2851109620,"Loxodonta africana (Blumenbach, 1797)",Loxodonta africana,Loxodonta,Elephantidae,-3.085578,38.611628,31428.0,Taita Taveta,,,2020-08-06T11:38,2020.0,8.0,6.0,HUMAN_OBSERVATION,iNaturalist,iNaturalist research-grade observations
2851125668,"Loxodonta africana (Blumenbach, 1797)",Loxodonta africana,Loxodonta,Elephantidae,-3.419177,38.744688,31422.0,Taita Taveta,,,2020-08-09T10:00,2020.0,8.0,9.0,HUMAN_OBSERVATION,iNaturalist,iNaturalist research-grade observations
2859987752,"Loxodonta africana (Blumenbach, 1797)",Loxodonta africana,Loxodonta,Elephantidae,-3.561794,38.799653,31422.0,Taita Taveta,,,2020-08-22T13:14,2020.0,8.0,22.0,HUMAN_OBSERVATION,iNaturalist,iNaturalist research-grade observations
2860094764,"Loxodonta africana (Blumenbach, 1797)",Loxodonta africana,Loxodonta,Elephantidae,-2.96323,38.067629,31431.0,Taita Taveta,,,2020-08-24T15:37,2020.0,8.0,24.0,HUMAN_OBSERVATION,iNaturalist,iNaturalist research-grade observations
2864561545,"Loxodonta africana (Blumenbach, 1797)",Loxodonta africana,Loxodonta,Elephantidae,-2.804063,38.127312,31431.0,Taita Taveta,,,2020-08-24T08:56,2020.0,8.0,24.0,HUMAN_OBSERVATION,iNaturalist,iNaturalist research-grade observations
2981047146,"Loxodonta africana (Blumenbach, 1797)",Loxodonta africana,Loxodonta,Elephantidae,-2.996107,38.167263,89539.0,Taita Taveta,,,2020-08-18T02:17,2020.0,8.0,18.0,HUMAN_OBSERVATION,iNaturalist,iNaturalist research-grade observations
3468693870,"Loxodonta africana (Blumenbach, 1797)",Loxodonta africana,Loxodonta,Elephantidae,-2.792603,38.079432,31434.0,Taita Taveta,,,2020-08-18T15:18Z,2020.0,8.0,18.0,HUMAN_OBSERVATION,iNaturalist,iNaturalist research-grade observations
3468943219,"Loxodonta africana (Blumenbach, 1797)",Loxodonta africana,Loxodonta,Elephantidae,-3.558896,38.966162,31422.0,Taita Taveta,,,2020-08-20T10:45Z,2020.0,8.0,20.0,HUMAN_OBSERVATION,iNaturalist,iNaturalist research-grade observations
3468946258,"Loxodonta africana (Blumenbach, 1797)",Loxodonta africana,Loxodonta,Elephantidae,-3.644455,38.976861,31418.0,Taita Taveta,,,2020-08-20T11:55Z,2020.0,8.0,20.0,HUMAN_OBSERVATION,iNaturalist,iNaturalist research-grade observations
3705504847,"Loxodonta africana (Blumenbach, 1797)",Loxodonta africana,Loxodonta,Elephantidae,-2.785816,38.044745,31434.0,Taita Taveta,,,2020-08-18T14:15Z,2020.0,8.0,18.0,HUMAN_OBSERVATION,iNaturalist,iNaturalist research-grade observations
3743086574,"Loxodonta africana (Blumenbach, 1797)",Loxodonta africana,Loxodonta,Elephantidae,-3.252573,38.468613,31425.0,Taita Taveta,,,2020-08-19T17:30Z,2020.0,8.0,19.0,HUMAN_OBSERVATION,iNaturalist,iNaturalist research-grade observations
3743092561,"Loxodonta africana (Blumenbach, 1797)",Loxodonta africana,Loxodonta,Elephantidae,-3.228004,38.420897,31425.0,Taita Taveta,,,2020-08-19T17:29Z,2020.0,8.0,19.0,HUMAN_OBSERVATION,iNaturalist,iNaturalist research-grade observations
3743124648,"Loxodonta africana (Blumenbach, 1797)",Loxodonta africana,Loxodonta,Elephantidae,-3.250324,38.434825,31425.0,Taita Taveta,,,2020-08-19T16:51Z,2020.0,8.0,19.0,HUMAN_OBSERVATION,iNaturalist,iNaturalist research-grade observations
3743174590,"Loxodonta africana (Blumenbach, 1797)",Loxodonta africana,Loxodonta,Elephantidae,-3.29916,38.535171,31425.0,Taita Taveta,,,2020-08-19T17:30Z,2020.0,8.0,19.0,HUMAN_OBSERVATION,iNaturalist,iNaturalist research-grade observations
2988307186,"Loxodonta africana (Blumenbach, 1797)",Loxodonta africana,Loxodonta,Elephantidae,-1.591038,35.389032,31446.0,Narok,,,2020-10-24T14:59:56,2020.0,10.0,24.0,HUMAN_OBSERVATION,iNaturalist,iNaturalist research-grade observations
3039445805,"Loxodonta africana (Blumenbach, 1797)",Loxodonta africana,Loxodonta,Elephantidae,-3.002912,38.633628,31428.0,Taita Taveta,,,2020-10-24T00:00:41,2020.0,10.0,24.0,HUMAN_OBSERVATION,iNaturalist,iNaturalist research-grade observations
4440793843,"Loxodonta africana (Blumenbach, 1797)",Loxodonta africana,Loxodonta,Elephantidae,-3.309642,38.654372,31425.0,Taita Taveta,,,2020-10-10T00:00,2020.0,10.0,10.0,HUMAN_OBSERVATION,iNaturalist,iNaturalist research-grade observations
4440837863,"Loxodonta africana (Blumenbach, 1797)",Loxodonta africana,Loxodonta,Elephantidae,-3.277364,38.74917,31425.0,Taita Taveta,,,2020-10-10T00:00,2020.0,10.0,10.0,HUMAN_OBSERVATION,iNaturalist,iNaturalist research-grade observations
2992783627,"Loxodonta africana (Blumenbach, 1797)",Loxodonta africana,Loxodonta,Elephantidae,-2.73494,38.179165,31434.0,Taita Taveta,,,2020-11-22T14:15,2020.0,11.0,22.0,HUMAN_OBSERVATION,iNaturalist,iNaturalist research-grade observations
2999031745,"Loxodonta africana (Blumenbach, 1797)",Loxodonta africana,Loxodonta,Elephantidae,0.082651,37.601976,31451.0,Meru,,,2020-12-03T13:53,2020.0,12.0,3.0,HUMAN_OBSERVATION,iNaturalist,iNaturalist research-grade observations
3008401678,"Loxodonta africana (Blumenbach, 1797)",Loxodonta africana,Loxodonta,Elephantidae,-2.216985,38.324256,31438.0,Kitui,,,2020-12-08T09:00,2020.0,12.0,8.0,HUMAN_OBSERVATION,iNaturalist,iNaturalist research-grade observations
3013948819,"Loxodonta africana (Blumenbach, 1797)",Loxodonta africana,Loxodonta,Elephantidae,-2.982951,38.060767,31431.0,Taita Taveta,,,2020-12-27T10:01:11,2020.0,12.0,27.0,HUMAN_OBSERVATION,iNaturalist,iNaturalist research-grade observations
3039232964,"Loxodonta africana (Blumenbach, 1797)",Loxodonta africana,Loxodonta,Elephantidae,-2.619276,37.266376,31434.0,Kajiado,,,2020-12-31T18:21,2020.0,12.0,31.0,HUMAN_OBSERVATION,iNaturalist,iNaturalist research-grade observations
3117800115,"Loxodonta africana (Blumenbach, 1797)",Loxodonta africana,Loxodonta,Elephantidae,-2.674893,37.253885,31434.0,Kajiado,,,2020-12-16T08:56,2020.0,12.0,16.0,HUMAN_OBSERVATION,iNaturalist,iNaturalist research-grade observations
3118371125,"Loxodonta africana (Blumenbach, 1797)",Loxodonta africana,Loxodonta,Elephantidae,-1.422933,34.881368,31446.0,Narok,,,2020-12-11T16:14,2020.0,12.0,11.0,HUMAN_OBSERVATION,iNaturalist,iNaturalist research-grade observations
3468665012,"Loxodonta africana (Blumenbach, 1797)",Loxodonta africana,Loxodonta,Elephantidae,-2.944836,38.129401,31431.0,Taita Taveta,,,2020-12-28T09:15Z,2020.0,12.0,28.0,HUMAN_OBSERVATION,iNaturalist,iNaturalist research-grade observations
3468967777,"Loxodonta africana (Blumenbach, 1797)",Loxodonta africana,Loxodonta,Elephantidae,-2.679628,38.1606,31434.0,Taita Taveta,,,2020-12-29T15:04Z,2020.0,12.0,29.0,HUMAN_OBSERVATION,iNaturalist,iNaturalist research-grade observations
3468989799,"Loxodonta africana (Blumenbach, 1797)",Loxodonta africana,Loxodonta,Elephantidae,-2.705746,38.170362,31434.0,Taita Taveta,,,2020-12-29T22:23Z,2020.0,12.0,29.0,HUMAN_OBSERVATION,iNaturalist,iNaturalist research-grade observations
3873022096,"Loxodonta africana (Blumenbach, 1797)",Loxodonta africana,Loxodonta,Elephantidae,0.195744,36.972517,31451.0,Laikipia,,,2020-12-17T20:46:07,2020.0,12.0,17.0,HUMAN_OBSERVATION,iNaturalist,iNaturalist research-grade observations
3873178402,"Loxodonta africana (Blumenbach, 1797)",Loxodonta africana,Loxodonta,Elephantidae,0.011131,36.801262,31451.0,Laikipia,,,2020-12-17T20:42:16,2020.0,12.0,17.0,HUMAN_OBSERVATION,iNaturalist,iNaturalist research-grade observations
5069869389,"Loxodonta africana (Blumenbach, 1797)",Loxodonta africana,Loxodonta,Elephantidae,-3.348236,38.740247,31425.0,Taita Taveta,,,2020-12-16T16:29,2020.0,12.0,16.0,HUMAN_OBSERVATION,iNaturalist,iNaturalist research-grade observations
5932319399,"Loxodonta africana (Blumenbach, 1797)",Loxodonta africana,Loxodonta,Elephantidae,0.416637,37.51968,31451.0,Isiolo,,,2020-12-15T21:56:07,2020.0,12.0,15.0,HUMAN_OBSERVATION,iNaturalist,iNaturalist research-grade observations
2147661694,"Loxodonta africana (Blumenbach, 1797)",Loxodonta africana,Loxodonta,Elephantidae,0.125,38.125,12000.0,,,Meru NP,2019-01-24,2019.0,1.0,24.0,HUMAN_OBSERVATION,ADU-UCT,
2147661912,"Loxodonta africana (Blumenbach, 1797)",Loxodonta africana,Loxodonta,Elephantidae,0.125,38.125,12000.0,,,Meru NP,2019-01-22,2019.0,1.0,22.0,HUMAN_OBSERVATION,ADU-UCT,
2147661936,"Loxodonta africana (Blumenbach, 1797)",Loxodonta africana,Loxodonta,Elephantidae,0.625,37.625,12000.0,,,Samburu National Reserve,2019-01-24,2019.0,1.0,24.0,HUMAN_OBSERVATION,ADU-UCT,
2147662012,"Loxodonta africana (Blumenbach, 1797)",Loxodonta africana,Loxodonta,Elephantidae,0.625,37.625,12000.0,,,Samburu National Reserve,2019-01-26,2019.0,1.0,26.0,HUMAN_OBSERVATION,ADU-UCT,
2147662025,"Loxodonta africana (Blumenbach, 1797)",Loxodonta africana,Loxodonta,Elephantidae,0.625,37.625,12000.0,,,Samburu National Reserve,2019-01-28,2019.0,1.0,28.0,HUMAN_OBSERVATION,ADU-UCT,
2596110498,"Loxodonta africana (Blumenbach, 1797)",Loxodonta africana,Loxodonta,Elephantidae,0.36427,36.905779,31451.0,Laikipia,,,2019-01-27T23:24,2019.0,1.0,27.0,HUMAN_OBSERVATION,iNaturalist,iNaturalist research-grade observations
2596158623,"Loxodonta africana (Blumenbach, 1797)",Loxodonta africana,Loxodonta,Elephantidae,0.303786,36.807984,31451.0,Laikipia,,,2019-01-24T01:25,2019.0,1.0,24.0,HUMAN_OBSERVATION,iNaturalist,iNaturalist research-grade observations
2873728070,"Loxodonta africana (Blumenbach, 1797)",Loxodonta africana,Loxodonta,Elephantidae,-2.60408,37.212465,31434.0,Kajiado,,,2019-01-07T11:39,2019.0,1.0,7.0,HUMAN_OBSERVATION,iNaturalist,iNaturalist research-grade observations
2873735637,"Loxodonta africana (Blumenbach, 1797)",Loxodonta africana,Loxodonta,Elephantidae,-2.703925,37.290101,31434.0,Kajiado,,,2019-01-07T16:01,2019.0,1.0,7.0,HUMAN_OBSERVATION,iNaturalist,iNaturalist research-grade observations
2873949067,"Loxodonta africana (Blumenbach, 1797)",Loxodonta africana,Loxodonta,Elephantidae,-2.760073,37.281366,31434.0,Kajiado,,,2019-01-07T16:23,2019.0,1.0,7.0,HUMAN_OBSERVATION,iNaturalist,iNaturalist research-grade observations
3743180880,"Loxodonta africana (Blumenbach, 1797)",Loxodonta africana,Loxodonta,Elephantidae,0.357113,36.964423,31451.0,Laikipia,,,2019-01-18T23:25,2019.0,1.0,18.0,HUMAN_OBSERVATION,iNaturalist,iNaturalist research-grade observations
1993754985,"Loxodonta africana (Blumenbach, 1797)",Loxodonta africana,Loxodonta,Elephantidae,-1.462332,35.347557,31446.0,Narok,,,2019-02-02T10:55,2019.0,2.0,2.0,HUMAN_OBSERVATION,iNaturalist,iNaturalist research-grade observations
1993764223,"Loxodonta africana (Blumenbach, 1797)",Loxodonta africana,Loxodonta,Elephantidae,-1.580904,34.835038,31446.0,Narok,,,2019-02-02T06:49:26,2019.0,2.0,2.0,HUMAN_OBSERVATION,iNaturalist,iNaturalist research-grade observations
2236845184,"Loxodonta africana (Blumenbach, 1797)",Loxodonta africana,Loxodonta,Elephantidae,-2.726447,37.231346,31434.0,Kajiado,,,2019-02-27T07:18,2019.0,2.0,27.0,HUMAN_OBSERVATION,iNaturalist,iNaturalist research-grade observations
2236849637,"Loxodonta africana (Blumenbach, 1797)",Loxodonta africana,Loxodonta,Elephantidae,-2.664359,37.354159,31434.0,Kajiado,,,2019-02-27T09:05,2019.0,2.0,27.0,HUMAN_OBSERVATION,iNaturalist,iNaturalist research-grade observations
2574143639,"Loxodonta africana (Blumenbach, 1797)",Loxodonta africana,Loxodonta,Elephantidae,-1.537095,34.953414,31446.0,Narok,,,2019-02-03T13:36,2019.0,2.0,3.0,HUMAN_OBSERVATION,iNaturalist,iNaturalist research-grade observations
2823352589,"Loxodonta africana (Blumenbach, 1797)",Loxodonta africana,Loxodonta,Elephantidae,-1.206489,35.5049,31447.0,Narok,,,2019-02-08T16:23,2019.0,2.0,8.0,HUMAN_OBSERVATION,iNaturalist,iNaturalist research-grade observations
2850631923,"Loxodonta africana (Blumenbach, 1797)",Loxodonta africana,Loxodonta,Elephantidae,0.449344,37.460178,31451.0,Isiolo,,,2019-02-03T18:58,2019.0,2.0,3.0,HUMAN_OBSERVATION,iNaturalist,iNaturalist research-grade observations
2850694740,"Loxodonta africana (Blumenbach, 1797)",Loxodonta africana,Loxodonta,Elephantidae,-1.225082,35.459061,31447.0,Narok,,,2019-02-06T17:34,2019.0,2.0,6.0,HUMAN_OBSERVATION,iNaturalist,iNaturalist research-grade observations
2850755430,"Loxodonta africana (Blumenbach, 1797)",Loxodonta africana,Loxodonta,Elephantidae,-1.593031,34.973272,31446.0,Narok,,,2019-02-05T13:41,2019.0,2.0,5.0,HUMAN_OBSERVATION,iNaturalist,iNaturalist research-grade observations
2850786780,"Loxodonta africana (Blumenbach, 1797)",Loxodonta africana,Loxodonta,Elephantidae,0.505597,37.437263,31451.0,Isiolo,,,2019-02-05T08:03,2019.0,2.0,5.0,HUMAN_OBSERVATION,iNaturalist,iNaturalist research-grade observations
2850893976,"Loxodonta africana (Blumenbach, 1797)",Loxodonta africana,Loxodonta,Elephantidae,0.502415,37.441622,31451.0,Isiolo,,,2019-02-03T18:58,2019.0,2.0,3.0,HUMAN_OBSERVATION,iNaturalist,iNaturalist research-grade observations
2851053446,"Loxodonta africana (Blumenbach, 1797)",Loxodonta africana,Loxodonta,Elephantidae,-1.523933,34.976066,31446.0,Narok,,,2019-02-05T13:41,2019.0,2.0,5.0,HUMAN_OBSERVATION,iNaturalist,iNaturalist research-grade observations
2851076459,"Loxodonta africana (Blumenbach, 1797)",Loxodonta africana,Loxodonta,Elephantidae,-1.584816,34.926211,31446.0,Narok,,,2019-02-05T13:41,2019.0,2.0,5.0,HUMAN_OBSERVATION,iNaturalist,iNaturalist research-grade observations
2851090910,"Loxodonta africana (Blumenbach, 1797)",Loxodonta africana,Loxodonta,Elephantidae,-1.366407,35.590506,31447.0,Narok,,,2019-02-06T20:05,2019.0,2.0,6.0,HUMAN_OBSERVATION,iNaturalist,iNaturalist research-grade observations
2851109020,"Loxodonta africana (Blumenbach, 1797)",Loxodonta africana,Loxodonta,Elephantidae,0.584016,37.550632,31451.0,Isiolo,,,2019-02-03T09:29,2019.0,2.0,3.0,HUMAN_OBSERVATION,iNaturalist,iNaturalist research-grade observations
2851206780,"Loxodonta africana (Blumenbach, 1797)",Loxodonta africana,Loxodonta,Elephantidae,0.597035,37.528404,31451.0,Isiolo,,,2019-02-03T06:57,2019.0,2.0,3.0,HUMAN_OBSERVATION,iNaturalist,iNaturalist research-grade observations
2851224738,"Loxodonta africana (Blumenbach, 1797)",Loxodonta africana,Loxodonta,Elephantidae,0.528647,37.534521,31451.0,Isiolo,,,2019-02-03T16:30,2019.0,2.0,3.0,HUMAN_OBSERVATION,iNaturalist,iNaturalist research-grade observations
2851229029,"Loxodonta africana (Blumenbach, 1797)",Loxodonta africana,Loxodonta,Elephantidae,0.461096,37.514261,31451.0,Isiolo,,,2019-02-03T09:58,2019.0,2.0,3.0,HUMAN_OBSERVATION,iNaturalist,iNaturalist research-grade observations
2851239768,"Loxodonta africana (Blumenbach, 1797)",Loxodonta africana,Loxodonta,Elephantidae,0.495466,37.511973,31451.0,Isiolo,,,2019-02-03T19:01,2019.0,2.0,3.0,HUMAN_OBSERVATION,iNaturalist,iNaturalist research-grade observations
2851276959,"Loxodonta africana (Blumenbach, 1797)",Loxodonta africana,Loxodonta,Elephantidae,0.543717,37.486921,31451.0,Isiolo,,,2019-02-03T16:31,2019.0,2.0,3.0,HUMAN_OBSERVATION,iNaturalist,iNaturalist research-grade observations
2851278943,"Loxodonta africana (Blumenbach, 1797)",Loxodonta africana,Loxodonta,Elephantidae,-1.363646,35.400225,31447.0,Narok,,,2019-02-08T18:54,2019.0,2.0,8.0,HUMAN_OBSERVATION,iNaturalist,iNaturalist research-grade observations
2851292984,"Loxodonta africana (Blumenbach, 1797)",Loxodonta africana,Loxodonta,Elephantidae,0.581329,37.580154,31451.0,Isiolo,,,2019-02-05T09:50,2019.0,2.0,5.0,HUMAN_OBSERVATION,iNaturalist,iNaturalist research-grade observations
2988577985,"Loxodonta africana (Blumenbach, 1797)",Loxodonta africana,Loxodonta,Elephantidae,-2.61713,37.283095,31434.0,Kajiado,,,2019-02-16T07:57:35,2019.0,2.0,16.0,HUMAN_OBSERVATION,iNaturalist,iNaturalist research-grade observations
3416196250,"Loxodonta africana (Blumenbach, 1797)",Loxodonta africana,Loxodonta,Elephantidae,-4.381926,39.29972,31407.0,Kwale,,,2019-02-05T16:18:05,2019.0,2.0,5.0,HUMAN_OBSERVATION,iNaturalist,iNaturalist research-grade observations
4516382376,"Loxodonta africana (Blumenbach, 1797)",Loxodonta africana,Loxodonta,Elephantidae,-2.751783,37.398866,31434.0,Kajiado,,,2019-02-16T13:10,2019.0,2.0,16.0,HUMAN_OBSERVATION,iNaturalist,iNaturalist research-grade observations
4516382447,"Loxodonta africana (Blumenbach, 1797)",Loxodonta africana,Loxodonta,Elephantidae,-1.326029,35.480017,31447.0,Narok,,,2019-02-20T10:11,2019.0,2.0,20.0,HUMAN_OBSERVATION,iNaturalist,iNaturalist research-grade observations
4516401577,"Loxodonta africana (Blumenbach, 1797)",Loxodonta africana,Loxodonta,Elephantidae,-2.211464,37.225182,31438.0,Kajiado,,,2019-02-16T17:52,2019.0,2.0,16.0,HUMAN_OBSERVATION,iNaturalist,iNaturalist research-grade observations
4516571186,"Loxodonta africana (Blumenbach, 1797)",Loxodonta africana,Loxodonta,Elephantidae,-1.287371,35.53995,31447.0,Narok,,,2019-02-21T10:12,2019.0,2.0,21.0,HUMAN_OBSERVATION,iNaturalist,iNaturalist research-grade observations
4516644540,"Loxodonta africana (Blumenbach, 1797)",Loxodonta africana,Loxodonta,Elephantidae,-1.229045,35.586165,31447.0,Narok,,,2019-02-20T08:09,2019.0,2.0,20.0,HUMAN_OBSERVATION,iNaturalist,iNaturalist research-grade observations
4516648478,"Loxodonta africana (Blumenbach, 1797)",Loxodonta africana,Loxodonta,Elephantidae,-2.240401,37.399988,31438.0,Kajiado,,,2019-02-15T10:46,2019.0,2.0,15.0,HUMAN_OBSERVATION,iNaturalist,iNaturalist research-grade observations
4516728067,"Loxodonta africana (Blumenbach, 1797)",Loxodonta africana,Loxodonta,Elephantidae,-2.287186,37.256025,31438.0,Kajiado,,,2019-02-15T18:43,2019.0,2.0,15.0,HUMAN_OBSERVATION,iNaturalist,iNaturalist research-grade observations
4516728077,"Loxodonta africana (Blumenbach, 1797)",Loxodonta africana,Loxodonta,Elephantidae,-2.678782,37.206013,31434.0,Kajiado,,,2019-02-16T13:50,2019.0,2.0,16.0,HUMAN_OBSERVATION,iNaturalist,iNaturalist research-grade observations
4516750643,"Loxodonta africana (Blumenbach, 1797)",Loxodonta africana,Loxodonta,Elephantidae,-2.370608,37.223414,31438.0,Kajiado,,,2019-02-15T10:41,2019.0,2.0,15.0,HUMAN_OBSERVATION,iNaturalist,iNaturalist research-grade observations
4516750653,"Loxodonta africana (Blumenbach, 1797)",Loxodonta africana,Loxodonta,Elephantidae,-2.681714,37.347302,31434.0,Kajiado,,,2019-02-16T15:11,2019.0,2.0,16.0,HUMAN_OBSERVATION,iNaturalist,iNaturalist research-grade observations
4516774403,"Loxodonta africana (Blumenbach, 1797)",Loxodonta africana,Loxodonta,Elephantidae,-2.701667,37.297599,31434.0,Kajiado,,,2019-02-16T12:12,2019.0,2.0,16.0,HUMAN_OBSERVATION,iNaturalist,iNaturalist research-grade observations
4516785025,"Loxodonta africana (Blumenbach, 1797)",Loxodonta africana,Loxodonta,Elephantidae,-2.704132,37.237445,31434.0,Kajiado,,,2019-02-16T11:36,2019.0,2.0,16.0,HUMAN_OBSERVATION,iNaturalist,iNaturalist research-grade observations
4516787686,"Loxodonta africana (Blumenbach, 1797)",Loxodonta africana,Loxodonta,Elephantidae,-1.279352,35.517988,31447.0,Narok,,,2019-02-20T16:26,2019.0,2.0,20.0,HUMAN_OBSERVATION,iNaturalist,iNaturalist research-grade observations
4516793436,"Loxodonta africana (Blumenbach, 1797)",Loxodonta africana,Loxodonta,Elephantidae,-1.218369,35.458239,31447.0,Narok,,,2019-02-20T07:59,2019.0,2.0,20.0,HUMAN_OBSERVATION,iNaturalist,iNaturalist research-grade observations
4516802493,"Loxodonta africana (Blumenbach, 1797)",Loxodonta africana,Loxodonta,Elephantidae,-1.259074,35.586867,31447.0,Narok,,,2019-02-18T17:40,2019.0,2.0,18.0,HUMAN_OBSERVATION,iNaturalist,iNaturalist research-grade observations
4950423290,"Loxodonta africana (Blumenbach, 1797)",Loxodonta africana,Loxodonta,Elephantidae,-1.489034,35.438022,131764.0,Narok,,,2019-02-08T10:49:36,2019.0,2.0,8.0,HUMAN_OBSERVATION,iNaturalist,iNaturalist research-grade observations
6130414078,"Loxodonta africana (Blumenbach, 1797)",Loxodonta africana,Loxodonta,Elephantidae,-0.343814,36.877618,31451.0,Nyeri,,,2019-02-27T17:46,2019.0,2.0,27.0,HUMAN_OBSERVATION,iNaturalist,iNaturalist research-grade observations
6133296449,"Loxodonta africana (Blumenbach, 1797)",Loxodonta africana,Loxodonta,Elephantidae,0.401292,37.548136,31451.0,Isiolo,,,2019-02-28T12:19,2019.0,2.0,28.0,HUMAN_OBSERVATION,iNaturalist,iNaturalist research-grade observations
6422303704,"Loxodonta africana (Blumenbach, 1797)",Loxodonta africana,Loxodonta,Elephantidae,-2.765735,37.367704,31434.0,Kajiado,,,2019-02-27T07:28,2019.0,2.0,27.0,HUMAN_OBSERVATION,iNaturalist,iNaturalist research-grade observations
6422543724,"Loxodonta africana (Blumenbach, 1797)",Loxodonta africana,Loxodonta,Elephantidae,-2.773628,37.336936,31434.0,Kajiado,,,2019-02-27T07:28,2019.0,2.0,27.0,HUMAN_OBSERVATION,iNaturalist,iNaturalist research-grade observations
2283096498,"Loxodonta africana (Blumenbach, 1797)",Loxodonta africana,Loxodonta,Elephantidae,-0.287186,36.858215,31451.0,Nyeri,,,2019-03-08T17:04,2019.0,3.0,8.0,HUMAN_OBSERVATION,iNaturalist,iNaturalist research-grade observations
2382316205,"Loxodonta africana (Blumenbach, 1797)",Loxodonta africana,Loxodonta,Elephantidae,-0.1173,38.1639,,,Meru,Meru National Park,2019-03-25,2019.0,3.0,25.0,HUMAN_OBSERVATION,NMK,
2429344241,"Loxodonta africana (Blumenbach, 1797)",Loxodonta africana,Loxodonta,Elephantidae,-1.23866,35.195425,31447.0,Narok,,,2019-03-14T09:17:09,2019.0,3.0,14.0,HUMAN_OBSERVATION,iNaturalist,iNaturalist research-grade observations
2826512876,"Loxodonta africana (Blumenbach, 1797)",Loxodonta africana,Loxodonta,Elephantidae,-2.725885,38.160178,31434.0,Makueni,,,2019-03-29T06:57,2019.0,3.0,29.0,HUMAN_OBSERVATION,iNaturalist,iNaturalist research-grade observations
3969504431,"Loxodonta africana (Blumenbach, 1797)",Loxodonta africana,Loxodonta,Elephantidae,-3.571629,38.211593,,,Taita-Taveta,Lumo Wildlife Conservation Trust,2019-03-18,2019.0,3.0,18.0,HUMAN_OBSERVATION,NMK,
3969504437,"Loxodonta africana (Blumenbach, 1797)",Loxodonta africana,Loxodonta,Elephantidae,-1.14525,35.1253,,,Narok,Mara North Conservancy,2019-03-18,2019.0,3.0,18.0,HUMAN_OBSERVATION,NMK,
3969504438,"Loxodonta africana (Blumenbach, 1797)",Loxodonta africana,Loxodonta,Elephantidae,-0.615575,37.536898,,,Isiolo,Samburu N. Reserve,2019-03-14,2019.0,3.0,14.0,HUMAN_OBSERVATION,NMK,
3969504447,"Loxodonta africana (Blumenbach, 1797)",Loxodonta africana,Loxodonta,Elephantidae,-1.398962,34.859578,,,Narok,Maasai Mara N. Reserve,2019-03-12,2019.0,3.0,12.0,HUMAN_OBSERVATION,NMK,
3969504448,"Loxodonta africana (Blumenbach, 1797)",Loxodonta africana,Loxodonta,Elephantidae,-4.257222,39.387778,,,Kwale,Shimba Hills N. Reserve,2019-03-08,2019.0,3.0,8.0,HUMAN_OBSERVATION,NMK,
3969504935,"Loxodonta africana (Blumenbach, 1797)",Loxodonta africana,Loxodonta,Elephantidae,0.403037,36.90901,,,Laikipia,Mpala Research Center,2019-03-06,2019.0,3.0,6.0,HUMAN_OBSERVATION,NMK,
5063577086,"Loxodonta africana (Blumenbach, 1797)",Loxodonta africana,Loxodonta,Elephantidae,-3.061172,38.033873,31428.0,Taita Taveta,,,2019-03-07T08:04,2019.0,3.0,7.0,HUMAN_OBSERVATION,iNaturalist,iNaturalist research-grade observations
5063596031,"Loxodonta africana (Blumenbach, 1797)",Loxodonta africana,Loxodonta,Elephantidae,-3.558999,38.721818,31422.0,Taita Taveta,,,2019-03-06T05:45,2019.0,3.0,6.0,HUMAN_OBSERVATION,iNaturalist,iNaturalist research-grade observations
5063624938,"Loxodonta africana (Blumenbach, 1797)",Loxodonta africana,Loxodonta,Elephantidae,-2.697082,37.393428,31434.0,Kajiado,,,2019-03-08T06:51,2019.0,3.0,8.0,HUMAN_OBSERVATION,iNaturalist,iNaturalist research-grade observations
5063625904,"Loxodonta africana (Blumenbach, 1797)",Loxodonta africana,Loxodonta,Elephantidae,-3.202975,38.557687,31425.0,Taita Taveta,,,2019-03-10T13:36,2019.0,3.0,10.0,HUMAN_OBSERVATION,iNaturalist,iNaturalist research-grade observations
5063637769,"Loxodonta africana (Blumenbach, 1797)",Loxodonta africana,Loxodonta,Elephantidae,-2.762902,37.373428,31434.0,Kajiado,,,2019-03-07T17:02,2019.0,3.0,7.0,HUMAN_OBSERVATION,iNaturalist,iNaturalist research-grade observations
6159265173,"Loxodonta africana (Blumenbach, 1797)",Loxodonta africana,Loxodonta,Elephantidae,0.292633,37.435001,31451.0,Meru,,,2019-03-04T16:14,2019.0,3.0,4.0,HUMAN_OBSERVATION,iNaturalist,iNaturalist research-grade observations
2236243675,"Loxodonta africana (Blumenbach, 1797)",Loxodonta africana,Loxodonta,Elephantidae,0.23439,37.539736,31451.0,Meru,,,2019-04-06T22:45:03,2019.0,4.0,6.0,HUMAN_OBSERVATION,iNaturalist,iNaturalist research-grade observations
2236245717,"Loxodonta africana (Blumenbach, 1797)",Loxodonta africana,Loxodonta,Elephantidae,0.583683,37.631653,31451.0,Isiolo,,,2019-04-06T22:45:26,2019.0,4.0,6.0,HUMAN_OBSERVATION,iNaturalist,iNaturalist research-grade observations
2382175089,"Loxodonta africana (Blumenbach, 1797)",Loxodonta africana,Loxodonta,Elephantidae,-0.1108,38.1745,,,Meru,Meru National Park,2019-04-10,2019.0,4.0,10.0,HUMAN_OBSERVATION,NMK,
2609192387,"Loxodonta africana (Blumenbach, 1797)",Loxodonta africana,Loxodonta,Elephantidae,-2.603844,37.358208,31434.0,Kajiado,,,2019-04-22T00:17,2019.0,4.0,22.0,HUMAN_OBSERVATION,iNaturalist,iNaturalist research-grade observations
2611180694,"Loxodonta africana (Blumenbach, 1797)",Loxodonta africana,Loxodonta,Elephantidae,0.405531,37.431977,31451.0,Samburu,,,2019-04-25T00:00,2019.0,4.0,25.0,HUMAN_OBSERVATION,iNaturalist,iNaturalist research-grade observations
2611316284,"Loxodonta africana (Blumenbach, 1797)",Loxodonta africana,Loxodonta,Elephantidae,-1.532135,34.81279,31446.0,Narok,,,2019-04-29T15:31,2019.0,4.0,29.0,HUMAN_OBSERVATION,iNaturalist,iNaturalist research-grade observations
3743002534,"Loxodonta africana (Blumenbach, 1797)",Loxodonta africana,Loxodonta,Elephantidae,0.236865,36.908073,31451.0,Laikipia,,,2019-04-13T21:27,2019.0,4.0,13.0,HUMAN_OBSERVATION,iNaturalist,iNaturalist research-grade observations
3743090641,"Loxodonta africana (Blumenbach, 1797)",Loxodonta africana,Loxodonta,Elephantidae,0.273284,36.902477,31451.0,Laikipia,,,2019-04-28T02:20,2019.0,4.0,28.0,HUMAN_OBSERVATION,iNaturalist,iNaturalist research-grade observations
3969504432,"Loxodonta africana (Blumenbach, 1797)",Loxodonta africana,Loxodonta,Elephantidae,-1.744235,35.471796,,,Narok,Ol Derikesi Conservancy,2019-04-26,2019.0,4.0,26.0,HUMAN_OBSERVATION,NMK,
3969504433,"Loxodonta africana (Blumenbach, 1797)",Loxodonta africana,Loxodonta,Elephantidae,-1.377864,35.429415,,,Narok,Ol Kinyei Conservancy,2019-04-24,2019.0,4.0,24.0,HUMAN_OBSERVATION,NMK,
3969504434,"Loxodonta africana (Blumenbach, 1797)",Loxodonta africana,Loxodonta,Elephantidae,-1.286583,35.440287,,,Narok,Olare Motorogi Conservancy,2019-04-23,2019.0,4.0,23.0,HUMAN_OBSERVATION,NMK,
3969504435,"Loxodonta africana (Blumenbach, 1797)",Loxodonta africana,Loxodonta,Elephantidae,-1.086175,35.255095,,,Kajiado,Enonkishu Conservancy,2019-04-16,2019.0,4.0,16.0,HUMAN_OBSERVATION,NMK,
3969504436,"Loxodonta africana (Blumenbach, 1797)",Loxodonta africana,Loxodonta,Elephantidae,1.384052,35.311234,,,Narok,Naboisho Conservancy,2019-04-04,2019.0,4.0,4.0,HUMAN_OBSERVATION,NMK,
3969504449,"Loxodonta africana (Blumenbach, 1797)",Loxodonta africana,Loxodonta,Elephantidae,0.293192,36.898357,,,Laikipia,"Mpala Ranch, Laikipia",2019-04-13,2019.0,4.0,13.0,HUMAN_OBSERVATION,NMK,
4535754545,"Loxodonta africana (Blumenbach, 1797)",Loxodonta africana,Loxodonta,Elephantidae,-2.966789,38.34023,31431.0,Taita Taveta,,,2019-04-08T11:17:09,2019.0,4.0,8.0,HUMAN_OBSERVATION,iNaturalist,iNaturalist research-grade observations
2294576806,"Loxodonta africana (Blumenbach, 1797)",Loxodonta africana,Loxodonta,Elephantidae,-1.423786,35.307284,31446.0,Narok,,,2019-05-19T16:21:36,2019.0,5.0,19.0,HUMAN_OBSERVATION,iNaturalist,iNaturalist research-grade observations
2295228900,"Loxodonta africana (Blumenbach, 1797)",Loxodonta africana,Loxodonta,Elephantidae,-3.625,39.875,12000.0,,,arabuko sokoke,2019-05-30,2019.0,5.0,30.0,HUMAN_OBSERVATION,ADU-UCT,
2382315422,"Loxodonta africana (Blumenbach, 1797)",Loxodonta africana,Loxodonta,Elephantidae,-0.1723,38.5858,,,Kitui,Meru National Park,2019-05-02,2019.0,5.0,2.0,HUMAN_OBSERVATION,NMK,
2382315423,"Loxodonta africana (Blumenbach, 1797)",Loxodonta africana,Loxodonta,Elephantidae,-0.0982,38.3949,,,Kitui,Mwingi National Reveserve,2019-05-02,2019.0,5.0,2.0,HUMAN_OBSERVATION,NMK,
2382316395,"Loxodonta africana (Blumenbach, 1797)",Loxodonta africana,Loxodonta,Elephantidae,0.3305,38.0168,,,Tharaka Nithi,Chuka Forest-Kiang'ondu Forest Block,2019-05-09,2019.0,5.0,9.0,HUMAN_OBSERVATION,NMK,
2382316398,"Loxodonta africana (Blumenbach, 1797)",Loxodonta africana,Loxodonta,Elephantidae,-0.3017,37.5879,,,Tharaka Nithi,Chuka Forest-Kiang'ondu Forest Block,2019-05-10,2019.0,5.0,10.0,HUMAN_OBSERVATION,NMK,
2382317400,"Loxodonta africana (Blumenbach, 1797)",Loxodonta africana,Loxodonta,Elephantidae,-0.2985,37.5858,,,Tharaka Nithi,Chuka Forest-Kiang'ondu Forest Block,2019-05-10,2019.0,5.0,10.0,HUMAN_OBSERVATION,NMK,
2382318399,"Loxodonta africana (Blumenbach, 1797)",Loxodonta africana,Loxodonta,Elephantidae,-0.3043,37.6127,,,Tharaka Nithi,Chuka Forest-Kiang'ondu Forest Block,2019-05-10,2019.0,5.0,10.0,HUMAN_OBSERVATION,NMK,
2382318422,"Loxodonta africana (Blumenbach, 1797)",Loxodonta africana,Loxodonta,Elephantidae,0.1312,38.1848,,,Kitui,Kora National Park,2019-05-02,2019.0,5.0,2.0,HUMAN_OBSERVATION,NMK,
2573998428,"Loxodonta africana (Blumenbach, 1797)",Loxodonta africana,Loxodonta,Elephantidae,-1.308777,35.216598,31447.0,Narok,,,2019-05-20T15:51,2019.0,5.0,20.0,HUMAN_OBSERVATION,iNaturalist,iNaturalist research-grade observations
2596182097,"Loxodonta africana (Blumenbach, 1797)",Loxodonta africana,Loxodonta,Elephantidae,0.225594,36.910411,31451.0,Laikipia,,,2019-05-02T05:02,2019.0,5.0,2.0,HUMAN_OBSERVATION,iNaturalist,iNaturalist research-grade observations
2596366161,"Loxodonta africana (Blumenbach, 1797)",Loxodonta africana,Loxodonta,Elephantidae,0.326363,36.961522,31451.0,Laikipia,,,2019-05-27T00:50,2019.0,5.0,27.0,HUMAN_OBSERVATION,iNaturalist,iNaturalist research-grade observations
3742985688,"Loxodonta africana (Blumenbach, 1797)",Loxodonta africana,Loxodonta,Elephantidae,0.267442,36.886131,31451.0,Laikipia,,,2019-05-25T07:43,2019.0,5.0,25.0,HUMAN_OBSERVATION,iNaturalist,iNaturalist research-grade observations
3743011759,"Loxodonta africana (Blumenbach, 1797)",Loxodonta africana,Loxodonta,Elephantidae,0.219368,36.91249,31451.0,Laikipia,,,2019-05-19T00:59,2019.0,5.0,19.0,HUMAN_OBSERVATION,iNaturalist,iNaturalist research-grade observations
3743053541,"Loxodonta africana (Blumenbach, 1797)",Loxodonta africana,Loxodonta,Elephantidae,0.306188,36.822588,31451.0,Laikipia,,,2019-05-19T00:58,2019.0,5.0,19.0,HUMAN_OBSERVATION,iNaturalist,iNaturalist research-grade observations
3743095645,"Loxodonta africana (Blumenbach, 1797)",Loxodonta africana,Loxodonta,Elephantidae,0.241493,36.803868,31451.0,Laikipia,,,2019-05-27T00:50,2019.0,5.0,27.0,HUMAN_OBSERVATION,iNaturalist,iNaturalist research-grade observations
3743108735,"Loxodonta africana (Blumenbach, 1797)",Loxodonta africana,Loxodonta,Elephantidae,0.359998,36.894777,31451.0,Laikipia,,,2019-05-29T07:20,2019.0,5.0,29.0,HUMAN_OBSERVATION,iNaturalist,iNaturalist research-grade observations
3743112716,"Loxodonta africana (Blumenbach, 1797)",Loxodonta africana,Loxodonta,Elephantidae,0.289441,36.990967,31451.0,Laikipia,,,2019-05-30T05:53,2019.0,5.0,30.0,HUMAN_OBSERVATION,iNaturalist,iNaturalist research-grade observations
3743353660,"Loxodonta africana (Blumenbach, 1797)",Loxodonta africana,Loxodonta,Elephantidae,0.230976,36.866361,31451.0,Laikipia,,,2019-05-23T04:54,2019.0,5.0,23.0,HUMAN_OBSERVATION,iNaturalist,iNaturalist research-grade observations
5292138356,"Loxodonta africana (Blumenbach, 1797)",Loxodonta africana,Loxodonta,Elephantidae,-1.574147,35.334047,31446.0,Narok,,,2019-05-26T12:16:25,2019.0,5.0,26.0,HUMAN_OBSERVATION,iNaturalist,iNaturalist research-grade observations
2252064614,"Loxodonta africana (Blumenbach, 1797)",Loxodonta africana,Loxodonta,Elephantidae,-1.409276,35.019599,63840.0,Narok,,,2019-06-05T04:04:07,2019.0,6.0,5.0,HUMAN_OBSERVATION,iNaturalist,iNaturalist research-grade observations
2273272929,"Loxodonta africana (Blumenbach, 1797)",Loxodonta africana,Loxodonta,Elephantidae,-1.453782,35.183708,31446.0,Narok,,,2019-06-22T08:36,2019.0,6.0,22.0,HUMAN_OBSERVATION,iNaturalist,iNaturalist research-grade observations
2294555252,"Loxodonta africana (Blumenbach, 1797)",Loxodonta africana,Loxodonta,Elephantidae,-1.541908,35.057118,31446.0,Narok,,,2019-06-02T20:02,2019.0,6.0,2.0,HUMAN_OBSERVATION,iNaturalist,iNaturalist research-grade observations
2294556331,"Loxodonta africana (Blumenbach, 1797)",Loxodonta africana,Loxodonta,Elephantidae,-1.435543,35.0739,31446.0,Narok,,,2019-06-03T13:41,2019.0,6.0,3.0,HUMAN_OBSERVATION,iNaturalist,iNaturalist research-grade observations
2331892827,"Loxodonta africana (Blumenbach, 1797)",Loxodonta africana,Loxodonta,Elephantidae,0.732246,37.593618,31450.0,Samburu,,,2019-06-03T08:19,2019.0,6.0,3.0,HUMAN_OBSERVATION,iNaturalist,iNaturalist research-grade observations
2447944828,"Loxodonta africana (Blumenbach, 1797)",Loxodonta africana,Loxodonta,Elephantidae,-3.402565,38.713444,31422.0,Taita Taveta,,,2019-06-28T18:35,2019.0,6.0,28.0,HUMAN_OBSERVATION,iNaturalist,iNaturalist research-grade observations
2543053703,"Loxodonta africana (Blumenbach, 1797)",Loxodonta africana,Loxodonta,Elephantidae,-2.909909,37.206704,31431.0,Kajiado,,,2019-06-24T15:55:53,2019.0,6.0,24.0,HUMAN_OBSERVATION,iNaturalist,iNaturalist research-grade observations
2596153907,"Loxodonta africana (Blumenbach, 1797)",Loxodonta africana,Loxodonta,Elephantidae,0.364208,36.991761,31451.0,Laikipia,,,2019-06-01T01:16,2019.0,6.0,1.0,HUMAN_OBSERVATION,iNaturalist,iNaturalist research-grade observations
2596216077,"Loxodonta africana (Blumenbach, 1797)",Loxodonta africana,Loxodonta,Elephantidae,0.22006,36.818818,31451.0,Laikipia,,,2019-06-15T07:02,2019.0,6.0,15.0,HUMAN_OBSERVATION,iNaturalist,iNaturalist research-grade observations
2823136268,"Loxodonta africana (Blumenbach, 1797)",Loxodonta africana,Loxodonta,Elephantidae,0.476805,37.600933,31451.0,Isiolo,,,2019-06-15T15:53,2019.0,6.0,15.0,HUMAN_OBSERVATION,iNaturalist,iNaturalist research-grade observations
2823293593,"Loxodonta africana (Blumenbach, 1797)",Loxodonta africana,Loxodonta,Elephantidae,0.496187,37.529922,31451.0,Isiolo,,,2019-06-14T16:21,2019.0,6.0,14.0,HUMAN_OBSERVATION,iNaturalist,iNaturalist research-grade observations
2823323778,"Loxodonta africana (Blumenbach, 1797)",Loxodonta africana,Loxodonta,Elephantidae,0.484837,37.419871,31451.0,Isiolo,,,2019-06-15T11:00,2019.0,6.0,15.0,HUMAN_OBSERVATION,iNaturalist,iNaturalist research-grade observations
2826278740,"Loxodonta africana (Blumenbach, 1797)",Loxodonta africana,Loxodonta,Elephantidae,-1.595003,34.964274,31446.0,Narok,,,2019-06-17T18:00,2019.0,6.0,17.0,HUMAN_OBSERVATION,iNaturalist,iNaturalist research-grade observations
2856550060,"Loxodonta africana (Blumenbach, 1797)",Loxodonta africana,Loxodonta,Elephantidae,-1.534289,34.984139,31446.0,Narok,,,2019-06-19T08:10,2019.0,6.0,19.0,HUMAN_OBSERVATION,iNaturalist,iNaturalist research-grade observations
2882997401,"Loxodonta africana (Blumenbach, 1797)",Loxodonta africana,Loxodonta,Elephantidae,-3.20195,39.900282,31425.0,Kilifi,,,2019-06-24T01:43,2019.0,6.0,24.0,HUMAN_OBSERVATION,iNaturalist,iNaturalist research-grade observations
3079791634,"Loxodonta africana (Blumenbach, 1797)",Loxodonta africana,Loxodonta,Elephantidae,-1.379232,34.934045,31447.0,Narok,,,2019-06-05T23:07:04,2019.0,6.0,5.0,HUMAN_OBSERVATION,iNaturalist,iNaturalist research-grade observations
3743275783,"Loxodonta africana (Blumenbach, 1797)",Loxodonta africana,Loxodonta,Elephantidae,0.211914,36.95449,31451.0,Laikipia,,,2019-06-17T07:17,2019.0,6.0,17.0,HUMAN_OBSERVATION,iNaturalist,iNaturalist research-grade observations
3743328647,"Loxodonta africana (Blumenbach, 1797)",Loxodonta africana,Loxodonta,Elephantidae,0.381507,36.861578,31451.0,Laikipia,,,2019-06-17T07:32,2019.0,6.0,17.0,HUMAN_OBSERVATION,iNaturalist,iNaturalist research-grade observations
4006681863,"Loxodonta africana (Blumenbach, 1797)",Loxodonta africana,Loxodonta,Elephantidae,-1.456022,35.129585,31446.0,Narok,,,2019-06-26T01:58,2019.0,6.0,26.0,HUMAN_OBSERVATION,iNaturalist,iNaturalist research-grade observations
4006710879,"Loxodonta africana (Blumenbach, 1797)",Loxodonta africana,Loxodonta,Elephantidae,-1.259456,35.116268,31447.0,Narok,,,2019-06-25T09:10,2019.0,6.0,25.0,HUMAN_OBSERVATION,iNaturalist,iNaturalist research-grade observations
4006776831,"Loxodonta africana (Blumenbach, 1797)",Loxodonta africana,Loxodonta,Elephantidae,-1.414401,35.152448,31446.0,Narok,,,2019-06-26T02:04,2019.0,6.0,26.0,HUMAN_OBSERVATION,iNaturalist,iNaturalist research-grade observations
4011521703,"Loxodonta africana (Blumenbach, 1797)",Loxodonta africana,Loxodonta,Elephantidae,-1.594179,35.044931,31446.0,Narok,,,2019-06-25T08:41,2019.0,6.0,25.0,HUMAN_OBSERVATION,iNaturalist,iNaturalist research-grade observations
4018208395,"Loxodonta africana (Blumenbach, 1797)",Loxodonta africana,Loxodonta,Elephantidae,-1.107916,35.382126,31448.0,Narok,,,2019-06-27T13:13:13,2019.0,6.0,27.0,HUMAN_OBSERVATION,iNaturalist,iNaturalist research-grade observations
4018226402,"Loxodonta africana (Blumenbach, 1797)",Loxodonta africana,Loxodonta,Elephantidae,-1.227466,34.970695,31447.0,Narok,,,2019-06-30T09:46:35,2019.0,6.0,30.0,HUMAN_OBSERVATION,iNaturalist,iNaturalist research-grade observations
4046232031,"Loxodonta africana (Blumenbach, 1797)",Loxodonta africana,Loxodonta,Elephantidae,0.29441,36.982549,31451.0,Laikipia,,,2019-06-11T17:51:17,2019.0,6.0,11.0,HUMAN_OBSERVATION,iNaturalist,iNaturalist research-grade observations
4046541042,"Loxodonta africana (Blumenbach, 1797)",Loxodonta africana,Loxodonta,Elephantidae,0.209128,36.934401,31451.0,Laikipia,,,2019-06-11T16:51:55,2019.0,6.0,11.0,HUMAN_OBSERVATION,iNaturalist,iNaturalist research-grade observations
5134789747,"Loxodonta africana (Blumenbach, 1797)",Loxodonta africana,Loxodonta,Elephantidae,0.465139,37.56143,31451.0,Isiolo,,,2019-06-27T14:02,2019.0,6.0,27.0,HUMAN_OBSERVATION,iNaturalist,iNaturalist research-grade observations
2283182635,"Loxodonta africana (Blumenbach, 1797)",Loxodonta africana,Loxodonta,Elephantidae,0.350406,36.948404,31451.0,Laikipia,,,2019-07-06T09:04:22,2019.0,7.0,6.0,HUMAN_OBSERVATION,iNaturalist,iNaturalist research-grade observations
2429399430,"Loxodonta africana (Blumenbach, 1797)",Loxodonta africana,Loxodonta,Elephantidae,0.031146,36.966089,31451.0,Laikipia,,,2019-07-30T08:22,2019.0,7.0,30.0,HUMAN_OBSERVATION,iNaturalist,iNaturalist research-grade observations
2429400544,"Loxodonta africana (Blumenbach, 1797)",Loxodonta africana,Loxodonta,Elephantidae,0.5992,37.524876,31451.0,Isiolo,,,2019-07-31T11:00,2019.0,7.0,31.0,HUMAN_OBSERVATION,iNaturalist,iNaturalist research-grade observations
2429402699,"Loxodonta africana (Blumenbach, 1797)",Loxodonta africana,Loxodonta,Elephantidae,0.594416,37.434962,31451.0,Isiolo,,,2019-07-31T14:06,2019.0,7.0,31.0,HUMAN_OBSERVATION,iNaturalist,iNaturalist research-grade observations
2451704855,"Loxodonta africana (Blumenbach, 1797)",Loxodonta africana,Loxodonta,Elephantidae,0.087667,36.861173,31451.0,Laikipia,,,2019-07-28T11:20,2019.0,7.0,28.0,HUMAN_OBSERVATION,iNaturalist,iNaturalist research-grade observations
2451705277,"Loxodonta africana (Blumenbach, 1797)",Loxodonta africana,Loxodonta,Elephantidae,0.532455,37.565405,31451.0,Isiolo,,,2019-07-30T11:20,2019.0,7.0,30.0,HUMAN_OBSERVATION,iNaturalist,iNaturalist research-grade observations
3070310697,"Loxodonta africana (Blumenbach, 1797)",Loxodonta africana,Loxodonta,Elephantidae,-1.074833,35.254919,31448.0,Narok,,,2019-07-17T17:01:40,2019.0,7.0,17.0,HUMAN_OBSERVATION,iNaturalist,iNaturalist research-grade observations
3070346699,"Loxodonta africana (Blumenbach, 1797)",Loxodonta africana,Loxodonta,Elephantidae,-1.065727,35.209783,31448.0,Narok,,,2019-07-12T17:11:37,2019.0,7.0,12.0,HUMAN_OBSERVATION,iNaturalist,iNaturalist research-grade observations
3109140484,"Loxodonta africana (Blumenbach, 1797)",Loxodonta africana,Loxodonta,Elephantidae,-1.555032,35.364096,31446.0,Narok,,,2019-07-21T17:12:11,2019.0,7.0,21.0,HUMAN_OBSERVATION,iNaturalist,iNaturalist research-grade observations
3109236493,"Loxodonta africana (Blumenbach, 1797)",Loxodonta africana,Loxodonta,Elephantidae,-1.592962,35.170615,31446.0,Narok,,,2019-07-23T10:34:21,2019.0,7.0,23.0,HUMAN_OBSERVATION,iNaturalist,iNaturalist research-grade observations
3109433468,"Loxodonta africana (Blumenbach, 1797)",Loxodonta africana,Loxodonta,Elephantidae,-1.155976,35.309096,31448.0,Narok,,,2019-07-25T17:10:47,2019.0,7.0,25.0,HUMAN_OBSERVATION,iNaturalist,iNaturalist research-grade observations
3743055632,"Loxodonta africana (Blumenbach, 1797)",Loxodonta africana,Loxodonta,Elephantidae,0.289529,36.8518,31451.0,Laikipia,,,2019-07-09T05:02,2019.0,7.0,9.0,HUMAN_OBSERVATION,iNaturalist,iNaturalist research-grade observations
3743062778,"Loxodonta africana (Blumenbach, 1797)",Loxodonta africana,Loxodonta,Elephantidae,0.405966,36.908678,31451.0,Laikipia,,,2019-07-18T01:14,2019.0,7.0,18.0,HUMAN_OBSERVATION,iNaturalist,iNaturalist research-grade observations
3743073700,"Loxodonta africana (Blumenbach, 1797)",Loxodonta africana,Loxodonta,Elephantidae,0.359113,36.957775,31451.0,Laikipia,,,2019-07-18T01:07,2019.0,7.0,18.0,HUMAN_OBSERVATION,iNaturalist,iNaturalist research-grade observations
3743110499,"Loxodonta africana (Blumenbach, 1797)",Loxodonta africana,Loxodonta,Elephantidae,0.440677,36.952241,31451.0,Laikipia,,,2019-07-18T01:14,2019.0,7.0,18.0,HUMAN_OBSERVATION,iNaturalist,iNaturalist research-grade observations
3889052507,"Loxodonta africana (Blumenbach, 1797)",Loxodonta africana,Loxodonta,Elephantidae,0.004553,36.929124,31451.0,Laikipia,,,2019-07-22T05:25,2019.0,7.0,22.0,HUMAN_OBSERVATION,iNaturalist,iNaturalist research-grade observations
3889065869,"Loxodonta africana (Blumenbach, 1797)",Loxodonta africana,Loxodonta,Elephantidae,-0.508187,36.6918,31451.0,Nyeri,,,2019-07-26T15:05,2019.0,7.0,26.0,HUMAN_OBSERVATION,iNaturalist,iNaturalist research-grade observations
3889212558,"Loxodonta africana (Blumenbach, 1797)",Loxodonta africana,Loxodonta,Elephantidae,0.024614,36.98147,31451.0,Laikipia,,,2019-07-22T09:03,2019.0,7.0,22.0,HUMAN_OBSERVATION,iNaturalist,iNaturalist research-grade observations
3889212568,"Loxodonta africana (Blumenbach, 1797)",Loxodonta africana,Loxodonta,Elephantidae,0.668463,37.581447,31450.0,Samburu,,,2019-07-25T08:36,2019.0,7.0,25.0,HUMAN_OBSERVATION,iNaturalist,iNaturalist research-grade observations
3889221485,"Loxodonta africana (Blumenbach, 1797)",Loxodonta africana,Loxodonta,Elephantidae,0.748831,37.414313,31450.0,Samburu,,,2019-07-26T00:11,2019.0,7.0,26.0,HUMAN_OBSERVATION,iNaturalist,iNaturalist research-grade observations
4465422156,"Loxodonta africana (Blumenbach, 1797)",Loxodonta africana,Loxodonta,Elephantidae,-1.505128,35.304202,31446.0,Narok,,,2019-07-05T19:04:47,2019.0,7.0,5.0,HUMAN_OBSERVATION,iNaturalist,iNaturalist research-grade observations
4506203334,"Loxodonta africana (Blumenbach, 1797)",Loxodonta africana,Loxodonta,Elephantidae,-1.013542,34.997665,46892.0,Narok,,,2019-07-26T16:18:45,2019.0,7.0,26.0,HUMAN_OBSERVATION,iNaturalist,iNaturalist research-grade observations
5230041031,"Loxodonta africana (Blumenbach, 1797)",Loxodonta africana,Loxodonta,Elephantidae,-1.06457,35.259326,31448.0,Narok,,,2019-07-19T17:02,2019.0,7.0,19.0,HUMAN_OBSERVATION,iNaturalist,iNaturalist research-grade observations
5231352091,"Loxodonta africana (Blumenbach, 1797)",Loxodonta africana,Loxodonta,Elephantidae,-0.050639,37.888224,716645.0,Meru,,,2019-07-06T18:24,2019.0,7.0,6.0,HUMAN_OBSERVATION,iNaturalist,iNaturalist research-grade observations
2350388070,"Loxodonta africana (Blumenbach, 1797)",Loxodonta africana,Loxodonta,Elephantidae,0.330837,36.813669,31451.0,Laikipia,,,2019-08-10T17:00,2019.0,8.0,10.0,HUMAN_OBSERVATION,iNaturalist,iNaturalist research-grade observations
2350390072,"Loxodonta africana (Blumenbach, 1797)",Loxodonta africana,Loxodonta,Elephantidae,0.275392,36.730759,88673.0,Laikipia,,,2019-08-11,2019.0,8.0,11.0,HUMAN_OBSERVATION,iNaturalist,iNaturalist research-grade observations
2350396612,"Loxodonta africana (Blumenbach, 1797)",Loxodonta africana,Loxodonta,Elephantidae,0.319626,36.796746,88673.0,Laikipia,,,2019-08-11,2019.0,8.0,11.0,HUMAN_OBSERVATION,iNaturalist,iNaturalist research-grade observations
2366047000,"Loxodonta africana (Blumenbach, 1797)",Loxodonta africana,Loxodonta,Elephantidae,0.24657,36.711252,88673.0,Laikipia,,,2019-08-13T10:07,2019.0,8.0,13.0,HUMAN_OBSERVATION,iNaturalist,iNaturalist research-grade observations
2366047562,"Loxodonta africana (Blumenbach, 1797)",Loxodonta africana,Loxodonta,Elephantidae,0.283541,36.666837,88673.0,Laikipia,,,2019-08-11,2019.0,8.0,11.0,HUMAN_OBSERVATION,iNaturalist,iNaturalist research-grade observations
2366103463,"Loxodonta africana (Blumenbach, 1797)",Loxodonta africana,Loxodonta,Elephantidae,0.22262,36.653237,88673.0,Laikipia,,,2019-08-11,2019.0,8.0,11.0,HUMAN_OBSERVATION,iNaturalist,iNaturalist research-grade observations
2397591894,"Loxodonta africana (Blumenbach, 1797)",Loxodonta africana,Loxodonta,Elephantidae,-1.518329,35.304296,31446.0,Narok,,,2019-08-04T16:32,2019.0,8.0,4.0,HUMAN_OBSERVATION,iNaturalist,iNaturalist research-grade observations
2397597459,"Loxodonta africana (Blumenbach, 1797)",Loxodonta africana,Loxodonta,Elephantidae,0.327332,36.923789,31451.0,Laikipia,,,2019-08-11T15:10,2019.0,8.0,11.0,HUMAN_OBSERVATION,iNaturalist,iNaturalist research-grade observations
2397626802,"Loxodonta africana (Blumenbach, 1797)",Loxodonta africana,Loxodonta,Elephantidae,0.752941,37.769618,31450.0,Samburu,,,2019-08-03T16:57,2019.0,8.0,3.0,HUMAN_OBSERVATION,iNaturalist,iNaturalist research-grade observations
2397638304,"Loxodonta africana (Blumenbach, 1797)",Loxodonta africana,Loxodonta,Elephantidae,0.684228,37.71722,31450.0,Samburu,,,2019-08-04T08:10,2019.0,8.0,4.0,HUMAN_OBSERVATION,iNaturalist,iNaturalist research-grade observations
2422941647,"Loxodonta africana (Blumenbach, 1797)",Loxodonta africana,Loxodonta,Elephantidae,-1.598249,35.006312,31446.0,Narok,,,2019-08-08T14:17,2019.0,8.0,8.0,HUMAN_OBSERVATION,iNaturalist,iNaturalist research-grade observations
2429549294,"Loxodonta africana (Blumenbach, 1797)",Loxodonta africana,Loxodonta,Elephantidae,-1.580951,35.204588,31446.0,Narok,,,2019-08-05T09:43,2019.0,8.0,5.0,HUMAN_OBSERVATION,iNaturalist,iNaturalist research-grade observations
2626182016,"Loxodonta africana (Blumenbach, 1797)",Loxodonta africana,Loxodonta,Elephantidae,-1.653363,35.1896,31444.0,Narok,,,2019-08-16,2019.0,8.0,16.0,HUMAN_OBSERVATION,iNaturalist,iNaturalist research-grade observations
2641373641,"Loxodonta africana (Blumenbach, 1797)",Loxodonta africana,Loxodonta,Elephantidae,-1.516008,34.949397,31446.0,Narok,,,2019-08-02,2019.0,8.0,2.0,HUMAN_OBSERVATION,iNaturalist,iNaturalist research-grade observations
2814472337,"Loxodonta africana (Blumenbach, 1797)",Loxodonta africana,Loxodonta,Elephantidae,-1.384448,34.896207,31447.0,Narok,,,2019-08-19T10:12,2019.0,8.0,19.0,HUMAN_OBSERVATION,iNaturalist,iNaturalist research-grade observations
3070255765,"Loxodonta africana (Blumenbach, 1797)",Loxodonta africana,Loxodonta,Elephantidae,0.182174,36.938878,31451.0,Laikipia,,,2019-08-10T16:53,2019.0,8.0,10.0,HUMAN_OBSERVATION,iNaturalist,iNaturalist research-grade observations
3070479684,"Loxodonta africana (Blumenbach, 1797)",Loxodonta africana,Loxodonta,Elephantidae,0.062056,36.886521,31451.0,Laikipia,,,2019-08-09T16:53:06,2019.0,8.0,9.0,HUMAN_OBSERVATION,iNaturalist,iNaturalist research-grade observations
3070512729,"Loxodonta africana (Blumenbach, 1797)",Loxodonta africana,Loxodonta,Elephantidae,-1.78632,35.205765,31444.0,Narok,,,2019-08-12T09:17,2019.0,8.0,12.0,HUMAN_OBSERVATION,iNaturalist,iNaturalist research-grade observations
3915592125,"Loxodonta africana (Blumenbach, 1797)",Loxodonta africana,Loxodonta,Elephantidae,-1.257499,35.286882,51893.0,Narok,,,2019-08-01T10:54,2019.0,8.0,1.0,HUMAN_OBSERVATION,iNaturalist,iNaturalist research-grade observations
4522675736,"Loxodonta africana (Blumenbach, 1797)",Loxodonta africana,Loxodonta,Elephantidae,-2.678638,37.361142,31434.0,Kajiado,,,2019-08-06T07:56,2019.0,8.0,6.0,HUMAN_OBSERVATION,iNaturalist,iNaturalist research-grade observations
4846996237,"Loxodonta africana (Blumenbach, 1797)",Loxodonta africana,Loxodonta,Elephantidae,-2.978202,37.905888,80374.0,Taita Taveta,,,2019-08-03T19:35:55,2019.0,8.0,3.0,HUMAN_OBSERVATION,iNaturalist,iNaturalist research-grade observations
5077059947,"Loxodonta africana (Blumenbach, 1797)",Loxodonta africana,Loxodonta,Elephantidae,-2.935117,38.191539,31431.0,Taita Taveta,,,2019-08-20T16:55,2019.0,8.0,20.0,HUMAN_OBSERVATION,iNaturalist,iNaturalist research-grade observations
5087534803,"Loxodonta africana (Blumenbach, 1797)",Loxodonta africana,Loxodonta,Elephantidae,-2.675706,38.801808,44455.0,Kitui,,,2019-08-02T09:19,2019.0,8.0,2.0,HUMAN_OBSERVATION,iNaturalist,iNaturalist research-grade observations
5087563913,"Loxodonta africana (Blumenbach, 1797)",Loxodonta africana,Loxodonta,Elephantidae,-2.721245,38.965978,44455.0,Kitui,,,2019-08-02T09:54,2019.0,8.0,2.0,HUMAN_OBSERVATION,iNaturalist,iNaturalist research-grade observations
5198427836,"Loxodonta africana (Blumenbach, 1797)",Loxodonta africana,Loxodonta,Elephantidae,-2.980287,38.107251,31431.0,Taita Taveta,,,2019-08-20T15:40,2019.0,8.0,20.0,HUMAN_OBSERVATION,iNaturalist,iNaturalist research-grade observations
5205820059,"Loxodonta africana (Blumenbach, 1797)",Loxodonta africana,Loxodonta,Elephantidae,-3.417217,38.988514,31422.0,Taita Taveta,,,2019-08-22T16:07,2019.0,8.0,22.0,HUMAN_OBSERVATION,iNaturalist,iNaturalist research-grade observations
5205890192,"Loxodonta africana (Blumenbach, 1797)",Loxodonta africana,Loxodonta,Elephantidae,-3.364841,38.871229,31425.0,Taita Taveta,,,2019-08-22T17:42,2019.0,8.0,22.0,HUMAN_OBSERVATION,iNaturalist,iNaturalist research-grade observations
5206040179,"Loxodonta africana (Blumenbach, 1797)",Loxodonta africana,Loxodonta,Elephantidae,-3.356196,38.719964,31425.0,Taita Taveta,,,2019-08-23T08:07,2019.0,8.0,23.0,HUMAN_OBSERVATION,iNaturalist,iNaturalist research-grade observations
5206242829,"Loxodonta africana (Blumenbach, 1797)",Loxodonta africana,Loxodonta,Elephantidae,-2.780034,37.344701,31434.0,Kajiado,,,2019-08-21T17:37,2019.0,8.0,21.0,HUMAN_OBSERVATION,iNaturalist,iNaturalist research-grade observations
5206248858,"Loxodonta africana (Blumenbach, 1797)",Loxodonta africana,Loxodonta,Elephantidae,-2.755168,37.35794,31434.0,Kajiado,,,2019-08-21T15:41,2019.0,8.0,21.0,HUMAN_OBSERVATION,iNaturalist,iNaturalist research-grade observations
5206284821,"Loxodonta africana (Blumenbach, 1797)",Loxodonta africana,Loxodonta,Elephantidae,-2.714948,37.378598,31434.0,Kajiado,,,2019-08-21T10:47,2019.0,8.0,21.0,HUMAN_OBSERVATION,iNaturalist,iNaturalist research-grade observations
5206299064,"Loxodonta africana (Blumenbach, 1797)",Loxodonta africana,Loxodonta,Elephantidae,-3.280116,38.74123,31425.0,Taita Taveta,,,2019-08-22T12:52,2019.0,8.0,22.0,HUMAN_OBSERVATION,iNaturalist,iNaturalist research-grade observations
5206679190,"Loxodonta africana (Blumenbach, 1797)",Loxodonta africana,Loxodonta,Elephantidae,-3.217601,38.673408,31425.0,Taita Taveta,,,2019-08-23T09:23,2019.0,8.0,23.0,HUMAN_OBSERVATION,iNaturalist,iNaturalist research-grade observations
5938034888,"Loxodonta africana (Blumenbach, 1797)",Loxodonta africana,Loxodonta,Elephantidae,0.49686,37.690037,31451.0,Isiolo,,,2019-08-03T23:04,2019.0,8.0,3.0,HUMAN_OBSERVATION,iNaturalist,iNaturalist research-grade observations
5938100492,"Loxodonta africana (Blumenbach, 1797)",Loxodonta africana,Loxodonta,Elephantidae,0.44043,37.423305,31451.0,Isiolo,,,2019-08-02T22:53,2019.0,8.0,2.0,HUMAN_OBSERVATION,iNaturalist,iNaturalist research-grade observations
2423020044,"Loxodonta africana (Blumenbach, 1797)",Loxodonta africana,Loxodonta,Elephantidae,-1.446424,35.219732,31446.0,Narok,,,2019-09-07T14:41,2019.0,9.0,7.0,HUMAN_OBSERVATION,iNaturalist,iNaturalist research-grade observations
2423059924,"Loxodonta africana (Blumenbach, 1797)",Loxodonta africana,Loxodonta,Elephantidae,-2.655749,37.290521,31434.0,Kajiado,,,2019-09-12T16:09,2019.0,9.0,12.0,HUMAN_OBSERVATION,iNaturalist,iNaturalist research-grade observations
2423081559,"Loxodonta africana (Blumenbach, 1797)",Loxodonta africana,Loxodonta,Elephantidae,-3.255832,38.468824,31425.0,Taita Taveta,,,2019-09-05T09:32:46,2019.0,9.0,5.0,HUMAN_OBSERVATION,iNaturalist,iNaturalist research-grade observations
2429361486,"Loxodonta africana (Blumenbach, 1797)",Loxodonta africana,Loxodonta,Elephantidae,-2.754155,38.246662,31434.0,Makueni,,,2019-09-28T16:34,2019.0,9.0,28.0,HUMAN_OBSERVATION,iNaturalist,iNaturalist research-grade observations
2429591619,"Loxodonta africana (Blumenbach, 1797)",Loxodonta africana,Loxodonta,Elephantidae,0.595463,37.70042,31451.0,Isiolo,,,2019-09-13T17:37,2019.0,9.0,13.0,HUMAN_OBSERVATION,iNaturalist,iNaturalist research-grade observations
2429595459,"Loxodonta africana (Blumenbach, 1797)",Loxodonta africana,Loxodonta,Elephantidae,0.470275,37.44624,31451.0,Isiolo,,,2019-09-14T10:25,2019.0,9.0,14.0,HUMAN_OBSERVATION,iNaturalist,iNaturalist research-grade observations
2445028702,"Loxodonta africana (Blumenbach, 1797)",Loxodonta africana,Loxodonta,Elephantidae,0.786422,37.614397,31450.0,Isiolo,,,2019-09-14T17:31,2019.0,9.0,14.0,HUMAN_OBSERVATION,iNaturalist,iNaturalist research-grade observations
3355264109,"Loxodonta africana (Blumenbach, 1797)",Loxodonta africana,Loxodonta,Elephantidae,-3.32587,38.95927,31425.0,Taita Taveta,,,2019-09-28T08:01,2019.0,9.0,28.0,HUMAN_OBSERVATION,iNaturalist,iNaturalist research-grade observations
3355271238,"Loxodonta africana (Blumenbach, 1797)",Loxodonta africana,Loxodonta,Elephantidae,-1.564361,35.01001,31446.0,Narok,,,2019-09-21T10:37,2019.0,9.0,21.0,HUMAN_OBSERVATION,iNaturalist,iNaturalist research-grade observations
5013200458,"Loxodonta africana (Blumenbach, 1797)",Loxodonta africana,Loxodonta,Elephantidae,-1.444037,35.209122,25.0,,,UTM50_36M_0700_9800,2019-09-07T00:00,2019.0,9.0,7.0,HUMAN_OBSERVATION,NABU|naturgucker,
5014819473,"Loxodonta africana (Blumenbach, 1797)",Loxodonta africana,Loxodonta,Elephantidae,-1.498087,35.176758,25.0,,,UTM50_36M_0700_9800,2019-09-08T00:00,2019.0,9.0,8.0,HUMAN_OBSERVATION,NABU|naturgucker,
5018093629,"Loxodonta africana (Blumenbach, 1797)",Loxodonta africana,Loxodonta,Elephantidae,-2.977327,38.831177,250.0,,,TSAVO-OST-Nationalpark,2019-09-18T00:00,2019.0,9.0,18.0,HUMAN_OBSERVATION,NABU|naturgucker,
2429576176,"Loxodonta africana (Blumenbach, 1797)",Loxodonta africana,Loxodonta,Elephantidae,0.094518,36.871513,31451.0,Laikipia,,,2019-10-02T00:00:05,2019.0,10.0,2.0,HUMAN_OBSERVATION,iNaturalist,iNaturalist research-grade observations
2445096020,"Loxodonta africana (Blumenbach, 1797)",Loxodonta africana,Loxodonta,Elephantidae,0.130675,36.629038,31451.0,Laikipia,,,2019-10-12T18:33,2019.0,10.0,12.0,HUMAN_OBSERVATION,iNaturalist,iNaturalist research-grade observations
2445130046,"Loxodonta africana (Blumenbach, 1797)",Loxodonta africana,Loxodonta,Elephantidae,0.036299,36.775716,31451.0,Laikipia,,,2019-10-12T11:18,2019.0,10.0,12.0,HUMAN_OBSERVATION,iNaturalist,iNaturalist research-grade observations
2447931377,"Loxodonta africana (Blumenbach, 1797)",Loxodonta africana,Loxodonta,Elephantidae,0.055631,36.988936,31451.0,Laikipia,,,2019-10-11,2019.0,10.0,11.0,HUMAN_OBSERVATION,iNaturalist,iNaturalist research-grade observations
2517977035,"Loxodonta africana (Blumenbach, 1797)",Loxodonta africana,Loxodonta,Elephantidae,-2.643363,37.300616,31434.0,Kajiado,,,2019-10-03T16:11,2019.0,10.0,3.0,HUMAN_OBSERVATION,iNaturalist,iNaturalist research-grade observations
2529269703,"Loxodonta africana (Blumenbach, 1797)",Loxodonta africana,Loxodonta,Elephantidae,-2.621641,37.219997,31434.0,Kajiado,,,2019-10-04T17:28,2019.0,10.0,4.0,HUMAN_OBSERVATION,iNaturalist,iNaturalist research-grade observations
2529324303,"Loxodonta africana (Blumenbach, 1797)",Loxodonta africana,Loxodonta,Elephantidae,-2.761751,37.343707,31434.0,Kajiado,,,2019-10-04T10:40,2019.0,10.0,4.0,HUMAN_OBSERVATION,iNaturalist,iNaturalist research-grade observations
2529341689,"Loxodonta africana (Blumenbach, 1797)",Loxodonta africana,Loxodonta,Elephantidae,-2.754609,37.269982,31434.0,Kajiado,,,2019-10-04T16:41,2019.0,10.0,4.0,HUMAN_OBSERVATION,iNaturalist,iNaturalist research-grade observations
2529342712,"Loxodonta africana (Blumenbach, 1797)",Loxodonta africana,Loxodonta,Elephantidae,-2.610333,37.209281,31434.0,Kajiado,,,2019-10-04T16:44,2019.0,10.0,4.0,HUMAN_OBSERVATION,iNaturalist,iNaturalist research-grade observations
2529350535,"Loxodonta africana (Blumenbach, 1797)",Loxodonta africana,Loxodonta,Elephantidae,-2.763767,37.207434,31434.0,Kajiado,,,2019-10-04T11:41,2019.0,10.0,4.0,HUMAN_OBSERVATION,iNaturalist,iNaturalist research-grade observations
2542959314,"Loxodonta africana (Blumenbach, 1797)",Loxodonta africana,Loxodonta,Elephantidae,-1.190079,35.170864,31448.0,Narok,,,2019-10-09T07:36,2019.0,10.0,9.0,HUMAN_OBSERVATION,iNaturalist,iNaturalist research-grade observations
2543034332,"Loxodonta africana (Blumenbach, 1797)",Loxodonta africana,Loxodonta,Elephantidae,0.018322,36.951774,33657.0,Laikipia,,,2019-10-12T15:06:21,2019.0,10.0,12.0,HUMAN_OBSERVATION,iNaturalist,iNaturalist research-grade observations
2611376107,"Loxodonta africana (Blumenbach, 1797)",Loxodonta africana,Loxodonta,Elephantidae,-3.369924,38.421334,31425.0,Taita Taveta,,,2019-10-30T09:27,2019.0,10.0,30.0,HUMAN_OBSERVATION,iNaturalist,iNaturalist research-grade observations
2802906766,"Loxodonta africana (Blumenbach, 1797)",Loxodonta africana,Loxodonta,Elephantidae,-2.683418,37.327021,31434.0,Kajiado,,,2019-10-27T16:51:34,2019.0,10.0,27.0,HUMAN_OBSERVATION,iNaturalist,iNaturalist research-grade observations
3705473844,"Loxodonta africana (Blumenbach, 1797)",Loxodonta africana,Loxodonta,Elephantidae,0.079379,36.937074,31451.0,Laikipia,,,2019-10-12T15:00Z,2019.0,10.0,12.0,HUMAN_OBSERVATION,iNaturalist,iNaturalist research-grade observations
3705794805,"Loxodonta africana (Blumenbach, 1797)",Loxodonta africana,Loxodonta,Elephantidae,0.169423,36.910801,31451.0,Laikipia,,,2019-10-12T11:46Z,2019.0,10.0,12.0,HUMAN_OBSERVATION,iNaturalist,iNaturalist research-grade observations
4405026300,"Loxodonta africana (Blumenbach, 1797)",Loxodonta africana,Loxodonta,Elephantidae,-2.545852,37.042786,31436.0,Kajiado,,,2019-10-06T06:35,2019.0,10.0,6.0,HUMAN_OBSERVATION,iNaturalist,iNaturalist research-grade observations
4405059223,"Loxodonta africana (Blumenbach, 1797)",Loxodonta africana,Loxodonta,Elephantidae,-2.592443,37.010687,31436.0,Kajiado,,,2019-10-06T06:30,2019.0,10.0,6.0,HUMAN_OBSERVATION,iNaturalist,iNaturalist research-grade observations
4405116990,"Loxodonta africana (Blumenbach, 1797)",Loxodonta africana,Loxodonta,Elephantidae,-2.56303,37.040758,31436.0,Kajiado,,,2019-10-06T06:30,2019.0,10.0,6.0,HUMAN_OBSERVATION,iNaturalist,iNaturalist research-grade observations
4405292102,"Loxodonta africana (Blumenbach, 1797)",Loxodonta africana,Loxodonta,Elephantidae,-2.460544,37.066176,31436.0,Kajiado,,,2019-10-06T06:30,2019.0,10.0,6.0,HUMAN_OBSERVATION,iNaturalist,iNaturalist research-grade observations
4405305979,"Loxodonta africana (Blumenbach, 1797)",Loxodonta africana,Loxodonta,Elephantidae,-2.571408,37.139339,31436.0,Kajiado,,,2019-10-06T06:44,2019.0,10.0,6.0,HUMAN_OBSERVATION,iNaturalist,iNaturalist research-grade observations
4405308398,"Loxodonta africana (Blumenbach, 1797)",Loxodonta africana,Loxodonta,Elephantidae,-2.456544,37.1737,31436.0,Kajiado,,,2019-10-06T06:30,2019.0,10.0,6.0,HUMAN_OBSERVATION,iNaturalist,iNaturalist research-grade observations
4405318327,"Loxodonta africana (Blumenbach, 1797)",Loxodonta africana,Loxodonta,Elephantidae,-2.443203,37.018245,31436.0,Kajiado,,,2019-10-06T06:30,2019.0,10.0,6.0,HUMAN_OBSERVATION,iNaturalist,iNaturalist research-grade observations
4405324792,"Loxodonta africana (Blumenbach, 1797)",Loxodonta africana,Loxodonta,Elephantidae,-2.561381,37.04428,31436.0,Kajiado,,,2019-10-06T06:36,2019.0,10.0,6.0,HUMAN_OBSERVATION,iNaturalist,iNaturalist research-grade observations
4405339978,"Loxodonta africana (Blumenbach, 1797)",Loxodonta africana,Loxodonta,Elephantidae,-2.425731,36.968784,31436.0,Kajiado,,,2019-10-06T22:59,2019.0,10.0,6.0,HUMAN_OBSERVATION,iNaturalist,iNaturalist research-grade observations
4405390763,"Loxodonta africana (Blumenbach, 1797)",Loxodonta africana,Loxodonta,Elephantidae,-2.500737,36.801705,31436.0,Kajiado,,,2019-10-06T07:35,2019.0,10.0,6.0,HUMAN_OBSERVATION,iNaturalist,iNaturalist research-grade observations
4405406112,"Loxodonta africana (Blumenbach, 1797)",Loxodonta africana,Loxodonta,Elephantidae,-2.491604,37.161514,31436.0,Kajiado,,,2019-10-06T06:38,2019.0,10.0,6.0,HUMAN_OBSERVATION,iNaturalist,iNaturalist research-grade observations
4405414207,"Loxodonta africana (Blumenbach, 1797)",Loxodonta africana,Loxodonta,Elephantidae,-1.518479,35.167257,31446.0,Narok,,,2019-10-09T00:47,2019.0,10.0,9.0,HUMAN_OBSERVATION,iNaturalist,iNaturalist research-grade observations
4405428142,"Loxodonta africana (Blumenbach, 1797)",Loxodonta africana,Loxodonta,Elephantidae,-2.540102,37.053501,31436.0,Kajiado,,,2019-10-06T06:40,2019.0,10.0,6.0,HUMAN_OBSERVATION,iNaturalist,iNaturalist research-grade observations
4405435194,"Loxodonta africana (Blumenbach, 1797)",Loxodonta africana,Loxodonta,Elephantidae,-1.332591,35.185161,31447.0,Narok,,,2019-10-09T04:49,2019.0,10.0,9.0,HUMAN_OBSERVATION,iNaturalist,iNaturalist research-grade observations
4405448972,"Loxodonta africana (Blumenbach, 1797)",Loxodonta africana,Loxodonta,Elephantidae,-2.483253,37.031045,31436.0,Kajiado,,,2019-10-06T06:37,2019.0,10.0,6.0,HUMAN_OBSERVATION,iNaturalist,iNaturalist research-grade observations
4405462980,"Loxodonta africana (Blumenbach, 1797)",Loxodonta africana,Loxodonta,Elephantidae,-2.557535,37.058206,31436.0,Kajiado,,,2019-10-06T06:59,2019.0,10.0,6.0,HUMAN_OBSERVATION,iNaturalist,iNaturalist research-grade observations
4405464987,"Loxodonta africana (Blumenbach, 1797)",Loxodonta africana,Loxodonta,Elephantidae,-2.449579,37.148513,31436.0,Kajiado,,,2019-10-06T05:50,2019.0,10.0,6.0,HUMAN_OBSERVATION,iNaturalist,iNaturalist research-grade observations
4405466101,"Loxodonta africana (Blumenbach, 1797)",Loxodonta africana,Loxodonta,Elephantidae,-1.344092,35.163061,31447.0,Narok,,,2019-10-08T23:41,2019.0,10.0,8.0,HUMAN_OBSERVATION,iNaturalist,iNaturalist research-grade observations
4405468431,"Loxodonta africana (Blumenbach, 1797)",Loxodonta africana,Loxodonta,Elephantidae,-2.541435,37.174376,31436.0,Kajiado,,,2019-10-06T06:35,2019.0,10.0,6.0,HUMAN_OBSERVATION,iNaturalist,iNaturalist research-grade observations
4405487863,"Loxodonta africana (Blumenbach, 1797)",Loxodonta africana,Loxodonta,Elephantidae,-2.543391,37.122243,31436.0,Kajiado,,,2019-10-06T06:31,2019.0,10.0,6.0,HUMAN_OBSERVATION,iNaturalist,iNaturalist research-grade observations
4405495149,"Loxodonta africana (Blumenbach, 1797)",Loxodonta africana,Loxodonta,Elephantidae,-2.592533,37.0329,31436.0,Kajiado,,,2019-10-06T06:37,2019.0,10.0,6.0,HUMAN_OBSERVATION,iNaturalist,iNaturalist research-grade observations
4405504898,"Loxodonta africana (Blumenbach, 1797)",Loxodonta africana,Loxodonta,Elephantidae,-1.278102,35.181355,31447.0,Narok,,,2019-10-08T23:37,2019.0,10.0,8.0,HUMAN_OBSERVATION,iNaturalist,iNaturalist research-grade observations
4405546074,"Loxodonta africana (Blumenbach, 1797)",Loxodonta africana,Loxodonta,Elephantidae,-2.57221,37.100469,31436.0,Kajiado,,,2019-10-06T07:00,2019.0,10.0,6.0,HUMAN_OBSERVATION,iNaturalist,iNaturalist research-grade observations
4405598361,"Loxodonta africana (Blumenbach, 1797)",Loxodonta africana,Loxodonta,Elephantidae,-1.235685,35.129922,31447.0,Narok,,,2019-10-09T04:51,2019.0,10.0,9.0,HUMAN_OBSERVATION,iNaturalist,iNaturalist research-grade observations
4936440601,"Loxodonta africana (Blumenbach, 1797)",Loxodonta africana,Loxodonta,Elephantidae,-2.758551,37.243712,57953.0,Kajiado,,,2019-10-19T13:20:03,2019.0,10.0,19.0,HUMAN_OBSERVATION,iNaturalist,iNaturalist research-grade observations
2460121491,"Loxodonta africana (Blumenbach, 1797)",Loxodonta africana,Loxodonta,Elephantidae,-1.06946,35.308774,31448.0,Narok,,,2019-11-05T16:35,2019.0,11.0,5.0,HUMAN_OBSERVATION,iNaturalist,iNaturalist research-grade observations
2465180584,"Loxodonta africana (Blumenbach, 1797)",Loxodonta africana,Loxodonta,Elephantidae,-1.045966,35.214445,31448.0,Narok,,,2019-11-05T19:27,2019.0,11.0,5.0,HUMAN_OBSERVATION,iNaturalist,iNaturalist research-grade observations
2465265381,"Loxodonta africana (Blumenbach, 1797)",Loxodonta africana,Loxodonta,Elephantidae,-1.552743,35.17136,31446.0,Narok,,,2019-11-30T06:38,2019.0,11.0,30.0,HUMAN_OBSERVATION,iNaturalist,iNaturalist research-grade observations
2529265882,"Loxodonta africana (Blumenbach, 1797)",Loxodonta africana,Loxodonta,Elephantidae,-3.469705,38.101741,31422.0,Taita Taveta,,,2019-11-11T15:03,2019.0,11.0,11.0,HUMAN_OBSERVATION,iNaturalist,iNaturalist research-grade observations
2529293558,"Loxodonta africana (Blumenbach, 1797)",Loxodonta africana,Loxodonta,Elephantidae,-3.524307,38.168853,31422.0,Taita Taveta,,,2019-11-10T10:43,2019.0,11.0,10.0,HUMAN_OBSERVATION,iNaturalist,iNaturalist research-grade observations
2529319946,"Loxodonta africana (Blumenbach, 1797)",Loxodonta africana,Loxodonta,Elephantidae,-3.432005,38.107364,31422.0,Taita Taveta,,,2019-11-11T15:02,2019.0,11.0,11.0,HUMAN_OBSERVATION,iNaturalist,iNaturalist research-grade observations
2529374029,"Loxodonta africana (Blumenbach, 1797)",Loxodonta africana,Loxodonta,Elephantidae,-3.521272,38.015771,31422.0,Taita Taveta,,,2019-11-10T10:43,2019.0,11.0,10.0,HUMAN_OBSERVATION,iNaturalist,iNaturalist research-grade observations
2529386008,"Loxodonta africana (Blumenbach, 1797)",Loxodonta africana,Loxodonta,Elephantidae,-3.471524,38.137544,31422.0,Taita Taveta,,,2019-11-11T15:01,2019.0,11.0,11.0,HUMAN_OBSERVATION,iNaturalist,iNaturalist research-grade observations
2529397204,"Loxodonta africana (Blumenbach, 1797)",Loxodonta africana,Loxodonta,Elephantidae,-3.523036,38.083894,31422.0,Taita Taveta,,,2019-11-11T14:54,2019.0,11.0,11.0,HUMAN_OBSERVATION,iNaturalist,iNaturalist research-grade observations
2529408028,"Loxodonta africana (Blumenbach, 1797)",Loxodonta africana,Loxodonta,Elephantidae,-3.417208,38.077212,31422.0,Taita Taveta,,,2019-11-11T11:05,2019.0,11.0,11.0,HUMAN_OBSERVATION,iNaturalist,iNaturalist research-grade observations
2550027726,"Loxodonta africana (Blumenbach, 1797)",Loxodonta africana,Loxodonta,Elephantidae,-3.574538,38.166356,31422.0,Taita Taveta,,,2019-11-12T04:24,2019.0,11.0,12.0,HUMAN_OBSERVATION,iNaturalist,iNaturalist research-grade observations
2550052105,"Loxodonta africana (Blumenbach, 1797)",Loxodonta africana,Loxodonta,Elephantidae,-3.402318,38.069291,31422.0,Taita Taveta,,,2019-11-12T04:39,2019.0,11.0,12.0,HUMAN_OBSERVATION,iNaturalist,iNaturalist research-grade observations
2575228813,"Loxodonta africana (Blumenbach, 1797)",Loxodonta africana,Loxodonta,Elephantidae,-1.7329,40.0922,,,Tana River,Jamhuri village-Pokomo inhabitants,2019-11-01,2019.0,11.0,1.0,HUMAN_OBSERVATION,NMK,
2575228835,"Loxodonta africana (Blumenbach, 1797)",Loxodonta africana,Loxodonta,Elephantidae,-1.5679,39.4752,,,Tana River,Daba village-Oroma ihhabitants,2019-11-02,2019.0,11.0,2.0,HUMAN_OBSERVATION,NMK,
2580270472,"Loxodonta africana (Blumenbach, 1797)",Loxodonta africana,Loxodonta,Elephantidae,0.37005,37.568135,31451.0,Isiolo,,,2019-11-05T15:38,2019.0,11.0,5.0,HUMAN_OBSERVATION,iNaturalist,iNaturalist research-grade observations
4075648267,"Loxodonta africana (Blumenbach, 1797)",Loxodonta africana,Loxodonta,Elephantidae,0.571934,37.439706,31451.0,Samburu,,,2019-11-26T02:53,2019.0,11.0,26.0,HUMAN_OBSERVATION,iNaturalist,iNaturalist research-grade observations
4075675286,"Loxodonta africana (Blumenbach, 1797)",Loxodonta africana,Loxodonta,Elephantidae,0.494593,37.586533,31451.0,Isiolo,,,2019-11-26T02:58,2019.0,11.0,26.0,HUMAN_OBSERVATION,iNaturalist,iNaturalist research-grade observations
4075714256,"Loxodonta africana (Blumenbach, 1797)",Loxodonta africana,Loxodonta,Elephantidae,0.47142,37.566264,31451.0,Isiolo,,,2019-11-26T03:42,2019.0,11.0,26.0,HUMAN_OBSERVATION,iNaturalist,iNaturalist research-grade observations
2517994067,"Loxodonta africana (Blumenbach, 1797)",Loxodonta africana,Loxodonta,Elephantidae,-2.868414,38.155196,31431.0,Taita Taveta,,,2019-12-04T18:13,2019.0,12.0,4.0,HUMAN_OBSERVATION,iNaturalist,iNaturalist research-grade observations
2542913564,"Loxodonta africana (Blumenbach, 1797)",Loxodonta africana,Loxodonta,Elephantidae,-1.524425,35.159214,31446.0,Narok,,,2019-12-26T11:21:37,2019.0,12.0,26.0,HUMAN_OBSERVATION,iNaturalist,iNaturalist research-grade observations
2826337275,"Loxodonta africana (Blumenbach, 1797)",Loxodonta africana,Loxodonta,Elephantidae,-1.53768,35.082253,41613.0,Narok,,,2019-12-07T06:24:03,2019.0,12.0,7.0,HUMAN_OBSERVATION,iNaturalist,iNaturalist research-grade observations
2873754839,"Loxodonta africana (Blumenbach, 1797)",Loxodonta africana,Loxodonta,Elephantidae,1.080221,37.575753,31448.0,Samburu,,,2019-12-26T18:01:37,2019.0,12.0,26.0,HUMAN_OBSERVATION,iNaturalist,iNaturalist research-grade observations
1807324668,"Loxodonta africana (Blumenbach, 1797)",Loxodonta africana,Loxodonta,Elephantidae,0.194905,37.007716,31451.0,Laikipia,,,2018-01-30,2018.0,1.0,30.0,HUMAN_OBSERVATION,iNaturalist,iNaturalist research-grade observations
1837093424,"Loxodonta africana (Blumenbach, 1797)",Loxodonta africana,Loxodonta,Elephantidae,0.367496,36.884216,31451.0,Laikipia,,,2018-01-28T08:23:27,2018.0,1.0,28.0,HUMAN_OBSERVATION,iNaturalist,iNaturalist research-grade observations
1837093608,"Loxodonta africana (Blumenbach, 1797)",Loxodonta africana,Loxodonta,Elephantidae,0.229246,36.998232,31451.0,Laikipia,,,2018-01-28T16:02,2018.0,1.0,28.0,HUMAN_OBSERVATION,iNaturalist,iNaturalist research-grade observations
1837744604,"Loxodonta africana (Blumenbach, 1797)",Loxodonta africana,Loxodonta,Elephantidae,0.393605,36.943719,31451.0,Laikipia,,,2018-01-27T09:27,2018.0,1.0,27.0,HUMAN_OBSERVATION,iNaturalist,iNaturalist research-grade observations
1837744663,"Loxodonta africana (Blumenbach, 1797)",Loxodonta africana,Loxodonta,Elephantidae,0.249478,36.843542,31451.0,Laikipia,,,2018-01-27T09:19,2018.0,1.0,27.0,HUMAN_OBSERVATION,iNaturalist,iNaturalist research-grade observations
1837744730,"Loxodonta africana (Blumenbach, 1797)",Loxodonta africana,Loxodonta,Elephantidae,0.333226,36.857623,31451.0,Laikipia,,,2018-01-28T13:10,2018.0,1.0,28.0,HUMAN_OBSERVATION,iNaturalist,iNaturalist research-grade observations
1837744741,"Loxodonta africana (Blumenbach, 1797)",Loxodonta africana,Loxodonta,Elephantidae,0.331181,36.907296,31451.0,Laikipia,,,2018-01-28T10:58,2018.0,1.0,28.0,HUMAN_OBSERVATION,iNaturalist,iNaturalist research-grade observations
1837744748,"Loxodonta africana (Blumenbach, 1797)",Loxodonta africana,Loxodonta,Elephantidae,0.231389,36.827151,31451.0,Laikipia,,,2018-01-28T11:34,2018.0,1.0,28.0,HUMAN_OBSERVATION,iNaturalist,iNaturalist research-grade observations
1837744758,"Loxodonta africana (Blumenbach, 1797)",Loxodonta africana,Loxodonta,Elephantidae,0.424786,36.916867,31451.0,Laikipia,,,2018-01-28T14:53,2018.0,1.0,28.0,HUMAN_OBSERVATION,iNaturalist,iNaturalist research-grade observations
1837744771,"Loxodonta africana (Blumenbach, 1797)",Loxodonta africana,Loxodonta,Elephantidae,0.327319,36.946585,31451.0,Laikipia,,,2018-01-28T11:35,2018.0,1.0,28.0,HUMAN_OBSERVATION,iNaturalist,iNaturalist research-grade observations
1837744773,"Loxodonta africana (Blumenbach, 1797)",Loxodonta africana,Loxodonta,Elephantidae,0.361997,36.900392,31451.0,Laikipia,,,2018-01-28T13:10,2018.0,1.0,28.0,HUMAN_OBSERVATION,iNaturalist,iNaturalist research-grade observations
1837744798,"Loxodonta africana (Blumenbach, 1797)",Loxodonta africana,Loxodonta,Elephantidae,0.284559,36.924405,31451.0,Laikipia,,,2018-01-28T11:35,2018.0,1.0,28.0,HUMAN_OBSERVATION,iNaturalist,iNaturalist research-grade observations
1837744830,"Loxodonta africana (Blumenbach, 1797)",Loxodonta africana,Loxodonta,Elephantidae,0.230549,36.911896,31451.0,Laikipia,,,2018-01-28T11:34,2018.0,1.0,28.0,HUMAN_OBSERVATION,iNaturalist,iNaturalist research-grade observations
1837744920,"Loxodonta africana (Blumenbach, 1797)",Loxodonta africana,Loxodonta,Elephantidae,0.273002,36.931264,31451.0,Laikipia,,,2018-01-28T16:23,2018.0,1.0,28.0,HUMAN_OBSERVATION,iNaturalist,iNaturalist research-grade observations
1837744980,"Loxodonta africana (Blumenbach, 1797)",Loxodonta africana,Loxodonta,Elephantidae,0.291011,36.869839,31451.0,Laikipia,,,2018-01-28T11:32,2018.0,1.0,28.0,HUMAN_OBSERVATION,iNaturalist,iNaturalist research-grade observations
1837745017,"Loxodonta africana (Blumenbach, 1797)",Loxodonta africana,Loxodonta,Elephantidae,0.232249,36.844863,31451.0,Laikipia,,,2018-01-28T16:02,2018.0,1.0,28.0,HUMAN_OBSERVATION,iNaturalist,iNaturalist research-grade observations
2429369904,"Loxodonta africana (Blumenbach, 1797)",Loxodonta africana,Loxodonta,Elephantidae,0.449827,36.864437,31451.0,Laikipia,,,2018-01-27T12:14,2018.0,1.0,27.0,HUMAN_OBSERVATION,iNaturalist,iNaturalist research-grade observations
2429372098,"Loxodonta africana (Blumenbach, 1797)",Loxodonta africana,Loxodonta,Elephantidae,0.465499,36.902379,31451.0,Laikipia,,,2018-01-29T16:27,2018.0,1.0,29.0,HUMAN_OBSERVATION,iNaturalist,iNaturalist research-grade observations
3698212866,"Loxodonta africana (Blumenbach, 1797)",Loxodonta africana,Loxodonta,Elephantidae,-2.742777,37.374965,31434.0,Kajiado,,,2018-01-28T08:51,2018.0,1.0,28.0,HUMAN_OBSERVATION,iNaturalist,iNaturalist research-grade observations
3698245757,"Loxodonta africana (Blumenbach, 1797)",Loxodonta africana,Loxodonta,Elephantidae,-2.70576,37.284553,31434.0,Kajiado,,,2018-01-29T05:59,2018.0,1.0,29.0,HUMAN_OBSERVATION,iNaturalist,iNaturalist research-grade observations
4407317234,"Loxodonta africana (Blumenbach, 1797)",Loxodonta africana,Loxodonta,Elephantidae,-2.798647,37.208898,34923.0,Kajiado,,,2018-01-16T11:30,2018.0,1.0,16.0,HUMAN_OBSERVATION,iNaturalist,iNaturalist research-grade observations
4510070030,"Loxodonta africana (Blumenbach, 1797)",Loxodonta africana,Loxodonta,Elephantidae,-1.312356,35.110133,31447.0,Narok,,,2018-01-21T20:03:45,2018.0,1.0,21.0,HUMAN_OBSERVATION,iNaturalist,iNaturalist research-grade observations
2382316330,"Loxodonta africana (Blumenbach, 1797)",Loxodonta africana,Loxodonta,Elephantidae,-0.2295,37.9554,,,Meru,Meru National Park,2018-02,2018.0,2.0,,HUMAN_OBSERVATION,NMK,
3008458732,"Loxodonta africana (Blumenbach, 1797)",Loxodonta africana,Loxodonta,Elephantidae,-1.344794,35.086106,31447.0,Narok,,,2018-02-17T00:35,2018.0,2.0,17.0,HUMAN_OBSERVATION,iNaturalist,iNaturalist research-grade observations
3079561428,"Loxodonta africana (Blumenbach, 1797)",Loxodonta africana,Loxodonta,Elephantidae,-2.600435,37.261709,48794.0,Kajiado,,,2018-02-18T15:07:47,2018.0,2.0,18.0,HUMAN_OBSERVATION,iNaturalist,iNaturalist research-grade observations
3079812125,"Loxodonta africana (Blumenbach, 1797)",Loxodonta africana,Loxodonta,Elephantidae,-1.562437,35.082031,31446.0,Narok,,,2018-02-11T17:14Z,2018.0,2.0,11.0,HUMAN_OBSERVATION,iNaturalist,iNaturalist research-grade observations
3090928524,"Loxodonta africana (Blumenbach, 1797)",Loxodonta africana,Loxodonta,Elephantidae,-1.556696,35.106756,31446.0,Narok,,,2018-02-12T13:08Z,2018.0,2.0,12.0,HUMAN_OBSERVATION,iNaturalist,iNaturalist research-grade observations
3097089780,"Loxodonta africana (Blumenbach, 1797)",Loxodonta africana,Loxodonta,Elephantidae,-1.608755,35.288315,31444.0,Narok,,,2018-02-11T16:12Z,2018.0,2.0,11.0,HUMAN_OBSERVATION,iNaturalist,iNaturalist research-grade observations
3743085930,"Loxodonta africana (Blumenbach, 1797)",Loxodonta africana,Loxodonta,Elephantidae,-1.583503,35.057458,31446.0,Narok,,,2018-02-19T12:18:49,2018.0,2.0,19.0,HUMAN_OBSERVATION,iNaturalist,iNaturalist research-grade observations
3747347562,"Loxodonta africana (Blumenbach, 1797)",Loxodonta africana,Loxodonta,Elephantidae,-1.356331,35.029274,31447.0,Narok,,,2018-02-21T08:44:36,2018.0,2.0,21.0,HUMAN_OBSERVATION,iNaturalist,iNaturalist research-grade observations
3873090398,"Loxodonta africana (Blumenbach, 1797)",Loxodonta africana,Loxodonta,Elephantidae,0.195814,36.857817,31451.0,Laikipia,,,2018-02-19T16:31,2018.0,2.0,19.0,HUMAN_OBSERVATION,iNaturalist,iNaturalist research-grade observations
3873091620,"Loxodonta africana (Blumenbach, 1797)",Loxodonta africana,Loxodonta,Elephantidae,0.154857,36.838046,31451.0,Laikipia,,,2018-02-20T18:35,2018.0,2.0,20.0,HUMAN_OBSERVATION,iNaturalist,iNaturalist research-grade observations
3873223016,"Loxodonta africana (Blumenbach, 1797)",Loxodonta africana,Loxodonta,Elephantidae,0.068855,36.806041,31451.0,Laikipia,,,2018-02-21T11:09,2018.0,2.0,21.0,HUMAN_OBSERVATION,iNaturalist,iNaturalist research-grade observations
4029064574,"Loxodonta africana (Blumenbach, 1797)",Loxodonta africana,Loxodonta,Elephantidae,-1.380938,34.943939,31447.0,Narok,,,2018-02-20T16:48:26,2018.0,2.0,20.0,HUMAN_OBSERVATION,iNaturalist,iNaturalist research-grade observations
4029304738,"Loxodonta africana (Blumenbach, 1797)",Loxodonta africana,Loxodonta,Elephantidae,-1.309279,35.072003,31447.0,Narok,,,2018-02-21T08:42:16,2018.0,2.0,21.0,HUMAN_OBSERVATION,iNaturalist,iNaturalist research-grade observations
4055066230,"Loxodonta africana (Blumenbach, 1797)",Loxodonta africana,Loxodonta,Elephantidae,-1.202304,35.049229,31447.0,Narok,,,2018-02-21T08:01:08,2018.0,2.0,21.0,HUMAN_OBSERVATION,iNaturalist,iNaturalist research-grade observations
4510412752,"Loxodonta africana (Blumenbach, 1797)",Loxodonta africana,Loxodonta,Elephantidae,-1.466646,35.037109,31446.0,Narok,,,2018-02-21T15:00,2018.0,2.0,21.0,HUMAN_OBSERVATION,iNaturalist,iNaturalist research-grade observations
4921863235,"Loxodonta africana (Blumenbach, 1797)",Loxodonta africana,Loxodonta,Elephantidae,-3.386,39.825354,31425.0,Kilifi,,,2018-02-15T07:50Z,2018.0,2.0,15.0,HUMAN_OBSERVATION,iNaturalist,iNaturalist research-grade observations
5935256593,"Loxodonta africana (Blumenbach, 1797)",Loxodonta africana,Loxodonta,Elephantidae,-3.249051,38.499513,31425.0,Taita Taveta,,,2018-02-14T02:43,2018.0,2.0,14.0,HUMAN_OBSERVATION,iNaturalist,iNaturalist research-grade observations
5935442306,"Loxodonta africana (Blumenbach, 1797)",Loxodonta africana,Loxodonta,Elephantidae,-2.783044,37.229551,31434.0,Kajiado,,,2018-02-14T02:43,2018.0,2.0,14.0,HUMAN_OBSERVATION,iNaturalist,iNaturalist research-grade observations
5935899780,"Loxodonta africana (Blumenbach, 1797)",Loxodonta africana,Loxodonta,Elephantidae,-3.392048,38.420002,31425.0,Taita Taveta,,,2018-02-14T02:43,2018.0,2.0,14.0,HUMAN_OBSERVATION,iNaturalist,iNaturalist research-grade observations
5935917257,"Loxodonta africana (Blumenbach, 1797)",Loxodonta africana,Loxodonta,Elephantidae,-3.231882,38.553828,31425.0,Taita Taveta,,,2018-02-14T02:43,2018.0,2.0,14.0,HUMAN_OBSERVATION,iNaturalist,iNaturalist research-grade observations
5936058297,"Loxodonta africana (Blumenbach, 1797)",Loxodonta africana,Loxodonta,Elephantidae,-3.364881,38.577813,31425.0,Taita Taveta,,,2018-02-14T02:43,2018.0,2.0,14.0,HUMAN_OBSERVATION,iNaturalist,iNaturalist research-grade observations
5936314581,"Loxodonta africana (Blumenbach, 1797)",Loxodonta africana,Loxodonta,Elephantidae,-2.610116,37.212254,31434.0,Kajiado,,,2018-02-14T02:43,2018.0,2.0,14.0,HUMAN_OBSERVATION,iNaturalist,iNaturalist research-grade observations
1838410427,"Loxodonta africana (Blumenbach, 1797)",Loxodonta africana,Loxodonta,Elephantidae,-1.088915,35.260477,31448.0,Narok,,,2018-03-22T12:19,2018.0,3.0,22.0,HUMAN_OBSERVATION,iNaturalist,iNaturalist research-grade observations
1946197380,"Loxodonta africana (Blumenbach, 1797)",Loxodonta africana,Loxodonta,Elephantidae,-1.521403,34.809228,31446.0,Narok,,,2018-03-31T12:52:01,2018.0,3.0,31.0,HUMAN_OBSERVATION,iNaturalist,iNaturalist research-grade observations
1986563671,"Loxodonta africana (Blumenbach, 1797)",Loxodonta africana,Loxodonta,Elephantidae,-1.369455,34.835674,31447.0,Narok,,,2018-03-24T16:28,2018.0,3.0,24.0,HUMAN_OBSERVATION,iNaturalist,iNaturalist research-grade observations
1986594180,"Loxodonta africana (Blumenbach, 1797)",Loxodonta africana,Loxodonta,Elephantidae,-1.237047,34.961211,31447.0,Narok,,,2018-03-26T16:01,2018.0,3.0,26.0,HUMAN_OBSERVATION,iNaturalist,iNaturalist research-grade observations
2382318318,"Loxodonta africana (Blumenbach, 1797)",Loxodonta africana,Loxodonta,Elephantidae,-0.0936,38.2081,,,Meru,Meru National Park,2018-03,2018.0,3.0,,HUMAN_OBSERVATION,NMK,
2851097794,"Loxodonta africana (Blumenbach, 1797)",Loxodonta africana,Loxodonta,Elephantidae,-2.728096,37.30815,31434.0,Kajiado,,,2018-03-09T10:06,2018.0,3.0,9.0,HUMAN_OBSERVATION,iNaturalist,iNaturalist research-grade observations
2851158429,"Loxodonta africana (Blumenbach, 1797)",Loxodonta africana,Loxodonta,Elephantidae,-2.655689,37.254388,31434.0,Kajiado,,,2018-03-09T12:26,2018.0,3.0,9.0,HUMAN_OBSERVATION,iNaturalist,iNaturalist research-grade observations
2851324419,"Loxodonta africana (Blumenbach, 1797)",Loxodonta africana,Loxodonta,Elephantidae,-1.436035,35.004294,31446.0,Narok,,,2018-03-05T12:42,2018.0,3.0,5.0,HUMAN_OBSERVATION,iNaturalist,iNaturalist research-grade observations
2609172111,"Loxodonta africana (Blumenbach, 1797)",Loxodonta africana,Loxodonta,Elephantidae,0.215169,36.901271,31451.0,Laikipia,,,2018-04-03T02:32,2018.0,4.0,3.0,HUMAN_OBSERVATION,iNaturalist,iNaturalist research-grade observations
2901866304,"Loxodonta africana (Blumenbach, 1797)",Loxodonta africana,Loxodonta,Elephantidae,-3.322778,38.67964,31425.0,Taita Taveta,,,2018-04-08T09:29,2018.0,4.0,8.0,HUMAN_OBSERVATION,iNaturalist,iNaturalist research-grade observations
3031988952,"Loxodonta africana (Blumenbach, 1797)",Loxodonta africana,Loxodonta,Elephantidae,-2.617158,37.347748,31434.0,Kajiado,,,2018-04-04T02:07,2018.0,4.0,4.0,HUMAN_OBSERVATION,iNaturalist,iNaturalist research-grade observations
3302140270,"Loxodonta africana (Blumenbach, 1797)",Loxodonta africana,Loxodonta,Elephantidae,-2.792716,37.22215,31434.0,Kajiado,,,2018-04-10T09:47,2018.0,4.0,10.0,HUMAN_OBSERVATION,iNaturalist,iNaturalist research-grade observations
3302146253,"Loxodonta africana (Blumenbach, 1797)",Loxodonta africana,Loxodonta,Elephantidae,-2.744569,37.285949,31434.0,Kajiado,,,2018-04-10T08:42,2018.0,4.0,10.0,HUMAN_OBSERVATION,iNaturalist,iNaturalist research-grade observations
3399243490,"Loxodonta africana (Blumenbach, 1797)",Loxodonta africana,Loxodonta,Elephantidae,-2.738471,37.386989,31434.0,Kajiado,,,2018-04-10T14:15,2018.0,4.0,10.0,HUMAN_OBSERVATION,iNaturalist,iNaturalist research-grade observations
3407955999,"Loxodonta africana (Blumenbach, 1797)",Loxodonta africana,Loxodonta,Elephantidae,-2.698733,37.237408,31434.0,Kajiado,,,2018-04-10T14:59,2018.0,4.0,10.0,HUMAN_OBSERVATION,iNaturalist,iNaturalist research-grade observations
5087461547,"Loxodonta africana (Blumenbach, 1797)",Loxodonta africana,Loxodonta,Elephantidae,-2.775118,37.247403,31434.0,Kajiado,,,2018-04-10T13:46,2018.0,4.0,10.0,HUMAN_OBSERVATION,iNaturalist,iNaturalist research-grade observations
5087637727,"Loxodonta africana (Blumenbach, 1797)",Loxodonta africana,Loxodonta,Elephantidae,0.145229,36.872598,31451.0,Laikipia,,,2018-04-12T04:32,2018.0,4.0,12.0,HUMAN_OBSERVATION,iNaturalist,iNaturalist research-grade observations
2611050747,"Loxodonta africana (Blumenbach, 1797)",Loxodonta africana,Loxodonta,Elephantidae,0.399066,37.211501,31451.0,Meru,,,2018-05-21T07:40,2018.0,5.0,21.0,HUMAN_OBSERVATION,iNaturalist,iNaturalist research-grade observations
2634007903,"Loxodonta africana (Blumenbach, 1797)",Loxodonta africana,Loxodonta,Elephantidae,0.471754,37.522771,31451.0,Isiolo,,,2018-05-28T08:50,2018.0,5.0,28.0,HUMAN_OBSERVATION,iNaturalist,iNaturalist research-grade observations
2641525056,"Loxodonta africana (Blumenbach, 1797)",Loxodonta africana,Loxodonta,Elephantidae,0.490476,37.621739,31451.0,Isiolo,,,2018-05-29T13:00,2018.0,5.0,29.0,HUMAN_OBSERVATION,iNaturalist,iNaturalist research-grade observations
4910784873,"Loxodonta africana (Blumenbach, 1797)",Loxodonta africana,Loxodonta,Elephantidae,0.264411,37.327492,31451.0,Laikipia,,,2018-05-27T07:02,2018.0,5.0,27.0,HUMAN_OBSERVATION,iNaturalist,iNaturalist research-grade observations
4919125508,"Loxodonta africana (Blumenbach, 1797)",Loxodonta africana,Loxodonta,Elephantidae,0.395388,36.876399,36807.0,Laikipia,,,2018-05-29,2018.0,5.0,29.0,HUMAN_OBSERVATION,iNaturalist,iNaturalist research-grade observations
1850921365,"Loxodonta africana (Blumenbach, 1797)",Loxodonta africana,Loxodonta,Elephantidae,-1.290712,35.277174,31447.0,Narok,,,2018-06-04T09:39:28,2018.0,6.0,4.0,HUMAN_OBSERVATION,iNaturalist,iNaturalist research-grade observations
1880508405,"Loxodonta africana (Blumenbach, 1797)",Loxodonta africana,Loxodonta,Elephantidae,-1.270436,35.36229,31447.0,Narok,,,2018-06-17T09:43:55,2018.0,6.0,17.0,HUMAN_OBSERVATION,iNaturalist,iNaturalist research-grade observations
1883944731,"Loxodonta africana (Blumenbach, 1797)",Loxodonta africana,Loxodonta,Elephantidae,-1.31425,35.260438,31447.0,Narok,,,2018-06-09T07:44,2018.0,6.0,9.0,HUMAN_OBSERVATION,iNaturalist,iNaturalist research-grade observations
2634515537,"Loxodonta africana (Blumenbach, 1797)",Loxodonta africana,Loxodonta,Elephantidae,-1.381254,35.074142,31447.0,Narok,,,2018-06-01T12:15,2018.0,6.0,1.0,HUMAN_OBSERVATION,iNaturalist,iNaturalist research-grade observations
4919667848,"Loxodonta africana (Blumenbach, 1797)",Loxodonta africana,Loxodonta,Elephantidae,0.296709,36.959804,40171.0,Laikipia,,,2018-06-02,2018.0,6.0,2.0,HUMAN_OBSERVATION,iNaturalist,iNaturalist research-grade observations
4952719193,"Loxodonta africana (Blumenbach, 1797)",Loxodonta africana,Loxodonta,Elephantidae,-2.704428,37.224036,31434.0,Kajiado,,,2018-06-30T22:21,2018.0,6.0,30.0,HUMAN_OBSERVATION,iNaturalist,iNaturalist research-grade observations
4952726896,"Loxodonta africana (Blumenbach, 1797)",Loxodonta africana,Loxodonta,Elephantidae,-2.757862,37.315959,31434.0,Kajiado,,,2018-06-30T22:23,2018.0,6.0,30.0,HUMAN_OBSERVATION,iNaturalist,iNaturalist research-grade observations
1883964416,"Loxodonta africana (Blumenbach, 1797)",Loxodonta africana,Loxodonta,Elephantidae,0.051744,36.930131,31451.0,Laikipia,,,2018-07-26T10:18:43,2018.0,7.0,26.0,HUMAN_OBSERVATION,iNaturalist,iNaturalist research-grade observations
1890720615,"Loxodonta africana (Blumenbach, 1797)",Loxodonta africana,Loxodonta,Elephantidae,-1.718934,35.245401,31444.0,Narok,,,2018-07-18T18:55,2018.0,7.0,18.0,HUMAN_OBSERVATION,iNaturalist,iNaturalist research-grade observations
1890720617,"Loxodonta africana (Blumenbach, 1797)",Loxodonta africana,Loxodonta,Elephantidae,-1.610264,35.237944,31444.0,Narok,,,2018-07-18T18:22,2018.0,7.0,18.0,HUMAN_OBSERVATION,iNaturalist,iNaturalist research-grade observations
1890720703,"Loxodonta africana (Blumenbach, 1797)",Loxodonta africana,Loxodonta,Elephantidae,-1.762058,35.354022,31444.0,Narok,,,2018-07-19T09:13,2018.0,7.0,19.0,HUMAN_OBSERVATION,iNaturalist,iNaturalist research-grade observations
1890720716,"Loxodonta africana (Blumenbach, 1797)",Loxodonta africana,Loxodonta,Elephantidae,-1.643701,35.300194,31444.0,Narok,,,2018-07-18T18:44,2018.0,7.0,18.0,HUMAN_OBSERVATION,iNaturalist,iNaturalist research-grade observations
1890720822,"Loxodonta africana (Blumenbach, 1797)",Loxodonta africana,Loxodonta,Elephantidae,-1.608809,35.35879,31444.0,Narok,,,2018-07-19T09:01,2018.0,7.0,19.0,HUMAN_OBSERVATION,iNaturalist,iNaturalist research-grade observations
1890720935,"Loxodonta africana (Blumenbach, 1797)",Loxodonta africana,Loxodonta,Elephantidae,-1.651538,35.330831,31444.0,Narok,,,2018-07-19T17:48,2018.0,7.0,19.0,HUMAN_OBSERVATION,iNaturalist,iNaturalist research-grade observations
1890720959,"Loxodonta africana (Blumenbach, 1797)",Loxodonta africana,Loxodonta,Elephantidae,-1.697064,35.212675,31444.0,Narok,,,2018-07-19T17:33,2018.0,7.0,19.0,HUMAN_OBSERVATION,iNaturalist,iNaturalist research-grade observations
1890720976,"Loxodonta africana (Blumenbach, 1797)",Loxodonta africana,Loxodonta,Elephantidae,-1.486164,35.038289,31446.0,Narok,,,2018-07-19T11:48,2018.0,7.0,19.0,HUMAN_OBSERVATION,iNaturalist,iNaturalist research-grade observations
1898819563,"Loxodonta africana (Blumenbach, 1797)",Loxodonta africana,Loxodonta,Elephantidae,-1.214539,34.826043,31447.0,Narok,,,2018-07-27T07:17,2018.0,7.0,27.0,HUMAN_OBSERVATION,iNaturalist,iNaturalist research-grade observations
1914348685,"Loxodonta africana (Blumenbach, 1797)",Loxodonta africana,Loxodonta,Elephantidae,-2.784039,37.108351,31434.0,Kajiado,,,2018-07-02,2018.0,7.0,2.0,HUMAN_OBSERVATION,iNaturalist,iNaturalist research-grade observations
2294631934,"Loxodonta africana (Blumenbach, 1797)",Loxodonta africana,Loxodonta,Elephantidae,-1.269443,35.015554,31447.0,Narok,,,2018-07-30T15:31,2018.0,7.0,30.0,HUMAN_OBSERVATION,iNaturalist,iNaturalist research-grade observations
2294632427,"Loxodonta africana (Blumenbach, 1797)",Loxodonta africana,Loxodonta,Elephantidae,-1.28837,35.025767,31447.0,Narok,,,2018-07-30T15:29,2018.0,7.0,30.0,HUMAN_OBSERVATION,iNaturalist,iNaturalist research-grade observations
2294632979,"Loxodonta africana (Blumenbach, 1797)",Loxodonta africana,Loxodonta,Elephantidae,-1.264347,35.153094,31447.0,Narok,,,2018-07-30T15:30,2018.0,7.0,30.0,HUMAN_OBSERVATION,iNaturalist,iNaturalist research-grade observations
3032014047,"Loxodonta africana (Blumenbach, 1797)",Loxodonta africana,Loxodonta,Elephantidae,-1.492063,35.077924,31446.0,Narok,,,2018-07-26T22:18Z,2018.0,7.0,26.0,HUMAN_OBSERVATION,iNaturalist,iNaturalist research-grade observations
3743169718,"Loxodonta africana (Blumenbach, 1797)",Loxodonta africana,Loxodonta,Elephantidae,0.317624,36.930879,31451.0,Laikipia,,,2018-07-06T09:54,2018.0,7.0,6.0,HUMAN_OBSERVATION,iNaturalist,iNaturalist research-grade observations
3858768145,"Loxodonta africana (Blumenbach, 1797)",Loxodonta africana,Loxodonta,Elephantidae,2.217548,37.304209,103459.0,Marsabit,,,2018-07-05T18:47,2018.0,7.0,5.0,HUMAN_OBSERVATION,iNaturalist,iNaturalist research-grade observations
1898827725,"Loxodonta africana (Blumenbach, 1797)",Loxodonta africana,Loxodonta,Elephantidae,0.066864,36.89483,31451.0,Laikipia,,,2018-08-03T08:48,2018.0,8.0,3.0,HUMAN_OBSERVATION,iNaturalist,iNaturalist research-grade observations
1898827831,"Loxodonta africana (Blumenbach, 1797)",Loxodonta africana,Loxodonta,Elephantidae,0.17151,36.947101,31451.0,Laikipia,,,2018-08-03T16:32,2018.0,8.0,3.0,HUMAN_OBSERVATION,iNaturalist,iNaturalist research-grade observations
1898827854,"Loxodonta africana (Blumenbach, 1797)",Loxodonta africana,Loxodonta,Elephantidae,0.077982,36.998027,31451.0,Laikipia,,,2018-08-03T17:10,2018.0,8.0,3.0,HUMAN_OBSERVATION,iNaturalist,iNaturalist research-grade observations
1898827884,"Loxodonta africana (Blumenbach, 1797)",Loxodonta africana,Loxodonta,Elephantidae,0.005528,36.852939,31451.0,Laikipia,,,2018-08-03T17:20,2018.0,8.0,3.0,HUMAN_OBSERVATION,iNaturalist,iNaturalist research-grade observations
1898828396,"Loxodonta africana (Blumenbach, 1797)",Loxodonta africana,Loxodonta,Elephantidae,0.183906,36.97597,31451.0,Laikipia,,,2018-08-05T15:47,2018.0,8.0,5.0,HUMAN_OBSERVATION,iNaturalist,iNaturalist research-grade observations
1898834527,"Loxodonta africana (Blumenbach, 1797)",Loxodonta africana,Loxodonta,Elephantidae,0.094258,36.838973,31451.0,Laikipia,,,2018-08-07T18:32,2018.0,8.0,7.0,HUMAN_OBSERVATION,iNaturalist,iNaturalist research-grade observations
1898834529,"Loxodonta africana (Blumenbach, 1797)",Loxodonta africana,Loxodonta,Elephantidae,0.197046,36.92941,31451.0,Laikipia,,,2018-08-07T12:35,2018.0,8.0,7.0,HUMAN_OBSERVATION,iNaturalist,iNaturalist research-grade observations
1898834592,"Loxodonta africana (Blumenbach, 1797)",Loxodonta africana,Loxodonta,Elephantidae,0.016301,36.999264,31451.0,Laikipia,,,2018-08-08T13:02,2018.0,8.0,8.0,HUMAN_OBSERVATION,iNaturalist,iNaturalist research-grade observations
1898840751,"Loxodonta africana (Blumenbach, 1797)",Loxodonta africana,Loxodonta,Elephantidae,0.137643,36.957803,31451.0,Laikipia,,,2018-08-10T17:32,2018.0,8.0,10.0,HUMAN_OBSERVATION,iNaturalist,iNaturalist research-grade observations
1933571718,"Loxodonta africana (Blumenbach, 1797)",Loxodonta africana,Loxodonta,Elephantidae,-1.647254,35.372892,31444.0,Narok,,,2018-08-26T00:19,2018.0,8.0,26.0,HUMAN_OBSERVATION,iNaturalist,iNaturalist research-grade observations
1933571763,"Loxodonta africana (Blumenbach, 1797)",Loxodonta africana,Loxodonta,Elephantidae,-1.772464,35.299124,31444.0,Narok,,,2018-08-26T00:00,2018.0,8.0,26.0,HUMAN_OBSERVATION,iNaturalist,iNaturalist research-grade observations
1933571775,"Loxodonta africana (Blumenbach, 1797)",Loxodonta africana,Loxodonta,Elephantidae,-1.621913,35.262548,31444.0,Narok,,,2018-08-26T00:25,2018.0,8.0,26.0,HUMAN_OBSERVATION,iNaturalist,iNaturalist research-grade observations
1933571791,"Loxodonta africana (Blumenbach, 1797)",Loxodonta africana,Loxodonta,Elephantidae,-1.642011,35.369633,31444.0,Narok,,,2018-08-25T23:55,2018.0,8.0,25.0,HUMAN_OBSERVATION,iNaturalist,iNaturalist research-grade observations
1933571889,"Loxodonta africana (Blumenbach, 1797)",Loxodonta africana,Loxodonta,Elephantidae,-1.637793,35.254222,31444.0,Narok,,,2018-08-26T00:25,2018.0,8.0,26.0,HUMAN_OBSERVATION,iNaturalist,iNaturalist research-grade observations
1949996812,"Loxodonta africana (Blumenbach, 1797)",Loxodonta africana,Loxodonta,Elephantidae,-1.518111,35.011057,31446.0,Narok,,,2018-08-26T15:53,2018.0,8.0,26.0,HUMAN_OBSERVATION,iNaturalist,iNaturalist research-grade observations
1986542546,"Loxodonta africana (Blumenbach, 1797)",Loxodonta africana,Loxodonta,Elephantidae,-2.630614,37.36965,31434.0,Kajiado,,,2018-08-31T07:33,2018.0,8.0,31.0,HUMAN_OBSERVATION,iNaturalist,iNaturalist research-grade observations
1986542583,"Loxodonta africana (Blumenbach, 1797)",Loxodonta africana,Loxodonta,Elephantidae,-2.774825,37.305054,31434.0,Kajiado,,,2018-08-31T14:22,2018.0,8.0,31.0,HUMAN_OBSERVATION,iNaturalist,iNaturalist research-grade observations
1986542963,"Loxodonta africana (Blumenbach, 1797)",Loxodonta africana,Loxodonta,Elephantidae,-2.756581,37.274183,31434.0,Kajiado,,,2018-08-31T13:30,2018.0,8.0,31.0,HUMAN_OBSERVATION,iNaturalist,iNaturalist research-grade observations
1986543015,"Loxodonta africana (Blumenbach, 1797)",Loxodonta africana,Loxodonta,Elephantidae,-2.618605,37.214063,31434.0,Kajiado,,,2018-08-31T14:16,2018.0,8.0,31.0,HUMAN_OBSERVATION,iNaturalist,iNaturalist research-grade observations
1986543468,"Loxodonta africana (Blumenbach, 1797)",Loxodonta africana,Loxodonta,Elephantidae,-2.601329,37.347475,31434.0,Kajiado,,,2018-08-30T16:02,2018.0,8.0,30.0,HUMAN_OBSERVATION,iNaturalist,iNaturalist research-grade observations
1986543513,"Loxodonta africana (Blumenbach, 1797)",Loxodonta africana,Loxodonta,Elephantidae,-2.682977,37.352502,31434.0,Kajiado,,,2018-08-30T17:06,2018.0,8.0,30.0,HUMAN_OBSERVATION,iNaturalist,iNaturalist research-grade observations
1986543577,"Loxodonta africana (Blumenbach, 1797)",Loxodonta africana,Loxodonta,Elephantidae,-2.698335,37.247405,31434.0,Kajiado,,,2018-08-30T17:48,2018.0,8.0,30.0,HUMAN_OBSERVATION,iNaturalist,iNaturalist research-grade observations
1986543583,"Loxodonta africana (Blumenbach, 1797)",Loxodonta africana,Loxodonta,Elephantidae,-2.725055,37.25587,31434.0,Kajiado,,,2018-08-30T17:21,2018.0,8.0,30.0,HUMAN_OBSERVATION,iNaturalist,iNaturalist research-grade observations
1986543808,"Loxodonta africana (Blumenbach, 1797)",Loxodonta africana,Loxodonta,Elephantidae,-2.736829,37.251391,31434.0,Kajiado,,,2018-08-30T16:46,2018.0,8.0,30.0,HUMAN_OBSERVATION,iNaturalist,iNaturalist research-grade observations
1986543811,"Loxodonta africana (Blumenbach, 1797)",Loxodonta africana,Loxodonta,Elephantidae,-2.781219,37.335384,31434.0,Kajiado,,,2018-08-30T17:29,2018.0,8.0,30.0,HUMAN_OBSERVATION,iNaturalist,iNaturalist research-grade observations
1986543864,"Loxodonta africana (Blumenbach, 1797)",Loxodonta africana,Loxodonta,Elephantidae,-2.62641,37.276989,31434.0,Kajiado,,,2018-08-30T17:10,2018.0,8.0,30.0,HUMAN_OBSERVATION,iNaturalist,iNaturalist research-grade observations
1986544379,"Loxodonta africana (Blumenbach, 1797)",Loxodonta africana,Loxodonta,Elephantidae,-2.633041,37.332846,31434.0,Kajiado,,,2018-08-30T11:53,2018.0,8.0,30.0,HUMAN_OBSERVATION,iNaturalist,iNaturalist research-grade observations
1986544729,"Loxodonta africana (Blumenbach, 1797)",Loxodonta africana,Loxodonta,Elephantidae,-2.657481,37.280322,31434.0,Kajiado,,,2018-08-30T19:41,2018.0,8.0,30.0,HUMAN_OBSERVATION,iNaturalist,iNaturalist research-grade observations
1986544792,"Loxodonta africana (Blumenbach, 1797)",Loxodonta africana,Loxodonta,Elephantidae,-2.715303,37.332566,31434.0,Kajiado,,,2018-08-30T22:40,2018.0,8.0,30.0,HUMAN_OBSERVATION,iNaturalist,iNaturalist research-grade observations
1986545031,"Loxodonta africana (Blumenbach, 1797)",Loxodonta africana,Loxodonta,Elephantidae,-2.713906,37.255781,31434.0,Kajiado,,,2018-08-30T11:40,2018.0,8.0,30.0,HUMAN_OBSERVATION,iNaturalist,iNaturalist research-grade observations
1986545308,"Loxodonta africana (Blumenbach, 1797)",Loxodonta africana,Loxodonta,Elephantidae,-2.618445,37.375485,31434.0,Kajiado,,,2018-08-30T17:54,2018.0,8.0,30.0,HUMAN_OBSERVATION,iNaturalist,iNaturalist research-grade observations
1986545333,"Loxodonta africana (Blumenbach, 1797)",Loxodonta africana,Loxodonta,Elephantidae,-2.669461,37.253568,31434.0,Kajiado,,,2018-08-30T17:03,2018.0,8.0,30.0,HUMAN_OBSERVATION,iNaturalist,iNaturalist research-grade observations
1986545389,"Loxodonta africana (Blumenbach, 1797)",Loxodonta africana,Loxodonta,Elephantidae,-2.742309,37.396488,31434.0,Kajiado,,,2018-08-30T16:40,2018.0,8.0,30.0,HUMAN_OBSERVATION,iNaturalist,iNaturalist research-grade observations
1986546743,"Loxodonta africana (Blumenbach, 1797)",Loxodonta africana,Loxodonta,Elephantidae,-2.649421,37.323587,31434.0,Kajiado,,,2018-08-30T13:41,2018.0,8.0,30.0,HUMAN_OBSERVATION,iNaturalist,iNaturalist research-grade observations
1986547104,"Loxodonta africana (Blumenbach, 1797)",Loxodonta africana,Loxodonta,Elephantidae,-2.789678,37.298002,31434.0,Kajiado,,,2018-08-30T22:39,2018.0,8.0,30.0,HUMAN_OBSERVATION,iNaturalist,iNaturalist research-grade observations
1986547627,"Loxodonta africana (Blumenbach, 1797)",Loxodonta africana,Loxodonta,Elephantidae,-2.754099,37.303118,31434.0,Kajiado,,,2018-08-30T23:29,2018.0,8.0,30.0,HUMAN_OBSERVATION,iNaturalist,iNaturalist research-grade observations
2550101332,"Loxodonta africana (Blumenbach, 1797)",Loxodonta africana,Loxodonta,Elephantidae,-1.40193,35.239125,31446.0,Narok,,,2018-08-05T18:36,2018.0,8.0,5.0,HUMAN_OBSERVATION,iNaturalist,iNaturalist research-grade observations
2550180613,"Loxodonta africana (Blumenbach, 1797)",Loxodonta africana,Loxodonta,Elephantidae,-1.467142,35.212561,31446.0,Narok,,,2018-08-05T09:52,2018.0,8.0,5.0,HUMAN_OBSERVATION,iNaturalist,iNaturalist research-grade observations
3005162753,"Loxodonta africana (Blumenbach, 1797)",Loxodonta africana,Loxodonta,Elephantidae,0.47384,37.589974,31451.0,Isiolo,,,2018-08-19T09:43,2018.0,8.0,19.0,HUMAN_OBSERVATION,iNaturalist,iNaturalist research-grade observations
3468862673,"Loxodonta africana (Blumenbach, 1797)",Loxodonta africana,Loxodonta,Elephantidae,-0.751754,36.465927,212858.0,Nyandarua,,,2018-08-31T17:11,2018.0,8.0,31.0,HUMAN_OBSERVATION,iNaturalist,iNaturalist research-grade observations
3468986663,"Loxodonta africana (Blumenbach, 1797)",Loxodonta africana,Loxodonta,Elephantidae,-0.636321,36.530508,212858.0,Nyandarua,,,2018-08-29T08:17,2018.0,8.0,29.0,HUMAN_OBSERVATION,iNaturalist,iNaturalist research-grade observations
3743291795,"Loxodonta africana (Blumenbach, 1797)",Loxodonta africana,Loxodonta,Elephantidae,0.296843,36.889134,31451.0,Laikipia,,,2018-08-05T09:19,2018.0,8.0,5.0,HUMAN_OBSERVATION,iNaturalist,iNaturalist research-grade observations
4018154991,"Loxodonta africana (Blumenbach, 1797)",Loxodonta africana,Loxodonta,Elephantidae,-2.648583,37.32659,36012.0,Kajiado,,,2018-08-18T16:35,2018.0,8.0,18.0,HUMAN_OBSERVATION,iNaturalist,iNaturalist research-grade observations
4516405206,"Loxodonta africana (Blumenbach, 1797)",Loxodonta africana,Loxodonta,Elephantidae,-1.547581,35.243975,31446.0,Narok,,,2018-08-25T09:21,2018.0,8.0,25.0,HUMAN_OBSERVATION,iNaturalist,iNaturalist research-grade observations
4919561068,"Loxodonta africana (Blumenbach, 1797)",Loxodonta africana,Loxodonta,Elephantidae,0.206067,36.812677,31451.0,Laikipia,,,2018-08-05T09:19,2018.0,8.0,5.0,HUMAN_OBSERVATION,iNaturalist,iNaturalist research-grade observations
6130993795,"Loxodonta africana (Blumenbach, 1797)",Loxodonta africana,Loxodonta,Elephantidae,-1.416483,35.340319,31446.0,Narok,,,2018-08-29T05:00:39,2018.0,8.0,29.0,HUMAN_OBSERVATION,iNaturalist,iNaturalist research-grade observations
6147663984,"Loxodonta africana (Blumenbach, 1797)",Loxodonta africana,Loxodonta,Elephantidae,-1.204637,35.187048,107083.0,Narok,,,2018-08-15T11:59,2018.0,8.0,15.0,HUMAN_OBSERVATION,iNaturalist,iNaturalist research-grade observations
6195628007,"Loxodonta africana (Blumenbach, 1797)",Loxodonta africana,Loxodonta,Elephantidae,0.178022,37.637253,31451.0,Meru,,,2018-08-05T17:03,2018.0,8.0,5.0,HUMAN_OBSERVATION,iNaturalist,iNaturalist research-grade observations
6195800658,"Loxodonta africana (Blumenbach, 1797)",Loxodonta africana,Loxodonta,Elephantidae,0.122076,37.640823,31451.0,Meru,,,2018-08-07T17:19,2018.0,8.0,7.0,HUMAN_OBSERVATION,iNaturalist,iNaturalist research-grade observations
2576368938,"Loxodonta africana (Blumenbach, 1797)",Loxodonta africana,Loxodonta,Elephantidae,0.336468,36.857192,31451.0,Laikipia,,,2018-09-13T13:01:27,2018.0,9.0,13.0,HUMAN_OBSERVATION,iNaturalist,iNaturalist research-grade observations
2818547382,"Loxodonta africana (Blumenbach, 1797)",Loxodonta africana,Loxodonta,Elephantidae,-3.208369,38.623999,31425.0,Taita Taveta,,,2018-09-27,2018.0,9.0,27.0,HUMAN_OBSERVATION,iNaturalist,iNaturalist research-grade observations
4909071096,"Loxodonta africana (Blumenbach, 1797)",Loxodonta africana,Loxodonta,Elephantidae,-2.989768,37.983947,31431.0,Taita Taveta,,,2018-09-25T11:37:25,2018.0,9.0,25.0,HUMAN_OBSERVATION,iNaturalist,iNaturalist research-grade observations
5230499071,"Loxodonta africana (Blumenbach, 1797)",Loxodonta africana,Loxodonta,Elephantidae,-2.656303,38.897282,44455.0,Kitui,,,2018-09-18T07:53,2018.0,9.0,18.0,HUMAN_OBSERVATION,iNaturalist,iNaturalist research-grade observations
1933567287,"Loxodonta africana (Blumenbach, 1797)",Loxodonta africana,Loxodonta,Elephantidae,0.346266,37.412101,31451.0,Meru,,,2018-10-09T06:54,2018.0,10.0,9.0,HUMAN_OBSERVATION,iNaturalist,iNaturalist research-grade observations
1933567338,"Loxodonta africana (Blumenbach, 1797)",Loxodonta africana,Loxodonta,Elephantidae,-1.493152,35.009991,31446.0,Narok,,,2018-10-02T14:31,2018.0,10.0,2.0,HUMAN_OBSERVATION,iNaturalist,iNaturalist research-grade observations
1933567346,"Loxodonta africana (Blumenbach, 1797)",Loxodonta africana,Loxodonta,Elephantidae,-1.553512,35.106545,31446.0,Narok,,,2018-10-02T06:22,2018.0,10.0,2.0,HUMAN_OBSERVATION,iNaturalist,iNaturalist research-grade observations
1933567447,"Loxodonta africana (Blumenbach, 1797)",Loxodonta africana,Loxodonta,Elephantidae,0.353725,37.585064,31451.0,Meru,,,2018-10-09T08:19,2018.0,10.0,9.0,HUMAN_OBSERVATION,iNaturalist,iNaturalist research-grade observations
1933567465,"Loxodonta africana (Blumenbach, 1797)",Loxodonta africana,Loxodonta,Elephantidae,0.769175,37.489734,31450.0,Samburu,,,2018-10-11T06:36,2018.0,10.0,11.0,HUMAN_OBSERVATION,iNaturalist,iNaturalist research-grade observations
2237454402,"Loxodonta africana (Blumenbach, 1797)",Loxodonta africana,Loxodonta,Elephantidae,-0.92387,37.76141,31449.0,Embu,,,2018-10-07T05:59:36,2018.0,10.0,7.0,HUMAN_OBSERVATION,iNaturalist,iNaturalist research-grade observations
2237524495,"Loxodonta africana (Blumenbach, 1797)",Loxodonta africana,Loxodonta,Elephantidae,-2.619971,37.221223,31434.0,Kajiado,,,2018-10-18T10:42,2018.0,10.0,18.0,HUMAN_OBSERVATION,iNaturalist,iNaturalist research-grade observations
4516784918,"Loxodonta africana (Blumenbach, 1797)",Loxodonta africana,Loxodonta,Elephantidae,-2.793644,37.254839,31434.0,Kajiado,,,2018-10-12T14:58,2018.0,10.0,12.0,HUMAN_OBSERVATION,iNaturalist,iNaturalist research-grade observations
6131100987,"Loxodonta africana (Blumenbach, 1797)",Loxodonta africana,Loxodonta,Elephantidae,-3.348905,37.819863,151951.0,Taita Taveta,,,2018-10-26T10:52,2018.0,10.0,26.0,HUMAN_OBSERVATION,iNaturalist,iNaturalist research-grade observations
6131410874,"Loxodonta africana (Blumenbach, 1797)",Loxodonta africana,Loxodonta,Elephantidae,-3.326938,37.835988,151951.0,Taita Taveta,,,2018-10-26T10:54,2018.0,10.0,26.0,HUMAN_OBSERVATION,iNaturalist,iNaturalist research-grade observations
6352864913,"Loxodonta africana (Blumenbach, 1797)",Loxodonta africana,Loxodonta,Elephantidae,-1.325775,35.014936,31447.0,Narok,,,2018-10-10T14:03:13,2018.0,10.0,10.0,HUMAN_OBSERVATION,iNaturalist,iNaturalist research-grade observations
1978442932,"Loxodonta africana (Blumenbach, 1797)",Loxodonta africana,Loxodonta,Elephantidae,-1.707741,35.307643,31444.0,Narok,,,2018-11-10T08:51,2018.0,11.0,10.0,HUMAN_OBSERVATION,iNaturalist,iNaturalist research-grade observations
1986527617,"Loxodonta africana (Blumenbach, 1797)",Loxodonta africana,Loxodonta,Elephantidae,-0.006436,37.460787,31451.0,Meru,,,2018-11-20T12:28,2018.0,11.0,20.0,HUMAN_OBSERVATION,iNaturalist,iNaturalist research-grade observations
2382315130,"Loxodonta africana (Blumenbach, 1797)",Loxodonta africana,Loxodonta,Elephantidae,-1.9349,40.1386,,,Tana River,Tana River Primate Reserve,2018-11,2018.0,11.0,,HUMAN_OBSERVATION,NMK,
2382317233,"Loxodonta africana (Blumenbach, 1797)",Loxodonta africana,Loxodonta,Elephantidae,-0.0881,38.19,,,Meru,Meru National Park,2018-11-15,2018.0,11.0,15.0,HUMAN_OBSERVATION,NMK,
2382317275,"Loxodonta africana (Blumenbach, 1797)",Loxodonta africana,Loxodonta,Elephantidae,-0.0588,38.0231,,,Meru,Mt. Kenya Forest-National Park and Forest Reserve,2018-11-13,2018.0,11.0,13.0,HUMAN_OBSERVATION,NMK,
2382318292,"Loxodonta africana (Blumenbach, 1797)",Loxodonta africana,Loxodonta,Elephantidae,-2.5266,40.5292,,,Tana River,Kipini Conservancy,2018-11-12,2018.0,11.0,12.0,HUMAN_OBSERVATION,NMK,
2382318309,"Loxodonta africana (Blumenbach, 1797)",Loxodonta africana,Loxodonta,Elephantidae,-0.4324,36.6463,,,Nyeri,Aberdare National Park,2018-11,2018.0,11.0,,HUMAN_OBSERVATION,NMK,
2609302331,"Loxodonta africana (Blumenbach, 1797)",Loxodonta africana,Loxodonta,Elephantidae,0.466824,37.502233,31451.0,Isiolo,,,2018-11-27T02:47,2018.0,11.0,27.0,HUMAN_OBSERVATION,iNaturalist,iNaturalist research-grade observations
2818643323,"Loxodonta africana (Blumenbach, 1797)",Loxodonta africana,Loxodonta,Elephantidae,0.261494,36.931169,31451.0,Laikipia,,,2018-11-25T11:07,2018.0,11.0,25.0,HUMAN_OBSERVATION,iNaturalist,iNaturalist research-grade observations
3113669877,"Loxodonta africana (Blumenbach, 1797)",Loxodonta africana,Loxodonta,Elephantidae,-3.104944,39.112255,31428.0,Taita Taveta,,,2018-11-09T16:41,2018.0,11.0,9.0,HUMAN_OBSERVATION,iNaturalist,iNaturalist research-grade observations
3117843587,"Loxodonta africana (Blumenbach, 1797)",Loxodonta africana,Loxodonta,Elephantidae,-3.330484,38.758714,31425.0,Taita Taveta,,,2018-11-10T19:11,2018.0,11.0,10.0,HUMAN_OBSERVATION,iNaturalist,iNaturalist research-grade observations
4116272116,"Loxodonta africana (Blumenbach, 1797)",Loxodonta africana,Loxodonta,Elephantidae,-1.355868,35.095949,31447.0,Narok,,,2018-11-16T22:43,2018.0,11.0,16.0,HUMAN_OBSERVATION,iNaturalist,iNaturalist research-grade observations
4116383017,"Loxodonta africana (Blumenbach, 1797)",Loxodonta africana,Loxodonta,Elephantidae,-1.398624,34.968425,31447.0,Narok,,,2018-11-17T22:05,2018.0,11.0,17.0,HUMAN_OBSERVATION,iNaturalist,iNaturalist research-grade observations
1993730239,"Loxodonta africana (Blumenbach, 1797)",Loxodonta africana,Loxodonta,Elephantidae,-1.523385,35.235875,31446.0,Narok,,,2018-12-26T10:53:55,2018.0,12.0,26.0,HUMAN_OBSERVATION,iNaturalist,iNaturalist research-grade observations
2238804176,"Loxodonta africana (Blumenbach, 1797)",Loxodonta africana,Loxodonta,Elephantidae,-1.597161,34.850762,31446.0,Narok,,,2018-12-17T10:35,2018.0,12.0,17.0,HUMAN_OBSERVATION,iNaturalist,iNaturalist research-grade observations
2826264874,"Loxodonta africana (Blumenbach, 1797)",Loxodonta africana,Loxodonta,Elephantidae,-2.628675,37.37829,31434.0,Kajiado,,,2018-12-02T07:50,2018.0,12.0,2.0,HUMAN_OBSERVATION,iNaturalist,iNaturalist research-grade observations
1453360093,"Loxodonta africana (Blumenbach, 1797)",Loxodonta africana,Loxodonta,Elephantidae,-3.026685,38.547213,31428.0,Taita Taveta,,,2017-01-17T18:34:19,2017.0,1.0,17.0,HUMAN_OBSERVATION,iNaturalist,iNaturalist research-grade observations
1453450592,"Loxodonta africana (Blumenbach, 1797)",Loxodonta africana,Loxodonta,Elephantidae,-3.487677,37.799798,31422.0,Taita Taveta,,,2017-01-27T10:51,2017.0,1.0,27.0,HUMAN_OBSERVATION,iNaturalist,iNaturalist research-grade observations
1931515336,"Loxodonta africana (Blumenbach, 1797)",Loxodonta africana,Loxodonta,Elephantidae,-1.265429,35.391078,31447.0,Narok,,,2017-01-28T14:51,2017.0,1.0,28.0,HUMAN_OBSERVATION,iNaturalist,iNaturalist research-grade observations
2283156800,"Loxodonta africana (Blumenbach, 1797)",Loxodonta africana,Loxodonta,Elephantidae,-2.01714,38.587851,31441.0,Kitui,,,2017-01-30T05:04,2017.0,1.0,30.0,HUMAN_OBSERVATION,iNaturalist,iNaturalist research-grade observations
1500348615,"Loxodonta africana (Blumenbach, 1797)",Loxodonta africana,Loxodonta,Elephantidae,0.629189,37.494218,31450.0,Samburu,,,2017-02-10T17:22:19,2017.0,2.0,10.0,HUMAN_OBSERVATION,iNaturalist,iNaturalist research-grade observations
2283156308,"Loxodonta africana (Blumenbach, 1797)",Loxodonta africana,Loxodonta,Elephantidae,-2.190844,38.417473,31441.0,Kitui,,,2017-02-01T02:26,2017.0,2.0,1.0,HUMAN_OBSERVATION,iNaturalist,iNaturalist research-grade observations
2422759497,"Loxodonta africana (Blumenbach, 1797)",Loxodonta africana,Loxodonta,Elephantidae,-2.125845,38.40833,31441.0,Kitui,,,2017-02-27,2017.0,2.0,27.0,HUMAN_OBSERVATION,iNaturalist,iNaturalist research-grade observations
2422886892,"Loxodonta africana (Blumenbach, 1797)",Loxodonta africana,Loxodonta,Elephantidae,-2.13318,38.52749,31441.0,Kitui,,,2017-02-27T12:22,2017.0,2.0,27.0,HUMAN_OBSERVATION,iNaturalist,iNaturalist research-grade observations
2429537311,"Loxodonta africana (Blumenbach, 1797)",Loxodonta africana,Loxodonta,Elephantidae,0.588096,36.69412,31451.0,Laikipia,,,2017-02-24T20:44,2017.0,2.0,24.0,HUMAN_OBSERVATION,iNaturalist,iNaturalist research-grade observations
2429557505,"Loxodonta africana (Blumenbach, 1797)",Loxodonta africana,Loxodonta,Elephantidae,0.449483,37.410938,31451.0,Isiolo,,,2017-02-28T15:57,2017.0,2.0,28.0,HUMAN_OBSERVATION,iNaturalist,iNaturalist research-grade observations
2603538233,"Loxodonta africana (Blumenbach, 1797)",Loxodonta africana,Loxodonta,Elephantidae,-2.055526,38.511565,31441.0,Kitui,,,2017-02-27T13:03,2017.0,2.0,27.0,HUMAN_OBSERVATION,iNaturalist,iNaturalist research-grade observations
2850720343,"Loxodonta africana (Blumenbach, 1797)",Loxodonta africana,Loxodonta,Elephantidae,-0.706977,35.525206,31450.0,Narok,,,2017-02-02T10:41:51Z,2017.0,2.0,2.0,HUMAN_OBSERVATION,iNaturalist,iNaturalist research-grade observations
2856743107,"Loxodonta africana (Blumenbach, 1797)",Loxodonta africana,Loxodonta,Elephantidae,0.450075,37.48167,31451.0,Isiolo,,,2017-02-16,2017.0,2.0,16.0,HUMAN_OBSERVATION,iNaturalist,iNaturalist research-grade observations
2429559468,"Loxodonta africana (Blumenbach, 1797)",Loxodonta africana,Loxodonta,Elephantidae,0.350114,38.025093,31451.0,Meru,,,2017-03-02T20:05,2017.0,3.0,2.0,HUMAN_OBSERVATION,iNaturalist,iNaturalist research-grade observations
3772672334,"Loxodonta africana (Blumenbach, 1797)",Loxodonta africana,Loxodonta,Elephantidae,-1.20668,35.185393,31447.0,Narok,,,2017-04-21T13:22,2017.0,4.0,21.0,HUMAN_OBSERVATION,iNaturalist,iNaturalist research-grade observations
3772755332,"Loxodonta africana (Blumenbach, 1797)",Loxodonta africana,Loxodonta,Elephantidae,0.578497,37.402379,31451.0,Isiolo,,,2017-04-11T17:33,2017.0,4.0,11.0,HUMAN_OBSERVATION,iNaturalist,iNaturalist research-grade observations
1571187982,"Loxodonta africana (Blumenbach, 1797)",Loxodonta africana,Loxodonta,Elephantidae,-2.602389,37.287886,31434.0,Kajiado,,,2017-05-20T13:24,2017.0,5.0,20.0,HUMAN_OBSERVATION,iNaturalist,iNaturalist research-grade observations
1571188938,"Loxodonta africana (Blumenbach, 1797)",Loxodonta africana,Loxodonta,Elephantidae,0.074153,36.976749,31451.0,Laikipia,,,2017-05-13T15:35,2017.0,5.0,13.0,HUMAN_OBSERVATION,iNaturalist,iNaturalist research-grade observations
1571190861,"Loxodonta africana (Blumenbach, 1797)",Loxodonta africana,Loxodonta,Elephantidae,0.134679,38.380289,31451.0,Meru,,,2017-05-15T11:10,2017.0,5.0,15.0,HUMAN_OBSERVATION,iNaturalist,iNaturalist research-grade observations
1571194671,"Loxodonta africana (Blumenbach, 1797)",Loxodonta africana,Loxodonta,Elephantidae,-3.263223,37.88069,31425.0,Taita Taveta,,,2017-05-22T10:27,2017.0,5.0,22.0,HUMAN_OBSERVATION,iNaturalist,iNaturalist research-grade observations
2626258517,"Loxodonta africana (Blumenbach, 1797)",Loxodonta africana,Loxodonta,Elephantidae,-0.156209,36.877621,31451.0,Laikipia,,,2017-05-31T16:19:03Z,2017.0,5.0,31.0,HUMAN_OBSERVATION,iNaturalist,iNaturalist research-grade observations
2634149560,"Loxodonta africana (Blumenbach, 1797)",Loxodonta africana,Loxodonta,Elephantidae,-1.317717,34.808592,31447.0,Narok,,,2017-05-07T05:21:33Z,2017.0,5.0,7.0,HUMAN_OBSERVATION,iNaturalist,iNaturalist research-grade observations
2901808319,"Loxodonta africana (Blumenbach, 1797)",Loxodonta africana,Loxodonta,Elephantidae,0.374894,36.983555,31451.0,Laikipia,,,2017-05-20T15:04,2017.0,5.0,20.0,HUMAN_OBSERVATION,iNaturalist,iNaturalist research-grade observations
3384085624,"Loxodonta africana (Blumenbach, 1797)",Loxodonta africana,Loxodonta,Elephantidae,0.431912,37.408929,31451.0,Isiolo,,,2017-05-26T07:23,2017.0,5.0,26.0,HUMAN_OBSERVATION,iNaturalist,iNaturalist research-grade observations
4067464416,"Loxodonta africana (Blumenbach, 1797)",Loxodonta africana,Loxodonta,Elephantidae,-1.541589,34.887731,31446.0,Narok,,,2017-05-11T14:53,2017.0,5.0,11.0,HUMAN_OBSERVATION,iNaturalist,iNaturalist research-grade observations
4067497425,"Loxodonta africana (Blumenbach, 1797)",Loxodonta africana,Loxodonta,Elephantidae,-1.435089,34.887284,31446.0,Narok,,,2017-05-14T14:09,2017.0,5.0,14.0,HUMAN_OBSERVATION,iNaturalist,iNaturalist research-grade observations
4067548416,"Loxodonta africana (Blumenbach, 1797)",Loxodonta africana,Loxodonta,Elephantidae,-1.490541,34.974541,31446.0,Narok,,,2017-05-12T08:29,2017.0,5.0,12.0,HUMAN_OBSERVATION,iNaturalist,iNaturalist research-grade observations
4067719354,"Loxodonta africana (Blumenbach, 1797)",Loxodonta africana,Loxodonta,Elephantidae,-1.582479,34.851568,31446.0,Narok,,,2017-05-13T14:32,2017.0,5.0,13.0,HUMAN_OBSERVATION,iNaturalist,iNaturalist research-grade observations
1703174293,"Loxodonta africana (Blumenbach, 1797)",Loxodonta africana,Loxodonta,Elephantidae,-0.342399,36.82751,31451.0,Nyeri,,,2017-06-03T19:31,2017.0,6.0,3.0,HUMAN_OBSERVATION,iNaturalist,iNaturalist research-grade observations
1703189635,"Loxodonta africana (Blumenbach, 1797)",Loxodonta africana,Loxodonta,Elephantidae,-0.366241,36.755342,31451.0,Nyeri,,,2017-06-04T09:45,2017.0,6.0,4.0,HUMAN_OBSERVATION,iNaturalist,iNaturalist research-grade observations
1986613153,"Loxodonta africana (Blumenbach, 1797)",Loxodonta africana,Loxodonta,Elephantidae,-2.721895,37.359164,31434.0,Kajiado,,,2017-06-01,2017.0,6.0,1.0,HUMAN_OBSERVATION,iNaturalist,iNaturalist research-grade observations
2859889612,"Loxodonta africana (Blumenbach, 1797)",Loxodonta africana,Loxodonta,Elephantidae,-1.520279,34.976195,31446.0,Narok,,,2017-06-01T07:58,2017.0,6.0,1.0,HUMAN_OBSERVATION,iNaturalist,iNaturalist research-grade observations
2860155292,"Loxodonta africana (Blumenbach, 1797)",Loxodonta africana,Loxodonta,Elephantidae,-1.471381,34.8256,31446.0,Narok,,,2017-06-01T11:33,2017.0,6.0,1.0,HUMAN_OBSERVATION,iNaturalist,iNaturalist research-grade observations
4153629912,"Loxodonta africana (Blumenbach, 1797)",Loxodonta africana,Loxodonta,Elephantidae,0.321086,37.001647,81372.0,Laikipia,,,2017-06-01T09:25:45,2017.0,6.0,1.0,HUMAN_OBSERVATION,iNaturalist,iNaturalist research-grade observations
4162286914,"Loxodonta africana (Blumenbach, 1797)",Loxodonta africana,Loxodonta,Elephantidae,0.390901,36.806574,37441.0,Laikipia,,,2017-06-02T17:19:59,2017.0,6.0,2.0,HUMAN_OBSERVATION,iNaturalist,iNaturalist research-grade observations
5108457961,"Loxodonta africana (Blumenbach, 1797)",Loxodonta africana,Loxodonta,Elephantidae,-1.47966,35.194758,31446.0,Narok,,,2017-06-17T15:21,2017.0,6.0,17.0,HUMAN_OBSERVATION,iNaturalist,iNaturalist research-grade observations
5108543728,"Loxodonta africana (Blumenbach, 1797)",Loxodonta africana,Loxodonta,Elephantidae,-1.496776,35.030854,31446.0,Narok,,,2017-06-18T15:21,2017.0,6.0,18.0,HUMAN_OBSERVATION,iNaturalist,iNaturalist research-grade observations
1584412097,"Loxodonta africana (Blumenbach, 1797)",Loxodonta africana,Loxodonta,Elephantidae,-1.572619,35.023612,31446.0,Narok,,,2017-07-10T00:00:17,2017.0,7.0,10.0,HUMAN_OBSERVATION,iNaturalist,iNaturalist research-grade observations
1668864217,"Loxodonta africana (Blumenbach, 1797)",Loxodonta africana,Loxodonta,Elephantidae,-3.908685,38.609144,31415.0,Taita Taveta,,,2017-07-09,2017.0,7.0,9.0,HUMAN_OBSERVATION,iNaturalist,iNaturalist research-grade observations
1703232535,"Loxodonta africana (Blumenbach, 1797)",Loxodonta africana,Loxodonta,Elephantidae,-3.603131,38.643232,31418.0,Taita Taveta,,,2017-07-07,2017.0,7.0,7.0,HUMAN_OBSERVATION,iNaturalist,iNaturalist research-grade observations
1703232638,"Loxodonta africana (Blumenbach, 1797)",Loxodonta africana,Loxodonta,Elephantidae,-3.624349,38.61196,31418.0,Taita Taveta,,,2017-07-05,2017.0,7.0,5.0,HUMAN_OBSERVATION,iNaturalist,iNaturalist research-grade observations
1703232658,"Loxodonta africana (Blumenbach, 1797)",Loxodonta africana,Loxodonta,Elephantidae,-3.701437,38.695581,31418.0,Taita Taveta,,,2017-07-09,2017.0,7.0,9.0,HUMAN_OBSERVATION,iNaturalist,iNaturalist research-grade observations
1703232668,"Loxodonta africana (Blumenbach, 1797)",Loxodonta africana,Loxodonta,Elephantidae,-3.703987,38.616524,31418.0,Taita Taveta,,,2017-07-12,2017.0,7.0,12.0,HUMAN_OBSERVATION,iNaturalist,iNaturalist research-grade observations
1703232688,"Loxodonta africana (Blumenbach, 1797)",Loxodonta africana,Loxodonta,Elephantidae,-3.673819,38.719621,31418.0,Taita Taveta,,,2017-07-09,2017.0,7.0,9.0,HUMAN_OBSERVATION,iNaturalist,iNaturalist research-grade observations
1703232695,"Loxodonta africana (Blumenbach, 1797)",Loxodonta africana,Loxodonta,Elephantidae,-3.757218,38.642395,31418.0,Taita Taveta,,,2017-07-03,2017.0,7.0,3.0,HUMAN_OBSERVATION,iNaturalist,iNaturalist research-grade observations
1703232699,"Loxodonta africana (Blumenbach, 1797)",Loxodonta africana,Loxodonta,Elephantidae,-3.722183,38.749807,31418.0,Taita Taveta,,,2017-07-09,2017.0,7.0,9.0,HUMAN_OBSERVATION,iNaturalist,iNaturalist research-grade observations
1703232718,"Loxodonta africana (Blumenbach, 1797)",Loxodonta africana,Loxodonta,Elephantidae,-3.798751,38.656998,31418.0,Taita Taveta,,,2017-07-14,2017.0,7.0,14.0,HUMAN_OBSERVATION,iNaturalist,iNaturalist research-grade observations
2802579903,"Loxodonta africana (Blumenbach, 1797)",Loxodonta africana,Loxodonta,Elephantidae,-2.99793,37.870051,134912.0,Taita Taveta,,,2017-07-17T17:17,2017.0,7.0,17.0,HUMAN_OBSERVATION,iNaturalist,iNaturalist research-grade observations
2883067005,"Loxodonta africana (Blumenbach, 1797)",Loxodonta africana,Loxodonta,Elephantidae,-2.638102,37.322482,31434.0,Kajiado,,,2017-07-25T12:45,2017.0,7.0,25.0,HUMAN_OBSERVATION,iNaturalist,iNaturalist research-grade observations
2883068848,"Loxodonta africana (Blumenbach, 1797)",Loxodonta africana,Loxodonta,Elephantidae,-2.620455,37.245531,31434.0,Kajiado,,,2017-07-23T22:15,2017.0,7.0,23.0,HUMAN_OBSERVATION,iNaturalist,iNaturalist research-grade observations
2883076802,"Loxodonta africana (Blumenbach, 1797)",Loxodonta africana,Loxodonta,Elephantidae,-2.611007,37.397191,31434.0,Kajiado,,,2017-07-25T11:07,2017.0,7.0,25.0,HUMAN_OBSERVATION,iNaturalist,iNaturalist research-grade observations
2883077763,"Loxodonta africana (Blumenbach, 1797)",Loxodonta africana,Loxodonta,Elephantidae,-2.622342,37.391977,31434.0,Kajiado,,,2017-07-25T15:40,2017.0,7.0,25.0,HUMAN_OBSERVATION,iNaturalist,iNaturalist research-grade observations
2883101022,"Loxodonta africana (Blumenbach, 1797)",Loxodonta africana,Loxodonta,Elephantidae,-2.646759,37.374426,31434.0,Kajiado,,,2017-07-25T11:18,2017.0,7.0,25.0,HUMAN_OBSERVATION,iNaturalist,iNaturalist research-grade observations
2883101821,"Loxodonta africana (Blumenbach, 1797)",Loxodonta africana,Loxodonta,Elephantidae,-2.680597,37.347437,31434.0,Kajiado,,,2017-07-25T11:06,2017.0,7.0,25.0,HUMAN_OBSERVATION,iNaturalist,iNaturalist research-grade observations
2883114767,"Loxodonta africana (Blumenbach, 1797)",Loxodonta africana,Loxodonta,Elephantidae,-2.769889,37.284149,31434.0,Kajiado,,,2017-07-25T11:44,2017.0,7.0,25.0,HUMAN_OBSERVATION,iNaturalist,iNaturalist research-grade observations
3113536809,"Loxodonta africana (Blumenbach, 1797)",Loxodonta africana,Loxodonta,Elephantidae,-2.67216,37.389068,31434.0,Kajiado,,,2017-07-08T11:46Z,2017.0,7.0,8.0,HUMAN_OBSERVATION,iNaturalist,iNaturalist research-grade observations
3456534016,"Loxodonta africana (Blumenbach, 1797)",Loxodonta africana,Loxodonta,Elephantidae,-3.682855,38.729632,31418.0,Taita Taveta,,,2017-07-09T10:42,2017.0,7.0,9.0,HUMAN_OBSERVATION,iNaturalist,iNaturalist research-grade observations
3456956805,"Loxodonta africana (Blumenbach, 1797)",Loxodonta africana,Loxodonta,Elephantidae,-2.756687,37.36425,31434.0,Kajiado,,,2017-07-03T03:31,2017.0,7.0,3.0,HUMAN_OBSERVATION,iNaturalist,iNaturalist research-grade observations
4145342014,"Loxodonta africana (Blumenbach, 1797)",Loxodonta africana,Loxodonta,Elephantidae,-1.393328,35.080725,31447.0,Narok,,,2017-07-01T00:57,2017.0,7.0,1.0,HUMAN_OBSERVATION,iNaturalist,iNaturalist research-grade observations
4145650265,"Loxodonta africana (Blumenbach, 1797)",Loxodonta africana,Loxodonta,Elephantidae,-1.305937,35.104662,31447.0,Narok,,,2017-07-01T00:51,2017.0,7.0,1.0,HUMAN_OBSERVATION,iNaturalist,iNaturalist research-grade observations
4162248170,"Loxodonta africana (Blumenbach, 1797)",Loxodonta africana,Loxodonta,Elephantidae,-1.515544,35.06274,31446.0,Narok,,,2017-07-01T01:03,2017.0,7.0,1.0,HUMAN_OBSERVATION,iNaturalist,iNaturalist research-grade observations
4162308923,"Loxodonta africana (Blumenbach, 1797)",Loxodonta africana,Loxodonta,Elephantidae,-1.280868,35.018756,31447.0,Narok,,,2017-07-01T01:05,2017.0,7.0,1.0,HUMAN_OBSERVATION,iNaturalist,iNaturalist research-grade observations
4172193007,"Loxodonta africana (Blumenbach, 1797)",Loxodonta africana,Loxodonta,Elephantidae,-1.292716,35.145354,31447.0,Narok,,,2017-07-01T01:20,2017.0,7.0,1.0,HUMAN_OBSERVATION,iNaturalist,iNaturalist research-grade observations
5012563099,"Loxodonta africana (Blumenbach, 1797)",Loxodonta africana,Loxodonta,Elephantidae,-2.639218,37.199364,250.0,,,Amboseli Nationalpark,2017-07-22T00:00,2017.0,7.0,22.0,HUMAN_OBSERVATION,NABU|naturgucker,
5015010002,"Loxodonta africana (Blumenbach, 1797)",Loxodonta africana,Loxodonta,Elephantidae,-2.639218,37.199364,250.0,,,Amboseli Nationalpark,2017-07-20T00:00,2017.0,7.0,20.0,HUMAN_OBSERVATION,NABU|naturgucker,
5016813851,"Loxodonta africana (Blumenbach, 1797)",Loxodonta africana,Loxodonta,Elephantidae,-1.573594,35.202942,250.0,,,"Masai Mara NR, Kenya",2017-07-17T00:00,2017.0,7.0,17.0,HUMAN_OBSERVATION,NABU|naturgucker,
5018184029,"Loxodonta africana (Blumenbach, 1797)",Loxodonta africana,Loxodonta,Elephantidae,-2.639218,37.199364,250.0,,,Amboseli Nationalpark,2017-07-21T00:00,2017.0,7.0,21.0,HUMAN_OBSERVATION,NABU|naturgucker,
5020803932,"Loxodonta africana (Blumenbach, 1797)",Loxodonta africana,Loxodonta,Elephantidae,0.57128,37.608948,250.0,,,"Samburu, Kenya",2017-07-13T00:00,2017.0,7.0,13.0,HUMAN_OBSERVATION,NABU|naturgucker,
5025450600,"Loxodonta africana (Blumenbach, 1797)",Loxodonta africana,Loxodonta,Elephantidae,0.57128,37.608948,250.0,,,"Samburu, Kenya",2017-07-12T00:00,2017.0,7.0,12.0,HUMAN_OBSERVATION,NABU|naturgucker,
5027056794,"Loxodonta africana (Blumenbach, 1797)",Loxodonta africana,Loxodonta,Elephantidae,-0.457301,36.719055,250.0,,,Aberdare National Park,2017-07-10T00:00,2017.0,7.0,10.0,HUMAN_OBSERVATION,NABU|naturgucker,
2634272216,"Loxodonta africana (Blumenbach, 1797)",Loxodonta africana,Loxodonta,Elephantidae,-1.585979,35.13469,31446.0,Narok,,,2017-08-04T01:07:43,2017.0,8.0,4.0,HUMAN_OBSERVATION,iNaturalist,iNaturalist research-grade observations
2860130909,"Loxodonta africana (Blumenbach, 1797)",Loxodonta africana,Loxodonta,Elephantidae,-1.325827,34.871488,31447.0,Narok,,,2017-08-25T01:39,2017.0,8.0,25.0,HUMAN_OBSERVATION,iNaturalist,iNaturalist research-grade observations
2860153988,"Loxodonta africana (Blumenbach, 1797)",Loxodonta africana,Loxodonta,Elephantidae,-1.216037,34.814825,31447.0,Narok,,,2017-08-25T07:50,2017.0,8.0,25.0,HUMAN_OBSERVATION,iNaturalist,iNaturalist research-grade observations
2883195953,"Loxodonta africana (Blumenbach, 1797)",Loxodonta africana,Loxodonta,Elephantidae,-1.376364,35.006664,33103.0,Narok,,,2017-08-01T08:48,2017.0,8.0,1.0,HUMAN_OBSERVATION,iNaturalist,iNaturalist research-grade observations
3398665355,"Loxodonta africana (Blumenbach, 1797)",Loxodonta africana,Loxodonta,Elephantidae,-2.654239,37.289509,31434.0,Kajiado,,,2017-08-29T13:10,2017.0,8.0,29.0,HUMAN_OBSERVATION,iNaturalist,iNaturalist research-grade observations
3398755360,"Loxodonta africana (Blumenbach, 1797)",Loxodonta africana,Loxodonta,Elephantidae,-2.798347,37.246259,31434.0,Kajiado,,,2017-08-30T06:50,2017.0,8.0,30.0,HUMAN_OBSERVATION,iNaturalist,iNaturalist research-grade observations
3398957361,"Loxodonta africana (Blumenbach, 1797)",Loxodonta africana,Loxodonta,Elephantidae,-2.665293,37.292203,31434.0,Kajiado,,,2017-08-29T16:21,2017.0,8.0,29.0,HUMAN_OBSERVATION,iNaturalist,iNaturalist research-grade observations
3399101357,"Loxodonta africana (Blumenbach, 1797)",Loxodonta africana,Loxodonta,Elephantidae,-2.611475,37.379102,31434.0,Kajiado,,,2017-08-29T17:07,2017.0,8.0,29.0,HUMAN_OBSERVATION,iNaturalist,iNaturalist research-grade observations
3399130371,"Loxodonta africana (Blumenbach, 1797)",Loxodonta africana,Loxodonta,Elephantidae,-2.746641,37.361743,31434.0,Kajiado,,,2017-08-29T13:12,2017.0,8.0,29.0,HUMAN_OBSERVATION,iNaturalist,iNaturalist research-grade observations
3399174350,"Loxodonta africana (Blumenbach, 1797)",Loxodonta africana,Loxodonta,Elephantidae,-2.625902,37.245351,31434.0,Kajiado,,,2017-08-30T06:49,2017.0,8.0,30.0,HUMAN_OBSERVATION,iNaturalist,iNaturalist research-grade observations
3399177354,"Loxodonta africana (Blumenbach, 1797)",Loxodonta africana,Loxodonta,Elephantidae,-2.608616,37.394015,31434.0,Kajiado,,,2017-08-30T07:06,2017.0,8.0,30.0,HUMAN_OBSERVATION,iNaturalist,iNaturalist research-grade observations
3860007597,"Loxodonta africana (Blumenbach, 1797)",Loxodonta africana,Loxodonta,Elephantidae,-1.594407,35.068735,31446.0,Narok,,,2017-08-07T15:38,2017.0,8.0,7.0,HUMAN_OBSERVATION,iNaturalist,iNaturalist research-grade observations
4510341252,"Loxodonta africana (Blumenbach, 1797)",Loxodonta africana,Loxodonta,Elephantidae,-1.441357,35.052925,31446.0,Narok,,,2017-08-03T02:52,2017.0,8.0,3.0,HUMAN_OBSERVATION,iNaturalist,iNaturalist research-grade observations
1703232917,"Loxodonta africana (Blumenbach, 1797)",Loxodonta africana,Loxodonta,Elephantidae,-3.234237,37.708261,31425.0,Taita Taveta,,,2017-09-28T10:44,2017.0,9.0,28.0,HUMAN_OBSERVATION,iNaturalist,iNaturalist research-grade observations
2366048538,"Loxodonta africana (Blumenbach, 1797)",Loxodonta africana,Loxodonta,Elephantidae,-2.787082,37.275294,31434.0,Kajiado,,,2017-09-06T12:05Z,2017.0,9.0,6.0,HUMAN_OBSERVATION,iNaturalist,iNaturalist research-grade observations
2603470507,"Loxodonta africana (Blumenbach, 1797)",Loxodonta africana,Loxodonta,Elephantidae,-1.34893,35.180504,31447.0,Narok,,,2017-09-08T16:46,2017.0,9.0,8.0,HUMAN_OBSERVATION,iNaturalist,iNaturalist research-grade observations
3044662541,"Loxodonta africana (Blumenbach, 1797)",Loxodonta africana,Loxodonta,Elephantidae,-2.60486,37.324222,31434.0,Kajiado,,,2017-09-25T19:14,2017.0,9.0,25.0,HUMAN_OBSERVATION,iNaturalist,iNaturalist research-grade observations
3044812694,"Loxodonta africana (Blumenbach, 1797)",Loxodonta africana,Loxodonta,Elephantidae,-2.678001,37.301645,31434.0,Kajiado,,,2017-09-25T17:16,2017.0,9.0,25.0,HUMAN_OBSERVATION,iNaturalist,iNaturalist research-grade observations
3058689773,"Loxodonta africana (Blumenbach, 1797)",Loxodonta africana,Loxodonta,Elephantidae,-2.719494,37.259697,31434.0,Kajiado,,,2017-09-26T09:00,2017.0,9.0,26.0,HUMAN_OBSERVATION,iNaturalist,iNaturalist research-grade observations
3058725071,"Loxodonta africana (Blumenbach, 1797)",Loxodonta africana,Loxodonta,Elephantidae,-2.741381,37.237205,31434.0,Kajiado,,,2017-09-26T11:54,2017.0,9.0,26.0,HUMAN_OBSERVATION,iNaturalist,iNaturalist research-grade observations
3058931052,"Loxodonta africana (Blumenbach, 1797)",Loxodonta africana,Loxodonta,Elephantidae,-2.693828,37.255799,31434.0,Kajiado,,,2017-09-26T11:43,2017.0,9.0,26.0,HUMAN_OBSERVATION,iNaturalist,iNaturalist research-grade observations
3058975761,"Loxodonta africana (Blumenbach, 1797)",Loxodonta africana,Loxodonta,Elephantidae,-2.662783,37.30622,31434.0,Kajiado,,,2017-09-26T08:46,2017.0,9.0,26.0,HUMAN_OBSERVATION,iNaturalist,iNaturalist research-grade observations
3059072345,"Loxodonta africana (Blumenbach, 1797)",Loxodonta africana,Loxodonta,Elephantidae,-3.308031,38.497742,31425.0,Taita Taveta,,,2017-09-27T17:04,2017.0,9.0,27.0,HUMAN_OBSERVATION,iNaturalist,iNaturalist research-grade observations
3343974811,"Loxodonta africana (Blumenbach, 1797)",Loxodonta africana,Loxodonta,Elephantidae,1.10331,37.784482,31448.0,Samburu,,,2017-09-06T12:48Z,2017.0,9.0,6.0,HUMAN_OBSERVATION,iNaturalist,iNaturalist research-grade observations
3343976871,"Loxodonta africana (Blumenbach, 1797)",Loxodonta africana,Loxodonta,Elephantidae,1.104479,37.676067,31448.0,Samburu,,,2017-09-06T12:48Z,2017.0,9.0,6.0,HUMAN_OBSERVATION,iNaturalist,iNaturalist research-grade observations
3343983821,"Loxodonta africana (Blumenbach, 1797)",Loxodonta africana,Loxodonta,Elephantidae,1.140305,37.793666,31448.0,Samburu,,,2017-09-06T12:48Z,2017.0,9.0,6.0,HUMAN_OBSERVATION,iNaturalist,iNaturalist research-grade observations
3343984826,"Loxodonta africana (Blumenbach, 1797)",Loxodonta africana,Loxodonta,Elephantidae,1.138754,37.621325,31448.0,Samburu,,,2017-09-06T12:48Z,2017.0,9.0,6.0,HUMAN_OBSERVATION,iNaturalist,iNaturalist research-grade observations
3344025851,"Loxodonta africana (Blumenbach, 1797)",Loxodonta africana,Loxodonta,Elephantidae,1.011925,37.760088,31448.0,Samburu,,,2017-09-06T12:48Z,2017.0,9.0,6.0,HUMAN_OBSERVATION,iNaturalist,iNaturalist research-grade observations
3398632351,"Loxodonta africana (Blumenbach, 1797)",Loxodonta africana,Loxodonta,Elephantidae,-1.219588,35.021447,31447.0,Narok,,,2017-09-06T16:09,2017.0,9.0,6.0,HUMAN_OBSERVATION,iNaturalist,iNaturalist research-grade observations
3398677363,"Loxodonta africana (Blumenbach, 1797)",Loxodonta africana,Loxodonta,Elephantidae,1.387639,37.162245,171701.0,Samburu,,,2017-09-02T12:21,2017.0,9.0,2.0,HUMAN_OBSERVATION,iNaturalist,iNaturalist research-grade observations
3398678346,"Loxodonta africana (Blumenbach, 1797)",Loxodonta africana,Loxodonta,Elephantidae,0.547463,37.701561,31451.0,Isiolo,,,2017-09-03T07:27,2017.0,9.0,3.0,HUMAN_OBSERVATION,iNaturalist,iNaturalist research-grade observations
3398681351,"Loxodonta africana (Blumenbach, 1797)",Loxodonta africana,Loxodonta,Elephantidae,-1.320468,35.031804,31447.0,Narok,,,2017-09-06T17:11,2017.0,9.0,6.0,HUMAN_OBSERVATION,iNaturalist,iNaturalist research-grade observations
3398690351,"Loxodonta africana (Blumenbach, 1797)",Loxodonta africana,Loxodonta,Elephantidae,-1.251622,35.163321,31447.0,Narok,,,2017-09-06T16:09,2017.0,9.0,6.0,HUMAN_OBSERVATION,iNaturalist,iNaturalist research-grade observations
3398692342,"Loxodonta africana (Blumenbach, 1797)",Loxodonta africana,Loxodonta,Elephantidae,-1.48662,35.044787,31446.0,Narok,,,2017-09-05T17:11,2017.0,9.0,5.0,HUMAN_OBSERVATION,iNaturalist,iNaturalist research-grade observations
3398765368,"Loxodonta africana (Blumenbach, 1797)",Loxodonta africana,Loxodonta,Elephantidae,-1.313946,35.187768,31447.0,Narok,,,2017-09-05T08:19,2017.0,9.0,5.0,HUMAN_OBSERVATION,iNaturalist,iNaturalist research-grade observations
3398767347,"Loxodonta africana (Blumenbach, 1797)",Loxodonta africana,Loxodonta,Elephantidae,0.540473,37.787517,31451.0,Isiolo,,,2017-09-03T12:52,2017.0,9.0,3.0,HUMAN_OBSERVATION,iNaturalist,iNaturalist research-grade observations
3398772356,"Loxodonta africana (Blumenbach, 1797)",Loxodonta africana,Loxodonta,Elephantidae,0.578325,37.780136,31451.0,Isiolo,,,2017-09-03T07:06,2017.0,9.0,3.0,HUMAN_OBSERVATION,iNaturalist,iNaturalist research-grade observations
3398773361,"Loxodonta africana (Blumenbach, 1797)",Loxodonta africana,Loxodonta,Elephantidae,-0.055758,36.849873,31451.0,Laikipia,,,2017-09-01T16:25,2017.0,9.0,1.0,HUMAN_OBSERVATION,iNaturalist,iNaturalist research-grade observations
3398975363,"Loxodonta africana (Blumenbach, 1797)",Loxodonta africana,Loxodonta,Elephantidae,-1.591999,35.102891,31446.0,Narok,,,2017-09-05T18:01,2017.0,9.0,5.0,HUMAN_OBSERVATION,iNaturalist,iNaturalist research-grade observations
3399101358,"Loxodonta africana (Blumenbach, 1797)",Loxodonta africana,Loxodonta,Elephantidae,-0.1708,36.930626,31451.0,Laikipia,,,2017-09-01T16:24,2017.0,9.0,1.0,HUMAN_OBSERVATION,iNaturalist,iNaturalist research-grade observations
3399115355,"Loxodonta africana (Blumenbach, 1797)",Loxodonta africana,Loxodonta,Elephantidae,-1.577456,35.057422,31446.0,Narok,,,2017-09-06T14:25,2017.0,9.0,6.0,HUMAN_OBSERVATION,iNaturalist,iNaturalist research-grade observations
3399155363,"Loxodonta africana (Blumenbach, 1797)",Loxodonta africana,Loxodonta,Elephantidae,-1.497691,35.391651,31446.0,Narok,,,2017-09-04T13:48,2017.0,9.0,4.0,HUMAN_OBSERVATION,iNaturalist,iNaturalist research-grade observations
3399164352,"Loxodonta africana (Blumenbach, 1797)",Loxodonta africana,Loxodonta,Elephantidae,-1.208332,35.107132,31447.0,Narok,,,2017-09-06T08:56,2017.0,9.0,6.0,HUMAN_OBSERVATION,iNaturalist,iNaturalist research-grade observations
3399192368,"Loxodonta africana (Blumenbach, 1797)",Loxodonta africana,Loxodonta,Elephantidae,-1.53707,35.094278,31446.0,Narok,,,2017-09-05T17:36,2017.0,9.0,5.0,HUMAN_OBSERVATION,iNaturalist,iNaturalist research-grade observations
5016413411,"Loxodonta africana (Blumenbach, 1797)",Loxodonta africana,Loxodonta,Elephantidae,-2.639218,37.199364,250.0,,,Amboseli Nationalpark,2017-09-25T00:00,2017.0,9.0,25.0,HUMAN_OBSERVATION,NABU|naturgucker,
5021669000,"Loxodonta africana (Blumenbach, 1797)",Loxodonta africana,Loxodonta,Elephantidae,-2.977327,38.831177,250.0,,,TSAVO-OST-Nationalpark,2017-09-28T00:00,2017.0,9.0,28.0,HUMAN_OBSERVATION,NABU|naturgucker,
5023635160,"Loxodonta africana (Blumenbach, 1797)",Loxodonta africana,Loxodonta,Elephantidae,-2.977327,38.831177,250.0,,,TSAVO-OST-Nationalpark,2017-09-27T00:00,2017.0,9.0,27.0,HUMAN_OBSERVATION,NABU|naturgucker,
5025379785,"Loxodonta africana (Blumenbach, 1797)",Loxodonta africana,Loxodonta,Elephantidae,-3.372559,38.596889,250.0,,,Voi Wildlife Lodge,2017-09-27T00:00,2017.0,9.0,27.0,HUMAN_OBSERVATION,NABU|naturgucker,
5027667089,"Loxodonta africana (Blumenbach, 1797)",Loxodonta africana,Loxodonta,Elephantidae,-2.639218,37.199364,250.0,,,Amboseli Nationalpark,2017-09-26T00:00,2017.0,9.0,26.0,HUMAN_OBSERVATION,NABU|naturgucker,
1703140955,"Loxodonta africana (Blumenbach, 1797)",Loxodonta africana,Loxodonta,Elephantidae,-1.487318,35.341478,31446.0,Narok,,,2017-10-10T17:15:23,2017.0,10.0,10.0,HUMAN_OBSERVATION,iNaturalist,iNaturalist research-grade observations
1978861934,"Loxodonta africana (Blumenbach, 1797)",Loxodonta africana,Loxodonta,Elephantidae,0.114638,36.90641,31451.0,Laikipia,,,2017-10-28T17:43,2017.0,10.0,28.0,HUMAN_OBSERVATION,iNaturalist,iNaturalist research-grade observations
1986527979,"Loxodonta africana (Blumenbach, 1797)",Loxodonta africana,Loxodonta,Elephantidae,0.16783,36.952107,31451.0,Laikipia,,,2017-10-28T17:23,2017.0,10.0,28.0,HUMAN_OBSERVATION,iNaturalist,iNaturalist research-grade observations
1986528025,"Loxodonta africana (Blumenbach, 1797)",Loxodonta africana,Loxodonta,Elephantidae,0.09765,36.904158,31451.0,Laikipia,,,2017-10-28T13:37,2017.0,10.0,28.0,HUMAN_OBSERVATION,iNaturalist,iNaturalist research-grade observations
3059122438,"Loxodonta africana (Blumenbach, 1797)",Loxodonta africana,Loxodonta,Elephantidae,-0.454671,36.745207,31451.0,Nyeri,,,2017-10-01T03:58,2017.0,10.0,1.0,HUMAN_OBSERVATION,iNaturalist,iNaturalist research-grade observations
3061624097,"Loxodonta africana (Blumenbach, 1797)",Loxodonta africana,Loxodonta,Elephantidae,-1.225428,34.873944,31447.0,Narok,,,2017-10-03T00:55,2017.0,10.0,3.0,HUMAN_OBSERVATION,iNaturalist,iNaturalist research-grade observations
3061632043,"Loxodonta africana (Blumenbach, 1797)",Loxodonta africana,Loxodonta,Elephantidae,-1.329762,34.900526,31447.0,Narok,,,2017-10-03T00:53,2017.0,10.0,3.0,HUMAN_OBSERVATION,iNaturalist,iNaturalist research-grade observations
3061672274,"Loxodonta africana (Blumenbach, 1797)",Loxodonta africana,Loxodonta,Elephantidae,-1.470345,34.966648,31446.0,Narok,,,2017-10-03T03:03,2017.0,10.0,3.0,HUMAN_OBSERVATION,iNaturalist,iNaturalist research-grade observations
4405476326,"Loxodonta africana (Blumenbach, 1797)",Loxodonta africana,Loxodonta,Elephantidae,-2.655102,37.211313,31434.0,Kajiado,,,2017-10-25T10:55:24,2017.0,10.0,25.0,HUMAN_OBSERVATION,iNaturalist,iNaturalist research-grade observations
5217470551,"Loxodonta africana (Blumenbach, 1797)",Loxodonta africana,Loxodonta,Elephantidae,-2.977525,37.878061,31431.0,Taita Taveta,,,2017-10-22T08:55,2017.0,10.0,22.0,HUMAN_OBSERVATION,iNaturalist,iNaturalist research-grade observations
1978845278,"Loxodonta africana (Blumenbach, 1797)",Loxodonta africana,Loxodonta,Elephantidae,-2.656746,37.291036,31434.0,Kajiado,,,2017-11-17T09:18,2017.0,11.0,17.0,HUMAN_OBSERVATION,iNaturalist,iNaturalist research-grade observations
1978845859,"Loxodonta africana (Blumenbach, 1797)",Loxodonta africana,Loxodonta,Elephantidae,-2.730568,37.397237,31434.0,Kajiado,,,2017-11-17T16:59,2017.0,11.0,17.0,HUMAN_OBSERVATION,iNaturalist,iNaturalist research-grade observations
1978846926,"Loxodonta africana (Blumenbach, 1797)",Loxodonta africana,Loxodonta,Elephantidae,-2.778075,37.375943,31434.0,Kajiado,,,2017-11-17T09:16,2017.0,11.0,17.0,HUMAN_OBSERVATION,iNaturalist,iNaturalist research-grade observations
1978849363,"Loxodonta africana (Blumenbach, 1797)",Loxodonta africana,Loxodonta,Elephantidae,-2.711887,37.296059,31434.0,Kajiado,,,2017-11-18T11:00,2017.0,11.0,18.0,HUMAN_OBSERVATION,iNaturalist,iNaturalist research-grade observations
1978850398,"Loxodonta africana (Blumenbach, 1797)",Loxodonta africana,Loxodonta,Elephantidae,-2.6804,37.28789,31434.0,Kajiado,,,2017-11-17T07:57,2017.0,11.0,17.0,HUMAN_OBSERVATION,iNaturalist,iNaturalist research-grade observations
1978851860,"Loxodonta africana (Blumenbach, 1797)",Loxodonta africana,Loxodonta,Elephantidae,-2.682334,37.336994,31434.0,Kajiado,,,2017-11-17T16:58,2017.0,11.0,17.0,HUMAN_OBSERVATION,iNaturalist,iNaturalist research-grade observations
1986533279,"Loxodonta africana (Blumenbach, 1797)",Loxodonta africana,Loxodonta,Elephantidae,-1.386002,34.829758,31447.0,Narok,,,2017-11-02T12:22,2017.0,11.0,2.0,HUMAN_OBSERVATION,iNaturalist,iNaturalist research-grade observations
1986534051,"Loxodonta africana (Blumenbach, 1797)",Loxodonta africana,Loxodonta,Elephantidae,-1.24115,34.93836,31447.0,Narok,,,2017-11-02T12:36,2017.0,11.0,2.0,HUMAN_OBSERVATION,iNaturalist,iNaturalist research-grade observations
1986534663,"Loxodonta africana (Blumenbach, 1797)",Loxodonta africana,Loxodonta,Elephantidae,-1.214242,34.839601,31447.0,Narok,,,2017-11-02T12:37,2017.0,11.0,2.0,HUMAN_OBSERVATION,iNaturalist,iNaturalist research-grade observations
1986537664,"Loxodonta africana (Blumenbach, 1797)",Loxodonta africana,Loxodonta,Elephantidae,-1.554684,35.183783,31446.0,Narok,,,2017-11-04T17:54,2017.0,11.0,4.0,HUMAN_OBSERVATION,iNaturalist,iNaturalist research-grade observations
1986538255,"Loxodonta africana (Blumenbach, 1797)",Loxodonta africana,Loxodonta,Elephantidae,-1.431247,35.138699,31446.0,Narok,,,2017-11-04T17:53,2017.0,11.0,4.0,HUMAN_OBSERVATION,iNaturalist,iNaturalist research-grade observations
2242926801,"Loxodonta africana (Blumenbach, 1797)",Loxodonta africana,Loxodonta,Elephantidae,2.063263,37.988537,31441.0,Marsabit,,,2017-11-14,2017.0,11.0,14.0,HUMAN_OBSERVATION,iNaturalist,iNaturalist research-grade observations
5843983543,"Loxodonta africana (Blumenbach, 1797)",Loxodonta africana,Loxodonta,Elephantidae,-1.46973,35.217207,31446.0,Narok,,,2017-11-27T18:52:10,2017.0,11.0,27.0,HUMAN_OBSERVATION,iNaturalist,iNaturalist research-grade observations
6352954905,"Loxodonta africana (Blumenbach, 1797)",Loxodonta africana,Loxodonta,Elephantidae,-1.235715,35.133326,31447.0,Narok,,,2017-11-25T06:16,2017.0,11.0,25.0,HUMAN_OBSERVATION,iNaturalist,iNaturalist research-grade observations
6353208970,"Loxodonta africana (Blumenbach, 1797)",Loxodonta africana,Loxodonta,Elephantidae,-1.370376,34.885611,31447.0,Narok,,,2017-11-24T16:09,2017.0,11.0,24.0,HUMAN_OBSERVATION,iNaturalist,iNaturalist research-grade observations
1990504242,"Loxodonta africana (Blumenbach, 1797)",Loxodonta africana,Loxodonta,Elephantidae,-2.925692,38.947238,31431.0,Kitui,,,2017-12-27T08:58:53,2017.0,12.0,27.0,HUMAN_OBSERVATION,iNaturalist,iNaturalist research-grade observations
3399139194,"Loxodonta africana (Blumenbach, 1797)",Loxodonta africana,Loxodonta,Elephantidae,0.161303,36.800363,31451.0,Laikipia,,,2017-12-27,2017.0,12.0,27.0,HUMAN_OBSERVATION,iNaturalist,iNaturalist research-grade observations
4465475700,"Loxodonta africana (Blumenbach, 1797)",Loxodonta africana,Loxodonta,Elephantidae,-1.546267,35.119232,31446.0,Narok,,,2017-12-28,2017.0,12.0,28.0,HUMAN_OBSERVATION,iNaturalist,iNaturalist research-grade observations
4465487718,"Loxodonta africana (Blumenbach, 1797)",Loxodonta africana,Loxodonta,Elephantidae,-1.415948,35.127065,31446.0,Narok,,,2017-12-19,2017.0,12.0,19.0,HUMAN_OBSERVATION,iNaturalist,iNaturalist research-grade observations
4465490732,"Loxodonta africana (Blumenbach, 1797)",Loxodonta africana,Loxodonta,Elephantidae,-1.42538,35.00123,31446.0,Narok,,,2017-12-20,2017.0,12.0,20.0,HUMAN_OBSERVATION,iNaturalist,iNaturalist research-grade observations
4465507686,"Loxodonta africana (Blumenbach, 1797)",Loxodonta africana,Loxodonta,Elephantidae,-1.513334,35.089868,31446.0,Narok,,,2017-12-21,2017.0,12.0,21.0,HUMAN_OBSERVATION,iNaturalist,iNaturalist research-grade observations
4465529714,"Loxodonta africana (Blumenbach, 1797)",Loxodonta africana,Loxodonta,Elephantidae,-1.485068,35.16819,31446.0,Narok,,,2017-12-27,2017.0,12.0,27.0,HUMAN_OBSERVATION,iNaturalist,iNaturalist research-grade observations
4465693642,"Loxodonta africana (Blumenbach, 1797)",Loxodonta africana,Loxodonta,Elephantidae,-1.581877,35.107916,31446.0,Narok,,,2017-12-21,2017.0,12.0,21.0,HUMAN_OBSERVATION,iNaturalist,iNaturalist research-grade observations
4465727647,"Loxodonta africana (Blumenbach, 1797)",Loxodonta africana,Loxodonta,Elephantidae,-1.471508,35.03428,31446.0,Narok,,,2017-12-20,2017.0,12.0,20.0,HUMAN_OBSERVATION,iNaturalist,iNaturalist research-grade observations
4936365505,"Loxodonta africana (Blumenbach, 1797)",Loxodonta africana,Loxodonta,Elephantidae,-2.712891,37.303696,31434.0,Kajiado,,,2017-12-17,2017.0,12.0,17.0,HUMAN_OBSERVATION,iNaturalist,iNaturalist research-grade observations
5006903393,"Loxodonta africana (Blumenbach, 1797)",Loxodonta africana,Loxodonta,Elephantidae,-1.477188,35.049995,31446.0,Narok,,,2016-01-31T23:37,2016.0,1.0,31.0,HUMAN_OBSERVATION,iNaturalist,iNaturalist research-grade observations
5007845795,"Loxodonta africana (Blumenbach, 1797)",Loxodonta africana,Loxodonta,Elephantidae,-1.5934,35.103285,31446.0,Narok,,,2016-02-01T15:47,2016.0,2.0,1.0,HUMAN_OBSERVATION,iNaturalist,iNaturalist research-grade observations
2005653618,"Loxodonta africana (Blumenbach, 1797)",Loxodonta africana,Loxodonta,Elephantidae,-1.375,36.875,12000.0,,,sheldrick wildlife trust orphanage,2016-03-25,2016.0,3.0,25.0,HUMAN_OBSERVATION,ADU-UCT,MammalMAP
6130113581,"Loxodonta africana (Blumenbach, 1797)",Loxodonta africana,Loxodonta,Elephantidae,-2.712489,37.329973,31434.0,Kajiado,,,2016-03-13T09:49,2016.0,3.0,13.0,HUMAN_OBSERVATION,iNaturalist,iNaturalist research-grade observations
5013949929,"Loxodonta africana (Blumenbach, 1797)",Loxodonta africana,Loxodonta,Elephantidae,-3.54242,38.234138,250.0,,,Taita Hills Wildlife Sanctuary,2016-04-14T00:00,2016.0,4.0,14.0,HUMAN_OBSERVATION,NABU|naturgucker,
5019929500,"Loxodonta africana (Blumenbach, 1797)",Loxodonta africana,Loxodonta,Elephantidae,-3.54242,38.234138,250.0,,,Taita Hills Wildlife Sanctuary,2016-04-15T00:00,2016.0,4.0,15.0,HUMAN_OBSERVATION,NABU|naturgucker,
5022496884,"Loxodonta africana (Blumenbach, 1797)",Loxodonta africana,Loxodonta,Elephantidae,-3.225529,37.987289,250.0,,,TSAVO-WEST-Nationalpark,2016-04-12T00:00,2016.0,4.0,12.0,HUMAN_OBSERVATION,NABU|naturgucker,
5023425831,"Loxodonta africana (Blumenbach, 1797)",Loxodonta africana,Loxodonta,Elephantidae,-2.639218,37.199364,250.0,,,Amboseli Nationalpark,2016-04-13T00:00,2016.0,4.0,13.0,HUMAN_OBSERVATION,NABU|naturgucker,
2005653444,"Loxodonta africana (Blumenbach, 1797)",Loxodonta africana,Loxodonta,Elephantidae,-4.125,39.375,12000.0,,,"Shimba Hills National Park, Ocean view point",2016-05-29,2016.0,5.0,29.0,HUMAN_OBSERVATION,ADU-UCT,MammalMAP
3330606380,"Loxodonta africana (Blumenbach, 1797)",Loxodonta africana,Loxodonta,Elephantidae,0.203142,36.964092,31451.0,Laikipia,,,2016-05-05T02:46,2016.0,5.0,5.0,HUMAN_OBSERVATION,iNaturalist,iNaturalist research-grade observations
3337667066,"Loxodonta africana (Blumenbach, 1797)",Loxodonta africana,Loxodonta,Elephantidae,0.337951,36.995269,31451.0,Laikipia,,,2016-05-10T23:48,2016.0,5.0,10.0,HUMAN_OBSERVATION,iNaturalist,iNaturalist research-grade observations
3338101296,"Loxodonta africana (Blumenbach, 1797)",Loxodonta africana,Loxodonta,Elephantidae,0.357247,36.989449,31451.0,Laikipia,,,2016-05-11T20:41,2016.0,5.0,11.0,HUMAN_OBSERVATION,iNaturalist,iNaturalist research-grade observations
3785032949,"Loxodonta africana (Blumenbach, 1797)",Loxodonta africana,Loxodonta,Elephantidae,0.209144,36.860381,31451.0,Laikipia,,,2016-05-05T03:26,2016.0,5.0,5.0,HUMAN_OBSERVATION,iNaturalist,iNaturalist research-grade observations
3802520617,"Loxodonta africana (Blumenbach, 1797)",Loxodonta africana,Loxodonta,Elephantidae,0.227461,36.869733,31451.0,Laikipia,,,2016-05-10T23:44,2016.0,5.0,10.0,HUMAN_OBSERVATION,iNaturalist,iNaturalist research-grade observations
3802534553,"Loxodonta africana (Blumenbach, 1797)",Loxodonta africana,Loxodonta,Elephantidae,0.301448,36.800642,31451.0,Laikipia,,,2016-05-11T02:15,2016.0,5.0,11.0,HUMAN_OBSERVATION,iNaturalist,iNaturalist research-grade observations
3802554566,"Loxodonta africana (Blumenbach, 1797)",Loxodonta africana,Loxodonta,Elephantidae,0.32814,36.953534,31451.0,Laikipia,,,2016-05-11T03:22,2016.0,5.0,11.0,HUMAN_OBSERVATION,iNaturalist,iNaturalist research-grade observations
3802559661,"Loxodonta africana (Blumenbach, 1797)",Loxodonta africana,Loxodonta,Elephantidae,0.272164,36.873738,31451.0,Laikipia,,,2016-05-11T02:17,2016.0,5.0,11.0,HUMAN_OBSERVATION,iNaturalist,iNaturalist research-grade observations
3802631681,"Loxodonta africana (Blumenbach, 1797)",Loxodonta africana,Loxodonta,Elephantidae,0.251502,36.821768,31451.0,Laikipia,,,2016-05-11T02:16,2016.0,5.0,11.0,HUMAN_OBSERVATION,iNaturalist,iNaturalist research-grade observations
4901478647,"Loxodonta africana (Blumenbach, 1797)",Loxodonta africana,Loxodonta,Elephantidae,0.037585,36.914077,31451.0,Laikipia,,,2016-05-23T20:27,2016.0,5.0,23.0,HUMAN_OBSERVATION,iNaturalist,iNaturalist research-grade observations
2005653494,"Loxodonta africana (Blumenbach, 1797)",Loxodonta africana,Loxodonta,Elephantidae,0.125,37.125,12000.0,,,Lolldaiga Ranch; Approx 20km NNE of Nanyuki,2016-06-25,2016.0,6.0,25.0,HUMAN_OBSERVATION,ADU-UCT,MammalMAP
2005653516,"Loxodonta africana (Blumenbach, 1797)",Loxodonta africana,Loxodonta,Elephantidae,-1.375,34.875,12000.0,Southern rift valley,,Masai Mara the plains around Rhino ridge,2016-06-30,2016.0,6.0,30.0,HUMAN_OBSERVATION,ADU-UCT,MammalMAP
2005653521,"Loxodonta africana (Blumenbach, 1797)",Loxodonta africana,Loxodonta,Elephantidae,-1.375,34.875,12000.0,Southern rift valley,,Masai Mara the plains around Rhino ridge,2016-06-30,2016.0,6.0,30.0,HUMAN_OBSERVATION,ADU-UCT,MammalMAP
2005653551,"Loxodonta africana (Blumenbach, 1797)",Loxodonta africana,Loxodonta,Elephantidae,-0.625,37.625,12000.0,,,Kalama Conservancy; N of Samburu NP,2016-06-26,2016.0,6.0,26.0,HUMAN_OBSERVATION,ADU-UCT,MammalMAP
2641342100,"Loxodonta africana (Blumenbach, 1797)",Loxodonta africana,Loxodonta,Elephantidae,0.306761,36.930936,31451.0,Laikipia,,,2016-06-13T12:39,2016.0,6.0,13.0,HUMAN_OBSERVATION,iNaturalist,iNaturalist research-grade observations
5016053873,"Loxodonta africana (Blumenbach, 1797)",Loxodonta africana,Loxodonta,Elephantidae,-1.573594,35.202942,250.0,,,"Masai Mara NR, Kenya",2016-06-27T00:00,2016.0,6.0,27.0,HUMAN_OBSERVATION,NABU|naturgucker,
5016302511,"Loxodonta africana (Blumenbach, 1797)",Loxodonta africana,Loxodonta,Elephantidae,-3.54242,38.234138,250.0,,,Taita Hills Wildlife Sanctuary,2016-06-21T00:00,2016.0,6.0,21.0,HUMAN_OBSERVATION,NABU|naturgucker,
5020189381,"Loxodonta africana (Blumenbach, 1797)",Loxodonta africana,Loxodonta,Elephantidae,-1.573594,35.202942,250.0,,,"Masai Mara NR, Kenya",2016-06-26T00:00,2016.0,6.0,26.0,HUMAN_OBSERVATION,NABU|naturgucker,
5023561164,"Loxodonta africana (Blumenbach, 1797)",Loxodonta africana,Loxodonta,Elephantidae,-1.573594,35.202942,250.0,,,"Masai Mara NR, Kenya",2016-06-28T00:00,2016.0,6.0,28.0,HUMAN_OBSERVATION,NABU|naturgucker,
5027619129,"Loxodonta africana (Blumenbach, 1797)",Loxodonta africana,Loxodonta,Elephantidae,-1.573594,35.202942,250.0,,,"Masai Mara NR, Kenya",2016-06-25T00:00,2016.0,6.0,25.0,HUMAN_OBSERVATION,NABU|naturgucker,
2397570650,"Loxodonta africana (Blumenbach, 1797)",Loxodonta africana,Loxodonta,Elephantidae,-3.748323,37.719847,31418.0,Taita Taveta,,,2016-07-27T17:41,2016.0,7.0,27.0,HUMAN_OBSERVATION,iNaturalist,iNaturalist research-grade observations
5827506214,"Loxodonta africana (Blumenbach, 1797)",Loxodonta africana,Loxodonta,Elephantidae,-1.541017,35.095752,31446.0,Narok,,,2016-07-05T22:39,2016.0,7.0,5.0,HUMAN_OBSERVATION,iNaturalist,iNaturalist research-grade observations
6273403454,"Loxodonta africana (Blumenbach, 1797)",Loxodonta africana,Loxodonta,Elephantidae,0.580421,37.432888,31451.0,Isiolo,,,2016-07-29T16:52:10,2016.0,7.0,29.0,HUMAN_OBSERVATION,iNaturalist,iNaturalist research-grade observations
2573951288,"Loxodonta africana (Blumenbach, 1797)",Loxodonta africana,Loxodonta,Elephantidae,-3.248608,38.78361,31425.0,Taita Taveta,,,2016-08-30,2016.0,8.0,30.0,HUMAN_OBSERVATION,iNaturalist,iNaturalist research-grade observations
2596045945,"Loxodonta africana (Blumenbach, 1797)",Loxodonta africana,Loxodonta,Elephantidae,0.291846,36.860015,31451.0,Laikipia,,,2016-08-07T06:45:31,2016.0,8.0,7.0,HUMAN_OBSERVATION,iNaturalist,iNaturalist research-grade observations
2596087991,"Loxodonta africana (Blumenbach, 1797)",Loxodonta africana,Loxodonta,Elephantidae,0.274988,36.885264,31451.0,Laikipia,,,2016-08-06T02:21:07,2016.0,8.0,6.0,HUMAN_OBSERVATION,iNaturalist,iNaturalist research-grade observations
2596103948,"Loxodonta africana (Blumenbach, 1797)",Loxodonta africana,Loxodonta,Elephantidae,0.358598,36.931256,31451.0,Laikipia,,,2016-08-06T03:03:21,2016.0,8.0,6.0,HUMAN_OBSERVATION,iNaturalist,iNaturalist research-grade observations
2596231053,"Loxodonta africana (Blumenbach, 1797)",Loxodonta africana,Loxodonta,Elephantidae,0.314368,36.891929,31451.0,Laikipia,,,2016-08-06T10:20:03,2016.0,8.0,6.0,HUMAN_OBSERVATION,iNaturalist,iNaturalist research-grade observations
2596236057,"Loxodonta africana (Blumenbach, 1797)",Loxodonta africana,Loxodonta,Elephantidae,0.245884,36.892119,31451.0,Laikipia,,,2016-08-06T03:09:28,2016.0,8.0,6.0,HUMAN_OBSERVATION,iNaturalist,iNaturalist research-grade observations
3468707482,"Loxodonta africana (Blumenbach, 1797)",Loxodonta africana,Loxodonta,Elephantidae,-1.443089,35.259527,31446.0,Narok,,,2016-08-29T16:29,2016.0,8.0,29.0,HUMAN_OBSERVATION,iNaturalist,iNaturalist research-grade observations
3468751630,"Loxodonta africana (Blumenbach, 1797)",Loxodonta africana,Loxodonta,Elephantidae,-1.445962,35.369891,31446.0,Narok,,,2016-08-28T11:29,2016.0,8.0,28.0,HUMAN_OBSERVATION,iNaturalist,iNaturalist research-grade observations
6273530486,"Loxodonta africana (Blumenbach, 1797)",Loxodonta africana,Loxodonta,Elephantidae,-3.364304,38.713123,31425.0,Taita Taveta,,,2016-08-06T17:56:09,2016.0,8.0,6.0,HUMAN_OBSERVATION,iNaturalist,iNaturalist research-grade observations
6400575418,"Loxodonta africana (Blumenbach, 1797)",Loxodonta africana,Loxodonta,Elephantidae,0.30163,37.695226,385340.0,Meru,,,2016-08-20T14:21,2016.0,8.0,20.0,HUMAN_OBSERVATION,iNaturalist,iNaturalist research-grade observations
2619979059,"Loxodonta africana (Blumenbach, 1797)",Loxodonta africana,Loxodonta,Elephantidae,-2.029108,38.532935,31441.0,Kitui,,,2016-09-10T17:43,2016.0,9.0,10.0,HUMAN_OBSERVATION,iNaturalist,iNaturalist research-grade observations
2620078914,"Loxodonta africana (Blumenbach, 1797)",Loxodonta africana,Loxodonta,Elephantidae,-2.086838,38.488193,31441.0,Kitui,,,2016-09-11T16:01,2016.0,9.0,11.0,HUMAN_OBSERVATION,iNaturalist,iNaturalist research-grade observations
2620132794,"Loxodonta africana (Blumenbach, 1797)",Loxodonta africana,Loxodonta,Elephantidae,-2.108425,38.553918,31441.0,Kitui,,,2016-09-11T15:35,2016.0,9.0,11.0,HUMAN_OBSERVATION,iNaturalist,iNaturalist research-grade observations
3466243002,"Loxodonta africana (Blumenbach, 1797)",Loxodonta africana,Loxodonta,Elephantidae,0.717422,36.845057,31450.0,Laikipia,,,2016-09-16T10:58:32,2016.0,9.0,16.0,HUMAN_OBSERVATION,iNaturalist,iNaturalist research-grade observations
3468856645,"Loxodonta africana (Blumenbach, 1797)",Loxodonta africana,Loxodonta,Elephantidae,-1.300686,35.088451,31447.0,Narok,,,2016-09-01T14:33,2016.0,9.0,1.0,HUMAN_OBSERVATION,iNaturalist,iNaturalist research-grade observations
3863936336,"Loxodonta africana (Blumenbach, 1797)",Loxodonta africana,Loxodonta,Elephantidae,-4.235328,39.415407,400.0,Kenyan Coast,Kwale,Shimba Hills National Reserve-Longo Forest,2016-09-19,2016.0,9.0,19.0,HUMAN_OBSERVATION,NMK,
5020836118,"Loxodonta africana (Blumenbach, 1797)",Loxodonta africana,Loxodonta,Elephantidae,0.57128,37.608948,250.0,,,"Samburu, Kenya",2016-09-11T00:00,2016.0,9.0,11.0,HUMAN_OBSERVATION,NABU|naturgucker,
6137475228,"Loxodonta africana (Blumenbach, 1797)",Loxodonta africana,Loxodonta,Elephantidae,-1.480243,35.002441,250.0,,,Maasai Mara N.R. & Kinangop Plateau,2016-09-04T00:00,2016.0,9.0,4.0,HUMAN_OBSERVATION,NABU|naturgucker,
6137478006,"Loxodonta africana (Blumenbach, 1797)",Loxodonta africana,Loxodonta,Elephantidae,-1.480243,35.002441,250.0,,,Maasai Mara N.R. & Kinangop Plateau,2016-09-05T00:00,2016.0,9.0,5.0,HUMAN_OBSERVATION,NABU|naturgucker,
6137478995,"Loxodonta africana (Blumenbach, 1797)",Loxodonta africana,Loxodonta,Elephantidae,-1.480243,35.002441,250.0,,,Maasai Mara N.R. & Kinangop Plateau,2016-09-02T00:00,2016.0,9.0,2.0,HUMAN_OBSERVATION,NABU|naturgucker,
6137480345,"Loxodonta africana (Blumenbach, 1797)",Loxodonta africana,Loxodonta,Elephantidae,-1.480243,35.002441,250.0,,,Maasai Mara N.R. & Kinangop Plateau,2016-09-03T00:00,2016.0,9.0,3.0,HUMAN_OBSERVATION,NABU|naturgucker,
1571168588,"Loxodonta africana (Blumenbach, 1797)",Loxodonta africana,Loxodonta,Elephantidae,-1.739244,35.282187,31444.0,Narok,,,2016-10-22T10:02,2016.0,10.0,22.0,HUMAN_OBSERVATION,iNaturalist,iNaturalist research-grade observations
3969505564,"Loxodonta africana (Blumenbach, 1797)",Loxodonta africana,Loxodonta,Elephantidae,-2.781685,38.833196,,,Kitui-Taita-Kilifi,Tsavo East National Park,2016-11-09,2016.0,11.0,9.0,HUMAN_OBSERVATION,NMK,
3969505568,"Loxodonta africana (Blumenbach, 1797)",Loxodonta africana,Loxodonta,Elephantidae,2.59348,37.85812,,,Makueni,Chyulu Hills National Park,2016-11-09,2016.0,11.0,9.0,HUMAN_OBSERVATION,NMK,
3969505570,"Loxodonta africana (Blumenbach, 1797)",Loxodonta africana,Loxodonta,Elephantidae,2.87301,37.92953,,,Taita-Taveta,Tsavo West National Park,2016-11-09,2016.0,11.0,9.0,HUMAN_OBSERVATION,NMK,
5153192396,"Loxodonta africana (Blumenbach, 1797)",Loxodonta africana,Loxodonta,Elephantidae,-3.231496,39.158615,31425.0,Taita Taveta,,,2016-11-08T08:37,2016.0,11.0,8.0,HUMAN_OBSERVATION,iNaturalist,iNaturalist research-grade observations
5153399451,"Loxodonta africana (Blumenbach, 1797)",Loxodonta africana,Loxodonta,Elephantidae,-3.366231,39.187186,31425.0,Taita Taveta,,,2016-11-08T10:09,2016.0,11.0,8.0,HUMAN_OBSERVATION,iNaturalist,iNaturalist research-grade observations
5153751961,"Loxodonta africana (Blumenbach, 1797)",Loxodonta africana,Loxodonta,Elephantidae,-3.11325,39.374756,31428.0,Kilifi,,,2016-11-08T14:41,2016.0,11.0,8.0,HUMAN_OBSERVATION,iNaturalist,iNaturalist research-grade observations
5153779780,"Loxodonta africana (Blumenbach, 1797)",Loxodonta africana,Loxodonta,Elephantidae,-3.52895,38.872049,31422.0,Taita Taveta,,,2016-11-08T09:20,2016.0,11.0,8.0,HUMAN_OBSERVATION,iNaturalist,iNaturalist research-grade observations
5892425517,"Loxodonta africana (Blumenbach, 1797)",Loxodonta africana,Loxodonta,Elephantidae,-3.399406,38.091709,36658.0,Taita Taveta,,,2016-11-20T11:58,2016.0,11.0,20.0,HUMAN_OBSERVATION,iNaturalist,iNaturalist research-grade observations
1453336658,"Loxodonta africana (Blumenbach, 1797)",Loxodonta africana,Loxodonta,Elephantidae,-2.974504,38.447183,115792.0,Kitui,,,2016-12-29T02:34,2016.0,12.0,29.0,HUMAN_OBSERVATION,iNaturalist,iNaturalist research-grade observations
4133803752,"Loxodonta africana (Blumenbach, 1797)",Loxodonta africana,Loxodonta,Elephantidae,-0.167867,37.866938,716650.0,Meru,,,2016-12-15,2016.0,12.0,15.0,HUMAN_OBSERVATION,iNaturalist,iNaturalist research-grade observations
5176393336,"Loxodonta africana (Blumenbach, 1797)",Loxodonta africana,Loxodonta,Elephantidae,0.326224,37.737167,31451.0,Meru,,,2016-12-01T06:35Z,2016.0,12.0,1.0,HUMAN_OBSERVATION,iNaturalist,iNaturalist research-grade observations
1059614188,"Loxodonta africana (Blumenbach, 1797)",Loxodonta africana,Loxodonta,Elephantidae,-2.7058,37.315292,1.0,,,,2015-01-18T03:53:45,2015.0,1.0,18.0,HUMAN_OBSERVATION,Anymals.org,
1059614191,"Loxodonta africana (Blumenbach, 1797)",Loxodonta africana,Loxodonta,Elephantidae,-2.7058,37.315292,1.0,,,,2015-01-18T03:53:32,2015.0,1.0,18.0,HUMAN_OBSERVATION,Anymals.org,
1059614192,"Loxodonta africana (Blumenbach, 1797)",Loxodonta africana,Loxodonta,Elephantidae,-2.7052,37.315292,1.0,,,,2015-01-18T03:53:19,2015.0,1.0,18.0,HUMAN_OBSERVATION,Anymals.org,
1059614193,"Loxodonta africana (Blumenbach, 1797)",Loxodonta africana,Loxodonta,Elephantidae,-2.7032,37.315222,1.0,,,,2015-01-18T03:53:03,2015.0,1.0,18.0,HUMAN_OBSERVATION,Anymals.org,
1059614195,"Loxodonta africana (Blumenbach, 1797)",Loxodonta africana,Loxodonta,Elephantidae,-2.7057,37.315292,1.0,,,,2015-01-18T03:53:24,2015.0,1.0,18.0,HUMAN_OBSERVATION,Anymals.org,
1453299719,"Loxodonta africana (Blumenbach, 1797)",Loxodonta africana,Loxodonta,Elephantidae,0.598268,37.508709,31451.0,Isiolo,,,2015-01-03T13:49,2015.0,1.0,3.0,HUMAN_OBSERVATION,iNaturalist,iNaturalist research-grade observations
1453299793,"Loxodonta africana (Blumenbach, 1797)",Loxodonta africana,Loxodonta,Elephantidae,0.544486,37.494906,31451.0,Isiolo,,,2015-01-03T13:52,2015.0,1.0,3.0,HUMAN_OBSERVATION,iNaturalist,iNaturalist research-grade observations
1453299949,"Loxodonta africana (Blumenbach, 1797)",Loxodonta africana,Loxodonta,Elephantidae,0.524374,37.571967,31451.0,Isiolo,,,2015-01-03T13:18,2015.0,1.0,3.0,HUMAN_OBSERVATION,iNaturalist,iNaturalist research-grade observations
6185559739,"Loxodonta africana (Blumenbach, 1797)",Loxodonta africana,Loxodonta,Elephantidae,0.058122,36.924747,31451.0,Laikipia,,,2015-01-26T08:47,2015.0,1.0,26.0,HUMAN_OBSERVATION,iNaturalist,iNaturalist research-grade observations
1059614187,"Loxodonta africana (Blumenbach, 1797)",Loxodonta africana,Loxodonta,Elephantidae,-1.336996,35.028871,12.0,,,,2015-02-17T14:10,2015.0,2.0,17.0,HUMAN_OBSERVATION,Anymals.org,
1059614189,"Loxodonta africana (Blumenbach, 1797)",Loxodonta africana,Loxodonta,Elephantidae,-2.69965,37.260253,1.0,,,,2015-02-09T19:46:03,2015.0,2.0,9.0,HUMAN_OBSERVATION,Anymals.org,
1059614190,"Loxodonta africana (Blumenbach, 1797)",Loxodonta africana,Loxodonta,Elephantidae,-1.488498,35.046629,6.0,,,,2015-02-16T11:21,2015.0,2.0,16.0,HUMAN_OBSERVATION,Anymals.org,
1059614194,"Loxodonta africana (Blumenbach, 1797)",Loxodonta africana,Loxodonta,Elephantidae,-0.294908,36.951407,36.0,,,,2015-02-12T19:12,2015.0,2.0,12.0,HUMAN_OBSERVATION,Anymals.org,
1059614196,"Loxodonta africana (Blumenbach, 1797)",Loxodonta africana,Loxodonta,Elephantidae,-1.390847,35.12903,8.0,,,,2015-02-17T11:32,2015.0,2.0,17.0,HUMAN_OBSERVATION,Anymals.org,
1059614197,"Loxodonta africana (Blumenbach, 1797)",Loxodonta africana,Loxodonta,Elephantidae,-2.696319,37.323911,1.0,,,,2015-02-09T19:46,2015.0,2.0,9.0,HUMAN_OBSERVATION,Anymals.org,
3499374247,"Loxodonta africana (Blumenbach, 1797)",Loxodonta africana,Loxodonta,Elephantidae,-2.704265,37.253974,31434.0,Kajiado,,,2015-02-26T16:05Z,2015.0,2.0,26.0,HUMAN_OBSERVATION,iNaturalist,iNaturalist research-grade observations
3499554646,"Loxodonta africana (Blumenbach, 1797)",Loxodonta africana,Loxodonta,Elephantidae,-3.492537,38.729917,31422.0,Taita Taveta,,,2015-02-27T15:41Z,2015.0,2.0,27.0,HUMAN_OBSERVATION,iNaturalist,iNaturalist research-grade observations
3499620114,"Loxodonta africana (Blumenbach, 1797)",Loxodonta africana,Loxodonta,Elephantidae,-1.548346,35.195333,31446.0,Narok,,,2015-02-24T11:25Z,2015.0,2.0,24.0,HUMAN_OBSERVATION,iNaturalist,iNaturalist research-grade observations
3969504681,"Loxodonta africana (Blumenbach, 1797)",Loxodonta africana,Loxodonta,Elephantidae,-2.345574,37.769612,,,Makueni,Chyulu Hills National Park,2015-02-16,2015.0,2.0,16.0,HUMAN_OBSERVATION,NMK,
3969504682,"Loxodonta africana (Blumenbach, 1797)",Loxodonta africana,Loxodonta,Elephantidae,-2.421065,37.702389,,,Makueni,Chyulu Hills National Park,2015-02-16,2015.0,2.0,16.0,HUMAN_OBSERVATION,NMK,
3969504683,"Loxodonta africana (Blumenbach, 1797)",Loxodonta africana,Loxodonta,Elephantidae,-2.58879,37.850379,,,Makueni,Chyulu Hills National Park,2015-02-16,2015.0,2.0,16.0,HUMAN_OBSERVATION,NMK,
3969504684,"Loxodonta africana (Blumenbach, 1797)",Loxodonta africana,Loxodonta,Elephantidae,-2.371513,37.737496,,,Makueni,Chyulu Hills National Park,2015-02-16,2015.0,2.0,16.0,HUMAN_OBSERVATION,NMK,
3969504685,"Loxodonta africana (Blumenbach, 1797)",Loxodonta africana,Loxodonta,Elephantidae,-2.758543,37.927068,,,Makueni,Chyulu Hills National Park,2015-02-16,2015.0,2.0,16.0,HUMAN_OBSERVATION,NMK,
3969504686,"Loxodonta africana (Blumenbach, 1797)",Loxodonta africana,Loxodonta,Elephantidae,-2.58879,37.850379,,,Makueni,Chyulu Hills National Park,2015-02-16,2015.0,2.0,16.0,HUMAN_OBSERVATION,NMK,
3969504688,"Loxodonta africana (Blumenbach, 1797)",Loxodonta africana,Loxodonta,Elephantidae,-2.758543,37.927068,,,Makueni,Chyulu Hills National Park,2015-02-16,2015.0,2.0,16.0,HUMAN_OBSERVATION,NMK,
3969505071,"Loxodonta africana (Blumenbach, 1797)",Loxodonta africana,Loxodonta,Elephantidae,-2.516611,37.904656,,,Makueni,Chyulu Hills National Park,2015-02-16,2015.0,2.0,16.0,HUMAN_OBSERVATION,NMK,
3969505072,"Loxodonta africana (Blumenbach, 1797)",Loxodonta africana,Loxodonta,Elephantidae,-2.516611,37.904656,,,Makueni,Chyulu Hills National Park,2015-02-16,2015.0,2.0,16.0,HUMAN_OBSERVATION,NMK,
3969505074,"Loxodonta africana (Blumenbach, 1797)",Loxodonta africana,Loxodonta,Elephantidae,-2.516611,37.904656,,,Makueni,Chyulu Hills National Park,2015-02-16,2015.0,2.0,16.0,HUMAN_OBSERVATION,NMK,
3969505076,"Loxodonta africana (Blumenbach, 1797)",Loxodonta africana,Loxodonta,Elephantidae,-2.516611,37.904656,,,Makueni,Chyulu Hills National Park,2015-02-16,2015.0,2.0,16.0,HUMAN_OBSERVATION,NMK,
3969505078,"Loxodonta africana (Blumenbach, 1797)",Loxodonta africana,Loxodonta,Elephantidae,-2.387548,39.339873,,,Makueni,Chyulu Hills National Park,2015-02-16,2015.0,2.0,16.0,HUMAN_OBSERVATION,NMK,
3969505080,"Loxodonta africana (Blumenbach, 1797)",Loxodonta africana,Loxodonta,Elephantidae,-2.38977,37.712004,,,Makueni,Chyulu Hills National Park,2015-02-16,2015.0,2.0,16.0,HUMAN_OBSERVATION,NMK,
3969505082,"Loxodonta africana (Blumenbach, 1797)",Loxodonta africana,Loxodonta,Elephantidae,-2.421065,37.702389,,,Makueni,Chyulu Hills National Park,2015-02-16,2015.0,2.0,16.0,HUMAN_OBSERVATION,NMK,
3969505084,"Loxodonta africana (Blumenbach, 1797)",Loxodonta africana,Loxodonta,Elephantidae,-2.421065,37.702389,,,Makueni,Chyulu Hills National Park,2015-02-16,2015.0,2.0,16.0,HUMAN_OBSERVATION,NMK,
3969505092,"Loxodonta africana (Blumenbach, 1797)",Loxodonta africana,Loxodonta,Elephantidae,-2.586834,37.846981,,,Makueni,Chyulu Hills National Park,2015-02-16,2015.0,2.0,16.0,HUMAN_OBSERVATION,NMK,
3969505093,"Loxodonta africana (Blumenbach, 1797)",Loxodonta africana,Loxodonta,Elephantidae,-2.733353,37.933492,,,Makueni,Chyulu Hills National Park,2015-02-16,2015.0,2.0,16.0,HUMAN_OBSERVATION,NMK,
3969505117,"Loxodonta africana (Blumenbach, 1797)",Loxodonta africana,Loxodonta,Elephantidae,-2.733353,37.933492,,,Makueni,Chyulu Hills National Park,2015-02-16,2015.0,2.0,16.0,HUMAN_OBSERVATION,NMK,
5017780156,"Loxodonta africana (Blumenbach, 1797)",Loxodonta africana,Loxodonta,Elephantidae,-3.372559,38.596889,250.0,,,Voi Wildlife Lodge,2015-02-26T00:00,2015.0,2.0,26.0,HUMAN_OBSERVATION,NABU|naturgucker,
5019056222,"Loxodonta africana (Blumenbach, 1797)",Loxodonta africana,Loxodonta,Elephantidae,-3.372559,38.596889,250.0,,,Voi Wildlife Lodge,2015-02-25T00:00,2015.0,2.0,25.0,HUMAN_OBSERVATION,NABU|naturgucker,
5021786667,"Loxodonta africana (Blumenbach, 1797)",Loxodonta africana,Loxodonta,Elephantidae,-2.639218,37.199364,250.0,,,Amboseli Nationalpark,2015-02-24T00:00,2015.0,2.0,24.0,HUMAN_OBSERVATION,NABU|naturgucker,
5023095335,"Loxodonta africana (Blumenbach, 1797)",Loxodonta africana,Loxodonta,Elephantidae,-2.977327,38.831177,250.0,,,TSAVO-OST-Nationalpark,2015-02-27T00:00,2015.0,2.0,27.0,HUMAN_OBSERVATION,NABU|naturgucker,
5023997392,"Loxodonta africana (Blumenbach, 1797)",Loxodonta africana,Loxodonta,Elephantidae,-3.372559,38.596889,250.0,,,Voi Wildlife Lodge,2015-02-28T00:00,2015.0,2.0,28.0,HUMAN_OBSERVATION,NABU|naturgucker,
5026368545,"Loxodonta africana (Blumenbach, 1797)",Loxodonta africana,Loxodonta,Elephantidae,0.009699,36.938953,250.0,,,Ol Pejeta Conservancy,2015-02-20T00:00,2015.0,2.0,20.0,HUMAN_OBSERVATION,NABU|naturgucker,
5938356045,"Loxodonta africana (Blumenbach, 1797)",Loxodonta africana,Loxodonta,Elephantidae,0.184859,36.991382,31451.0,Laikipia,,,2015-02-27T13:34,2015.0,2.0,27.0,HUMAN_OBSERVATION,iNaturalist,iNaturalist research-grade observations
4442506153,"Loxodonta africana (Blumenbach, 1797)",Loxodonta africana,Loxodonta,Elephantidae,-2.608386,38.318723,130463.0,Makueni,,,2015-03-20T16:19,2015.0,3.0,20.0,HUMAN_OBSERVATION,iNaturalist,iNaturalist research-grade observations
4442518039,"Loxodonta africana (Blumenbach, 1797)",Loxodonta africana,Loxodonta,Elephantidae,-2.797623,38.360683,130463.0,Makueni,,,2015-03-21T07:28,2015.0,3.0,21.0,HUMAN_OBSERVATION,iNaturalist,iNaturalist research-grade observations
4976420436,"Loxodonta africana (Blumenbach, 1797)",Loxodonta africana,Loxodonta,Elephantidae,-1.538619,35.100234,31446.0,Narok,,,2015-03-15T16:09,2015.0,3.0,15.0,HUMAN_OBSERVATION,iNaturalist,iNaturalist research-grade observations
4976619939,"Loxodonta africana (Blumenbach, 1797)",Loxodonta africana,Loxodonta,Elephantidae,1.094522,34.786036,31448.0,Trans Nzoia,,,2015-03-08T16:11,2015.0,3.0,8.0,HUMAN_OBSERVATION,iNaturalist,iNaturalist research-grade observations
5018474534,"Loxodonta africana (Blumenbach, 1797)",Loxodonta africana,Loxodonta,Elephantidae,-3.225529,37.987289,250.0,,,TSAVO-WEST-Nationalpark,2015-03-02T00:00,2015.0,3.0,2.0,HUMAN_OBSERVATION,NABU|naturgucker,
5087277124,"Loxodonta africana (Blumenbach, 1797)",Loxodonta africana,Loxodonta,Elephantidae,0.533214,37.688625,31451.0,Isiolo,,,2015-03-20T06:57,2015.0,3.0,20.0,HUMAN_OBSERVATION,iNaturalist,iNaturalist research-grade observations
5104545006,"Loxodonta africana (Blumenbach, 1797)",Loxodonta africana,Loxodonta,Elephantidae,-1.597236,35.027771,31446.0,Narok,,,2015-03-16T14:37,2015.0,3.0,16.0,HUMAN_OBSERVATION,iNaturalist,iNaturalist research-grade observations
5104552009,"Loxodonta africana (Blumenbach, 1797)",Loxodonta africana,Loxodonta,Elephantidae,-1.508377,35.042366,31446.0,Narok,,,2015-03-16T15:19,2015.0,3.0,16.0,HUMAN_OBSERVATION,iNaturalist,iNaturalist research-grade observations
5104553942,"Loxodonta africana (Blumenbach, 1797)",Loxodonta africana,Loxodonta,Elephantidae,-1.559392,35.06939,31446.0,Narok,,,2015-03-16T16:03,2015.0,3.0,16.0,HUMAN_OBSERVATION,iNaturalist,iNaturalist research-grade observations
5153045137,"Loxodonta africana (Blumenbach, 1797)",Loxodonta africana,Loxodonta,Elephantidae,-3.307283,37.716216,80000.0,Taita Taveta,,,2015-03-31T16:55,2015.0,3.0,31.0,HUMAN_OBSERVATION,iNaturalist,iNaturalist research-grade observations
2850618391,"Loxodonta africana (Blumenbach, 1797)",Loxodonta africana,Loxodonta,Elephantidae,-1.149898,35.104271,31448.0,Narok,,,2015-04-26T08:25:13,2015.0,4.0,26.0,HUMAN_OBSERVATION,iNaturalist,iNaturalist research-grade observations
3355018225,"Loxodonta africana (Blumenbach, 1797)",Loxodonta africana,Loxodonta,Elephantidae,-1.266934,35.045436,31447.0,Narok,,,2015-04-25T17:07,2015.0,4.0,25.0,HUMAN_OBSERVATION,iNaturalist,iNaturalist research-grade observations
3355109002,"Loxodonta africana (Blumenbach, 1797)",Loxodonta africana,Loxodonta,Elephantidae,-1.259382,35.004511,31447.0,Narok,,,2015-04-24T16:56,2015.0,4.0,24.0,HUMAN_OBSERVATION,iNaturalist,iNaturalist research-grade observations
3355605451,"Loxodonta africana (Blumenbach, 1797)",Loxodonta africana,Loxodonta,Elephantidae,-1.152054,35.160208,31448.0,Narok,,,2015-04-26T08:27,2015.0,4.0,26.0,HUMAN_OBSERVATION,iNaturalist,iNaturalist research-grade observations
3415813520,"Loxodonta africana (Blumenbach, 1797)",Loxodonta africana,Loxodonta,Elephantidae,-2.327238,38.230354,31438.0,Kitui,,,2015-04-26T09:16,2015.0,4.0,26.0,HUMAN_OBSERVATION,iNaturalist,iNaturalist research-grade observations
3416048803,"Loxodonta africana (Blumenbach, 1797)",Loxodonta africana,Loxodonta,Elephantidae,-2.284363,38.219885,31438.0,Kitui,,,2015-04-26T07:31,2015.0,4.0,26.0,HUMAN_OBSERVATION,iNaturalist,iNaturalist research-grade observations
5153451239,"Loxodonta africana (Blumenbach, 1797)",Loxodonta africana,Loxodonta,Elephantidae,-4.304387,39.353357,31407.0,Kwale,,,2015-04-05T17:08,2015.0,4.0,5.0,HUMAN_OBSERVATION,iNaturalist,iNaturalist research-grade observations
1135103901,"Loxodonta africana (Blumenbach, 1797)",Loxodonta africana,Loxodonta,Elephantidae,-2.63596,37.25657,1.0,,,,2015-05-13T18:08:29,2015.0,5.0,13.0,HUMAN_OBSERVATION,Anymals.org,
1135103903,"Loxodonta africana (Blumenbach, 1797)",Loxodonta africana,Loxodonta,Elephantidae,-2.687917,37.257385,1.0,,,,2015-05-12T09:16:26,2015.0,5.0,12.0,HUMAN_OBSERVATION,Anymals.org,
1847528397,"Loxodonta africana (Blumenbach, 1797)",Loxodonta africana,Loxodonta,Elephantidae,-0.407643,36.919213,31451.0,Nyeri,,,2015-05-26T17:07,2015.0,5.0,26.0,HUMAN_OBSERVATION,iNaturalist,iNaturalist research-grade observations
5015760020,"Loxodonta africana (Blumenbach, 1797)",Loxodonta africana,Loxodonta,Elephantidae,-2.977327,38.831177,250.0,,,TSAVO-OST-Nationalpark,2015-05-08T00:00,2015.0,5.0,8.0,HUMAN_OBSERVATION,NABU|naturgucker,
5017042483,"Loxodonta africana (Blumenbach, 1797)",Loxodonta africana,Loxodonta,Elephantidae,-2.639218,37.199364,250.0,,,Amboseli Nationalpark,2015-05-15T00:00,2015.0,5.0,15.0,HUMAN_OBSERVATION,NABU|naturgucker,
5017280647,"Loxodonta africana (Blumenbach, 1797)",Loxodonta africana,Loxodonta,Elephantidae,-2.977327,38.831177,250.0,,,TSAVO-OST-Nationalpark,2015-05-09T00:00,2015.0,5.0,9.0,HUMAN_OBSERVATION,NABU|naturgucker,
5019222373,"Loxodonta africana (Blumenbach, 1797)",Loxodonta africana,Loxodonta,Elephantidae,-1.573594,35.202942,250.0,,,"Masai Mara NR, Kenya",2015-05-13T00:00,2015.0,5.0,13.0,HUMAN_OBSERVATION,NABU|naturgucker,
5020068616,"Loxodonta africana (Blumenbach, 1797)",Loxodonta africana,Loxodonta,Elephantidae,-1.573594,35.202942,250.0,,,"Masai Mara NR, Kenya",2015-05-12T00:00,2015.0,5.0,12.0,HUMAN_OBSERVATION,NABU|naturgucker,
5024138604,"Loxodonta africana (Blumenbach, 1797)",Loxodonta africana,Loxodonta,Elephantidae,-3.340696,38.730927,25.0,,,UTM50_37M_0450_9600,2015-05-08T00:00,2015.0,5.0,8.0,HUMAN_OBSERVATION,NABU|naturgucker,
5024944158,"Loxodonta africana (Blumenbach, 1797)",Loxodonta africana,Loxodonta,Elephantidae,-3.225529,37.987289,250.0,,,TSAVO-WEST-Nationalpark,2015-05-16T00:00,2015.0,5.0,16.0,HUMAN_OBSERVATION,NABU|naturgucker,
5025430669,"Loxodonta africana (Blumenbach, 1797)",Loxodonta africana,Loxodonta,Elephantidae,-3.364002,38.746719,25.0,,,UTM50_37M_0450_9600,2015-05-09T00:00,2015.0,5.0,9.0,HUMAN_OBSERVATION,NABU|naturgucker,
5027087777,"Loxodonta africana (Blumenbach, 1797)",Loxodonta africana,Loxodonta,Elephantidae,-2.639218,37.199364,250.0,,,Amboseli Nationalpark,2015-05-16T00:00,2015.0,5.0,16.0,HUMAN_OBSERVATION,NABU|naturgucker,
6500040009,"Loxodonta africana (Blumenbach, 1797)",Loxodonta africana,Loxodonta,Elephantidae,-1.243869,36.733167,31447.0,Nairobi,,,2015-05-02T10:58,2015.0,5.0,2.0,HUMAN_OBSERVATION,iNaturalist,iNaturalist research-grade observations
3061731644,"Loxodonta africana (Blumenbach, 1797)",Loxodonta africana,Loxodonta,Elephantidae,0.647164,37.53349,31450.0,Samburu,,,2015-06-30T19:21Z,2015.0,6.0,30.0,HUMAN_OBSERVATION,iNaturalist,iNaturalist research-grade observations
3743247753,"Loxodonta africana (Blumenbach, 1797)",Loxodonta africana,Loxodonta,Elephantidae,-1.147729,35.320625,31448.0,Narok,,,2015-06-07T07:42:33,2015.0,6.0,7.0,HUMAN_OBSERVATION,iNaturalist,iNaturalist research-grade observations
4535723560,"Loxodonta africana (Blumenbach, 1797)",Loxodonta africana,Loxodonta,Elephantidae,-2.907254,38.294496,31431.0,Taita Taveta,,,2015-06-24T13:52:47,2015.0,6.0,24.0,HUMAN_OBSERVATION,iNaturalist,iNaturalist research-grade observations
2963886048,"Loxodonta africana (Blumenbach, 1797)",Loxodonta africana,Loxodonta,Elephantidae,-1.229106,34.831787,31447.0,Narok,,,2015-07-07T04:51,2015.0,7.0,7.0,HUMAN_OBSERVATION,iNaturalist,iNaturalist research-grade observations
1135350979,"Loxodonta africana (Blumenbach, 1797)",Loxodonta africana,Loxodonta,Elephantidae,-1.406652,34.847873,31446.0,Narok,,,2015-08-05T08:19:20,2015.0,8.0,5.0,HUMAN_OBSERVATION,iNaturalist,iNaturalist research-grade observations
1233594548,"Loxodonta africana (Blumenbach, 1797)",Loxodonta africana,Loxodonta,Elephantidae,0.725425,37.423589,31450.0,Samburu,,,2015-08-18T17:51,2015.0,8.0,18.0,HUMAN_OBSERVATION,iNaturalist,iNaturalist research-grade observations
1233594582,"Loxodonta africana (Blumenbach, 1797)",Loxodonta africana,Loxodonta,Elephantidae,-1.243601,35.025784,31447.0,Narok,,,2015-08-26T12:32,2015.0,8.0,26.0,HUMAN_OBSERVATION,iNaturalist,iNaturalist research-grade observations
1233594652,"Loxodonta africana (Blumenbach, 1797)",Loxodonta africana,Loxodonta,Elephantidae,-1.458378,35.035059,41509.0,Narok,,,2015-08-28T14:27,2015.0,8.0,28.0,HUMAN_OBSERVATION,iNaturalist,iNaturalist research-grade observations
2529315310,"Loxodonta africana (Blumenbach, 1797)",Loxodonta africana,Loxodonta,Elephantidae,-1.599344,34.932427,31446.0,Narok,,,2015-08-18T10:16,2015.0,8.0,18.0,HUMAN_OBSERVATION,iNaturalist,iNaturalist research-grade observations
2868195966,"Loxodonta africana (Blumenbach, 1797)",Loxodonta africana,Loxodonta,Elephantidae,-1.292848,34.946842,31447.0,Narok,,,2015-08-05T03:50,2015.0,8.0,5.0,HUMAN_OBSERVATION,iNaturalist,iNaturalist research-grade observations
3743173712,"Loxodonta africana (Blumenbach, 1797)",Loxodonta africana,Loxodonta,Elephantidae,-4.305317,39.566418,31407.0,Kwale,,,2015-08-20T22:53Z,2015.0,8.0,20.0,HUMAN_OBSERVATION,iNaturalist,iNaturalist research-grade observations
4458318556,"Loxodonta africana (Blumenbach, 1797)",Loxodonta africana,Loxodonta,Elephantidae,0.578978,36.835145,31451.0,Laikipia,,,2015-08-03T07:56,2015.0,8.0,3.0,HUMAN_OBSERVATION,iNaturalist,iNaturalist research-grade observations
4458320446,"Loxodonta africana (Blumenbach, 1797)",Loxodonta africana,Loxodonta,Elephantidae,0.096701,36.919424,31451.0,Laikipia,,,2015-08-04T08:56,2015.0,8.0,4.0,HUMAN_OBSERVATION,iNaturalist,iNaturalist research-grade observations
4458325414,"Loxodonta africana (Blumenbach, 1797)",Loxodonta africana,Loxodonta,Elephantidae,-1.20928,35.045568,31447.0,Narok,,,2015-08-10T07:18,2015.0,8.0,10.0,HUMAN_OBSERVATION,iNaturalist,iNaturalist research-grade observations
4458327440,"Loxodonta africana (Blumenbach, 1797)",Loxodonta africana,Loxodonta,Elephantidae,0.11414,36.854713,31451.0,Laikipia,,,2015-08-04T08:56,2015.0,8.0,4.0,HUMAN_OBSERVATION,iNaturalist,iNaturalist research-grade observations
4458335379,"Loxodonta africana (Blumenbach, 1797)",Loxodonta africana,Loxodonta,Elephantidae,-0.278728,36.858077,31451.0,Nyeri,,,2015-08-01T11:35:20,2015.0,8.0,1.0,HUMAN_OBSERVATION,iNaturalist,iNaturalist research-grade observations
4458358429,"Loxodonta africana (Blumenbach, 1797)",Loxodonta africana,Loxodonta,Elephantidae,-1.422499,35.092891,31446.0,Narok,,,2015-08-11T02:45,2015.0,8.0,11.0,HUMAN_OBSERVATION,iNaturalist,iNaturalist research-grade observations
4458557391,"Loxodonta africana (Blumenbach, 1797)",Loxodonta africana,Loxodonta,Elephantidae,-0.298075,36.932468,31451.0,Nyeri,,,2015-08-01T10:33:01,2015.0,8.0,1.0,HUMAN_OBSERVATION,iNaturalist,iNaturalist research-grade observations
4458592413,"Loxodonta africana (Blumenbach, 1797)",Loxodonta africana,Loxodonta,Elephantidae,0.268857,36.93314,31451.0,Laikipia,,,2015-08-03T02:21,2015.0,8.0,3.0,HUMAN_OBSERVATION,iNaturalist,iNaturalist research-grade observations
4458598438,"Loxodonta africana (Blumenbach, 1797)",Loxodonta africana,Loxodonta,Elephantidae,0.052881,36.823561,31451.0,Laikipia,,,2015-08-04T07:29,2015.0,8.0,4.0,HUMAN_OBSERVATION,iNaturalist,iNaturalist research-grade observations
4458600600,"Loxodonta africana (Blumenbach, 1797)",Loxodonta africana,Loxodonta,Elephantidae,-1.472321,35.028481,31446.0,Narok,,,2015-08-11T12:24,2015.0,8.0,11.0,HUMAN_OBSERVATION,iNaturalist,iNaturalist research-grade observations
4458601415,"Loxodonta africana (Blumenbach, 1797)",Loxodonta africana,Loxodonta,Elephantidae,-1.511969,35.02722,31446.0,Narok,,,2015-08-11T07:06,2015.0,8.0,11.0,HUMAN_OBSERVATION,iNaturalist,iNaturalist research-grade observations
4458602411,"Loxodonta africana (Blumenbach, 1797)",Loxodonta africana,Loxodonta,Elephantidae,0.286099,36.980005,31451.0,Laikipia,,,2015-08-03T02:21,2015.0,8.0,3.0,HUMAN_OBSERVATION,iNaturalist,iNaturalist research-grade observations
4458604396,"Loxodonta africana (Blumenbach, 1797)",Loxodonta africana,Loxodonta,Elephantidae,-0.269421,36.951673,31451.0,Nyeri,,,2015-08-01T14:33:31,2015.0,8.0,1.0,HUMAN_OBSERVATION,iNaturalist,iNaturalist research-grade observations
4458612398,"Loxodonta africana (Blumenbach, 1797)",Loxodonta africana,Loxodonta,Elephantidae,0.309279,36.858018,31451.0,Laikipia,,,2015-08-03T02:22,2015.0,8.0,3.0,HUMAN_OBSERVATION,iNaturalist,iNaturalist research-grade observations
4458612445,"Loxodonta africana (Blumenbach, 1797)",Loxodonta africana,Loxodonta,Elephantidae,0.032173,36.869475,31451.0,Laikipia,,,2015-08-04T08:56,2015.0,8.0,4.0,HUMAN_OBSERVATION,iNaturalist,iNaturalist research-grade observations
4458747394,"Loxodonta africana (Blumenbach, 1797)",Loxodonta africana,Loxodonta,Elephantidae,0.219718,36.830999,31451.0,Laikipia,,,2015-08-03T02:22,2015.0,8.0,3.0,HUMAN_OBSERVATION,iNaturalist,iNaturalist research-grade observations
1913125611,"Loxodonta africana (Blumenbach, 1797)",Loxodonta africana,Loxodonta,Elephantidae,-1.30839,35.03784,,,,"Narok, near Serena",2015-09-27T00:00,2015.0,9.0,27.0,HUMAN_OBSERVATION,BGBM,
1913125646,"Loxodonta africana (Blumenbach, 1797)",Loxodonta africana,Loxodonta,Elephantidae,-1.32506,35.03238,,,,"Narok, near Serena",2015-09-26T00:00,2015.0,9.0,26.0,HUMAN_OBSERVATION,BGBM,
3032855805,BOLD:AAF2609,Loxodonta africana,Loxodonta,Elephantidae,0.689918,37.953094,,,,,2015-09-29,2015.0,9.0,29.0,MATERIAL_SAMPLE,"Mined from GenBank, NCBI",
3059167930,"Loxodonta africana (Blumenbach, 1797)",Loxodonta africana,Loxodonta,Elephantidae,-2.706192,37.35498,31434.0,Kajiado,,,2015-09-27T10:28:26,2015.0,9.0,27.0,HUMAN_OBSERVATION,iNaturalist,iNaturalist research-grade observations
3325563027,"Loxodonta africana (Blumenbach, 1797)",Loxodonta africana,Loxodonta,Elephantidae,-2.633864,37.20218,31434.0,Kajiado,,,2015-09-27T17:28,2015.0,9.0,27.0,HUMAN_OBSERVATION,iNaturalist,iNaturalist research-grade observations
4413669407,"Loxodonta africana (Blumenbach, 1797)",Loxodonta africana,Loxodonta,Elephantidae,-3.414257,37.693277,31422.0,Taita Taveta,,,2015-09-23T14:25,2015.0,9.0,23.0,HUMAN_OBSERVATION,iNaturalist,iNaturalist research-grade observations
4413682578,"Loxodonta africana (Blumenbach, 1797)",Loxodonta africana,Loxodonta,Elephantidae,-2.704932,38.906364,31434.0,Kitui,,,2015-09-26T14:25,2015.0,9.0,26.0,HUMAN_OBSERVATION,iNaturalist,iNaturalist research-grade observations
4413711573,"Loxodonta africana (Blumenbach, 1797)",Loxodonta africana,Loxodonta,Elephantidae,-2.721159,38.82143,31434.0,Kitui,,,2015-09-25T14:25,2015.0,9.0,25.0,HUMAN_OBSERVATION,iNaturalist,iNaturalist research-grade observations
4413827482,"Loxodonta africana (Blumenbach, 1797)",Loxodonta africana,Loxodonta,Elephantidae,-3.562641,37.765858,31422.0,Taita Taveta,,,2015-09-22T14:25,2015.0,9.0,22.0,HUMAN_OBSERVATION,iNaturalist,iNaturalist research-grade observations
5153117115,"Loxodonta africana (Blumenbach, 1797)",Loxodonta africana,Loxodonta,Elephantidae,-2.63642,37.207857,31434.0,Kajiado,,,2015-09-26T08:58,2015.0,9.0,26.0,HUMAN_OBSERVATION,iNaturalist,iNaturalist research-grade observations
5153211710,"Loxodonta africana (Blumenbach, 1797)",Loxodonta africana,Loxodonta,Elephantidae,-2.747508,37.317397,31434.0,Kajiado,,,2015-09-26T12:14,2015.0,9.0,26.0,HUMAN_OBSERVATION,iNaturalist,iNaturalist research-grade observations
5153283307,"Loxodonta africana (Blumenbach, 1797)",Loxodonta africana,Loxodonta,Elephantidae,-2.650321,37.279025,31434.0,Kajiado,,,2015-09-26T08:47,2015.0,9.0,26.0,HUMAN_OBSERVATION,iNaturalist,iNaturalist research-grade observations
5153633103,"Loxodonta africana (Blumenbach, 1797)",Loxodonta africana,Loxodonta,Elephantidae,-2.756636,37.216885,31434.0,Kajiado,,,2015-09-26T18:17,2015.0,9.0,26.0,HUMAN_OBSERVATION,iNaturalist,iNaturalist research-grade observations
5153870853,"Loxodonta africana (Blumenbach, 1797)",Loxodonta africana,Loxodonta,Elephantidae,-2.604184,37.329217,31434.0,Kajiado,,,2015-09-26T17:03,2015.0,9.0,26.0,HUMAN_OBSERVATION,iNaturalist,iNaturalist research-grade observations
5153994052,"Loxodonta africana (Blumenbach, 1797)",Loxodonta africana,Loxodonta,Elephantidae,-2.79041,37.261342,31434.0,Kajiado,,,2015-09-27T10:23,2015.0,9.0,27.0,HUMAN_OBSERVATION,iNaturalist,iNaturalist research-grade observations
5154067848,"Loxodonta africana (Blumenbach, 1797)",Loxodonta africana,Loxodonta,Elephantidae,-2.718912,37.369545,31434.0,Kajiado,,,2015-09-27T14:10,2015.0,9.0,27.0,HUMAN_OBSERVATION,iNaturalist,iNaturalist research-grade observations
5154215564,"Loxodonta africana (Blumenbach, 1797)",Loxodonta africana,Loxodonta,Elephantidae,-2.69628,37.227938,31434.0,Kajiado,,,2015-09-27T09:34,2015.0,9.0,27.0,HUMAN_OBSERVATION,iNaturalist,iNaturalist research-grade observations
5154321941,"Loxodonta africana (Blumenbach, 1797)",Loxodonta africana,Loxodonta,Elephantidae,-2.631754,37.286376,31434.0,Kajiado,,,2015-09-26T09:42,2015.0,9.0,26.0,HUMAN_OBSERVATION,iNaturalist,iNaturalist research-grade observations
1913176160,"Loxodonta africana (Blumenbach, 1797)",Loxodonta africana,Loxodonta,Elephantidae,-1.580098,37.874215,295941.0,Kitui,,,2015-10-02T11:47,2015.0,10.0,2.0,HUMAN_OBSERVATION,iNaturalist,iNaturalist research-grade observations
4137791445,"Loxodonta africana (Blumenbach, 1797)",Loxodonta africana,Loxodonta,Elephantidae,-2.683548,38.851409,31434.0,Kitui,,,2015-10-25T07:24,2015.0,10.0,25.0,HUMAN_OBSERVATION,iNaturalist,iNaturalist research-grade observations
4137865557,"Loxodonta africana (Blumenbach, 1797)",Loxodonta africana,Loxodonta,Elephantidae,-1.346434,35.165539,31447.0,Narok,,,2015-10-16T06:55,2015.0,10.0,16.0,HUMAN_OBSERVATION,iNaturalist,iNaturalist research-grade observations
4137924396,"Loxodonta africana (Blumenbach, 1797)",Loxodonta africana,Loxodonta,Elephantidae,-3.222436,37.858423,31425.0,Taita Taveta,,,2015-10-23T07:25,2015.0,10.0,23.0,HUMAN_OBSERVATION,iNaturalist,iNaturalist research-grade observations
4405306629,"Loxodonta africana (Blumenbach, 1797)",Loxodonta africana,Loxodonta,Elephantidae,-3.276466,37.872882,31425.0,Taita Taveta,,,2015-10-25T12:22,2015.0,10.0,25.0,HUMAN_OBSERVATION,iNaturalist,iNaturalist research-grade observations
4413708486,"Loxodonta africana (Blumenbach, 1797)",Loxodonta africana,Loxodonta,Elephantidae,-1.284911,35.106434,31447.0,Narok,,,2015-10-04T14:25,2015.0,10.0,4.0,HUMAN_OBSERVATION,iNaturalist,iNaturalist research-grade observations
5153636596,"Loxodonta africana (Blumenbach, 1797)",Loxodonta africana,Loxodonta,Elephantidae,-1.468965,35.196943,31446.0,Narok,,,2015-10-04T18:30,2015.0,10.0,4.0,HUMAN_OBSERVATION,iNaturalist,iNaturalist research-grade observations
1807291916,"Loxodonta africana (Blumenbach, 1797)",Loxodonta africana,Loxodonta,Elephantidae,-1.361816,34.982494,31447.0,Narok,,,2015-12-20T11:23,2015.0,12.0,20.0,HUMAN_OBSERVATION,iNaturalist,iNaturalist research-grade observations
1807291960,"Loxodonta africana (Blumenbach, 1797)",Loxodonta africana,Loxodonta,Elephantidae,-1.460075,34.873794,31446.0,Narok,,,2015-12-21T00:17,2015.0,12.0,21.0,HUMAN_OBSERVATION,iNaturalist,iNaturalist research-grade observations
1807291965,"Loxodonta africana (Blumenbach, 1797)",Loxodonta africana,Loxodonta,Elephantidae,-1.316757,34.971652,31447.0,Narok,,,2015-12-22T01:39,2015.0,12.0,22.0,HUMAN_OBSERVATION,iNaturalist,iNaturalist research-grade observations
1831181557,"Loxodonta africana (Blumenbach, 1797)",Loxodonta africana,Loxodonta,Elephantidae,-2.672007,37.26955,31434.0,Kajiado,,,2015-12-24T02:22,2015.0,12.0,24.0,HUMAN_OBSERVATION,iNaturalist,iNaturalist research-grade observations
1831181671,"Loxodonta africana (Blumenbach, 1797)",Loxodonta africana,Loxodonta,Elephantidae,-2.7853,37.34194,31434.0,Kajiado,,,2015-12-24T09:25,2015.0,12.0,24.0,HUMAN_OBSERVATION,iNaturalist,iNaturalist research-grade observations
1831181678,"Loxodonta africana (Blumenbach, 1797)",Loxodonta africana,Loxodonta,Elephantidae,-2.754705,37.333652,31434.0,Kajiado,,,2015-12-25T01:50,2015.0,12.0,25.0,HUMAN_OBSERVATION,iNaturalist,iNaturalist research-grade observations
1831181807,"Loxodonta africana (Blumenbach, 1797)",Loxodonta africana,Loxodonta,Elephantidae,-2.789403,37.206303,31434.0,Kajiado,,,2015-12-25T04:39,2015.0,12.0,25.0,HUMAN_OBSERVATION,iNaturalist,iNaturalist research-grade observations
1831181873,"Loxodonta africana (Blumenbach, 1797)",Loxodonta africana,Loxodonta,Elephantidae,-2.703015,37.188911,31434.0,Kajiado,,,2015-12-25T03:19,2015.0,12.0,25.0,HUMAN_OBSERVATION,iNaturalist,iNaturalist research-grade observations
1831182161,"Loxodonta africana (Blumenbach, 1797)",Loxodonta africana,Loxodonta,Elephantidae,0.130677,36.824496,31451.0,Laikipia,,,2015-12-26T04:47,2015.0,12.0,26.0,HUMAN_OBSERVATION,iNaturalist,iNaturalist research-grade observations
1831182640,"Loxodonta africana (Blumenbach, 1797)",Loxodonta africana,Loxodonta,Elephantidae,-0.079254,36.888631,31451.0,Laikipia,,,2015-12-26T05:20,2015.0,12.0,26.0,HUMAN_OBSERVATION,iNaturalist,iNaturalist research-grade observations
1831183098,"Loxodonta africana (Blumenbach, 1797)",Loxodonta africana,Loxodonta,Elephantidae,-0.056643,36.956396,31451.0,Laikipia,,,2015-12-27T01:44,2015.0,12.0,27.0,HUMAN_OBSERVATION,iNaturalist,iNaturalist research-grade observations
1831183130,"Loxodonta africana (Blumenbach, 1797)",Loxodonta africana,Loxodonta,Elephantidae,-0.070809,36.925741,31451.0,Laikipia,,,2015-12-27T03:13,2015.0,12.0,27.0,HUMAN_OBSERVATION,iNaturalist,iNaturalist research-grade observations
1212002454,"Loxodonta africana (Blumenbach, 1797)",Loxodonta africana,Loxodonta,Elephantidae,-3.143524,38.328009,31428.0,Taita Taveta,,,2014-01-17T14:30:25Z,2014.0,1.0,17.0,HUMAN_OBSERVATION,iNaturalist,iNaturalist research-grade observations
1306578425,"Loxodonta africana (Blumenbach, 1797)",Loxodonta africana,Loxodonta,Elephantidae,-0.888245,36.299579,31449.0,Nakuru,,,2014-01-17T13:30,2014.0,1.0,17.0,HUMAN_OBSERVATION,iNaturalist,iNaturalist research-grade observations
6129938317,"Loxodonta africana (Blumenbach, 1797)",Loxodonta africana,Loxodonta,Elephantidae,-2.962472,37.705499,31431.0,Kajiado,,,2014-01-08T12:12,2014.0,1.0,8.0,HUMAN_OBSERVATION,iNaturalist,iNaturalist research-grade observations
6320264015,"Loxodonta africana (Blumenbach, 1797)",Loxodonta africana,Loxodonta,Elephantidae,0.279877,36.864677,31451.0,Laikipia,,,2014-01-09T09:52,2014.0,1.0,9.0,HUMAN_OBSERVATION,iNaturalist,iNaturalist research-grade observations
6320382980,"Loxodonta africana (Blumenbach, 1797)",Loxodonta africana,Loxodonta,Elephantidae,0.24752,36.979775,31451.0,Laikipia,,,2014-01-05T11:20,2014.0,1.0,5.0,HUMAN_OBSERVATION,iNaturalist,iNaturalist research-grade observations
6320462793,"Loxodonta africana (Blumenbach, 1797)",Loxodonta africana,Loxodonta,Elephantidae,0.205403,36.978452,31451.0,Laikipia,,,2014-01-08T10:37,2014.0,1.0,8.0,HUMAN_OBSERVATION,iNaturalist,iNaturalist research-grade observations
6320828586,"Loxodonta africana (Blumenbach, 1797)",Loxodonta africana,Loxodonta,Elephantidae,0.389212,36.889059,31451.0,Laikipia,,,2014-01-06T08:41,2014.0,1.0,6.0,HUMAN_OBSERVATION,iNaturalist,iNaturalist research-grade observations
5830522332,"Loxodonta africana (Blumenbach, 1797)",Loxodonta africana,Loxodonta,Elephantidae,-1.63649,35.243965,31444.0,Narok,,,2014-03-30T02:49,2014.0,3.0,30.0,HUMAN_OBSERVATION,iNaturalist,iNaturalist research-grade observations
5844499280,"Loxodonta africana (Blumenbach, 1797)",Loxodonta africana,Loxodonta,Elephantidae,-1.430814,35.078986,31446.0,Narok,,,2014-03-30T02:49,2014.0,3.0,30.0,HUMAN_OBSERVATION,iNaturalist,iNaturalist research-grade observations
6235077772,"Loxodonta africana (Blumenbach, 1797)",Loxodonta africana,Loxodonta,Elephantidae,-1.476753,35.366527,31446.0,Narok,,,2014-04-24T08:08:28,2014.0,4.0,24.0,HUMAN_OBSERVATION,iNaturalist,iNaturalist research-grade observations
6399161281,"Loxodonta africana (Blumenbach, 1797)",Loxodonta africana,Loxodonta,Elephantidae,-1.085812,34.804692,31448.0,Narok,,,2014-04-23T11:25,2014.0,4.0,23.0,HUMAN_OBSERVATION,iNaturalist,iNaturalist research-grade observations
923924124,"Loxodonta africana (Blumenbach, 1797)",Loxodonta africana,Loxodonta,Elephantidae,-3.40934,37.640482,31422.0,Taita Taveta,,,2014-05-19,2014.0,5.0,19.0,HUMAN_OBSERVATION,iNaturalist,iNaturalist research-grade observations
2826308189,"Loxodonta africana (Blumenbach, 1797)",Loxodonta africana,Loxodonta,Elephantidae,-0.538182,37.383998,31451.0,Kirinyaga,,,2014-05-16T09:49,2014.0,5.0,16.0,HUMAN_OBSERVATION,iNaturalist,iNaturalist research-grade observations
2826361255,"Loxodonta africana (Blumenbach, 1797)",Loxodonta africana,Loxodonta,Elephantidae,0.570119,37.59657,31451.0,Isiolo,,,2014-05-18T00:00,2014.0,5.0,18.0,HUMAN_OBSERVATION,iNaturalist,iNaturalist research-grade observations
5890450353,"Loxodonta africana (Blumenbach, 1797)",Loxodonta africana,Loxodonta,Elephantidae,-1.426339,35.262355,31446.0,Narok,,,2014-05-06T17:59,2014.0,5.0,6.0,HUMAN_OBSERVATION,iNaturalist,iNaturalist research-grade observations
1305126895,"Loxodonta africana (Blumenbach, 1797)",Loxodonta africana,Loxodonta,Elephantidae,0.758745,36.84136,31450.0,Laikipia,,,2014-06-16T21:36:11,2014.0,6.0,16.0,HUMAN_OBSERVATION,iNaturalist,iNaturalist research-grade observations
1305127040,"Loxodonta africana (Blumenbach, 1797)",Loxodonta africana,Loxodonta,Elephantidae,0.309774,36.887485,31451.0,Laikipia,,,2014-06-16T20:07:40,2014.0,6.0,16.0,HUMAN_OBSERVATION,iNaturalist,iNaturalist research-grade observations
1677304231,"Loxodonta africana (Blumenbach, 1797)",Loxodonta africana,Loxodonta,Elephantidae,0.236671,36.858788,31451.0,Laikipia,,,2014-06-17T21:38:21,2014.0,6.0,17.0,HUMAN_OBSERVATION,iNaturalist,iNaturalist research-grade observations
2634444322,"Loxodonta africana (Blumenbach, 1797)",Loxodonta africana,Loxodonta,Elephantidae,0.274673,37.630202,31451.0,Meru,,,2014-07-05T07:32,2014.0,7.0,5.0,HUMAN_OBSERVATION,iNaturalist,iNaturalist research-grade observations
2634534408,"Loxodonta africana (Blumenbach, 1797)",Loxodonta africana,Loxodonta,Elephantidae,0.251346,37.687578,31451.0,Meru,,,2014-07-05T08:47,2014.0,7.0,5.0,HUMAN_OBSERVATION,iNaturalist,iNaturalist research-grade observations
2634611502,"Loxodonta africana (Blumenbach, 1797)",Loxodonta africana,Loxodonta,Elephantidae,0.209916,37.544208,31451.0,Isiolo,,,2014-07-04T16:37,2014.0,7.0,4.0,HUMAN_OBSERVATION,iNaturalist,iNaturalist research-grade observations
2850854569,"Loxodonta africana (Blumenbach, 1797)",Loxodonta africana,Loxodonta,Elephantidae,0.041196,36.802626,31451.0,Laikipia,,,2014-07-06T19:48,2014.0,7.0,6.0,HUMAN_OBSERVATION,iNaturalist,iNaturalist research-grade observations
2850881551,"Loxodonta africana (Blumenbach, 1797)",Loxodonta africana,Loxodonta,Elephantidae,0.174552,36.815126,31451.0,Laikipia,,,2014-07-06T11:51,2014.0,7.0,6.0,HUMAN_OBSERVATION,iNaturalist,iNaturalist research-grade observations
3858543095,"Loxodonta africana (Blumenbach, 1797)",Loxodonta africana,Loxodonta,Elephantidae,-1.204404,35.140325,31447.0,Narok,,,2014-07-30T20:41,2014.0,7.0,30.0,HUMAN_OBSERVATION,iNaturalist,iNaturalist research-grade observations
4103042603,"Loxodonta africana (Blumenbach, 1797)",Loxodonta africana,Loxodonta,Elephantidae,-1.348564,35.045152,31447.0,Narok,,,2014-07-14T17:56,2014.0,7.0,14.0,HUMAN_OBSERVATION,iNaturalist,iNaturalist research-grade observations
1024214062,"Loxodonta africana (Blumenbach, 1797)",Loxodonta africana,Loxodonta,Elephantidae,-1.444454,35.055926,31446.0,Narok,,,2014-08-07T16:57,2014.0,8.0,7.0,HUMAN_OBSERVATION,iNaturalist,iNaturalist research-grade observations
1024214102,"Loxodonta africana (Blumenbach, 1797)",Loxodonta africana,Loxodonta,Elephantidae,-1.509143,35.318702,31446.0,Narok,,,2014-08-07T16:11,2014.0,8.0,7.0,HUMAN_OBSERVATION,iNaturalist,iNaturalist research-grade observations
1024214151,"Loxodonta africana (Blumenbach, 1797)",Loxodonta africana,Loxodonta,Elephantidae,-1.368853,34.961804,31447.0,Narok,,,2014-08-08T15:46,2014.0,8.0,8.0,HUMAN_OBSERVATION,iNaturalist,iNaturalist research-grade observations
1024214388,"Loxodonta africana (Blumenbach, 1797)",Loxodonta africana,Loxodonta,Elephantidae,0.302037,37.146728,31451.0,Laikipia,,,2014-08-10T18:43,2014.0,8.0,10.0,HUMAN_OBSERVATION,iNaturalist,iNaturalist research-grade observations
1262370556,"Loxodonta africana (Blumenbach, 1797)",Loxodonta africana,Loxodonta,Elephantidae,-2.665605,37.236502,31434.0,Kajiado,,,2014-08-30T09:47:07,2014.0,8.0,30.0,HUMAN_OBSERVATION,iNaturalist,iNaturalist research-grade observations
1262370566,"Loxodonta africana (Blumenbach, 1797)",Loxodonta africana,Loxodonta,Elephantidae,0.42844,37.534507,31451.0,Isiolo,,,2014-08-24T16:52:07,2014.0,8.0,24.0,HUMAN_OBSERVATION,iNaturalist,iNaturalist research-grade observations
3039308027,"Loxodonta africana (Blumenbach, 1797)",Loxodonta africana,Loxodonta,Elephantidae,0.560586,37.457437,31451.0,Isiolo,,,2014-08-24T09:53:59,2014.0,8.0,24.0,HUMAN_OBSERVATION,iNaturalist,iNaturalist research-grade observations
3469093385,"Loxodonta africana (Blumenbach, 1797)",Loxodonta africana,Loxodonta,Elephantidae,-1.303881,35.006096,31447.0,Narok,,,2014-08-07T05:27,2014.0,8.0,7.0,HUMAN_OBSERVATION,iNaturalist,iNaturalist research-grade observations
3858404084,"Loxodonta africana (Blumenbach, 1797)",Loxodonta africana,Loxodonta,Elephantidae,-2.647685,37.367794,31434.0,Kajiado,,,2014-08-02T23:46,2014.0,8.0,2.0,HUMAN_OBSERVATION,iNaturalist,iNaturalist research-grade observations
3985823748,"Loxodonta africana (Blumenbach, 1797)",Loxodonta africana,Loxodonta,Elephantidae,-1.462658,35.306427,31446.0,Narok,,,2014-08-16T08:12,2014.0,8.0,16.0,HUMAN_OBSERVATION,iNaturalist,iNaturalist research-grade observations
3985880556,"Loxodonta africana (Blumenbach, 1797)",Loxodonta africana,Loxodonta,Elephantidae,-0.378663,37.065033,31451.0,Nyeri,,,2014-08-09T11:35,2014.0,8.0,9.0,HUMAN_OBSERVATION,iNaturalist,iNaturalist research-grade observations
3985904608,"Loxodonta africana (Blumenbach, 1797)",Loxodonta africana,Loxodonta,Elephantidae,0.555056,37.579053,31451.0,Isiolo,,,2014-08-10T16:09,2014.0,8.0,10.0,HUMAN_OBSERVATION,iNaturalist,iNaturalist research-grade observations
4162511842,"Loxodonta africana (Blumenbach, 1797)",Loxodonta africana,Loxodonta,Elephantidae,-2.47272,37.060491,31436.0,Kajiado,,,2014-08-09T11:31,2014.0,8.0,9.0,HUMAN_OBSERVATION,iNaturalist,iNaturalist research-grade observations
4162593550,"Loxodonta africana (Blumenbach, 1797)",Loxodonta africana,Loxodonta,Elephantidae,-2.318902,37.264575,31438.0,Kajiado,,,2014-08-08T10:40,2014.0,8.0,8.0,HUMAN_OBSERVATION,iNaturalist,iNaturalist research-grade observations
4424284520,"Loxodonta africana (Blumenbach, 1797)",Loxodonta africana,Loxodonta,Elephantidae,-2.740119,37.361352,31434.0,Kajiado,,,2014-08-01T23:11,2014.0,8.0,1.0,HUMAN_OBSERVATION,iNaturalist,iNaturalist research-grade observations
6518343511,"Loxodonta africana (Blumenbach, 1797)",Loxodonta africana,Loxodonta,Elephantidae,0.711435,37.41933,31450.0,Samburu,,,2014-08-10T16:50,2014.0,8.0,10.0,HUMAN_OBSERVATION,iNaturalist,iNaturalist research-grade observations
6518442590,"Loxodonta africana (Blumenbach, 1797)",Loxodonta africana,Loxodonta,Elephantidae,0.655385,37.465828,31450.0,Samburu,,,2014-08-11T09:03,2014.0,8.0,11.0,HUMAN_OBSERVATION,iNaturalist,iNaturalist research-grade observations
6519781896,"Loxodonta africana (Blumenbach, 1797)",Loxodonta africana,Loxodonta,Elephantidae,-0.24507,37.101931,31451.0,Nyeri,,,2014-08-09T12:19,2014.0,8.0,9.0,HUMAN_OBSERVATION,iNaturalist,iNaturalist research-grade observations
6520716328,"Loxodonta africana (Blumenbach, 1797)",Loxodonta africana,Loxodonta,Elephantidae,0.734002,37.512287,31450.0,Samburu,,,2014-08-11T09:03,2014.0,8.0,11.0,HUMAN_OBSERVATION,iNaturalist,iNaturalist research-grade observations
5063220160,"Loxodonta africana (Blumenbach, 1797)",Loxodonta africana,Loxodonta,Elephantidae,-2.729699,37.395201,31434.0,Kajiado,,,2014-09-08T22:03,2014.0,9.0,8.0,HUMAN_OBSERVATION,iNaturalist,iNaturalist research-grade observations
5063222201,"Loxodonta africana (Blumenbach, 1797)",Loxodonta africana,Loxodonta,Elephantidae,-2.771142,37.365363,31434.0,Kajiado,,,2014-09-09T11:56,2014.0,9.0,9.0,HUMAN_OBSERVATION,iNaturalist,iNaturalist research-grade observations
5063244211,"Loxodonta africana (Blumenbach, 1797)",Loxodonta africana,Loxodonta,Elephantidae,-2.796627,37.285037,31434.0,Kajiado,,,2014-09-09T10:39,2014.0,9.0,9.0,HUMAN_OBSERVATION,iNaturalist,iNaturalist research-grade observations
5063254167,"Loxodonta africana (Blumenbach, 1797)",Loxodonta africana,Loxodonta,Elephantidae,-2.69283,37.271871,31434.0,Kajiado,,,2014-09-08T21:54,2014.0,9.0,8.0,HUMAN_OBSERVATION,iNaturalist,iNaturalist research-grade observations
5063317623,"Loxodonta africana (Blumenbach, 1797)",Loxodonta africana,Loxodonta,Elephantidae,-1.57869,35.359124,31446.0,Narok,,,2014-09-12T13:48,2014.0,9.0,12.0,HUMAN_OBSERVATION,iNaturalist,iNaturalist research-grade observations
1052778786,"Loxodonta africana (Blumenbach, 1797)",Loxodonta africana,Loxodonta,Elephantidae,-1.340497,35.025725,1.0,,,,2014-10-20T00:41:26,2014.0,10.0,20.0,HUMAN_OBSERVATION,Anymals.org,
1052778790,"Loxodonta africana (Blumenbach, 1797)",Loxodonta africana,Loxodonta,Elephantidae,-1.340497,35.025756,1.0,,,,2014-10-20T00:41:48,2014.0,10.0,20.0,HUMAN_OBSERVATION,Anymals.org,
1052778792,"Loxodonta africana (Blumenbach, 1797)",Loxodonta africana,Loxodonta,Elephantidae,-1.239777,34.827862,1.0,,,,2014-10-23T03:25:46,2014.0,10.0,23.0,HUMAN_OBSERVATION,Anymals.org,
1640102480,"Loxodonta africana (Blumenbach, 1797)",Loxodonta africana,Loxodonta,Elephantidae,-1.392052,34.95965,31447.0,Narok,,,2014-10-24T20:02,2014.0,10.0,24.0,HUMAN_OBSERVATION,iNaturalist,iNaturalist research-grade observations
1990620045,"Loxodonta africana (Blumenbach, 1797)",Loxodonta africana,Loxodonta,Elephantidae,-2.78571,37.215048,31434.0,Kajiado,,,2014-11-10T21:34,2014.0,11.0,10.0,HUMAN_OBSERVATION,iNaturalist,iNaturalist research-grade observations
1990620125,"Loxodonta africana (Blumenbach, 1797)",Loxodonta africana,Loxodonta,Elephantidae,-2.630471,37.308557,31434.0,Kajiado,,,2014-11-10T22:31,2014.0,11.0,10.0,HUMAN_OBSERVATION,iNaturalist,iNaturalist research-grade observations
1990620455,"Loxodonta africana (Blumenbach, 1797)",Loxodonta africana,Loxodonta,Elephantidae,-2.724347,37.283385,31434.0,Kajiado,,,2014-11-10T13:48,2014.0,11.0,10.0,HUMAN_OBSERVATION,iNaturalist,iNaturalist research-grade observations
1990620475,"Loxodonta africana (Blumenbach, 1797)",Loxodonta africana,Loxodonta,Elephantidae,-2.623651,37.35848,31434.0,Kajiado,,,2014-11-11T00:08,2014.0,11.0,11.0,HUMAN_OBSERVATION,iNaturalist,iNaturalist research-grade observations
1990621150,"Loxodonta africana (Blumenbach, 1797)",Loxodonta africana,Loxodonta,Elephantidae,-2.625268,37.322723,31434.0,Kajiado,,,2014-11-11T03:16,2014.0,11.0,11.0,HUMAN_OBSERVATION,iNaturalist,iNaturalist research-grade observations
1990621158,"Loxodonta africana (Blumenbach, 1797)",Loxodonta africana,Loxodonta,Elephantidae,-2.73715,37.269364,31434.0,Kajiado,,,2014-11-11T06:15,2014.0,11.0,11.0,HUMAN_OBSERVATION,iNaturalist,iNaturalist research-grade observations
1990621210,"Loxodonta africana (Blumenbach, 1797)",Loxodonta africana,Loxodonta,Elephantidae,-2.738134,37.361843,31434.0,Kajiado,,,2014-11-11T05:45,2014.0,11.0,11.0,HUMAN_OBSERVATION,iNaturalist,iNaturalist research-grade observations
1990627040,"Loxodonta africana (Blumenbach, 1797)",Loxodonta africana,Loxodonta,Elephantidae,-2.75249,37.210318,31434.0,Kajiado,,,2014-11-11T21:32,2014.0,11.0,11.0,HUMAN_OBSERVATION,iNaturalist,iNaturalist research-grade observations
1993729096,"Loxodonta africana (Blumenbach, 1797)",Loxodonta africana,Loxodonta,Elephantidae,-1.253483,34.894991,31447.0,Narok,,,2014-11-07T08:16,2014.0,11.0,7.0,HUMAN_OBSERVATION,iNaturalist,iNaturalist research-grade observations
1993729299,"Loxodonta africana (Blumenbach, 1797)",Loxodonta africana,Loxodonta,Elephantidae,-1.265233,34.849351,31447.0,Narok,,,2014-11-07T21:41,2014.0,11.0,7.0,HUMAN_OBSERVATION,iNaturalist,iNaturalist research-grade observations
1993729878,"Loxodonta africana (Blumenbach, 1797)",Loxodonta africana,Loxodonta,Elephantidae,-1.269058,34.86244,31447.0,Narok,,,2014-11-08T00:13,2014.0,11.0,8.0,HUMAN_OBSERVATION,iNaturalist,iNaturalist research-grade observations
1993733607,"Loxodonta africana (Blumenbach, 1797)",Loxodonta africana,Loxodonta,Elephantidae,-1.309787,34.851121,31447.0,Narok,,,2014-11-08T06:08,2014.0,11.0,8.0,HUMAN_OBSERVATION,iNaturalist,iNaturalist research-grade observations
3355115063,"Loxodonta africana (Blumenbach, 1797)",Loxodonta africana,Loxodonta,Elephantidae,-3.715635,37.650797,31418.0,Taita Taveta,,,2014-11-10T14:02,2014.0,11.0,10.0,HUMAN_OBSERVATION,iNaturalist,iNaturalist research-grade observations
3355325963,"Loxodonta africana (Blumenbach, 1797)",Loxodonta africana,Loxodonta,Elephantidae,-3.143278,38.756883,31428.0,Taita Taveta,,,2014-11-06T08:49,2014.0,11.0,6.0,HUMAN_OBSERVATION,iNaturalist,iNaturalist research-grade observations
5007658109,"Loxodonta africana (Blumenbach, 1797)",Loxodonta africana,Loxodonta,Elephantidae,-2.78414,37.220373,31434.0,Kajiado,,,2014-11-01T15:35,2014.0,11.0,1.0,HUMAN_OBSERVATION,iNaturalist,iNaturalist research-grade observations
5012639043,"Loxodonta africana (Blumenbach, 1797)",Loxodonta africana,Loxodonta,Elephantidae,-1.399759,34.906483,250.0,,,"Mara Triangle, Kenya",2014-11-10T00:00,2014.0,11.0,10.0,HUMAN_OBSERVATION,NABU|naturgucker,
1052778784,"Loxodonta africana (Blumenbach, 1797)",Loxodonta africana,Loxodonta,Elephantidae,-2.706817,37.317794,1.0,,,,2014-12-30T05:19:10,2014.0,12.0,30.0,HUMAN_OBSERVATION,Anymals.org,
1052778787,"Loxodonta africana (Blumenbach, 1797)",Loxodonta africana,Loxodonta,Elephantidae,-2.716733,37.373869,1.0,,,,2014-12-30T19:12:48,2014.0,12.0,30.0,HUMAN_OBSERVATION,Anymals.org,
1052778788,"Loxodonta africana (Blumenbach, 1797)",Loxodonta africana,Loxodonta,Elephantidae,-2.661636,37.271194,1.0,,,,2014-12-29T05:03:12,2014.0,12.0,29.0,HUMAN_OBSERVATION,Anymals.org,
1052778789,"Loxodonta africana (Blumenbach, 1797)",Loxodonta africana,Loxodonta,Elephantidae,-2.673339,37.291106,1.0,,,,2014-12-29T04:12:18,2014.0,12.0,29.0,HUMAN_OBSERVATION,Anymals.org,
1052778791,"Loxodonta africana (Blumenbach, 1797)",Loxodonta africana,Loxodonta,Elephantidae,-2.682356,37.245908,1.0,,,,2014-12-30T22:22:11,2014.0,12.0,30.0,HUMAN_OBSERVATION,Anymals.org,
1088949466,"Loxodonta africana (Blumenbach, 1797)",Loxodonta africana,Loxodonta,Elephantidae,-0.049431,38.382547,31451.0,Meru,,,2014-12-13,2014.0,12.0,13.0,HUMAN_OBSERVATION,iNaturalist,iNaturalist research-grade observations
3330449387,"Loxodonta africana (Blumenbach, 1797)",Loxodonta africana,Loxodonta,Elephantidae,-2.782098,37.38424,31434.0,Kajiado,,,2014-12-23T03:31,2014.0,12.0,23.0,HUMAN_OBSERVATION,iNaturalist,iNaturalist research-grade observations
3399051432,"Loxodonta africana (Blumenbach, 1797)",Loxodonta africana,Loxodonta,Elephantidae,-3.326526,38.728011,31425.0,Taita Taveta,,,2014-12-13T12:15Z,2014.0,12.0,13.0,HUMAN_OBSERVATION,iNaturalist,iNaturalist research-grade observations
5016657335,"Loxodonta africana (Blumenbach, 1797)",Loxodonta africana,Loxodonta,Elephantidae,-2.977327,38.831177,250.0,,,TSAVO-OST-Nationalpark,2014-12-22T00:00,2014.0,12.0,22.0,HUMAN_OBSERVATION,NABU|naturgucker,
5016662371,"Loxodonta africana (Blumenbach, 1797)",Loxodonta africana,Loxodonta,Elephantidae,-3.225529,37.987289,250.0,,,TSAVO-WEST-Nationalpark,2014-12-21T00:00,2014.0,12.0,21.0,HUMAN_OBSERVATION,NABU|naturgucker,
5028175004,"Loxodonta africana (Blumenbach, 1797)",Loxodonta africana,Loxodonta,Elephantidae,-3.225529,37.987289,250.0,,,TSAVO-WEST-Nationalpark,2014-12-22T00:00,2014.0,12.0,22.0,HUMAN_OBSERVATION,NABU|naturgucker,
6178569455,"Loxodonta africana (Blumenbach, 1797)",Loxodonta africana,Loxodonta,Elephantidae,-3.263455,37.959944,151951.0,Taita Taveta,,,2014-12-14T16:46,2014.0,12.0,14.0,HUMAN_OBSERVATION,iNaturalist,iNaturalist research-grade observations
6178746908,"Loxodonta africana (Blumenbach, 1797)",Loxodonta africana,Loxodonta,Elephantidae,-3.289997,37.831412,151951.0,Taita Taveta,,,2014-12-15T07:16,2014.0,12.0,15.0,HUMAN_OBSERVATION,iNaturalist,iNaturalist research-grade observations
6179258391,"Loxodonta africana (Blumenbach, 1797)",Loxodonta africana,Loxodonta,Elephantidae,-3.370698,37.801726,151951.0,Taita Taveta,,,2014-12-15T16:36,2014.0,12.0,15.0,HUMAN_OBSERVATION,iNaturalist,iNaturalist research-grade observations
6179356298,"Loxodonta africana (Blumenbach, 1797)",Loxodonta africana,Loxodonta,Elephantidae,-3.328555,39.855511,31425.0,Kilifi,,,2014-12-18T08:49,2014.0,12.0,18.0,HUMAN_OBSERVATION,iNaturalist,iNaturalist research-grade observations
1621778043,"Loxodonta africana (Blumenbach, 1797)",Loxodonta africana,Loxodonta,Elephantidae,-1.412837,34.8003,31446.0,Narok,,,2013-01-04T16:37,2013.0,1.0,4.0,HUMAN_OBSERVATION,iNaturalist,iNaturalist research-grade observations
1621778052,"Loxodonta africana (Blumenbach, 1797)",Loxodonta africana,Loxodonta,Elephantidae,-1.503856,34.942023,31446.0,Narok,,,2013-01-04T16:35,2013.0,1.0,4.0,HUMAN_OBSERVATION,iNaturalist,iNaturalist research-grade observations
3314416177,"Loxodonta africana (Blumenbach, 1797)",Loxodonta africana,Loxodonta,Elephantidae,-1.342434,34.996267,31447.0,Narok,,,2013-01-04T15:47,2013.0,1.0,4.0,HUMAN_OBSERVATION,iNaturalist,iNaturalist research-grade observations
3314442182,"Loxodonta africana (Blumenbach, 1797)",Loxodonta africana,Loxodonta,Elephantidae,-1.264441,34.872753,31447.0,Narok,,,2013-01-04T16:35,2013.0,1.0,4.0,HUMAN_OBSERVATION,iNaturalist,iNaturalist research-grade observations
4458456613,"Loxodonta africana (Blumenbach, 1797)",Loxodonta africana,Loxodonta,Elephantidae,-1.246113,35.093498,31447.0,Narok,,,2013-01-21T08:56,2013.0,1.0,21.0,HUMAN_OBSERVATION,iNaturalist,iNaturalist research-grade observations
4458685639,"Loxodonta africana (Blumenbach, 1797)",Loxodonta africana,Loxodonta,Elephantidae,-2.315035,37.701217,31438.0,Kajiado,,,2013-01-25T15:25,2013.0,1.0,25.0,HUMAN_OBSERVATION,iNaturalist,iNaturalist research-grade observations
4458710727,"Loxodonta africana (Blumenbach, 1797)",Loxodonta africana,Loxodonta,Elephantidae,-3.563049,38.30626,31422.0,Taita Taveta,,,2013-01-29T18:04,2013.0,1.0,29.0,HUMAN_OBSERVATION,iNaturalist,iNaturalist research-grade observations
1092901476,"Loxodonta africana (Blumenbach, 1797)",Loxodonta africana,Loxodonta,Elephantidae,-2.683375,37.28426,31434.0,Kajiado,,,2013-06-13,2013.0,6.0,13.0,HUMAN_OBSERVATION,iNaturalist,iNaturalist research-grade observations
1092901489,"Loxodonta africana (Blumenbach, 1797)",Loxodonta africana,Loxodonta,Elephantidae,-2.710195,37.271373,31434.0,Kajiado,,,2013-06-13,2013.0,6.0,13.0,HUMAN_OBSERVATION,iNaturalist,iNaturalist research-grade observations
2603549298,"Loxodonta africana (Blumenbach, 1797)",Loxodonta africana,Loxodonta,Elephantidae,-2.741061,37.370036,31434.0,Kajiado,,,2013-06-24T15:45:42,2013.0,6.0,24.0,HUMAN_OBSERVATION,iNaturalist,iNaturalist research-grade observations
2851036455,"Loxodonta africana (Blumenbach, 1797)",Loxodonta africana,Loxodonta,Elephantidae,-1.504673,35.009271,31446.0,Narok,,,2013-06-29,2013.0,6.0,29.0,HUMAN_OBSERVATION,iNaturalist,iNaturalist research-grade observations
911507258,"Loxodonta africana (Blumenbach, 1797)",Loxodonta africana,Loxodonta,Elephantidae,-2.941302,37.856572,136980.0,Taita Taveta,,,2013-07-01,2013.0,7.0,1.0,HUMAN_OBSERVATION,iNaturalist,iNaturalist research-grade observations
2005653732,"Loxodonta africana (Blumenbach, 1797)",Loxodonta africana,Loxodonta,Elephantidae,-3.375,38.625,12000.0,,,Tsavo East National Park,2013-07-21,2013.0,7.0,21.0,HUMAN_OBSERVATION,ADU-UCT,MammalMAP
2005653742,"Loxodonta africana (Blumenbach, 1797)",Loxodonta africana,Loxodonta,Elephantidae,-3.375,38.625,12000.0,,,Tsavo East National Park,2013-07-21,2013.0,7.0,21.0,HUMAN_OBSERVATION,ADU-UCT,MammalMAP
2005653749,"Loxodonta africana (Blumenbach, 1797)",Loxodonta africana,Loxodonta,Elephantidae,-1.375,35.125,12000.0,,,Masai Mara National Reserve,2013-07-09,2013.0,7.0,9.0,HUMAN_OBSERVATION,ADU-UCT,MammalMAP
2005653776,"Loxodonta africana (Blumenbach, 1797)",Loxodonta africana,Loxodonta,Elephantidae,-1.375,35.125,12000.0,,,Masai Mara National Reserve,2013-07-10,2013.0,7.0,10.0,HUMAN_OBSERVATION,ADU-UCT,MammalMAP
2005653786,"Loxodonta africana (Blumenbach, 1797)",Loxodonta africana,Loxodonta,Elephantidae,-3.375,38.625,12000.0,Taita District,,Ngutuni Lodge - Near Tsavo East National Park,2013-07-22,2013.0,7.0,22.0,HUMAN_OBSERVATION,ADU-UCT,MammalMAP
2005653789,"Loxodonta africana (Blumenbach, 1797)",Loxodonta africana,Loxodonta,Elephantidae,-3.125,38.625,12000.0,,,Tsavo East National Park,2013-07-22,2013.0,7.0,22.0,HUMAN_OBSERVATION,ADU-UCT,MammalMAP
2005653814,"Loxodonta africana (Blumenbach, 1797)",Loxodonta africana,Loxodonta,Elephantidae,-1.375,35.125,12000.0,,,Masai Mara National Reserve,2013-07-09,2013.0,7.0,9.0,HUMAN_OBSERVATION,ADU-UCT,MammalMAP
2573878894,"Loxodonta africana (Blumenbach, 1797)",Loxodonta africana,Loxodonta,Elephantidae,-1.526992,35.063908,31446.0,Narok,,,2013-08-03T04:20,2013.0,8.0,3.0,HUMAN_OBSERVATION,iNaturalist,iNaturalist research-grade observations
2574011777,"Loxodonta africana (Blumenbach, 1797)",Loxodonta africana,Loxodonta,Elephantidae,-1.23129,34.94181,31447.0,Narok,,,2013-08-02T04:19,2013.0,8.0,2.0,HUMAN_OBSERVATION,iNaturalist,iNaturalist research-grade observations
2574283733,"Loxodonta africana (Blumenbach, 1797)",Loxodonta africana,Loxodonta,Elephantidae,-2.693102,37.302048,31434.0,Kajiado,,,2013-08-06T03:40,2013.0,8.0,6.0,HUMAN_OBSERVATION,iNaturalist,iNaturalist research-grade observations
2862518208,"Loxodonta africana (Blumenbach, 1797)",Loxodonta africana,Loxodonta,Elephantidae,-3.504719,38.970923,31422.0,Taita Taveta,,,2013-08-09T11:13:37,2013.0,8.0,9.0,HUMAN_OBSERVATION,iNaturalist,iNaturalist research-grade observations
3031757073,"Loxodonta africana (Blumenbach, 1797)",Loxodonta africana,Loxodonta,Elephantidae,-3.345387,38.606278,31425.0,Taita Taveta,,,2013-08-11T07:44,2013.0,8.0,11.0,HUMAN_OBSERVATION,iNaturalist,iNaturalist research-grade observations
3031826176,"Loxodonta africana (Blumenbach, 1797)",Loxodonta africana,Loxodonta,Elephantidae,-1.570679,35.024515,31446.0,Narok,,,2013-08-20T11:55,2013.0,8.0,20.0,HUMAN_OBSERVATION,iNaturalist,iNaturalist research-grade observations
3031872103,"Loxodonta africana (Blumenbach, 1797)",Loxodonta africana,Loxodonta,Elephantidae,-3.28702,38.930609,31425.0,Taita Taveta,,,2013-08-10T16:01,2013.0,8.0,10.0,HUMAN_OBSERVATION,iNaturalist,iNaturalist research-grade observations
3032058007,"Loxodonta africana (Blumenbach, 1797)",Loxodonta africana,Loxodonta,Elephantidae,-3.358236,38.890983,31425.0,Taita Taveta,,,2013-08-09T11:36,2013.0,8.0,9.0,HUMAN_OBSERVATION,iNaturalist,iNaturalist research-grade observations
3032092977,"Loxodonta africana (Blumenbach, 1797)",Loxodonta africana,Loxodonta,Elephantidae,-3.262235,38.956337,31425.0,Taita Taveta,,,2013-08-09T16:23,2013.0,8.0,9.0,HUMAN_OBSERVATION,iNaturalist,iNaturalist research-grade observations
3032136933,"Loxodonta africana (Blumenbach, 1797)",Loxodonta africana,Loxodonta,Elephantidae,-3.287156,38.912173,31425.0,Taita Taveta,,,2013-08-10T06:43,2013.0,8.0,10.0,HUMAN_OBSERVATION,iNaturalist,iNaturalist research-grade observations
3032138030,"Loxodonta africana (Blumenbach, 1797)",Loxodonta africana,Loxodonta,Elephantidae,-3.07611,38.857646,31428.0,Taita Taveta,,,2013-08-11T14:08,2013.0,8.0,11.0,HUMAN_OBSERVATION,iNaturalist,iNaturalist research-grade observations
3039375043,"Loxodonta africana (Blumenbach, 1797)",Loxodonta africana,Loxodonta,Elephantidae,-0.362817,36.872273,31451.0,Nyeri,,,2013-08-17T21:25Z,2013.0,8.0,17.0,HUMAN_OBSERVATION,iNaturalist,iNaturalist research-grade observations
3097143662,"Loxodonta africana (Blumenbach, 1797)",Loxodonta africana,Loxodonta,Elephantidae,0.489153,37.415851,31451.0,Isiolo,,,2013-08-19T11:35Z,2013.0,8.0,19.0,HUMAN_OBSERVATION,iNaturalist,iNaturalist research-grade observations
5021856077,"Loxodonta africana (Blumenbach, 1797)",Loxodonta africana,Loxodonta,Elephantidae,-1.227628,35.027161,250.0,,,"Mara-Siria-Camp, Masai Mara",2013-09-15T00:00,2013.0,9.0,15.0,HUMAN_OBSERVATION,NABU|naturgucker,
5027076777,"Loxodonta africana (Blumenbach, 1797)",Loxodonta africana,Loxodonta,Elephantidae,-1.227628,35.027161,250.0,,,"Mara-Siria-Camp, Masai Mara",2013-09-14T00:00,2013.0,9.0,14.0,HUMAN_OBSERVATION,NABU|naturgucker,
1024220571,"Loxodonta africana (Blumenbach, 1797)",Loxodonta africana,Loxodonta,Elephantidae,-1.474966,35.115411,31446.0,Narok,,,2013-10-29,2013.0,10.0,29.0,HUMAN_OBSERVATION,iNaturalist,iNaturalist research-grade observations
3090549142,"Loxodonta africana (Blumenbach, 1797)",Loxodonta africana,Loxodonta,Elephantidae,-0.73621,36.827388,411354.0,Murang'a,,,2013-10-08T03:07:02,2013.0,10.0,8.0,HUMAN_OBSERVATION,iNaturalist,iNaturalist research-grade observations
5016003784,"Loxodonta africana (Blumenbach, 1797)",Loxodonta africana,Loxodonta,Elephantidae,-0.457301,36.719055,250.0,,,Aberdare National Park,2013-10-05T00:00,2013.0,10.0,5.0,HUMAN_OBSERVATION,NABU|naturgucker,
5022765692,"Loxodonta africana (Blumenbach, 1797)",Loxodonta africana,Loxodonta,Elephantidae,-2.639218,37.199364,250.0,,,Amboseli Nationalpark,2013-10-18T00:00,2013.0,10.0,18.0,HUMAN_OBSERVATION,NABU|naturgucker,
2423260945,"Loxodonta africana (Blumenbach, 1797)",Loxodonta africana,Loxodonta,Elephantidae,-2.107776,38.441503,31441.0,Kitui,,,2013-11-13T16:00,2013.0,11.0,13.0,HUMAN_OBSERVATION,iNaturalist,iNaturalist research-grade observations
3966367962,"Loxodonta africana (Blumenbach, 1797)",Loxodonta africana,Loxodonta,Elephantidae,-1.539113,35.031757,31446.0,Narok,,,2013-11-12T10:28,2013.0,11.0,12.0,HUMAN_OBSERVATION,iNaturalist,iNaturalist research-grade observations
4516188058,"Loxodonta africana (Blumenbach, 1797)",Loxodonta africana,Loxodonta,Elephantidae,0.124699,38.185123,31451.0,Meru,,,2013-11-26T09:23,2013.0,11.0,26.0,HUMAN_OBSERVATION,iNaturalist,iNaturalist research-grade observations
4102991562,"Loxodonta africana (Blumenbach, 1797)",Loxodonta africana,Loxodonta,Elephantidae,-1.33889,35.190823,31447.0,Narok,,,2013-12-23T07:28,2013.0,12.0,23.0,HUMAN_OBSERVATION,iNaturalist,iNaturalist research-grade observations
4103009559,"Loxodonta africana (Blumenbach, 1797)",Loxodonta africana,Loxodonta,Elephantidae,-1.355742,35.039943,31447.0,Narok,,,2013-12-22T16:59,2013.0,12.0,22.0,HUMAN_OBSERVATION,iNaturalist,iNaturalist research-grade observations
1088973198,"Loxodonta africana (Blumenbach, 1797)",Loxodonta africana,Loxodonta,Elephantidae,-1.448656,34.96996,31446.0,Narok,,,2012-01-29,2012.0,1.0,29.0,HUMAN_OBSERVATION,iNaturalist,iNaturalist research-grade observations
4901269623,"Loxodonta africana (Blumenbach, 1797)",Loxodonta africana,Loxodonta,Elephantidae,-1.374063,35.034927,31447.0,Narok,,,2012-01-04T15:48,2012.0,1.0,4.0,HUMAN_OBSERVATION,iNaturalist,iNaturalist research-grade observations
2451688592,"Loxodonta africana (Blumenbach, 1797)",Loxodonta africana,Loxodonta,Elephantidae,-2.676195,37.216633,31434.0,Kajiado,,,2012-02-01T22:12,2012.0,2.0,1.0,HUMAN_OBSERVATION,iNaturalist,iNaturalist research-grade observations
4863371385,"Loxodonta africana (Blumenbach, 1797)",Loxodonta africana,Loxodonta,Elephantidae,-2.750035,38.810639,44455.0,Kitui,,,2012-02-22T11:54,2012.0,2.0,22.0,HUMAN_OBSERVATION,iNaturalist,iNaturalist research-grade observations
4863469552,"Loxodonta africana (Blumenbach, 1797)",Loxodonta africana,Loxodonta,Elephantidae,-2.653021,37.337734,31434.0,Kajiado,,,2012-02-23T16:53,2012.0,2.0,23.0,HUMAN_OBSERVATION,iNaturalist,iNaturalist research-grade observations
4863509699,"Loxodonta africana (Blumenbach, 1797)",Loxodonta africana,Loxodonta,Elephantidae,-2.676367,37.367968,31434.0,Kajiado,,,2012-02-23T17:51,2012.0,2.0,23.0,HUMAN_OBSERVATION,iNaturalist,iNaturalist research-grade observations
4863593882,"Loxodonta africana (Blumenbach, 1797)",Loxodonta africana,Loxodonta,Elephantidae,-2.78023,38.898298,44455.0,Kitui,,,2012-02-23T07:36,2012.0,2.0,23.0,HUMAN_OBSERVATION,iNaturalist,iNaturalist research-grade observations
4863607170,"Loxodonta africana (Blumenbach, 1797)",Loxodonta africana,Loxodonta,Elephantidae,-2.786413,38.839435,44455.0,Kitui,,,2012-02-22T11:36,2012.0,2.0,22.0,HUMAN_OBSERVATION,iNaturalist,iNaturalist research-grade observations
4863696718,"Loxodonta africana (Blumenbach, 1797)",Loxodonta africana,Loxodonta,Elephantidae,-2.600363,37.328968,31434.0,Kajiado,,,2012-02-23T17:20,2012.0,2.0,23.0,HUMAN_OBSERVATION,iNaturalist,iNaturalist research-grade observations
4863780480,"Loxodonta africana (Blumenbach, 1797)",Loxodonta africana,Loxodonta,Elephantidae,-2.689308,37.357557,31434.0,Kajiado,,,2012-02-23T17:42,2012.0,2.0,23.0,HUMAN_OBSERVATION,iNaturalist,iNaturalist research-grade observations
4863863501,"Loxodonta africana (Blumenbach, 1797)",Loxodonta africana,Loxodonta,Elephantidae,-2.630189,38.877576,44455.0,Kitui,,,2012-02-22T16:47,2012.0,2.0,22.0,HUMAN_OBSERVATION,iNaturalist,iNaturalist research-grade observations
4863898774,"Loxodonta africana (Blumenbach, 1797)",Loxodonta africana,Loxodonta,Elephantidae,-2.621352,38.909467,44455.0,Kitui,,,2012-02-22T16:16,2012.0,2.0,22.0,HUMAN_OBSERVATION,iNaturalist,iNaturalist research-grade observations
5217650160,"Loxodonta africana (Blumenbach, 1797)",Loxodonta africana,Loxodonta,Elephantidae,-1.470501,35.194601,31446.0,Narok,,,2012-02-04T17:01:01,2012.0,2.0,4.0,HUMAN_OBSERVATION,iNaturalist,iNaturalist research-grade observations
4442670913,"Loxodonta africana (Blumenbach, 1797)",Loxodonta africana,Loxodonta,Elephantidae,-2.782539,37.203007,31434.0,Kajiado,,,2012-04-30T04:01,2012.0,4.0,30.0,HUMAN_OBSERVATION,iNaturalist,iNaturalist research-grade observations
891086093,"Loxodonta africana (Blumenbach, 1797)",Loxodonta africana,Loxodonta,Elephantidae,-2.777001,37.258128,31434.0,Kajiado,,,2012-05-28,2012.0,5.0,28.0,HUMAN_OBSERVATION,iNaturalist,iNaturalist research-grade observations
2573951372,"Loxodonta africana (Blumenbach, 1797)",Loxodonta africana,Loxodonta,Elephantidae,-1.537158,35.247527,31446.0,Narok,,,2012-05-18T08:51,2012.0,5.0,18.0,HUMAN_OBSERVATION,iNaturalist,iNaturalist research-grade observations
4442538544,"Loxodonta africana (Blumenbach, 1797)",Loxodonta africana,Loxodonta,Elephantidae,-1.562163,35.325544,31446.0,Narok,,,2012-05-04T23:02,2012.0,5.0,4.0,HUMAN_OBSERVATION,iNaturalist,iNaturalist research-grade observations
4442566410,"Loxodonta africana (Blumenbach, 1797)",Loxodonta africana,Loxodonta,Elephantidae,-1.404966,35.11714,31446.0,Narok,,,2012-05-03T05:41,2012.0,5.0,3.0,HUMAN_OBSERVATION,iNaturalist,iNaturalist research-grade observations
4442709484,"Loxodonta africana (Blumenbach, 1797)",Loxodonta africana,Loxodonta,Elephantidae,-1.499108,35.001336,31446.0,Narok,,,2012-05-03T21:39,2012.0,5.0,3.0,HUMAN_OBSERVATION,iNaturalist,iNaturalist research-grade observations
4442740316,"Loxodonta africana (Blumenbach, 1797)",Loxodonta africana,Loxodonta,Elephantidae,-2.665869,37.293387,31434.0,Kajiado,,,2012-05-01T03:20,2012.0,5.0,1.0,HUMAN_OBSERVATION,iNaturalist,iNaturalist research-grade observations
6236123030,"Loxodonta africana (Blumenbach, 1797)",Loxodonta africana,Loxodonta,Elephantidae,0.389906,36.930827,31451.0,Laikipia,,,2012-05-06T11:47,2012.0,5.0,6.0,HUMAN_OBSERVATION,iNaturalist,iNaturalist research-grade observations
2005653647,"Loxodonta africana (Blumenbach, 1797)",Loxodonta africana,Loxodonta,Elephantidae,-3.375,39.875,12000.0,,,Arabuko-Sokoke forest,2012-06-03,2012.0,6.0,3.0,HUMAN_OBSERVATION,ADU-UCT,MammalMAP
1933573468,"Loxodonta africana (Blumenbach, 1797)",Loxodonta africana,Loxodonta,Elephantidae,-1.47459,35.036123,31446.0,Narok,,,2012-07-20T07:46,2012.0,7.0,20.0,HUMAN_OBSERVATION,iNaturalist,iNaturalist research-grade observations
3013999273,"Loxodonta africana (Blumenbach, 1797)",Loxodonta africana,Loxodonta,Elephantidae,0.567496,37.452318,31451.0,Isiolo,,,2012-07-23T10:33,2012.0,7.0,23.0,HUMAN_OBSERVATION,iNaturalist,iNaturalist research-grade observations
3014008212,"Loxodonta africana (Blumenbach, 1797)",Loxodonta africana,Loxodonta,Elephantidae,0.55274,37.517896,31451.0,Isiolo,,,2012-07-24T00:29,2012.0,7.0,24.0,HUMAN_OBSERVATION,iNaturalist,iNaturalist research-grade observations
3014095152,"Loxodonta africana (Blumenbach, 1797)",Loxodonta africana,Loxodonta,Elephantidae,-0.206404,36.995899,31451.0,Nyeri,,,2012-07-22T12:15,2012.0,7.0,22.0,HUMAN_OBSERVATION,iNaturalist,iNaturalist research-grade observations
3014099224,"Loxodonta africana (Blumenbach, 1797)",Loxodonta africana,Loxodonta,Elephantidae,0.576762,37.538472,31451.0,Isiolo,,,2012-07-24T17:19,2012.0,7.0,24.0,HUMAN_OBSERVATION,iNaturalist,iNaturalist research-grade observations
3014122352,"Loxodonta africana (Blumenbach, 1797)",Loxodonta africana,Loxodonta,Elephantidae,-1.423353,35.156609,31446.0,Narok,,,2012-07-26T16:54,2012.0,7.0,26.0,HUMAN_OBSERVATION,iNaturalist,iNaturalist research-grade observations
3039218943,"Loxodonta africana (Blumenbach, 1797)",Loxodonta africana,Loxodonta,Elephantidae,-1.401448,35.02296,72871.0,Narok,,,2012-07-28T15:19,2012.0,7.0,28.0,HUMAN_OBSERVATION,iNaturalist,iNaturalist research-grade observations
3802428299,"Loxodonta africana (Blumenbach, 1797)",Loxodonta africana,Loxodonta,Elephantidae,-1.368683,34.958356,31447.0,Narok,,,2012-07-14T22:14,2012.0,7.0,14.0,HUMAN_OBSERVATION,iNaturalist,iNaturalist research-grade observations
5017748460,"Loxodonta africana (Blumenbach, 1797)",Loxodonta africana,Loxodonta,Elephantidae,-2.977327,38.831177,250.0,,,TSAVO-OST-Nationalpark,2012-07-14T00:00,2012.0,7.0,14.0,HUMAN_OBSERVATION,NABU|naturgucker,
5018227862,"Loxodonta africana (Blumenbach, 1797)",Loxodonta africana,Loxodonta,Elephantidae,-1.582284,35.022362,250.0,,,UTM50_36M_0700_9800,2012-07-07T00:00,2012.0,7.0,7.0,HUMAN_OBSERVATION,NABU|naturgucker,
5018378850,"Loxodonta africana (Blumenbach, 1797)",Loxodonta africana,Loxodonta,Elephantidae,-1.582284,35.022362,250.0,,,UTM50_36M_0700_9800,2012-07-05T00:00,2012.0,7.0,5.0,HUMAN_OBSERVATION,NABU|naturgucker,
5021073995,"Loxodonta africana (Blumenbach, 1797)",Loxodonta africana,Loxodonta,Elephantidae,-2.977327,38.831177,250.0,,,TSAVO-OST-Nationalpark,2012-07-18T00:00,2012.0,7.0,18.0,HUMAN_OBSERVATION,NABU|naturgucker,
5021853905,"Loxodonta africana (Blumenbach, 1797)",Loxodonta africana,Loxodonta,Elephantidae,-1.369727,36.823425,250.0,,,"Nairobi National Park, Kenya",2012-07-21T00:00,2012.0,7.0,21.0,HUMAN_OBSERVATION,NABU|naturgucker,
5022737160,"Loxodonta africana (Blumenbach, 1797)",Loxodonta africana,Loxodonta,Elephantidae,-2.639218,37.199364,250.0,,,Amboseli Nationalpark,2012-07-11T00:00,2012.0,7.0,11.0,HUMAN_OBSERVATION,NABU|naturgucker,
5023872015,"Loxodonta africana (Blumenbach, 1797)",Loxodonta africana,Loxodonta,Elephantidae,-2.977327,38.831177,250.0,,,TSAVO-OST-Nationalpark,2012-07-19T00:00,2012.0,7.0,19.0,HUMAN_OBSERVATION,NABU|naturgucker,
5028201511,"Loxodonta africana (Blumenbach, 1797)",Loxodonta africana,Loxodonta,Elephantidae,-2.639218,37.199364,250.0,,,Amboseli Nationalpark,2012-07-12T00:00,2012.0,7.0,12.0,HUMAN_OBSERVATION,NABU|naturgucker,
5028519378,"Loxodonta africana (Blumenbach, 1797)",Loxodonta africana,Loxodonta,Elephantidae,-2.639218,37.199364,250.0,,,Amboseli Nationalpark,2012-07-13T00:00,2012.0,7.0,13.0,HUMAN_OBSERVATION,NABU|naturgucker,
5935615269,"Loxodonta africana (Blumenbach, 1797)",Loxodonta africana,Loxodonta,Elephantidae,-2.721746,37.357389,31434.0,Kajiado,,,2012-07-29T07:13,2012.0,7.0,29.0,HUMAN_OBSERVATION,iNaturalist,iNaturalist research-grade observations
5935925056,"Loxodonta africana (Blumenbach, 1797)",Loxodonta africana,Loxodonta,Elephantidae,-2.797952,37.31061,31434.0,Kajiado,,,2012-07-28T12:10,2012.0,7.0,28.0,HUMAN_OBSERVATION,iNaturalist,iNaturalist research-grade observations
2005653671,"Loxodonta africana (Blumenbach, 1797)",Loxodonta africana,Loxodonta,Elephantidae,-3.375,39.875,12000.0,,,Nature Reserve of Arabuko-Sokoke Forest - along the Mida track leading to view point,2012-08-04,2012.0,8.0,4.0,HUMAN_OBSERVATION,ADU-UCT,MammalMAP
4936846601,"Loxodonta africana (Blumenbach, 1797)",Loxodonta africana,Loxodonta,Elephantidae,-0.327279,36.979283,31451.0,Nyeri,,,2012-09-06T16:00,2012.0,9.0,6.0,HUMAN_OBSERVATION,iNaturalist,iNaturalist research-grade observations
4945842619,"Loxodonta africana (Blumenbach, 1797)",Loxodonta africana,Loxodonta,Elephantidae,-0.563631,36.689712,31451.0,Nyeri,,,2012-09-13T15:56,2012.0,9.0,13.0,HUMAN_OBSERVATION,iNaturalist,iNaturalist research-grade observations
1453249295,"Loxodonta africana (Blumenbach, 1797)",Loxodonta africana,Loxodonta,Elephantidae,-2.824539,38.595608,78130.0,Taita Taveta,,,2012-10-07T04:39,2012.0,10.0,7.0,HUMAN_OBSERVATION,iNaturalist,iNaturalist research-grade observations
1453429798,"Loxodonta africana (Blumenbach, 1797)",Loxodonta africana,Loxodonta,Elephantidae,-2.649105,37.243761,31434.0,Kajiado,,,2012-10-10T06:05,2012.0,10.0,10.0,HUMAN_OBSERVATION,iNaturalist,iNaturalist research-grade observations
1453430208,"Loxodonta africana (Blumenbach, 1797)",Loxodonta africana,Loxodonta,Elephantidae,-2.713968,37.330554,31434.0,Kajiado,,,2012-10-10T12:26,2012.0,10.0,10.0,HUMAN_OBSERVATION,iNaturalist,iNaturalist research-grade observations
1453430220,"Loxodonta africana (Blumenbach, 1797)",Loxodonta africana,Loxodonta,Elephantidae,-2.642232,37.205132,31434.0,Kajiado,,,2012-10-10T08:20,2012.0,10.0,10.0,HUMAN_OBSERVATION,iNaturalist,iNaturalist research-grade observations
1453430258,"Loxodonta africana (Blumenbach, 1797)",Loxodonta africana,Loxodonta,Elephantidae,-2.733752,37.344042,31434.0,Kajiado,,,2012-10-10T16:11,2012.0,10.0,10.0,HUMAN_OBSERVATION,iNaturalist,iNaturalist research-grade observations
4029212646,"Loxodonta africana (Blumenbach, 1797)",Loxodonta africana,Loxodonta,Elephantidae,-2.687781,37.298094,31434.0,Kajiado,,,2012-10-27T12:00,2012.0,10.0,27.0,HUMAN_OBSERVATION,iNaturalist,iNaturalist research-grade observations
4029216727,"Loxodonta africana (Blumenbach, 1797)",Loxodonta africana,Loxodonta,Elephantidae,-2.75174,37.310986,31434.0,Kajiado,,,2012-10-28T05:57,2012.0,10.0,28.0,HUMAN_OBSERVATION,iNaturalist,iNaturalist research-grade observations
4908614675,"Loxodonta africana (Blumenbach, 1797)",Loxodonta africana,Loxodonta,Elephantidae,-3.532923,38.342047,31422.0,Taita Taveta,,,2012-10-16T06:49,2012.0,10.0,16.0,HUMAN_OBSERVATION,iNaturalist,iNaturalist research-grade observations
1948758491,"Loxodonta africana (Blumenbach, 1797)",Loxodonta africana,Loxodonta,Elephantidae,-3.331607,38.998941,31425.0,Taita Taveta,,,2012-11-13T13:44,2012.0,11.0,13.0,HUMAN_OBSERVATION,iNaturalist,iNaturalist research-grade observations
2005653468,"Loxodonta africana (Blumenbach, 1797)",Loxodonta africana,Loxodonta,Elephantidae,-3.125,38.125,12000.0,,,Ngulia Safari Lodge in Tsavo West National Park,2012-11-22,2012.0,11.0,22.0,HUMAN_OBSERVATION,ADU-UCT,MammalMAP
4015148403,"Loxodonta africana (Blumenbach, 1797)",Loxodonta africana,Loxodonta,Elephantidae,-1.340535,35.065039,31447.0,Narok,,,2012-11-25T08:27,2012.0,11.0,25.0,HUMAN_OBSERVATION,iNaturalist,iNaturalist research-grade observations
4015278459,"Loxodonta africana (Blumenbach, 1797)",Loxodonta africana,Loxodonta,Elephantidae,-1.207618,35.069567,31447.0,Narok,,,2012-11-25T08:17,2012.0,11.0,25.0,HUMAN_OBSERVATION,iNaturalist,iNaturalist research-grade observations
6498899394,"Loxodonta africana (Blumenbach, 1797)",Loxodonta africana,Loxodonta,Elephantidae,-1.309223,35.07384,31447.0,Narok,,,2012-11-06,2012.0,11.0,6.0,HUMAN_OBSERVATION,iNaturalist,iNaturalist research-grade observations
2005653651,"Loxodonta africana (Blumenbach, 1797)",Loxodonta africana,Loxodonta,Elephantidae,0.625,37.625,12000.0,,,Samburu National Reserve,2012-12-01,2012.0,12.0,1.0,HUMAN_OBSERVATION,ADU-UCT,MammalMAP
3017972254,"Loxodonta africana (Blumenbach, 1797)",Loxodonta africana,Loxodonta,Elephantidae,0.264713,37.412965,31451.0,Meru,,,2012-12-12T14:13:37Z,2012.0,12.0,12.0,HUMAN_OBSERVATION,iNaturalist,iNaturalist research-grade observations
3031592295,"Loxodonta africana (Blumenbach, 1797)",Loxodonta africana,Loxodonta,Elephantidae,-2.411893,37.680876,31436.0,Kajiado,,,2012-12-18T15:48:52Z,2012.0,12.0,18.0,HUMAN_OBSERVATION,iNaturalist,iNaturalist research-grade observations
4855418483,"Loxodonta africana (Blumenbach, 1797)",Loxodonta africana,Loxodonta,Elephantidae,-2.874476,38.783999,31431.0,Kitui,,,2012-12-16T17:29,2012.0,12.0,16.0,HUMAN_OBSERVATION,iNaturalist,iNaturalist research-grade observations
4936351056,"Loxodonta africana (Blumenbach, 1797)",Loxodonta africana,Loxodonta,Elephantidae,-3.017819,38.253922,31428.0,Taita Taveta,,,2012-12-17T07:20,2012.0,12.0,17.0,HUMAN_OBSERVATION,iNaturalist,iNaturalist research-grade observations
4936519922,"Loxodonta africana (Blumenbach, 1797)",Loxodonta africana,Loxodonta,Elephantidae,-3.084079,38.335981,31428.0,Taita Taveta,,,2012-12-06T07:54,2012.0,12.0,6.0,HUMAN_OBSERVATION,iNaturalist,iNaturalist research-grade observations
4936519930,"Loxodonta africana (Blumenbach, 1797)",Loxodonta africana,Loxodonta,Elephantidae,-3.156853,38.214549,31428.0,Taita Taveta,,,2012-12-10T15:07,2012.0,12.0,10.0,HUMAN_OBSERVATION,iNaturalist,iNaturalist research-grade observations
3440901895,"Loxodonta africana (Blumenbach, 1797)",Loxodonta africana,Loxodonta,Elephantidae,-2.870336,38.18573,50000.0,,,,2011-01-13T11:15/2011-01-13T21:00,2011.0,1.0,13.0,HUMAN_OBSERVATION,,Hatikka.fi observations
3440918898,"Loxodonta africana (Blumenbach, 1797)",Loxodonta africana,Loxodonta,Elephantidae,-3.342064,38.609734,10000.0,,,,2011-01-15T06:30/2011-01-15T11:00,2011.0,1.0,15.0,HUMAN_OBSERVATION,,Hatikka.fi observations
3440920934,"Loxodonta africana (Blumenbach, 1797)",Loxodonta africana,Loxodonta,Elephantidae,-3.342064,38.609734,10000.0,,,,2011-01-14T11:30/2011-01-14T21:00,2011.0,1.0,14.0,HUMAN_OBSERVATION,,Hatikka.fi observations
3961095213,"Loxodonta africana (Blumenbach, 1797)",Loxodonta africana,Loxodonta,Elephantidae,0.228615,36.813992,69167.0,Laikipia,,,2011-01-05T15:36,2011.0,1.0,5.0,HUMAN_OBSERVATION,iNaturalist,iNaturalist research-grade observations
3961271204,"Loxodonta africana (Blumenbach, 1797)",Loxodonta africana,Loxodonta,Elephantidae,0.218984,36.905655,31791.0,Laikipia,,,2011-01-17T06:19,2011.0,1.0,17.0,HUMAN_OBSERVATION,iNaturalist,iNaturalist research-grade observations
6498221439,"Loxodonta africana (Blumenbach, 1797)",Loxodonta africana,Loxodonta,Elephantidae,0.478811,37.432774,31451.0,Isiolo,,,2011-01-22T10:00,2011.0,1.0,22.0,HUMAN_OBSERVATION,iNaturalist,iNaturalist research-grade observations
2573873158,"Loxodonta africana (Blumenbach, 1797)",Loxodonta africana,Loxodonta,Elephantidae,-1.282496,35.02908,31447.0,Narok,,,2011-02-28T14:18,2011.0,2.0,28.0,HUMAN_OBSERVATION,iNaturalist,iNaturalist research-grade observations
2574035168,"Loxodonta africana (Blumenbach, 1797)",Loxodonta africana,Loxodonta,Elephantidae,-1.397257,35.149693,31447.0,Narok,,,2011-02-28T20:09,2011.0,2.0,28.0,HUMAN_OBSERVATION,iNaturalist,iNaturalist research-grade observations
4949866999,"Loxodonta africana (Blumenbach, 1797)",Loxodonta africana,Loxodonta,Elephantidae,-2.687008,37.230063,31434.0,Kajiado,,,2011-02-17T09:48:46,2011.0,2.0,17.0,HUMAN_OBSERVATION,iNaturalist,iNaturalist research-grade observations
5007538065,"Loxodonta africana (Blumenbach, 1797)",Loxodonta africana,Loxodonta,Elephantidae,-1.455006,35.065919,31446.0,Narok,,,2011-02-07T11:18,2011.0,2.0,7.0,HUMAN_OBSERVATION,iNaturalist,iNaturalist research-grade observations
3859514898,"Loxodonta africana (Blumenbach, 1797)",Loxodonta africana,Loxodonta,Elephantidae,-1.405931,35.249144,31446.0,Narok,,,2011-03-02T06:50,2011.0,3.0,2.0,HUMAN_OBSERVATION,iNaturalist,iNaturalist research-grade observations
4981931954,"Loxodonta africana (Blumenbach, 1797)",Loxodonta africana,Loxodonta,Elephantidae,-2.606328,37.306774,31434.0,Kajiado,,,2011-05-25T10:06,2011.0,5.0,25.0,HUMAN_OBSERVATION,iNaturalist,iNaturalist research-grade observations
4981977475,"Loxodonta africana (Blumenbach, 1797)",Loxodonta africana,Loxodonta,Elephantidae,-2.681228,37.204704,31434.0,Kajiado,,,2011-05-25T08:49,2011.0,5.0,25.0,HUMAN_OBSERVATION,iNaturalist,iNaturalist research-grade observations
4982134442,"Loxodonta africana (Blumenbach, 1797)",Loxodonta africana,Loxodonta,Elephantidae,0.567527,37.778618,31451.0,Isiolo,,,2011-05-28T13:10,2011.0,5.0,28.0,HUMAN_OBSERVATION,iNaturalist,iNaturalist research-grade observations
4982314329,"Loxodonta africana (Blumenbach, 1797)",Loxodonta africana,Loxodonta,Elephantidae,0.453562,37.741295,31451.0,Isiolo,,,2011-05-28T10:13,2011.0,5.0,28.0,HUMAN_OBSERVATION,iNaturalist,iNaturalist research-grade observations
4987734360,"Loxodonta africana (Blumenbach, 1797)",Loxodonta africana,Loxodonta,Elephantidae,-2.93247,37.664782,31431.0,Kajiado,,,2011-05-04T01:49,2011.0,5.0,4.0,HUMAN_OBSERVATION,iNaturalist,iNaturalist research-grade observations
6130449574,"Loxodonta africana (Blumenbach, 1797)",Loxodonta africana,Loxodonta,Elephantidae,-3.341478,38.789657,31425.0,Taita Taveta,,,2011-05-08T11:50,2011.0,5.0,8.0,HUMAN_OBSERVATION,iNaturalist,iNaturalist research-grade observations
5024077340,"Loxodonta africana (Blumenbach, 1797)",Loxodonta africana,Loxodonta,Elephantidae,-2.639218,37.199364,250.0,,,Amboseli Nationalpark,2011-06-30T00:00,2011.0,6.0,30.0,HUMAN_OBSERVATION,NABU|naturgucker,
6400187757,"Loxodonta africana (Blumenbach, 1797)",Loxodonta africana,Loxodonta,Elephantidae,-1.433874,35.372918,31446.0,Narok,,,2011-06-27T12:23,2011.0,6.0,27.0,HUMAN_OBSERVATION,iNaturalist,iNaturalist research-grade observations
6400326660,"Loxodonta africana (Blumenbach, 1797)",Loxodonta africana,Loxodonta,Elephantidae,-1.486226,35.142971,31446.0,Narok,,,2011-06-28T06:07,2011.0,6.0,28.0,HUMAN_OBSERVATION,iNaturalist,iNaturalist research-grade observations
2005653359,"Loxodonta africana (Blumenbach, 1797)",Loxodonta africana,Loxodonta,Elephantidae,-3.375,38.125,12000.0,,,by main Voi-Taveta road at Lumo Conservancy,2011-07-29,2011.0,7.0,29.0,HUMAN_OBSERVATION,ADU-UCT,MammalMAP
2005653404,"Loxodonta africana (Blumenbach, 1797)",Loxodonta africana,Loxodonta,Elephantidae,-3.625,38.125,12000.0,,,Lumo Conservancy,2011-07-30,2011.0,7.0,30.0,HUMAN_OBSERVATION,ADU-UCT,MammalMAP
2005653443,"Loxodonta africana (Blumenbach, 1797)",Loxodonta africana,Loxodonta,Elephantidae,-3.375,38.625,12000.0,,,Ngutuni Safari Lodge,2011-07-31,2011.0,7.0,31.0,HUMAN_OBSERVATION,ADU-UCT,MammalMAP
2641530747,"Loxodonta africana (Blumenbach, 1797)",Loxodonta africana,Loxodonta,Elephantidae,-1.417329,35.114607,31446.0,Narok,,,2011-07-14T11:00:30,2011.0,7.0,14.0,HUMAN_OBSERVATION,iNaturalist,iNaturalist research-grade observations
2641539857,"Loxodonta africana (Blumenbach, 1797)",Loxodonta africana,Loxodonta,Elephantidae,-1.589603,35.111977,31446.0,Narok,,,2011-07-14T08:22:49,2011.0,7.0,14.0,HUMAN_OBSERVATION,iNaturalist,iNaturalist research-grade observations
2802565029,"Loxodonta africana (Blumenbach, 1797)",Loxodonta africana,Loxodonta,Elephantidae,-1.566398,35.102344,31446.0,Narok,,,2011-07-14T06:02:51,2011.0,7.0,14.0,HUMAN_OBSERVATION,iNaturalist,iNaturalist research-grade observations
2826447223,"Loxodonta africana (Blumenbach, 1797)",Loxodonta africana,Loxodonta,Elephantidae,-0.444019,36.738332,31451.0,Nyeri,,,2011-07-16T20:01,2011.0,7.0,16.0,HUMAN_OBSERVATION,iNaturalist,iNaturalist research-grade observations
2826457230,"Loxodonta africana (Blumenbach, 1797)",Loxodonta africana,Loxodonta,Elephantidae,-1.46561,35.159804,31446.0,Narok,,,2011-07-14T18:32,2011.0,7.0,14.0,HUMAN_OBSERVATION,iNaturalist,iNaturalist research-grade observations
3113388682,"Loxodonta africana (Blumenbach, 1797)",Loxodonta africana,Loxodonta,Elephantidae,-1.557365,35.02737,31446.0,Narok,,,2011-07-14T08:21:50,2011.0,7.0,14.0,HUMAN_OBSERVATION,iNaturalist,iNaturalist research-grade observations
3113468701,"Loxodonta africana (Blumenbach, 1797)",Loxodonta africana,Loxodonta,Elephantidae,-1.503775,35.086333,31446.0,Narok,,,2011-07-14T08:21:44,2011.0,7.0,14.0,HUMAN_OBSERVATION,iNaturalist,iNaturalist research-grade observations
5013844882,"Loxodonta africana (Blumenbach, 1797)",Loxodonta africana,Loxodonta,Elephantidae,-3.015989,38.21067,250.0,,,"NGULIA-BERGE und Gebiet um die Ngulia-Safari-Lodge, Tsavo-West-NP",2011-07-30T00:00,2011.0,7.0,30.0,HUMAN_OBSERVATION,NABU|naturgucker,
5015229451,"Loxodonta africana (Blumenbach, 1797)",Loxodonta africana,Loxodonta,Elephantidae,-2.639218,37.199364,250.0,,,Amboseli Nationalpark,2011-07-29T00:00,2011.0,7.0,29.0,HUMAN_OBSERVATION,NABU|naturgucker,
5020284161,"Loxodonta africana (Blumenbach, 1797)",Loxodonta africana,Loxodonta,Elephantidae,-3.225529,37.987289,250.0,,,TSAVO-WEST-Nationalpark,2011-07-30T00:00,2011.0,7.0,30.0,HUMAN_OBSERVATION,NABU|naturgucker,
5021213128,"Loxodonta africana (Blumenbach, 1797)",Loxodonta africana,Loxodonta,Elephantidae,-2.639218,37.199364,250.0,,,Amboseli Nationalpark,2011-07-30T00:00,2011.0,7.0,30.0,HUMAN_OBSERVATION,NABU|naturgucker,
5025034498,"Loxodonta africana (Blumenbach, 1797)",Loxodonta africana,Loxodonta,Elephantidae,-2.977327,38.831177,250.0,,,TSAVO-OST-Nationalpark,2011-07-28T00:00,2011.0,7.0,28.0,HUMAN_OBSERVATION,NABU|naturgucker,
6399848520,"Loxodonta africana (Blumenbach, 1797)",Loxodonta africana,Loxodonta,Elephantidae,-2.965572,38.26611,31431.0,Taita Taveta,,,2011-07-14T08:44,2011.0,7.0,14.0,HUMAN_OBSERVATION,iNaturalist,iNaturalist research-grade observations
891065074,"Loxodonta africana (Blumenbach, 1797)",Loxodonta africana,Loxodonta,Elephantidae,0.237084,36.914847,31451.0,Laikipia,,,2011-08-31T19:29,2011.0,8.0,31.0,HUMAN_OBSERVATION,iNaturalist,iNaturalist research-grade observations
3090555680,"Loxodonta africana (Blumenbach, 1797)",Loxodonta africana,Loxodonta,Elephantidae,-1.42847,35.073726,31446.0,Narok,,,2011-08-19T16:19,2011.0,8.0,19.0,HUMAN_OBSERVATION,iNaturalist,iNaturalist research-grade observations
3090789657,"Loxodonta africana (Blumenbach, 1797)",Loxodonta africana,Loxodonta,Elephantidae,-1.452147,35.042523,31446.0,Narok,,,2011-08-19T11:54,2011.0,8.0,19.0,HUMAN_OBSERVATION,iNaturalist,iNaturalist research-grade observations
3902422290,"Loxodonta africana (Blumenbach, 1797)",Loxodonta africana,Loxodonta,Elephantidae,-1.253679,35.958029,77868.0,Narok,,,2011-08-05,2011.0,8.0,5.0,HUMAN_OBSERVATION,iNaturalist,iNaturalist research-grade observations
5014223771,"Loxodonta africana (Blumenbach, 1797)",Loxodonta africana,Loxodonta,Elephantidae,-4.252948,39.405899,250.0,,,SHIMBA HILLS NATIONAL RESERVE,2011-08-09T00:00,2011.0,8.0,9.0,HUMAN_OBSERVATION,NABU|naturgucker,
5019552633,"Loxodonta africana (Blumenbach, 1797)",Loxodonta africana,Loxodonta,Elephantidae,-4.285016,39.430843,250.0,,,"SHELDRICK FALLS und Umgebung, im Shimba Hills National Reserve",2011-08-09T00:00,2011.0,8.0,9.0,HUMAN_OBSERVATION,NABU|naturgucker,
5830661273,"Loxodonta africana (Blumenbach, 1797)",Loxodonta africana,Loxodonta,Elephantidae,-1.567838,35.086918,31446.0,Narok,,,2011-08-16T19:57,2011.0,8.0,16.0,HUMAN_OBSERVATION,iNaturalist,iNaturalist research-grade observations
891065183,"Loxodonta africana (Blumenbach, 1797)",Loxodonta africana,Loxodonta,Elephantidae,0.472268,37.491839,31451.0,Samburu,,,2011-09-03T17:17,2011.0,9.0,3.0,HUMAN_OBSERVATION,iNaturalist,iNaturalist research-grade observations
891065352,"Loxodonta africana (Blumenbach, 1797)",Loxodonta africana,Loxodonta,Elephantidae,1.132324,37.740909,31448.0,Samburu,,,2011-09-06T07:37,2011.0,9.0,6.0,HUMAN_OBSERVATION,iNaturalist,iNaturalist research-grade observations
4937003059,"Loxodonta africana (Blumenbach, 1797)",Loxodonta africana,Loxodonta,Elephantidae,-0.218397,36.6183,250000.0,Nyandarua,,,2011-09-20T16:20,2011.0,9.0,20.0,HUMAN_OBSERVATION,iNaturalist,iNaturalist research-grade observations
5892683441,"Loxodonta africana (Blumenbach, 1797)",Loxodonta africana,Loxodonta,Elephantidae,-1.29742,35.016175,31447.0,Narok,,,2011-09-08T09:05,2011.0,9.0,8.0,HUMAN_OBSERVATION,iNaturalist,iNaturalist research-grade observations
6518364491,"Loxodonta africana (Blumenbach, 1797)",Loxodonta africana,Loxodonta,Elephantidae,-2.621396,37.615295,31434.0,Kajiado,,,2011-09-11T01:11,2011.0,9.0,11.0,HUMAN_OBSERVATION,iNaturalist,iNaturalist research-grade observations
6519849606,"Loxodonta africana (Blumenbach, 1797)",Loxodonta africana,Loxodonta,Elephantidae,-2.743599,37.208292,31434.0,Kajiado,,,2011-09-13T07:59,2011.0,9.0,13.0,HUMAN_OBSERVATION,iNaturalist,iNaturalist research-grade observations
4127015269,"Loxodonta africana (Blumenbach, 1797)",Loxodonta africana,Loxodonta,Elephantidae,-1.411227,35.171669,36125.0,Narok,,,2011-10-02T11:13,2011.0,10.0,2.0,HUMAN_OBSERVATION,iNaturalist,iNaturalist research-grade observations
5064025155,"Loxodonta africana (Blumenbach, 1797)",Loxodonta africana,Loxodonta,Elephantidae,-1.596785,35.065047,31446.0,Narok,,,2011-10-21T12:30,2011.0,10.0,21.0,HUMAN_OBSERVATION,iNaturalist,iNaturalist research-grade observations
2862357565,"Loxodonta africana (Blumenbach, 1797)",Loxodonta africana,Loxodonta,Elephantidae,-1.379487,34.988352,31447.0,Narok,,,2011-12-20,2011.0,12.0,20.0,HUMAN_OBSERVATION,iNaturalist,iNaturalist research-grade observations
3455679804,"Loxodonta africana (Blumenbach, 1797)",Loxodonta africana,Loxodonta,Elephantidae,-1.950536,40.02072,31442.0,Tana River,,,2011-12-28T17:10Z,2011.0,12.0,28.0,HUMAN_OBSERVATION,iNaturalist,iNaturalist research-grade observations
5014969224,"Loxodonta africana (Blumenbach, 1797)",Loxodonta africana,Loxodonta,Elephantidae,-1.227628,35.027161,250.0,,,"Mara-Siria-Camp, Masai Mara",2010-02-25T00:00,2010.0,2.0,25.0,HUMAN_OBSERVATION,NABU|naturgucker,
5019664894,"Loxodonta africana (Blumenbach, 1797)",Loxodonta africana,Loxodonta,Elephantidae,-1.227628,35.027161,250.0,,,"Mara-Siria-Camp, Masai Mara",2010-02-27T00:00,2010.0,2.0,27.0,HUMAN_OBSERVATION,NABU|naturgucker,
5016370937,"Loxodonta africana (Blumenbach, 1797)",Loxodonta africana,Loxodonta,Elephantidae,-1.227628,35.027161,250.0,,,"Mara-Siria-Camp, Masai Mara",2010-03-01T00:00,2010.0,3.0,1.0,HUMAN_OBSERVATION,NABU|naturgucker,
5019748969,"Loxodonta africana (Blumenbach, 1797)",Loxodonta africana,Loxodonta,Elephantidae,-1.227628,35.027161,250.0,,,"Mara-Siria-Camp, Masai Mara",2010-03-03T00:00,2010.0,3.0,3.0,HUMAN_OBSERVATION,NABU|naturgucker,
5028054264,"Loxodonta africana (Blumenbach, 1797)",Loxodonta africana,Loxodonta,Elephantidae,-1.227628,35.027161,250.0,,,"Mara-Siria-Camp, Masai Mara",2010-03-02T00:00,2010.0,3.0,2.0,HUMAN_OBSERVATION,NABU|naturgucker,
1262380875,"Loxodonta africana (Blumenbach, 1797)",Loxodonta africana,Loxodonta,Elephantidae,0.110275,36.850845,31451.0,Laikipia,,,2010-04-29T18:28:55,2010.0,4.0,29.0,HUMAN_OBSERVATION,iNaturalist,iNaturalist research-grade observations
1262380903,"Loxodonta africana (Blumenbach, 1797)",Loxodonta africana,Loxodonta,Elephantidae,0.233199,36.899654,31451.0,Laikipia,,,2010-04-06T07:30:42,2010.0,4.0,6.0,HUMAN_OBSERVATION,iNaturalist,iNaturalist research-grade observations
1262380953,"Loxodonta africana (Blumenbach, 1797)",Loxodonta africana,Loxodonta,Elephantidae,0.136123,36.839747,31451.0,Laikipia,,,2010-04-24T02:35:04,2010.0,4.0,24.0,HUMAN_OBSERVATION,iNaturalist,iNaturalist research-grade observations
1262380974,"Loxodonta africana (Blumenbach, 1797)",Loxodonta africana,Loxodonta,Elephantidae,0.028273,36.814979,31451.0,Laikipia,,,2010-05-31T18:28:25,2010.0,5.0,31.0,HUMAN_OBSERVATION,iNaturalist,iNaturalist research-grade observations
1580504399,"Loxodonta africana (Blumenbach, 1797)",Loxodonta africana,Loxodonta,Elephantidae,-2.616259,37.313473,31434.0,Kajiado,,,2010-05-03T11:59,2010.0,5.0,3.0,HUMAN_OBSERVATION,iNaturalist,iNaturalist research-grade observations
1580507102,"Loxodonta africana (Blumenbach, 1797)",Loxodonta africana,Loxodonta,Elephantidae,0.034281,36.976886,31451.0,Laikipia,,,2010-05-06T08:17,2010.0,5.0,6.0,HUMAN_OBSERVATION,iNaturalist,iNaturalist research-grade observations
2626184675,"Loxodonta africana (Blumenbach, 1797)",Loxodonta africana,Loxodonta,Elephantidae,-1.376495,35.700703,31447.0,Narok,,,2010-05-17T14:11,2010.0,5.0,17.0,HUMAN_OBSERVATION,iNaturalist,iNaturalist research-grade observations
5063157501,"Loxodonta africana (Blumenbach, 1797)",Loxodonta africana,Loxodonta,Elephantidae,-2.944742,38.710726,31431.0,Kitui,,,2010-05-29,2010.0,5.0,29.0,HUMAN_OBSERVATION,iNaturalist,iNaturalist research-grade observations
5063186927,"Loxodonta africana (Blumenbach, 1797)",Loxodonta africana,Loxodonta,Elephantidae,-2.811977,38.657371,31431.0,Kitui,,,2010-05-29,2010.0,5.0,29.0,HUMAN_OBSERVATION,iNaturalist,iNaturalist research-grade observations
5063189752,"Loxodonta africana (Blumenbach, 1797)",Loxodonta africana,Loxodonta,Elephantidae,-2.860226,38.716855,31431.0,Kitui,,,2010-05-29,2010.0,5.0,29.0,HUMAN_OBSERVATION,iNaturalist,iNaturalist research-grade observations
1262380930,"Loxodonta africana (Blumenbach, 1797)",Loxodonta africana,Loxodonta,Elephantidae,0.09513,36.893829,31451.0,Laikipia,,,2010-06-22T16:45:59,2010.0,6.0,22.0,HUMAN_OBSERVATION,iNaturalist,iNaturalist research-grade observations
1262380985,"Loxodonta africana (Blumenbach, 1797)",Loxodonta africana,Loxodonta,Elephantidae,0.050557,36.992522,31451.0,Laikipia,,,2010-06-29T17:30:22,2010.0,6.0,29.0,HUMAN_OBSERVATION,iNaturalist,iNaturalist research-grade observations
4921525285,"Loxodonta africana (Blumenbach, 1797)",Loxodonta africana,Loxodonta,Elephantidae,0.329969,37.562459,31451.0,Meru,,,2010-06-13T08:29,2010.0,6.0,13.0,HUMAN_OBSERVATION,iNaturalist,iNaturalist research-grade observations
4921755077,"Loxodonta africana (Blumenbach, 1797)",Loxodonta africana,Loxodonta,Elephantidae,0.219799,37.465364,31451.0,Meru,,,2010-06-07T08:39,2010.0,6.0,7.0,HUMAN_OBSERVATION,iNaturalist,iNaturalist research-grade observations
4921868221,"Loxodonta africana (Blumenbach, 1797)",Loxodonta africana,Loxodonta,Elephantidae,0.269192,37.476895,31451.0,Meru,,,2010-06-13T08:25,2010.0,6.0,13.0,HUMAN_OBSERVATION,iNaturalist,iNaturalist research-grade observations
4510278384,"Loxodonta africana (Blumenbach, 1797)",Loxodonta africana,Loxodonta,Elephantidae,-1.378894,35.219169,57329.0,Narok,,,2010-07-27T12:25,2010.0,7.0,27.0,HUMAN_OBSERVATION,iNaturalist,iNaturalist research-grade observations
5063761070,"Loxodonta africana (Blumenbach, 1797)",Loxodonta africana,Loxodonta,Elephantidae,-1.567658,35.11829,31446.0,Narok,,,2010-07-19,2010.0,7.0,19.0,HUMAN_OBSERVATION,iNaturalist,iNaturalist research-grade observations
3014062675,"Loxodonta africana (Blumenbach, 1797)",Loxodonta africana,Loxodonta,Elephantidae,-1.019686,35.284675,90963.0,Narok,,,2010-08-03T12:25,2010.0,8.0,3.0,HUMAN_OBSERVATION,iNaturalist,iNaturalist research-grade observations
5063794678,"Loxodonta africana (Blumenbach, 1797)",Loxodonta africana,Loxodonta,Elephantidae,-3.237817,38.956885,31425.0,Taita Taveta,,,2010-08-20,2010.0,8.0,20.0,HUMAN_OBSERVATION,iNaturalist,iNaturalist research-grade observations
5063820954,"Loxodonta africana (Blumenbach, 1797)",Loxodonta africana,Loxodonta,Elephantidae,-3.3675,38.837133,31425.0,Taita Taveta,,,2010-08-21,2010.0,8.0,21.0,HUMAN_OBSERVATION,iNaturalist,iNaturalist research-grade observations
5076858722,"Loxodonta africana (Blumenbach, 1797)",Loxodonta africana,Loxodonta,Elephantidae,-4.20068,39.521053,31407.0,Kwale,,,2010-08-23,2010.0,8.0,23.0,HUMAN_OBSERVATION,iNaturalist,iNaturalist research-grade observations
1453194217,"Loxodonta africana (Blumenbach, 1797)",Loxodonta africana,Loxodonta,Elephantidae,0.730626,37.50192,31450.0,Samburu,,,2010-09-17T08:36,2010.0,9.0,17.0,HUMAN_OBSERVATION,iNaturalist,iNaturalist research-grade observations
1453438698,"Loxodonta africana (Blumenbach, 1797)",Loxodonta africana,Loxodonta,Elephantidae,0.485341,37.594349,31451.0,Samburu,,,2010-09-17T07:03,2010.0,9.0,17.0,HUMAN_OBSERVATION,iNaturalist,iNaturalist research-grade observations
3090876445,"Loxodonta africana (Blumenbach, 1797)",Loxodonta africana,Loxodonta,Elephantidae,-1.361597,34.891771,31447.0,Narok,,,2010-09-05T17:29,2010.0,9.0,5.0,HUMAN_OBSERVATION,iNaturalist,iNaturalist research-grade observations
3385065134,"Loxodonta africana (Blumenbach, 1797)",Loxodonta africana,Loxodonta,Elephantidae,-1.362802,34.909511,31447.0,Narok,,,2010-09-25T14:05Z,2010.0,9.0,25.0,HUMAN_OBSERVATION,iNaturalist,iNaturalist research-grade observations
4855114246,"Loxodonta africana (Blumenbach, 1797)",Loxodonta africana,Loxodonta,Elephantidae,-1.56505,35.122679,31446.0,Narok,,,2010-09-12,2010.0,9.0,12.0,HUMAN_OBSERVATION,iNaturalist,iNaturalist research-grade observations
3902573259,"Loxodonta africana (Blumenbach, 1797)",Loxodonta africana,Loxodonta,Elephantidae,-1.475425,35.289332,31446.0,Narok,,,2010-10-19T16:06,2010.0,10.0,19.0,HUMAN_OBSERVATION,iNaturalist,iNaturalist research-grade observations
3902613470,"Loxodonta africana (Blumenbach, 1797)",Loxodonta africana,Loxodonta,Elephantidae,-3.578913,38.751118,31422.0,Taita Taveta,,,2010-10-27T11:56,2010.0,10.0,27.0,HUMAN_OBSERVATION,iNaturalist,iNaturalist research-grade observations
4137654456,"Loxodonta africana (Blumenbach, 1797)",Loxodonta africana,Loxodonta,Elephantidae,0.685413,37.513386,31450.0,Samburu,,,2010-11-27T11:14,2010.0,11.0,27.0,HUMAN_OBSERVATION,iNaturalist,iNaturalist research-grade observations
4137745516,"Loxodonta africana (Blumenbach, 1797)",Loxodonta africana,Loxodonta,Elephantidae,0.603252,37.42426,31450.0,Samburu,,,2010-11-28T09:48,2010.0,11.0,28.0,HUMAN_OBSERVATION,iNaturalist,iNaturalist research-grade observations
4137802527,"Loxodonta africana (Blumenbach, 1797)",Loxodonta africana,Loxodonta,Elephantidae,-0.379053,37.09279,31451.0,Nyeri,,,2010-11-26T18:02,2010.0,11.0,26.0,HUMAN_OBSERVATION,iNaturalist,iNaturalist research-grade observations
2005653413,"Loxodonta africana (Blumenbach, 1797)",Loxodonta africana,Loxodonta,Elephantidae,0.125,37.375,12000.0,other,,Lewa Downs Conservancy,2010-12-27,2010.0,12.0,27.0,HUMAN_OBSERVATION,ADU-UCT,MammalMAP
2444967994,"Loxodonta africana (Blumenbach, 1797)",Loxodonta africana,Loxodonta,Elephantidae,-3.197065,38.639679,31428.0,Taita Taveta,,,2010-12-18T13:12,2010.0,12.0,18.0,HUMAN_OBSERVATION,iNaturalist,iNaturalist research-grade observations
2445031661,"Loxodonta africana (Blumenbach, 1797)",Loxodonta africana,Loxodonta,Elephantidae,-3.039471,38.683839,31428.0,Taita Taveta,,,2010-12-18T15:16,2010.0,12.0,18.0,HUMAN_OBSERVATION,iNaturalist,iNaturalist research-grade observations
2445032334,"Loxodonta africana (Blumenbach, 1797)",Loxodonta africana,Loxodonta,Elephantidae,-2.644042,37.289568,31434.0,Kajiado,,,2010-12-16T16:57,2010.0,12.0,16.0,HUMAN_OBSERVATION,iNaturalist,iNaturalist research-grade observations
2445164736,"Loxodonta africana (Blumenbach, 1797)",Loxodonta africana,Loxodonta,Elephantidae,-2.622567,37.395485,31434.0,Kajiado,,,2010-12-17T14:16,2010.0,12.0,17.0,HUMAN_OBSERVATION,iNaturalist,iNaturalist research-grade observations
4137605602,"Loxodonta africana (Blumenbach, 1797)",Loxodonta africana,Loxodonta,Elephantidae,-1.703301,35.357941,31444.0,Narok,,,2010-12-03T16:18,2010.0,12.0,3.0,HUMAN_OBSERVATION,iNaturalist,iNaturalist research-grade observations
4138086548,"Loxodonta africana (Blumenbach, 1797)",Loxodonta africana,Loxodonta,Elephantidae,-1.68437,35.37161,31444.0,Narok,,,2010-12-04T15:25,2010.0,12.0,4.0,HUMAN_OBSERVATION,iNaturalist,iNaturalist research-grade observations
4436165906,"Loxodonta africana (Blumenbach, 1797)",Loxodonta africana,Loxodonta,Elephantidae,-1.354371,35.084601,31447.0,Narok,,,2010-12-06T14:22,2010.0,12.0,6.0,HUMAN_OBSERVATION,iNaturalist,iNaturalist research-grade observations
5028620117,"Loxodonta africana (Blumenbach, 1797)",Loxodonta africana,Loxodonta,Elephantidae,0.57128,37.608948,250.0,,,"Samburu, Kenya",2010-12-05T00:00,2010.0,12.0,5.0,HUMAN_OBSERVATION,NABU|naturgucker,
6171286801,"Loxodonta africana (Blumenbach, 1797)",Loxodonta africana,Loxodonta,Elephantidae,-2.950893,38.641233,31431.0,Kitui,,,2010-12-31T10:59,2010.0,12.0,31.0,HUMAN_OBSERVATION,iNaturalist,iNaturalist research-grade observations
4855559586,"Loxodonta africana (Blumenbach, 1797)",Loxodonta africana,Loxodonta,Elephantidae,-2.922616,37.864884,31431.0,Taita Taveta,,,2009-01-20T14:19,2009.0,1.0,20.0,HUMAN_OBSERVATION,iNaturalist,iNaturalist research-grade observations
3031981747,"Loxodonta africana (Blumenbach, 1797)",Loxodonta africana,Loxodonta,Elephantidae,0.508524,37.415501,31451.0,Isiolo,,,2009-02-19T14:43,2009.0,2.0,19.0,HUMAN_OBSERVATION,iNaturalist,iNaturalist research-grade observations
1453240256,"Loxodonta africana (Blumenbach, 1797)",Loxodonta africana,Loxodonta,Elephantidae,0.425259,36.385404,31451.0,Laikipia,,,2009-03-12T18:23,2009.0,3.0,12.0,HUMAN_OBSERVATION,iNaturalist,iNaturalist research-grade observations
5013486291,"Loxodonta africana (Blumenbach, 1797)",Loxodonta africana,Loxodonta,Elephantidae,-1.573594,35.202942,250.0,,,"Masai Mara NR, Kenya",2009-03-19T00:00,2009.0,3.0,19.0,HUMAN_OBSERVATION,NABU|naturgucker,
5024773996,"Loxodonta africana (Blumenbach, 1797)",Loxodonta africana,Loxodonta,Elephantidae,-1.573594,35.202942,250.0,,,"Masai Mara NR, Kenya",2009-03-18T00:00,2009.0,3.0,18.0,HUMAN_OBSERVATION,NABU|naturgucker,
5026181487,"Loxodonta africana (Blumenbach, 1797)",Loxodonta africana,Loxodonta,Elephantidae,-1.573594,35.202942,250.0,,,"Masai Mara NR, Kenya",2009-03-17T00:00,2009.0,3.0,17.0,HUMAN_OBSERVATION,NABU|naturgucker,
6130630032,"Loxodonta africana (Blumenbach, 1797)",Loxodonta africana,Loxodonta,Elephantidae,-3.523878,38.155968,31422.0,Taita Taveta,,,2009-03-23T15:01,2009.0,3.0,23.0,HUMAN_OBSERVATION,iNaturalist,iNaturalist research-grade observations
2563525209,"Loxodonta africana (Blumenbach, 1797)",Loxodonta africana,Loxodonta,Elephantidae,-1.565986,35.150272,31446.0,Narok,,,2009-05-19,2009.0,5.0,19.0,HUMAN_OBSERVATION,iNaturalist,iNaturalist research-grade observations
1262377078,"Loxodonta africana (Blumenbach, 1797)",Loxodonta africana,Loxodonta,Elephantidae,0.330988,36.879997,31451.0,Laikipia,,,2009-06-13T21:01:30,2009.0,6.0,13.0,HUMAN_OBSERVATION,iNaturalist,iNaturalist research-grade observations
1262377125,"Loxodonta africana (Blumenbach, 1797)",Loxodonta africana,Loxodonta,Elephantidae,0.391313,36.980514,31451.0,Laikipia,,,2009-06-12T16:43:11,2009.0,6.0,12.0,HUMAN_OBSERVATION,iNaturalist,iNaturalist research-grade observations
1262377145,"Loxodonta africana (Blumenbach, 1797)",Loxodonta africana,Loxodonta,Elephantidae,0.396121,36.98411,31451.0,Laikipia,,,2009-06-15T17:26:51,2009.0,6.0,15.0,HUMAN_OBSERVATION,iNaturalist,iNaturalist research-grade observations
1262377151,"Loxodonta africana (Blumenbach, 1797)",Loxodonta africana,Loxodonta,Elephantidae,0.362313,36.973438,31451.0,Laikipia,,,2009-06-13T22:44:19,2009.0,6.0,13.0,HUMAN_OBSERVATION,iNaturalist,iNaturalist research-grade observations
1262377154,"Loxodonta africana (Blumenbach, 1797)",Loxodonta africana,Loxodonta,Elephantidae,0.229786,36.966692,31451.0,Laikipia,,,2009-06-16T16:56:24,2009.0,6.0,16.0,HUMAN_OBSERVATION,iNaturalist,iNaturalist research-grade observations
1262377182,"Loxodonta africana (Blumenbach, 1797)",Loxodonta africana,Loxodonta,Elephantidae,0.37161,36.81774,31451.0,Laikipia,,,2009-06-18T09:40:54,2009.0,6.0,18.0,HUMAN_OBSERVATION,iNaturalist,iNaturalist research-grade observations
1262377341,"Loxodonta africana (Blumenbach, 1797)",Loxodonta africana,Loxodonta,Elephantidae,0.364628,36.887293,31451.0,Laikipia,,,2009-06-25T09:17:09,2009.0,6.0,25.0,HUMAN_OBSERVATION,iNaturalist,iNaturalist research-grade observations
1262377402,"Loxodonta africana (Blumenbach, 1797)",Loxodonta africana,Loxodonta,Elephantidae,0.283856,36.909752,31451.0,Laikipia,,,2009-06-30T10:31:56,2009.0,6.0,30.0,HUMAN_OBSERVATION,iNaturalist,iNaturalist research-grade observations
2596284632,"Loxodonta africana (Blumenbach, 1797)",Loxodonta africana,Loxodonta,Elephantidae,-1.259347,34.962319,31447.0,Narok,,,2009-06-15,2009.0,6.0,15.0,HUMAN_OBSERVATION,iNaturalist,iNaturalist research-grade observations
4516431034,"Loxodonta africana (Blumenbach, 1797)",Loxodonta africana,Loxodonta,Elephantidae,-2.865727,37.921039,31431.0,Taita Taveta,,,2009-06-10T13:42,2009.0,6.0,10.0,HUMAN_OBSERVATION,iNaturalist,iNaturalist research-grade observations
4516558609,"Loxodonta africana (Blumenbach, 1797)",Loxodonta africana,Loxodonta,Elephantidae,-3.484759,38.114346,31422.0,Taita Taveta,,,2009-06-14T14:32,2009.0,6.0,14.0,HUMAN_OBSERVATION,iNaturalist,iNaturalist research-grade observations
1262378589,"Loxodonta africana (Blumenbach, 1797)",Loxodonta africana,Loxodonta,Elephantidae,0.079939,36.882281,31451.0,Laikipia,,,2009-07-10T11:08:57,2009.0,7.0,10.0,HUMAN_OBSERVATION,iNaturalist,iNaturalist research-grade observations
2456539400,"Loxodonta africana (Blumenbach, 1797)",Loxodonta africana,Loxodonta,Elephantidae,-1.539839,35.012608,31446.0,Narok,,,2009-08-17,2009.0,8.0,17.0,HUMAN_OBSERVATION,iNaturalist,iNaturalist research-grade observations
2456539633,"Loxodonta africana (Blumenbach, 1797)",Loxodonta africana,Loxodonta,Elephantidae,0.350737,37.525312,31451.0,Meru,,,2009-08-14,2009.0,8.0,14.0,HUMAN_OBSERVATION,iNaturalist,iNaturalist research-grade observations
2596431724,"Loxodonta africana (Blumenbach, 1797)",Loxodonta africana,Loxodonta,Elephantidae,-1.321595,36.878833,31447.0,Nairobi,,,2009-08-17,2009.0,8.0,17.0,HUMAN_OBSERVATION,iNaturalist,iNaturalist research-grade observations
2573922615,"Loxodonta africana (Blumenbach, 1797)",Loxodonta africana,Loxodonta,Elephantidae,-0.047345,37.372071,31451.0,Meru,,,2009-09-09,2009.0,9.0,9.0,HUMAN_OBSERVATION,iNaturalist,iNaturalist research-grade observations
2574064748,"Loxodonta africana (Blumenbach, 1797)",Loxodonta africana,Loxodonta,Elephantidae,-0.347569,37.037669,31451.0,Nyeri,,,2009-09-09T05:32,2009.0,9.0,9.0,HUMAN_OBSERVATION,iNaturalist,iNaturalist research-grade observations
2802636887,"Loxodonta africana (Blumenbach, 1797)",Loxodonta africana,Loxodonta,Elephantidae,-1.409741,35.148541,31446.0,Narok,,,2009-09-24T11:04,2009.0,9.0,24.0,HUMAN_OBSERVATION,iNaturalist,iNaturalist research-grade observations
2802726253,"Loxodonta africana (Blumenbach, 1797)",Loxodonta africana,Loxodonta,Elephantidae,-1.511193,35.164795,31446.0,Narok,,,2009-09-24T10:34,2009.0,9.0,24.0,HUMAN_OBSERVATION,iNaturalist,iNaturalist research-grade observations
2802803194,"Loxodonta africana (Blumenbach, 1797)",Loxodonta africana,Loxodonta,Elephantidae,-1.352775,35.036734,31447.0,Narok,,,2009-09-23T14:45,2009.0,9.0,23.0,HUMAN_OBSERVATION,iNaturalist,iNaturalist research-grade observations
4901416271,"Loxodonta africana (Blumenbach, 1797)",Loxodonta africana,Loxodonta,Elephantidae,0.018293,36.806072,31451.0,Laikipia,,,2009-10-30T14:38,2009.0,10.0,30.0,HUMAN_OBSERVATION,iNaturalist,iNaturalist research-grade observations
5063997744,"Loxodonta africana (Blumenbach, 1797)",Loxodonta africana,Loxodonta,Elephantidae,-1.348921,35.028725,31447.0,Narok,,,2009-10-23T16:09,2009.0,10.0,23.0,HUMAN_OBSERVATION,iNaturalist,iNaturalist research-grade observations
5064082512,"Loxodonta africana (Blumenbach, 1797)",Loxodonta africana,Loxodonta,Elephantidae,-1.315887,35.184124,31447.0,Narok,,,2009-10-23T14:16,2009.0,10.0,23.0,HUMAN_OBSERVATION,iNaturalist,iNaturalist research-grade observations
1933594979,"Loxodonta africana (Blumenbach, 1797)",Loxodonta africana,Loxodonta,Elephantidae,-1.525905,34.853371,44615.0,Narok,,,2009-12-09T08:09,2009.0,12.0,9.0,HUMAN_OBSERVATION,iNaturalist,iNaturalist research-grade observations
1944384961,"Loxodonta africana (Blumenbach, 1797)",Loxodonta africana,Loxodonta,Elephantidae,-1.523189,34.902493,31446.0,Narok,,,2009-12-08T00:36,2009.0,12.0,8.0,HUMAN_OBSERVATION,iNaturalist,iNaturalist research-grade observations
891139915,"Loxodonta africana (Blumenbach, 1797)",Loxodonta africana,Loxodonta,Elephantidae,-2.77012,37.292074,31434.0,Kajiado,,,2008-02-23,2008.0,2.0,23.0,HUMAN_OBSERVATION,iNaturalist,iNaturalist research-grade observations
3902763295,"Loxodonta africana (Blumenbach, 1797)",Loxodonta africana,Loxodonta,Elephantidae,-4.197563,39.591998,31411.0,Kwale,,,2008-04-30T02:59,2008.0,4.0,30.0,HUMAN_OBSERVATION,iNaturalist,iNaturalist research-grade observations
3902917412,"Loxodonta africana (Blumenbach, 1797)",Loxodonta africana,Loxodonta,Elephantidae,-4.023578,39.459268,31411.0,Kwale,,,2008-04-30T01:01,2008.0,4.0,30.0,HUMAN_OBSERVATION,iNaturalist,iNaturalist research-grade observations
6131091889,"Loxodonta africana (Blumenbach, 1797)",Loxodonta africana,Loxodonta,Elephantidae,-4.310783,39.423516,31407.0,Kwale,,,2008-04-08T11:00,2008.0,4.0,8.0,HUMAN_OBSERVATION,iNaturalist,iNaturalist research-grade observations
2626219874,"Loxodonta africana (Blumenbach, 1797)",Loxodonta africana,Loxodonta,Elephantidae,-1.516874,35.150402,31446.0,Narok,,,2008-05-28T07:29,2008.0,5.0,28.0,HUMAN_OBSERVATION,iNaturalist,iNaturalist research-grade observations
2626304095,"Loxodonta africana (Blumenbach, 1797)",Loxodonta africana,Loxodonta,Elephantidae,-1.463658,35.144173,31446.0,Narok,,,2008-05-28T07:16,2008.0,5.0,28.0,HUMAN_OBSERVATION,iNaturalist,iNaturalist research-grade observations
2626347174,"Loxodonta africana (Blumenbach, 1797)",Loxodonta africana,Loxodonta,Elephantidae,-1.588164,35.020885,31446.0,Narok,,,2008-05-28T06:34,2008.0,5.0,28.0,HUMAN_OBSERVATION,iNaturalist,iNaturalist research-grade observations
2626567397,"Loxodonta africana (Blumenbach, 1797)",Loxodonta africana,Loxodonta,Elephantidae,-1.56221,35.166226,31446.0,Narok,,,2008-05-28T06:41,2008.0,5.0,28.0,HUMAN_OBSERVATION,iNaturalist,iNaturalist research-grade observations
6171096275,"Loxodonta africana (Blumenbach, 1797)",Loxodonta africana,Loxodonta,Elephantidae,-1.293325,35.092298,31447.0,Narok,,,2008-05-17T11:11,2008.0,5.0,17.0,HUMAN_OBSERVATION,iNaturalist,iNaturalist research-grade observations
1262376067,"Loxodonta africana (Blumenbach, 1797)",Loxodonta africana,Loxodonta,Elephantidae,0.319507,36.985544,31451.0,Laikipia,,,2008-06-18T07:28:16,2008.0,6.0,18.0,HUMAN_OBSERVATION,iNaturalist,iNaturalist research-grade observations
1262376073,"Loxodonta africana (Blumenbach, 1797)",Loxodonta africana,Loxodonta,Elephantidae,0.337375,36.898573,31451.0,Laikipia,,,2008-06-16T02:36:29,2008.0,6.0,16.0,HUMAN_OBSERVATION,iNaturalist,iNaturalist research-grade observations
1262376116,"Loxodonta africana (Blumenbach, 1797)",Loxodonta africana,Loxodonta,Elephantidae,0.345852,36.803781,31451.0,Laikipia,,,2008-06-17T04:19:04,2008.0,6.0,17.0,HUMAN_OBSERVATION,iNaturalist,iNaturalist research-grade observations
1262376608,"Loxodonta africana (Blumenbach, 1797)",Loxodonta africana,Loxodonta,Elephantidae,0.217815,36.944146,31451.0,Laikipia,,,2008-06-21T09:01:25,2008.0,6.0,21.0,HUMAN_OBSERVATION,iNaturalist,iNaturalist research-grade observations
1265592811,"Loxodonta africana (Blumenbach, 1797)",Loxodonta africana,Loxodonta,Elephantidae,0.2715,36.917195,31451.0,Laikipia,,,2008-06-17T01:24:08,2008.0,6.0,17.0,HUMAN_OBSERVATION,iNaturalist,iNaturalist research-grade observations
2294606856,"Loxodonta africana (Blumenbach, 1797)",Loxodonta africana,Loxodonta,Elephantidae,-0.005088,37.111217,31451.0,Nyeri,,,2008-06-15T15:21,2008.0,6.0,15.0,HUMAN_OBSERVATION,iNaturalist,iNaturalist research-grade observations
3747100147,"Loxodonta africana (Blumenbach, 1797)",Loxodonta africana,Loxodonta,Elephantidae,-1.253942,35.160968,31447.0,Narok,,,2008-06-06T09:31,2008.0,6.0,6.0,HUMAN_OBSERVATION,iNaturalist,iNaturalist research-grade observations
4516400049,"Loxodonta africana (Blumenbach, 1797)",Loxodonta africana,Loxodonta,Elephantidae,0.39244,36.995052,31451.0,Laikipia,,,2008-06-29T05:46,2008.0,6.0,29.0,HUMAN_OBSERVATION,iNaturalist,iNaturalist research-grade observations
4525116825,"Loxodonta africana (Blumenbach, 1797)",Loxodonta africana,Loxodonta,Elephantidae,0.256314,36.849193,31451.0,Laikipia,,,2008-06-26T04:18,2008.0,6.0,26.0,HUMAN_OBSERVATION,iNaturalist,iNaturalist research-grade observations
5282247511,"Loxodonta africana (Blumenbach, 1797)",Loxodonta africana,Loxodonta,Elephantidae,-4.383744,39.566806,31407.0,Kwale,,,2008-06-21T09:26:45,2008.0,6.0,21.0,HUMAN_OBSERVATION,iNaturalist,iNaturalist research-grade observations
5282609323,"Loxodonta africana (Blumenbach, 1797)",Loxodonta africana,Loxodonta,Elephantidae,-2.790861,38.109076,31434.0,Taita Taveta,,,2008-06-18T18:36:58,2008.0,6.0,18.0,HUMAN_OBSERVATION,iNaturalist,iNaturalist research-grade observations
1134971165,"Loxodonta africana (Blumenbach, 1797)",Loxodonta africana,Loxodonta,Elephantidae,-1.576883,35.241338,31446.0,Narok,,,2008-07-22,2008.0,7.0,22.0,HUMAN_OBSERVATION,iNaturalist,iNaturalist research-grade observations
3455743114,"Loxodonta africana (Blumenbach, 1797)",Loxodonta africana,Loxodonta,Elephantidae,-2.786694,37.295651,31434.0,Kajiado,,,2008-07-15T10:01,2008.0,7.0,15.0,HUMAN_OBSERVATION,iNaturalist,iNaturalist research-grade observations
3455898055,"Loxodonta africana (Blumenbach, 1797)",Loxodonta africana,Loxodonta,Elephantidae,-1.595298,35.33463,31446.0,Narok,,,2008-07-10T10:53,2008.0,7.0,10.0,HUMAN_OBSERVATION,iNaturalist,iNaturalist research-grade observations
3456200440,"Loxodonta africana (Blumenbach, 1797)",Loxodonta africana,Loxodonta,Elephantidae,-2.760824,37.372472,31434.0,Kajiado,,,2008-07-15T07:41,2008.0,7.0,15.0,HUMAN_OBSERVATION,iNaturalist,iNaturalist research-grade observations
3456359194,"Loxodonta africana (Blumenbach, 1797)",Loxodonta africana,Loxodonta,Elephantidae,-1.432186,35.215275,31446.0,Narok,,,2008-07-08T16:55,2008.0,7.0,8.0,HUMAN_OBSERVATION,iNaturalist,iNaturalist research-grade observations
2422985021,"Loxodonta africana (Blumenbach, 1797)",Loxodonta africana,Loxodonta,Elephantidae,-3.14436,38.724436,31428.0,Taita Taveta,,,2008-08-24T12:12,2008.0,8.0,24.0,HUMAN_OBSERVATION,iNaturalist,iNaturalist research-grade observations
2465193868,"Loxodonta africana (Blumenbach, 1797)",Loxodonta africana,Loxodonta,Elephantidae,-3.267448,38.923334,31425.0,Taita Taveta,,,2008-08-24T14:20,2008.0,8.0,24.0,HUMAN_OBSERVATION,iNaturalist,iNaturalist research-grade observations
2465193887,"Loxodonta africana (Blumenbach, 1797)",Loxodonta africana,Loxodonta,Elephantidae,-3.013218,39.105627,31428.0,Taita Taveta,,,2008-08-24T10:21,2008.0,8.0,24.0,HUMAN_OBSERVATION,iNaturalist,iNaturalist research-grade observations
2465242593,"Loxodonta africana (Blumenbach, 1797)",Loxodonta africana,Loxodonta,Elephantidae,-3.102416,39.106954,31428.0,Taita Taveta,,,2008-08-24T10:16,2008.0,8.0,24.0,HUMAN_OBSERVATION,iNaturalist,iNaturalist research-grade observations
2465334185,"Loxodonta africana (Blumenbach, 1797)",Loxodonta africana,Loxodonta,Elephantidae,-3.194373,39.167527,31428.0,Taita Taveta,,,2008-08-24T10:41,2008.0,8.0,24.0,HUMAN_OBSERVATION,iNaturalist,iNaturalist research-grade observations
2626156754,"Loxodonta africana (Blumenbach, 1797)",Loxodonta africana,Loxodonta,Elephantidae,0.219608,37.435633,31451.0,Meru,,,2008-08-08T07:36,2008.0,8.0,8.0,HUMAN_OBSERVATION,iNaturalist,iNaturalist research-grade observations
2626164698,"Loxodonta africana (Blumenbach, 1797)",Loxodonta africana,Loxodonta,Elephantidae,0.250614,37.596975,31451.0,Meru,,,2008-08-06T11:48,2008.0,8.0,6.0,HUMAN_OBSERVATION,iNaturalist,iNaturalist research-grade observations
3408159107,"Loxodonta africana (Blumenbach, 1797)",Loxodonta africana,Loxodonta,Elephantidae,-2.783866,37.23733,31434.0,Kajiado,,,2008-08-19T14:54,2008.0,8.0,19.0,HUMAN_OBSERVATION,iNaturalist,iNaturalist research-grade observations
3408190071,"Loxodonta africana (Blumenbach, 1797)",Loxodonta africana,Loxodonta,Elephantidae,-2.775446,37.242193,31434.0,Kajiado,,,2008-08-19T11:43,2008.0,8.0,19.0,HUMAN_OBSERVATION,iNaturalist,iNaturalist research-grade observations
3408209050,"Loxodonta africana (Blumenbach, 1797)",Loxodonta africana,Loxodonta,Elephantidae,-2.646724,37.238542,31434.0,Kajiado,,,2008-08-19T14:03,2008.0,8.0,19.0,HUMAN_OBSERVATION,iNaturalist,iNaturalist research-grade observations
5215743224,"Loxodonta africana (Blumenbach, 1797)",Loxodonta africana,Loxodonta,Elephantidae,-1.209329,35.033251,31447.0,Narok,,,2008-08-15T10:40,2008.0,8.0,15.0,HUMAN_OBSERVATION,iNaturalist,iNaturalist research-grade observations
5215750279,"Loxodonta africana (Blumenbach, 1797)",Loxodonta africana,Loxodonta,Elephantidae,-1.37412,35.122882,31447.0,Narok,,,2008-08-14T18:29,2008.0,8.0,14.0,HUMAN_OBSERVATION,iNaturalist,iNaturalist research-grade observations
5216399261,"Loxodonta africana (Blumenbach, 1797)",Loxodonta africana,Loxodonta,Elephantidae,-1.374339,35.04853,31447.0,Narok,,,2008-08-14T18:25,2008.0,8.0,14.0,HUMAN_OBSERVATION,iNaturalist,iNaturalist research-grade observations
5216814284,"Loxodonta africana (Blumenbach, 1797)",Loxodonta africana,Loxodonta,Elephantidae,-1.378836,35.121383,31447.0,Narok,,,2008-08-14T18:25,2008.0,8.0,14.0,HUMAN_OBSERVATION,iNaturalist,iNaturalist research-grade observations
5217102301,"Loxodonta africana (Blumenbach, 1797)",Loxodonta africana,Loxodonta,Elephantidae,-1.22356,35.128185,31447.0,Narok,,,2008-08-15T10:37,2008.0,8.0,15.0,HUMAN_OBSERVATION,iNaturalist,iNaturalist research-grade observations
6470725677,"Loxodonta africana (Blumenbach, 1797)",Loxodonta africana,Loxodonta,Elephantidae,-1.56921,35.023401,31446.0,Narok,,,2008-08-16T07:06,2008.0,8.0,16.0,HUMAN_OBSERVATION,iNaturalist,iNaturalist research-grade observations
2563651173,"Loxodonta africana (Blumenbach, 1797)",Loxodonta africana,Loxodonta,Elephantidae,0.168603,37.004082,31451.0,Laikipia,,,2008-09-23T15:05:07,2008.0,9.0,23.0,HUMAN_OBSERVATION,iNaturalist,iNaturalist research-grade observations
1913607285,"Loxodonta africana (Blumenbach, 1797)",Loxodonta africana,Loxodonta,Elephantidae,0.38648,37.383,,,,Laikipia Samburu,2008-11-26,2008.0,11.0,26.0,HUMAN_OBSERVATION,,
1913607290,"Loxodonta africana (Blumenbach, 1797)",Loxodonta africana,Loxodonta,Elephantidae,0.41687,37.31833,,,,Laikipia Samburu,2008-11-26,2008.0,11.0,26.0,HUMAN_OBSERVATION,,
1913607297,"Loxodonta africana (Blumenbach, 1797)",Loxodonta africana,Loxodonta,Elephantidae,0.33724,37.38856,,,,Laikipia Samburu,2008-11-26,2008.0,11.0,26.0,HUMAN_OBSERVATION,,
1913607299,"Loxodonta africana (Blumenbach, 1797)",Loxodonta africana,Loxodonta,Elephantidae,0.42018,37.35529,,,,Laikipia Samburu,2008-11-26,2008.0,11.0,26.0,HUMAN_OBSERVATION,,
1913607304,"Loxodonta africana (Blumenbach, 1797)",Loxodonta africana,Loxodonta,Elephantidae,0.3938,37.42722,,,,Laikipia Samburu,2008-11-26,2008.0,11.0,26.0,HUMAN_OBSERVATION,,
1913607307,"Loxodonta africana (Blumenbach, 1797)",Loxodonta africana,Loxodonta,Elephantidae,0.39433,37.3673,,,,Laikipia Samburu,2008-11-26,2008.0,11.0,26.0,HUMAN_OBSERVATION,,
1913607309,"Loxodonta africana (Blumenbach, 1797)",Loxodonta africana,Loxodonta,Elephantidae,0.33242,37.35283,,,,Laikipia Samburu,2008-11-26,2008.0,11.0,26.0,HUMAN_OBSERVATION,,
1913607310,"Loxodonta africana (Blumenbach, 1797)",Loxodonta africana,Loxodonta,Elephantidae,0.42844,37.3458,,,,Laikipia Samburu,2008-11-26,2008.0,11.0,26.0,HUMAN_OBSERVATION,,
1913607312,"Loxodonta africana (Blumenbach, 1797)",Loxodonta africana,Loxodonta,Elephantidae,0.46132,37.32231,,,,Laikipia Samburu,2008-11-26,2008.0,11.0,26.0,HUMAN_OBSERVATION,,
1913607313,"Loxodonta africana (Blumenbach, 1797)",Loxodonta africana,Loxodonta,Elephantidae,0.42972,37.35291,,,,Laikipia Samburu,2008-11-26,2008.0,11.0,26.0,HUMAN_OBSERVATION,,
1913607314,"Loxodonta africana (Blumenbach, 1797)",Loxodonta africana,Loxodonta,Elephantidae,0.40747,37.36627,,,,Laikipia Samburu,2008-11-26,2008.0,11.0,26.0,HUMAN_OBSERVATION,,
1913607315,"Loxodonta africana (Blumenbach, 1797)",Loxodonta africana,Loxodonta,Elephantidae,0.56105,37.57151,,,,Laikipia Samburu,2008-11-26,2008.0,11.0,26.0,HUMAN_OBSERVATION,,
1913607317,"Loxodonta africana (Blumenbach, 1797)",Loxodonta africana,Loxodonta,Elephantidae,0.48285,37.3215,,,,Laikipia Samburu,2008-11-26,2008.0,11.0,26.0,HUMAN_OBSERVATION,,
1913607321,"Loxodonta africana (Blumenbach, 1797)",Loxodonta africana,Loxodonta,Elephantidae,0.53798,37.56344,,,,Laikipia Samburu,2008-11-26,2008.0,11.0,26.0,HUMAN_OBSERVATION,,
1913607323,"Loxodonta africana (Blumenbach, 1797)",Loxodonta africana,Loxodonta,Elephantidae,0.3228,37.38288,,,,Laikipia Samburu,2008-11-26,2008.0,11.0,26.0,HUMAN_OBSERVATION,,
1913607324,"Loxodonta africana (Blumenbach, 1797)",Loxodonta africana,Loxodonta,Elephantidae,0.41233,37.3545,,,,Laikipia Samburu,2008-11-26,2008.0,11.0,26.0,HUMAN_OBSERVATION,,
1913607325,"Loxodonta africana (Blumenbach, 1797)",Loxodonta africana,Loxodonta,Elephantidae,0.45875,37.31006,,,,Laikipia Samburu,2008-11-26,2008.0,11.0,26.0,HUMAN_OBSERVATION,,
1913607326,"Loxodonta africana (Blumenbach, 1797)",Loxodonta africana,Loxodonta,Elephantidae,0.58529,37.49113,,,,Laikipia Samburu,2008-11-26,2008.0,11.0,26.0,HUMAN_OBSERVATION,,
1913607327,"Loxodonta africana (Blumenbach, 1797)",Loxodonta africana,Loxodonta,Elephantidae,0.47278,37.32643,,,,Laikipia Samburu,2008-11-26,2008.0,11.0,26.0,HUMAN_OBSERVATION,,
1913607329,"Loxodonta africana (Blumenbach, 1797)",Loxodonta africana,Loxodonta,Elephantidae,0.56116,37.55871,,,,Laikipia Samburu,2008-11-26,2008.0,11.0,26.0,HUMAN_OBSERVATION,,
1913607331,"Loxodonta africana (Blumenbach, 1797)",Loxodonta africana,Loxodonta,Elephantidae,0.53535,37.5797,,,,Laikipia Samburu,2008-11-26,2008.0,11.0,26.0,HUMAN_OBSERVATION,,
1913607335,"Loxodonta africana (Blumenbach, 1797)",Loxodonta africana,Loxodonta,Elephantidae,0.34237,37.38046,,,,Laikipia Samburu,2008-11-26,2008.0,11.0,26.0,HUMAN_OBSERVATION,,
1913607336,"Loxodonta africana (Blumenbach, 1797)",Loxodonta africana,Loxodonta,Elephantidae,0.65017,37.91046,,,,Laikipia Samburu,2008-11-25,2008.0,11.0,25.0,HUMAN_OBSERVATION,,
1913607337,"Loxodonta africana (Blumenbach, 1797)",Loxodonta africana,Loxodonta,Elephantidae,0.55237,37.55107,,,,Laikipia Samburu,2008-11-26,2008.0,11.0,26.0,HUMAN_OBSERVATION,,
1913607338,"Loxodonta africana (Blumenbach, 1797)",Loxodonta africana,Loxodonta,Elephantidae,0.37277,37.38377,,,,Laikipia Samburu,2008-11-26,2008.0,11.0,26.0,HUMAN_OBSERVATION,,
1913607339,"Loxodonta africana (Blumenbach, 1797)",Loxodonta africana,Loxodonta,Elephantidae,0.54901,37.59834,,,,Laikipia Samburu,2008-11-26,2008.0,11.0,26.0,HUMAN_OBSERVATION,,
1913607340,"Loxodonta africana (Blumenbach, 1797)",Loxodonta africana,Loxodonta,Elephantidae,0.52872,37.5324,,,,Laikipia Samburu,2008-11-26,2008.0,11.0,26.0,HUMAN_OBSERVATION,,
1913607341,"Loxodonta africana (Blumenbach, 1797)",Loxodonta africana,Loxodonta,Elephantidae,0.48697,37.32543,,,,Laikipia Samburu,2008-11-26,2008.0,11.0,26.0,HUMAN_OBSERVATION,,
1913607342,"Loxodonta africana (Blumenbach, 1797)",Loxodonta africana,Loxodonta,Elephantidae,0.53447,37.54795,,,,Laikipia Samburu,2008-11-26,2008.0,11.0,26.0,HUMAN_OBSERVATION,,
1913607344,"Loxodonta africana (Blumenbach, 1797)",Loxodonta africana,Loxodonta,Elephantidae,0.53744,37.42879,,,,Laikipia Samburu,2008-11-26,2008.0,11.0,26.0,HUMAN_OBSERVATION,,
1913607345,"Loxodonta africana (Blumenbach, 1797)",Loxodonta africana,Loxodonta,Elephantidae,0.29674,37.45846,,,,Laikipia Samburu,2008-11-26,2008.0,11.0,26.0,HUMAN_OBSERVATION,,
1913607346,"Loxodonta africana (Blumenbach, 1797)",Loxodonta africana,Loxodonta,Elephantidae,0.34781,37.38314,,,,Laikipia Samburu,2008-11-26,2008.0,11.0,26.0,HUMAN_OBSERVATION,,
1913607347,"Loxodonta africana (Blumenbach, 1797)",Loxodonta africana,Loxodonta,Elephantidae,0.34392,37.3733,,,,Laikipia Samburu,2008-11-26,2008.0,11.0,26.0,HUMAN_OBSERVATION,,
1913607348,"Loxodonta africana (Blumenbach, 1797)",Loxodonta africana,Loxodonta,Elephantidae,0.63789,37.84985,,,,Laikipia Samburu,2008-11-25,2008.0,11.0,25.0,HUMAN_OBSERVATION,,
1913607349,"Loxodonta africana (Blumenbach, 1797)",Loxodonta africana,Loxodonta,Elephantidae,0.6383,37.86808,,,,Laikipia Samburu,2008-11-25,2008.0,11.0,25.0,HUMAN_OBSERVATION,,
1913607350,"Loxodonta africana (Blumenbach, 1797)",Loxodonta africana,Loxodonta,Elephantidae,0.36352,37.37553,,,,Laikipia Samburu,2008-11-26,2008.0,11.0,26.0,HUMAN_OBSERVATION,,
1913607352,"Loxodonta africana (Blumenbach, 1797)",Loxodonta africana,Loxodonta,Elephantidae,0.55784,37.44491,,,,Laikipia Samburu,2008-11-26,2008.0,11.0,26.0,HUMAN_OBSERVATION,,
1913607353,"Loxodonta africana (Blumenbach, 1797)",Loxodonta africana,Loxodonta,Elephantidae,0.66737,37.92185,,,,Laikipia Samburu,2008-11-25,2008.0,11.0,25.0,HUMAN_OBSERVATION,,
1913607354,"Loxodonta africana (Blumenbach, 1797)",Loxodonta africana,Loxodonta,Elephantidae,0.56895,37.56394,,,,Laikipia Samburu,2008-11-26,2008.0,11.0,26.0,HUMAN_OBSERVATION,,
1913607355,"Loxodonta africana (Blumenbach, 1797)",Loxodonta africana,Loxodonta,Elephantidae,0.7005,37.87758,,,,Laikipia Samburu,2008-11-25,2008.0,11.0,25.0,HUMAN_OBSERVATION,,
1913607356,"Loxodonta africana (Blumenbach, 1797)",Loxodonta africana,Loxodonta,Elephantidae,0.43375,37.42971,,,,Laikipia Samburu,2008-11-26,2008.0,11.0,26.0,HUMAN_OBSERVATION,,
1913607357,"Loxodonta africana (Blumenbach, 1797)",Loxodonta africana,Loxodonta,Elephantidae,0.32048,37.39713,,,,Laikipia Samburu,2008-11-26,2008.0,11.0,26.0,HUMAN_OBSERVATION,,
1913607358,"Loxodonta africana (Blumenbach, 1797)",Loxodonta africana,Loxodonta,Elephantidae,2.17557,37.95101,,,,Laikipia Samburu,2008-11-28,2008.0,11.0,28.0,HUMAN_OBSERVATION,,
1913607359,"Loxodonta africana (Blumenbach, 1797)",Loxodonta africana,Loxodonta,Elephantidae,2.19042,37.94995,,,,Laikipia Samburu,2008-11-28,2008.0,11.0,28.0,HUMAN_OBSERVATION,,
1913607360,"Loxodonta africana (Blumenbach, 1797)",Loxodonta africana,Loxodonta,Elephantidae,0.65182,37.92192,,,,Laikipia Samburu,2008-11-25,2008.0,11.0,25.0,HUMAN_OBSERVATION,,
1913607361,"Loxodonta africana (Blumenbach, 1797)",Loxodonta africana,Loxodonta,Elephantidae,2.14419,37.90862,,,,Laikipia Samburu,2008-11-28,2008.0,11.0,28.0,HUMAN_OBSERVATION,,
1913607362,"Loxodonta africana (Blumenbach, 1797)",Loxodonta africana,Loxodonta,Elephantidae,2.17102,37.95493,,,,Laikipia Samburu,2008-11-28,2008.0,11.0,28.0,HUMAN_OBSERVATION,,
1913607363,"Loxodonta africana (Blumenbach, 1797)",Loxodonta africana,Loxodonta,Elephantidae,0.38324,37.40919,,,,Laikipia Samburu,2008-11-26,2008.0,11.0,26.0,HUMAN_OBSERVATION,,
1913607364,"Loxodonta africana (Blumenbach, 1797)",Loxodonta africana,Loxodonta,Elephantidae,0.72151,37.93194,,,,Laikipia Samburu,2008-11-25,2008.0,11.0,25.0,HUMAN_OBSERVATION,,
1913607365,"Loxodonta africana (Blumenbach, 1797)",Loxodonta africana,Loxodonta,Elephantidae,0.56294,37.44475,,,,Laikipia Samburu,2008-11-26,2008.0,11.0,26.0,HUMAN_OBSERVATION,,
1913607366,"Loxodonta africana (Blumenbach, 1797)",Loxodonta africana,Loxodonta,Elephantidae,0.48812,37.54905,,,,Laikipia Samburu,2008-11-26,2008.0,11.0,26.0,HUMAN_OBSERVATION,,
1913607367,"Loxodonta africana (Blumenbach, 1797)",Loxodonta africana,Loxodonta,Elephantidae,0.36693,37.45051,,,,Laikipia Samburu,2008-11-26,2008.0,11.0,26.0,HUMAN_OBSERVATION,,
1913607368,"Loxodonta africana (Blumenbach, 1797)",Loxodonta africana,Loxodonta,Elephantidae,2.1244,37.90833,,,,Laikipia Samburu,2008-11-28,2008.0,11.0,28.0,HUMAN_OBSERVATION,,
1913607369,"Loxodonta africana (Blumenbach, 1797)",Loxodonta africana,Loxodonta,Elephantidae,0.56781,37.57327,,,,Laikipia Samburu,2008-11-26,2008.0,11.0,26.0,HUMAN_OBSERVATION,,
1913607370,"Loxodonta africana (Blumenbach, 1797)",Loxodonta africana,Loxodonta,Elephantidae,0.54991,37.42793,,,,Laikipia Samburu,2008-11-26,2008.0,11.0,26.0,HUMAN_OBSERVATION,,
1913607371,"Loxodonta africana (Blumenbach, 1797)",Loxodonta africana,Loxodonta,Elephantidae,0.37684,36.99721,,,,Laikipia Samburu,2008-11-26,2008.0,11.0,26.0,HUMAN_OBSERVATION,,
1913607372,"Loxodonta africana (Blumenbach, 1797)",Loxodonta africana,Loxodonta,Elephantidae,0.5297,37.54769,,,,Laikipia Samburu,2008-11-26,2008.0,11.0,26.0,HUMAN_OBSERVATION,,
1913607373,"Loxodonta africana (Blumenbach, 1797)",Loxodonta africana,Loxodonta,Elephantidae,2.12173,37.95422,,,,Laikipia Samburu,2008-11-28,2008.0,11.0,28.0,HUMAN_OBSERVATION,,
1913607374,"Loxodonta africana (Blumenbach, 1797)",Loxodonta africana,Loxodonta,Elephantidae,0.66363,37.9061,,,,Laikipia Samburu,2008-11-25,2008.0,11.0,25.0,HUMAN_OBSERVATION,,
1913607375,"Loxodonta africana (Blumenbach, 1797)",Loxodonta africana,Loxodonta,Elephantidae,2.12897,37.94685,,,,Laikipia Samburu,2008-11-28,2008.0,11.0,28.0,HUMAN_OBSERVATION,,
1913607376,"Loxodonta africana (Blumenbach, 1797)",Loxodonta africana,Loxodonta,Elephantidae,0.3477,36.96136,,,,Laikipia Samburu,2008-11-26,2008.0,11.0,26.0,HUMAN_OBSERVATION,,
1913607377,"Loxodonta africana (Blumenbach, 1797)",Loxodonta africana,Loxodonta,Elephantidae,0.5063,37.46315,,,,Laikipia Samburu,2008-11-26,2008.0,11.0,26.0,HUMAN_OBSERVATION,,
1913607378,"Loxodonta africana (Blumenbach, 1797)",Loxodonta africana,Loxodonta,Elephantidae,0.37194,37.01443,,,,Laikipia Samburu,2008-11-26,2008.0,11.0,26.0,HUMAN_OBSERVATION,,
1913607379,"Loxodonta africana (Blumenbach, 1797)",Loxodonta africana,Loxodonta,Elephantidae,0.68916,37.90127,,,,Laikipia Samburu,2008-11-25,2008.0,11.0,25.0,HUMAN_OBSERVATION,,
1913607380,"Loxodonta africana (Blumenbach, 1797)",Loxodonta africana,Loxodonta,Elephantidae,2.20693,37.95239,,,,Laikipia Samburu,2008-11-28,2008.0,11.0,28.0,HUMAN_OBSERVATION,,
1913607381,"Loxodonta africana (Blumenbach, 1797)",Loxodonta africana,Loxodonta,Elephantidae,0.51563,37.54621,,,,Laikipia Samburu,2008-11-26,2008.0,11.0,26.0,HUMAN_OBSERVATION,,
1913607382,"Loxodonta africana (Blumenbach, 1797)",Loxodonta africana,Loxodonta,Elephantidae,0.69858,37.86772,,,,Laikipia Samburu,2008-11-25,2008.0,11.0,25.0,HUMAN_OBSERVATION,,
1913607383,"Loxodonta africana (Blumenbach, 1797)",Loxodonta africana,Loxodonta,Elephantidae,2.11776,37.91795,,,,Laikipia Samburu,2008-11-28,2008.0,11.0,28.0,HUMAN_OBSERVATION,,
1913607384,"Loxodonta africana (Blumenbach, 1797)",Loxodonta africana,Loxodonta,Elephantidae,0.68562,37.87788,,,,Laikipia Samburu,2008-11-25,2008.0,11.0,25.0,HUMAN_OBSERVATION,,
1913607385,"Loxodonta africana (Blumenbach, 1797)",Loxodonta africana,Loxodonta,Elephantidae,0.404,36.93351,,,,Laikipia Samburu,2008-11-26,2008.0,11.0,26.0,HUMAN_OBSERVATION,,
1913607386,"Loxodonta africana (Blumenbach, 1797)",Loxodonta africana,Loxodonta,Elephantidae,0.31718,36.97,,,,Laikipia Samburu,2008-11-26,2008.0,11.0,26.0,HUMAN_OBSERVATION,,
1913607387,"Loxodonta africana (Blumenbach, 1797)",Loxodonta africana,Loxodonta,Elephantidae,0.54302,37.41977,,,,Laikipia Samburu,2008-11-26,2008.0,11.0,26.0,HUMAN_OBSERVATION,,
1913607388,"Loxodonta africana (Blumenbach, 1797)",Loxodonta africana,Loxodonta,Elephantidae,0.67846,37.86831,,,,Laikipia Samburu,2008-11-25,2008.0,11.0,25.0,HUMAN_OBSERVATION,,
1913607389,"Loxodonta africana (Blumenbach, 1797)",Loxodonta africana,Loxodonta,Elephantidae,0.36655,36.90598,,,,Laikipia Samburu,2008-11-26,2008.0,11.0,26.0,HUMAN_OBSERVATION,,
1913607390,"Loxodonta africana (Blumenbach, 1797)",Loxodonta africana,Loxodonta,Elephantidae,0.31788,36.95187,,,,Laikipia Samburu,2008-11-26,2008.0,11.0,26.0,HUMAN_OBSERVATION,,
1913607391,"Loxodonta africana (Blumenbach, 1797)",Loxodonta africana,Loxodonta,Elephantidae,0.38583,37.00638,,,,Laikipia Samburu,2008-11-26,2008.0,11.0,26.0,HUMAN_OBSERVATION,,
1913607392,"Loxodonta africana (Blumenbach, 1797)",Loxodonta africana,Loxodonta,Elephantidae,0.57063,37.5472,,,,Laikipia Samburu,2008-11-26,2008.0,11.0,26.0,HUMAN_OBSERVATION,,
1913607393,"Loxodonta africana (Blumenbach, 1797)",Loxodonta africana,Loxodonta,Elephantidae,0.56913,37.55542,,,,Laikipia Samburu,2008-11-26,2008.0,11.0,26.0,HUMAN_OBSERVATION,,
1913607394,"Loxodonta africana (Blumenbach, 1797)",Loxodonta africana,Loxodonta,Elephantidae,0.28758,37.01413,,,,Laikipia Samburu,2008-11-26,2008.0,11.0,26.0,HUMAN_OBSERVATION,,
1913607395,"Loxodonta africana (Blumenbach, 1797)",Loxodonta africana,Loxodonta,Elephantidae,2.14617,37.93206,,,,Laikipia Samburu,2008-11-28,2008.0,11.0,28.0,HUMAN_OBSERVATION,,
1913607396,"Loxodonta africana (Blumenbach, 1797)",Loxodonta africana,Loxodonta,Elephantidae,2.16645,37.92086,,,,Laikipia Samburu,2008-11-28,2008.0,11.0,28.0,HUMAN_OBSERVATION,,
1913607397,"Loxodonta africana (Blumenbach, 1797)",Loxodonta africana,Loxodonta,Elephantidae,0.43608,36.9347,,,,Laikipia Samburu,2008-11-26,2008.0,11.0,26.0,HUMAN_OBSERVATION,,
1913607398,"Loxodonta africana (Blumenbach, 1797)",Loxodonta africana,Loxodonta,Elephantidae,2.15094,37.95135,,,,Laikipia Samburu,2008-11-28,2008.0,11.0,28.0,HUMAN_OBSERVATION,,
1913607399,"Loxodonta africana (Blumenbach, 1797)",Loxodonta africana,Loxodonta,Elephantidae,0.66022,37.91968,,,,Laikipia Samburu,2008-11-25,2008.0,11.0,25.0,HUMAN_OBSERVATION,,
1913607400,"Loxodonta africana (Blumenbach, 1797)",Loxodonta africana,Loxodonta,Elephantidae,0.29436,36.88922,,,,Laikipia Samburu,2008-11-26,2008.0,11.0,26.0,HUMAN_OBSERVATION,,
1913607401,"Loxodonta africana (Blumenbach, 1797)",Loxodonta africana,Loxodonta,Elephantidae,0.32586,36.85328,,,,Laikipia Samburu,2008-11-26,2008.0,11.0,26.0,HUMAN_OBSERVATION,,
1913607402,"Loxodonta africana (Blumenbach, 1797)",Loxodonta africana,Loxodonta,Elephantidae,2.16169,37.90699,,,,Laikipia Samburu,2008-11-28,2008.0,11.0,28.0,HUMAN_OBSERVATION,,
1913607403,"Loxodonta africana (Blumenbach, 1797)",Loxodonta africana,Loxodonta,Elephantidae,0.33311,36.93545,,,,Laikipia Samburu,2008-11-26,2008.0,11.0,26.0,HUMAN_OBSERVATION,,
1913607404,"Loxodonta africana (Blumenbach, 1797)",Loxodonta africana,Loxodonta,Elephantidae,0.45992,36.87037,,,,Laikipia Samburu,2008-11-26,2008.0,11.0,26.0,HUMAN_OBSERVATION,,
1913607405,"Loxodonta africana (Blumenbach, 1797)",Loxodonta africana,Loxodonta,Elephantidae,0.24553,36.95204,,,,Laikipia Samburu,2008-11-26,2008.0,11.0,26.0,HUMAN_OBSERVATION,,
1913607406,"Loxodonta africana (Blumenbach, 1797)",Loxodonta africana,Loxodonta,Elephantidae,0.24775,36.70009,,,,Laikipia Samburu,2008-11-26,2008.0,11.0,26.0,HUMAN_OBSERVATION,,
1913607407,"Loxodonta africana (Blumenbach, 1797)",Loxodonta africana,Loxodonta,Elephantidae,0.51745,36.84467,,,,Laikipia Samburu,2008-11-26,2008.0,11.0,26.0,HUMAN_OBSERVATION,,
1913607408,"Loxodonta africana (Blumenbach, 1797)",Loxodonta africana,Loxodonta,Elephantidae,2.1615,37.91614,,,,Laikipia Samburu,2008-11-28,2008.0,11.0,28.0,HUMAN_OBSERVATION,,
1913607409,"Loxodonta africana (Blumenbach, 1797)",Loxodonta africana,Loxodonta,Elephantidae,2.13321,37.97602,,,,Laikipia Samburu,2008-11-28,2008.0,11.0,28.0,HUMAN_OBSERVATION,,
1913607410,"Loxodonta africana (Blumenbach, 1797)",Loxodonta africana,Loxodonta,Elephantidae,0.47126,36.83756,,,,Laikipia Samburu,2008-11-26,2008.0,11.0,26.0,HUMAN_OBSERVATION,,
1913607411,"Loxodonta africana (Blumenbach, 1797)",Loxodonta africana,Loxodonta,Elephantidae,0.32647,36.93428,,,,Laikipia Samburu,2008-11-26,2008.0,11.0,26.0,HUMAN_OBSERVATION,,
1913607412,"Loxodonta africana (Blumenbach, 1797)",Loxodonta africana,Loxodonta,Elephantidae,0.36201,36.99683,,,,Laikipia Samburu,2008-11-26,2008.0,11.0,26.0,HUMAN_OBSERVATION,,
1913607413,"Loxodonta africana (Blumenbach, 1797)",Loxodonta africana,Loxodonta,Elephantidae,0.70364,37.9015,,,,Laikipia Samburu,2008-11-25,2008.0,11.0,25.0,HUMAN_OBSERVATION,,
1913607414,"Loxodonta africana (Blumenbach, 1797)",Loxodonta africana,Loxodonta,Elephantidae,0.58186,37.45284,,,,Laikipia Samburu,2008-11-26,2008.0,11.0,26.0,HUMAN_OBSERVATION,,
1913607415,"Loxodonta africana (Blumenbach, 1797)",Loxodonta africana,Loxodonta,Elephantidae,2.14665,37.93895,,,,Laikipia Samburu,2008-11-28,2008.0,11.0,28.0,HUMAN_OBSERVATION,,
1913607416,"Loxodonta africana (Blumenbach, 1797)",Loxodonta africana,Loxodonta,Elephantidae,0.61678,37.8489,,,,Laikipia Samburu,2008-11-25,2008.0,11.0,25.0,HUMAN_OBSERVATION,,
1913607417,"Loxodonta africana (Blumenbach, 1797)",Loxodonta africana,Loxodonta,Elephantidae,0.48899,36.82333,,,,Laikipia Samburu,2008-11-26,2008.0,11.0,26.0,HUMAN_OBSERVATION,,
1913607418,"Loxodonta africana (Blumenbach, 1797)",Loxodonta africana,Loxodonta,Elephantidae,0.36828,36.96184,,,,Laikipia Samburu,2008-11-26,2008.0,11.0,26.0,HUMAN_OBSERVATION,,
1913607419,"Loxodonta africana (Blumenbach, 1797)",Loxodonta africana,Loxodonta,Elephantidae,0.22415,36.8995,,,,Laikipia Samburu,2008-11-26,2008.0,11.0,26.0,HUMAN_OBSERVATION,,
1913607420,"Loxodonta africana (Blumenbach, 1797)",Loxodonta africana,Loxodonta,Elephantidae,0.23311,36.68636,,,,Laikipia Samburu,2008-11-26,2008.0,11.0,26.0,HUMAN_OBSERVATION,,
1913607421,"Loxodonta africana (Blumenbach, 1797)",Loxodonta africana,Loxodonta,Elephantidae,0.29472,36.97039,,,,Laikipia Samburu,2008-11-26,2008.0,11.0,26.0,HUMAN_OBSERVATION,,
1913607422,"Loxodonta africana (Blumenbach, 1797)",Loxodonta africana,Loxodonta,Elephantidae,0.26177,36.90789,,,,Laikipia Samburu,2008-11-26,2008.0,11.0,26.0,HUMAN_OBSERVATION,,
1913607423,"Loxodonta africana (Blumenbach, 1797)",Loxodonta africana,Loxodonta,Elephantidae,0.31774,36.95868,,,,Laikipia Samburu,2008-11-26,2008.0,11.0,26.0,HUMAN_OBSERVATION,,
1913607424,"Loxodonta africana (Blumenbach, 1797)",Loxodonta africana,Loxodonta,Elephantidae,1.1678,38.05858,,,,Laikipia Samburu,2008-11-24,2008.0,11.0,24.0,HUMAN_OBSERVATION,,
1913607425,"Loxodonta africana (Blumenbach, 1797)",Loxodonta africana,Loxodonta,Elephantidae,0.36451,36.98805,,,,Laikipia Samburu,2008-11-26,2008.0,11.0,26.0,HUMAN_OBSERVATION,,
1913607426,"Loxodonta africana (Blumenbach, 1797)",Loxodonta africana,Loxodonta,Elephantidae,0.29949,36.77441,,,,Laikipia Samburu,2008-11-26,2008.0,11.0,26.0,HUMAN_OBSERVATION,,
1913607427,"Loxodonta africana (Blumenbach, 1797)",Loxodonta africana,Loxodonta,Elephantidae,0.37413,36.66654,,,,Laikipia Samburu,2008-11-26,2008.0,11.0,26.0,HUMAN_OBSERVATION,,
1913607428,"Loxodonta africana (Blumenbach, 1797)",Loxodonta africana,Loxodonta,Elephantidae,0.70227,36.59872,,,,Laikipia Samburu,2008-11-26,2008.0,11.0,26.0,HUMAN_OBSERVATION,,
1913607429,"Loxodonta africana (Blumenbach, 1797)",Loxodonta africana,Loxodonta,Elephantidae,0.43729,36.94264,,,,Laikipia Samburu,2008-11-26,2008.0,11.0,26.0,HUMAN_OBSERVATION,,
1913607430,"Loxodonta africana (Blumenbach, 1797)",Loxodonta africana,Loxodonta,Elephantidae,0.36885,36.9156,,,,Laikipia Samburu,2008-11-26,2008.0,11.0,26.0,HUMAN_OBSERVATION,,
1913607431,"Loxodonta africana (Blumenbach, 1797)",Loxodonta africana,Loxodonta,Elephantidae,2.13607,37.96826,,,,Laikipia Samburu,2008-11-28,2008.0,11.0,28.0,HUMAN_OBSERVATION,,
1913607432,"Loxodonta africana (Blumenbach, 1797)",Loxodonta africana,Loxodonta,Elephantidae,0.27963,36.89737,,,,Laikipia Samburu,2008-11-26,2008.0,11.0,26.0,HUMAN_OBSERVATION,,
1913607433,"Loxodonta africana (Blumenbach, 1797)",Loxodonta africana,Loxodonta,Elephantidae,0.39203,36.88114,,,,Laikipia Samburu,2008-11-26,2008.0,11.0,26.0,HUMAN_OBSERVATION,,
1913607434,"Loxodonta africana (Blumenbach, 1797)",Loxodonta africana,Loxodonta,Elephantidae,0.73646,36.56785,,,,Laikipia Samburu,2008-11-26,2008.0,11.0,26.0,HUMAN_OBSERVATION,,
1913607435,"Loxodonta africana (Blumenbach, 1797)",Loxodonta africana,Loxodonta,Elephantidae,0.25976,36.91926,,,,Laikipia Samburu,2008-11-26,2008.0,11.0,26.0,HUMAN_OBSERVATION,,
1913607436,"Loxodonta africana (Blumenbach, 1797)",Loxodonta africana,Loxodonta,Elephantidae,0.23449,36.92484,,,,Laikipia Samburu,2008-11-26,2008.0,11.0,26.0,HUMAN_OBSERVATION,,
1913607437,"Loxodonta africana (Blumenbach, 1797)",Loxodonta africana,Loxodonta,Elephantidae,0.33718,36.73608,,,,Laikipia Samburu,2008-11-26,2008.0,11.0,26.0,HUMAN_OBSERVATION,,
1913607438,"Loxodonta africana (Blumenbach, 1797)",Loxodonta africana,Loxodonta,Elephantidae,0.18926,36.64376,,,,Laikipia Samburu,2008-11-26,2008.0,11.0,26.0,HUMAN_OBSERVATION,,
1913607439,"Loxodonta africana (Blumenbach, 1797)",Loxodonta africana,Loxodonta,Elephantidae,0.34343,36.96955,,,,Laikipia Samburu,2008-11-26,2008.0,11.0,26.0,HUMAN_OBSERVATION,,
1913607440,"Loxodonta africana (Blumenbach, 1797)",Loxodonta africana,Loxodonta,Elephantidae,0.33701,36.77216,,,,Laikipia Samburu,2008-11-26,2008.0,11.0,26.0,HUMAN_OBSERVATION,,
1913607441,"Loxodonta africana (Blumenbach, 1797)",Loxodonta africana,Loxodonta,Elephantidae,0.42696,36.8439,,,,Laikipia Samburu,2008-11-26,2008.0,11.0,26.0,HUMAN_OBSERVATION,,
1913607442,"Loxodonta africana (Blumenbach, 1797)",Loxodonta africana,Loxodonta,Elephantidae,0.23442,36.91735,,,,Laikipia Samburu,2008-11-26,2008.0,11.0,26.0,HUMAN_OBSERVATION,,
1913607443,"Loxodonta africana (Blumenbach, 1797)",Loxodonta africana,Loxodonta,Elephantidae,0.26804,36.8977,,,,Laikipia Samburu,2008-11-26,2008.0,11.0,26.0,HUMAN_OBSERVATION,,
1913607444,"Loxodonta africana (Blumenbach, 1797)",Loxodonta africana,Loxodonta,Elephantidae,1.17754,37.7679,,,,Laikipia Samburu,2008-11-25,2008.0,11.0,25.0,HUMAN_OBSERVATION,,
1913607445,"Loxodonta africana (Blumenbach, 1797)",Loxodonta africana,Loxodonta,Elephantidae,0.42219,36.83622,,,,Laikipia Samburu,2008-11-26,2008.0,11.0,26.0,HUMAN_OBSERVATION,,
1913607446,"Loxodonta africana (Blumenbach, 1797)",Loxodonta africana,Loxodonta,Elephantidae,1.08223,37.82254,,,,Laikipia Samburu,2008-11-25,2008.0,11.0,25.0,HUMAN_OBSERVATION,,
1913607447,"Loxodonta africana (Blumenbach, 1797)",Loxodonta africana,Loxodonta,Elephantidae,0.28709,36.96429,,,,Laikipia Samburu,2008-11-26,2008.0,11.0,26.0,HUMAN_OBSERVATION,,
1913607448,"Loxodonta africana (Blumenbach, 1797)",Loxodonta africana,Loxodonta,Elephantidae,0.22609,36.85849,,,,Laikipia Samburu,2008-11-26,2008.0,11.0,26.0,HUMAN_OBSERVATION,,
1913607449,"Loxodonta africana (Blumenbach, 1797)",Loxodonta africana,Loxodonta,Elephantidae,0.41779,36.93336,,,,Laikipia Samburu,2008-11-26,2008.0,11.0,26.0,HUMAN_OBSERVATION,,
1913607450,"Loxodonta africana (Blumenbach, 1797)",Loxodonta africana,Loxodonta,Elephantidae,0.69842,36.58686,,,,Laikipia Samburu,2008-11-26,2008.0,11.0,26.0,HUMAN_OBSERVATION,,
1913607451,"Loxodonta africana (Blumenbach, 1797)",Loxodonta africana,Loxodonta,Elephantidae,1.10368,37.84149,,,,Laikipia Samburu,2008-11-25,2008.0,11.0,25.0,HUMAN_OBSERVATION,,
1913607452,"Loxodonta africana (Blumenbach, 1797)",Loxodonta africana,Loxodonta,Elephantidae,0.36469,36.95244,,,,Laikipia Samburu,2008-11-26,2008.0,11.0,26.0,HUMAN_OBSERVATION,,
1913607453,"Loxodonta africana (Blumenbach, 1797)",Loxodonta africana,Loxodonta,Elephantidae,0.48969,36.83713,,,,Laikipia Samburu,2008-11-26,2008.0,11.0,26.0,HUMAN_OBSERVATION,,
1913607454,"Loxodonta africana (Blumenbach, 1797)",Loxodonta africana,Loxodonta,Elephantidae,0.62543,36.88904,,,,Laikipia Samburu,2008-11-26,2008.0,11.0,26.0,HUMAN_OBSERVATION,,
1913607455,"Loxodonta africana (Blumenbach, 1797)",Loxodonta africana,Loxodonta,Elephantidae,1.1409,37.99045,,,,Laikipia Samburu,2008-11-25,2008.0,11.0,25.0,HUMAN_OBSERVATION,,
1913607456,"Loxodonta africana (Blumenbach, 1797)",Loxodonta africana,Loxodonta,Elephantidae,1.11319,37.89389,,,,Laikipia Samburu,2008-11-25,2008.0,11.0,25.0,HUMAN_OBSERVATION,,
1913607457,"Loxodonta africana (Blumenbach, 1797)",Loxodonta africana,Loxodonta,Elephantidae,0.75526,36.58833,,,,Laikipia Samburu,2008-11-26,2008.0,11.0,26.0,HUMAN_OBSERVATION,,
1913607458,"Loxodonta africana (Blumenbach, 1797)",Loxodonta africana,Loxodonta,Elephantidae,0.5066,36.82532,,,,Laikipia Samburu,2008-11-26,2008.0,11.0,26.0,HUMAN_OBSERVATION,,
1913607459,"Loxodonta africana (Blumenbach, 1797)",Loxodonta africana,Loxodonta,Elephantidae,0.47362,36.86203,,,,Laikipia Samburu,2008-11-26,2008.0,11.0,26.0,HUMAN_OBSERVATION,,
1913607460,"Loxodonta africana (Blumenbach, 1797)",Loxodonta africana,Loxodonta,Elephantidae,1.13963,37.86789,,,,Laikipia Samburu,2008-11-25,2008.0,11.0,25.0,HUMAN_OBSERVATION,,
1913607461,"Loxodonta africana (Blumenbach, 1797)",Loxodonta africana,Loxodonta,Elephantidae,0.72669,36.61155,,,,Laikipia Samburu,2008-11-26,2008.0,11.0,26.0,HUMAN_OBSERVATION,,
1913607462,"Loxodonta africana (Blumenbach, 1797)",Loxodonta africana,Loxodonta,Elephantidae,0.72696,36.6451,,,,Laikipia Samburu,2008-11-26,2008.0,11.0,26.0,HUMAN_OBSERVATION,,
1913607463,"Loxodonta africana (Blumenbach, 1797)",Loxodonta africana,Loxodonta,Elephantidae,1.07369,37.90437,,,,Laikipia Samburu,2008-11-25,2008.0,11.0,25.0,HUMAN_OBSERVATION,,
1913607464,"Loxodonta africana (Blumenbach, 1797)",Loxodonta africana,Loxodonta,Elephantidae,0.47273,36.8453,,,,Laikipia Samburu,2008-11-26,2008.0,11.0,26.0,HUMAN_OBSERVATION,,
1913607465,"Loxodonta africana (Blumenbach, 1797)",Loxodonta africana,Loxodonta,Elephantidae,0.21587,36.85449,,,,Laikipia Samburu,2008-11-26,2008.0,11.0,26.0,HUMAN_OBSERVATION,,
1913607466,"Loxodonta africana (Blumenbach, 1797)",Loxodonta africana,Loxodonta,Elephantidae,0.29247,36.89678,,,,Laikipia Samburu,2008-11-26,2008.0,11.0,26.0,HUMAN_OBSERVATION,,
1913607467,"Loxodonta africana (Blumenbach, 1797)",Loxodonta africana,Loxodonta,Elephantidae,0.36486,36.88743,,,,Laikipia Samburu,2008-11-26,2008.0,11.0,26.0,HUMAN_OBSERVATION,,
1913607468,"Loxodonta africana (Blumenbach, 1797)",Loxodonta africana,Loxodonta,Elephantidae,0.46915,36.84509,,,,Laikipia Samburu,2008-11-26,2008.0,11.0,26.0,HUMAN_OBSERVATION,,
1913607469,"Loxodonta africana (Blumenbach, 1797)",Loxodonta africana,Loxodonta,Elephantidae,1.10993,37.87827,,,,Laikipia Samburu,2008-11-25,2008.0,11.0,25.0,HUMAN_OBSERVATION,,
1913607470,"Loxodonta africana (Blumenbach, 1797)",Loxodonta africana,Loxodonta,Elephantidae,0.22679,36.84655,,,,Laikipia Samburu,2008-11-26,2008.0,11.0,26.0,HUMAN_OBSERVATION,,
1913607471,"Loxodonta africana (Blumenbach, 1797)",Loxodonta africana,Loxodonta,Elephantidae,0.40674,36.70202,,,,Laikipia Samburu,2008-11-26,2008.0,11.0,26.0,HUMAN_OBSERVATION,,
1913607472,"Loxodonta africana (Blumenbach, 1797)",Loxodonta africana,Loxodonta,Elephantidae,1.06221,37.86333,,,,Laikipia Samburu,2008-11-25,2008.0,11.0,25.0,HUMAN_OBSERVATION,,
1913607473,"Loxodonta africana (Blumenbach, 1797)",Loxodonta africana,Loxodonta,Elephantidae,0.70657,36.55067,,,,Laikipia Samburu,2008-11-26,2008.0,11.0,26.0,HUMAN_OBSERVATION,,
1913607474,"Loxodonta africana (Blumenbach, 1797)",Loxodonta africana,Loxodonta,Elephantidae,1.17758,37.75687,,,,Laikipia Samburu,2008-11-25,2008.0,11.0,25.0,HUMAN_OBSERVATION,,
1913607475,"Loxodonta africana (Blumenbach, 1797)",Loxodonta africana,Loxodonta,Elephantidae,0.21301,36.82806,,,,Laikipia Samburu,2008-11-26,2008.0,11.0,26.0,HUMAN_OBSERVATION,,
1913607476,"Loxodonta africana (Blumenbach, 1797)",Loxodonta africana,Loxodonta,Elephantidae,1.141,38.03018,,,,Laikipia Samburu,2008-11-24,2008.0,11.0,24.0,HUMAN_OBSERVATION,,
1913607477,"Loxodonta africana (Blumenbach, 1797)",Loxodonta africana,Loxodonta,Elephantidae,1.07937,37.81431,,,,Laikipia Samburu,2008-11-25,2008.0,11.0,25.0,HUMAN_OBSERVATION,,
1913607478,"Loxodonta africana (Blumenbach, 1797)",Loxodonta africana,Loxodonta,Elephantidae,1.12246,37.85374,,,,Laikipia Samburu,2008-11-25,2008.0,11.0,25.0,HUMAN_OBSERVATION,,
1913607479,"Loxodonta africana (Blumenbach, 1797)",Loxodonta africana,Loxodonta,Elephantidae,1.05826,37.87021,,,,Laikipia Samburu,2008-11-25,2008.0,11.0,25.0,HUMAN_OBSERVATION,,
1913607480,"Loxodonta africana (Blumenbach, 1797)",Loxodonta africana,Loxodonta,Elephantidae,0.68419,36.63705,,,,Laikipia Samburu,2008-11-26,2008.0,11.0,26.0,HUMAN_OBSERVATION,,
1913607481,"Loxodonta africana (Blumenbach, 1797)",Loxodonta africana,Loxodonta,Elephantidae,1.05816,37.87824,,,,Laikipia Samburu,2008-11-25,2008.0,11.0,25.0,HUMAN_OBSERVATION,,
1913607482,"Loxodonta africana (Blumenbach, 1797)",Loxodonta africana,Loxodonta,Elephantidae,0.55639,36.85279,,,,Laikipia Samburu,2008-11-26,2008.0,11.0,26.0,HUMAN_OBSERVATION,,
1913607483,"Loxodonta africana (Blumenbach, 1797)",Loxodonta africana,Loxodonta,Elephantidae,0.29474,36.69922,,,,Laikipia Samburu,2008-11-26,2008.0,11.0,26.0,HUMAN_OBSERVATION,,
1913607484,"Loxodonta africana (Blumenbach, 1797)",Loxodonta africana,Loxodonta,Elephantidae,0.49607,36.82188,,,,Laikipia Samburu,2008-11-26,2008.0,11.0,26.0,HUMAN_OBSERVATION,,
1913607485,"Loxodonta africana (Blumenbach, 1797)",Loxodonta africana,Loxodonta,Elephantidae,0.22412,36.63581,,,,Laikipia Samburu,2008-11-26,2008.0,11.0,26.0,HUMAN_OBSERVATION,,
1913607486,"Loxodonta africana (Blumenbach, 1797)",Loxodonta africana,Loxodonta,Elephantidae,0.69153,36.62026,,,,Laikipia Samburu,2008-11-26,2008.0,11.0,26.0,HUMAN_OBSERVATION,,
1913607487,"Loxodonta africana (Blumenbach, 1797)",Loxodonta africana,Loxodonta,Elephantidae,1.14199,37.88605,,,,Laikipia Samburu,2008-11-25,2008.0,11.0,25.0,HUMAN_OBSERVATION,,
1913607488,"Loxodonta africana (Blumenbach, 1797)",Loxodonta africana,Loxodonta,Elephantidae,0.67494,36.84318,,,,Laikipia Samburu,2008-11-26,2008.0,11.0,26.0,HUMAN_OBSERVATION,,
1913607489,"Loxodonta africana (Blumenbach, 1797)",Loxodonta africana,Loxodonta,Elephantidae,0.39997,36.65491,,,,Laikipia Samburu,2008-11-28,2008.0,11.0,28.0,HUMAN_OBSERVATION,,
1913607490,"Loxodonta africana (Blumenbach, 1797)",Loxodonta africana,Loxodonta,Elephantidae,1.07539,37.90519,,,,Laikipia Samburu,2008-11-25,2008.0,11.0,25.0,HUMAN_OBSERVATION,,
1913607491,"Loxodonta africana (Blumenbach, 1797)",Loxodonta africana,Loxodonta,Elephantidae,1.09777,37.83258,,,,Laikipia Samburu,2008-11-25,2008.0,11.0,25.0,HUMAN_OBSERVATION,,
1913607492,"Loxodonta africana (Blumenbach, 1797)",Loxodonta africana,Loxodonta,Elephantidae,0.73797,36.60038,,,,Laikipia Samburu,2008-11-26,2008.0,11.0,26.0,HUMAN_OBSERVATION,,
1913607493,"Loxodonta africana (Blumenbach, 1797)",Loxodonta africana,Loxodonta,Elephantidae,0.54214,36.84518,,,,Laikipia Samburu,2008-11-26,2008.0,11.0,26.0,HUMAN_OBSERVATION,,
1913607494,"Loxodonta africana (Blumenbach, 1797)",Loxodonta africana,Loxodonta,Elephantidae,1.22564,37.77482,,,,Laikipia Samburu,2008-11-25,2008.0,11.0,25.0,HUMAN_OBSERVATION,,
1913607495,"Loxodonta africana (Blumenbach, 1797)",Loxodonta africana,Loxodonta,Elephantidae,1.12,37.93135,,,,Laikipia Samburu,2008-11-25,2008.0,11.0,25.0,HUMAN_OBSERVATION,,
1913607496,"Loxodonta africana (Blumenbach, 1797)",Loxodonta africana,Loxodonta,Elephantidae,0.56141,36.8527,,,,Laikipia Samburu,2008-11-26,2008.0,11.0,26.0,HUMAN_OBSERVATION,,
1913607497,"Loxodonta africana (Blumenbach, 1797)",Loxodonta africana,Loxodonta,Elephantidae,2.54933,38.65916,,,,Laikipia Samburu,2008-11-28,2008.0,11.0,28.0,HUMAN_OBSERVATION,,
1913607498,"Loxodonta africana (Blumenbach, 1797)",Loxodonta africana,Loxodonta,Elephantidae,0.73933,36.5836,,,,Laikipia Samburu,2008-11-26,2008.0,11.0,26.0,HUMAN_OBSERVATION,,
1913607499,"Loxodonta africana (Blumenbach, 1797)",Loxodonta africana,Loxodonta,Elephantidae,1.16711,37.83213,,,,Laikipia Samburu,2008-11-25,2008.0,11.0,25.0,HUMAN_OBSERVATION,,
1913607500,"Loxodonta africana (Blumenbach, 1797)",Loxodonta africana,Loxodonta,Elephantidae,0.31735,36.73919,,,,Laikipia Samburu,2008-11-26,2008.0,11.0,26.0,HUMAN_OBSERVATION,,
1913607501,"Loxodonta africana (Blumenbach, 1797)",Loxodonta africana,Loxodonta,Elephantidae,1.15933,37.81224,,,,Laikipia Samburu,2008-11-25,2008.0,11.0,25.0,HUMAN_OBSERVATION,,
1913607502,"Loxodonta africana (Blumenbach, 1797)",Loxodonta africana,Loxodonta,Elephantidae,0.32508,36.789,,,,Laikipia Samburu,2008-11-26,2008.0,11.0,26.0,HUMAN_OBSERVATION,,
1913607503,"Loxodonta africana (Blumenbach, 1797)",Loxodonta africana,Loxodonta,Elephantidae,0.71432,36.61902,,,,Laikipia Samburu,2008-11-26,2008.0,11.0,26.0,HUMAN_OBSERVATION,,
1913607504,"Loxodonta africana (Blumenbach, 1797)",Loxodonta africana,Loxodonta,Elephantidae,0.23132,36.6288,,,,Laikipia Samburu,2008-11-26,2008.0,11.0,26.0,HUMAN_OBSERVATION,,
1913607505,"Loxodonta africana (Blumenbach, 1797)",Loxodonta africana,Loxodonta,Elephantidae,1.0686,37.75394,,,,Laikipia Samburu,2008-11-25,2008.0,11.0,25.0,HUMAN_OBSERVATION,,
1913607506,"Loxodonta africana (Blumenbach, 1797)",Loxodonta africana,Loxodonta,Elephantidae,0.74534,36.62902,,,,Laikipia Samburu,2008-11-26,2008.0,11.0,26.0,HUMAN_OBSERVATION,,
1913607507,"Loxodonta africana (Blumenbach, 1797)",Loxodonta africana,Loxodonta,Elephantidae,1.16972,37.81563,,,,Laikipia Samburu,2008-11-25,2008.0,11.0,25.0,HUMAN_OBSERVATION,,
1913607508,"Loxodonta africana (Blumenbach, 1797)",Loxodonta africana,Loxodonta,Elephantidae,0.70094,36.63798,,,,Laikipia Samburu,2008-11-26,2008.0,11.0,26.0,HUMAN_OBSERVATION,,
1913607509,"Loxodonta africana (Blumenbach, 1797)",Loxodonta africana,Loxodonta,Elephantidae,0.52915,36.82594,,,,Laikipia Samburu,2008-11-26,2008.0,11.0,26.0,HUMAN_OBSERVATION,,
1913607510,"Loxodonta africana (Blumenbach, 1797)",Loxodonta africana,Loxodonta,Elephantidae,1.06287,37.80689,,,,Laikipia Samburu,2008-11-25,2008.0,11.0,25.0,HUMAN_OBSERVATION,,
1913607511,"Loxodonta africana (Blumenbach, 1797)",Loxodonta africana,Loxodonta,Elephantidae,1.17554,37.92633,,,,Laikipia Samburu,2008-11-25,2008.0,11.0,25.0,HUMAN_OBSERVATION,,
1913607512,"Loxodonta africana (Blumenbach, 1797)",Loxodonta africana,Loxodonta,Elephantidae,2.55817,38.58084,,,,Laikipia Samburu,2008-11-28,2008.0,11.0,28.0,HUMAN_OBSERVATION,,
1913607513,"Loxodonta africana (Blumenbach, 1797)",Loxodonta africana,Loxodonta,Elephantidae,0.56915,36.82674,,,,Laikipia Samburu,2008-11-26,2008.0,11.0,26.0,HUMAN_OBSERVATION,,
1913607514,"Loxodonta africana (Blumenbach, 1797)",Loxodonta africana,Loxodonta,Elephantidae,0.49966,36.83193,,,,Laikipia Samburu,2008-11-26,2008.0,11.0,26.0,HUMAN_OBSERVATION,,
1913607515,"Loxodonta africana (Blumenbach, 1797)",Loxodonta africana,Loxodonta,Elephantidae,0.29048,37.17052,,,,Laikipia Samburu,2008-11-26,2008.0,11.0,26.0,HUMAN_OBSERVATION,,
1913607516,"Loxodonta africana (Blumenbach, 1797)",Loxodonta africana,Loxodonta,Elephantidae,0.50338,36.81541,,,,Laikipia Samburu,2008-11-26,2008.0,11.0,26.0,HUMAN_OBSERVATION,,
1913607517,"Loxodonta africana (Blumenbach, 1797)",Loxodonta africana,Loxodonta,Elephantidae,0.56718,36.85241,,,,Laikipia Samburu,2008-11-26,2008.0,11.0,26.0,HUMAN_OBSERVATION,,
1913607518,"Loxodonta africana (Blumenbach, 1797)",Loxodonta africana,Loxodonta,Elephantidae,0.60022,36.85249,,,,Laikipia Samburu,2008-11-26,2008.0,11.0,26.0,HUMAN_OBSERVATION,,
1913607519,"Loxodonta africana (Blumenbach, 1797)",Loxodonta africana,Loxodonta,Elephantidae,1.11923,37.92861,,,,Laikipia Samburu,2008-11-25,2008.0,11.0,25.0,HUMAN_OBSERVATION,,
1913607520,"Loxodonta africana (Blumenbach, 1797)",Loxodonta africana,Loxodonta,Elephantidae,1.14217,37.97632,,,,Laikipia Samburu,2008-11-25,2008.0,11.0,25.0,HUMAN_OBSERVATION,,
1913607521,"Loxodonta africana (Blumenbach, 1797)",Loxodonta africana,Loxodonta,Elephantidae,1.10211,37.86014,,,,Laikipia Samburu,2008-11-25,2008.0,11.0,25.0,HUMAN_OBSERVATION,,
1913607522,"Loxodonta africana (Blumenbach, 1797)",Loxodonta africana,Loxodonta,Elephantidae,1.19189,37.77658,,,,Laikipia Samburu,2008-11-25,2008.0,11.0,25.0,HUMAN_OBSERVATION,,
1913607523,"Loxodonta africana (Blumenbach, 1797)",Loxodonta africana,Loxodonta,Elephantidae,1.06353,37.88723,,,,Laikipia Samburu,2008-11-25,2008.0,11.0,25.0,HUMAN_OBSERVATION,,
1913607524,"Loxodonta africana (Blumenbach, 1797)",Loxodonta africana,Loxodonta,Elephantidae,1.21193,37.77385,,,,Laikipia Samburu,2008-11-25,2008.0,11.0,25.0,HUMAN_OBSERVATION,,
1913607525,"Loxodonta africana (Blumenbach, 1797)",Loxodonta africana,Loxodonta,Elephantidae,1.12638,37.85115,,,,Laikipia Samburu,2008-11-25,2008.0,11.0,25.0,HUMAN_OBSERVATION,,
1913607526,"Loxodonta africana (Blumenbach, 1797)",Loxodonta africana,Loxodonta,Elephantidae,0.7206,36.63727,,,,Laikipia Samburu,2008-11-26,2008.0,11.0,26.0,HUMAN_OBSERVATION,,
1913607527,"Loxodonta africana (Blumenbach, 1797)",Loxodonta africana,Loxodonta,Elephantidae,0.74716,36.59555,,,,Laikipia Samburu,2008-11-26,2008.0,11.0,26.0,HUMAN_OBSERVATION,,
1913607528,"Loxodonta africana (Blumenbach, 1797)",Loxodonta africana,Loxodonta,Elephantidae,0.46463,36.8084,,,,Laikipia Samburu,2008-11-26,2008.0,11.0,26.0,HUMAN_OBSERVATION,,
1913607529,"Loxodonta africana (Blumenbach, 1797)",Loxodonta africana,Loxodonta,Elephantidae,0.29532,37.16889,,,,Laikipia Samburu,2008-11-26,2008.0,11.0,26.0,HUMAN_OBSERVATION,,
1913607530,"Loxodonta africana (Blumenbach, 1797)",Loxodonta africana,Loxodonta,Elephantidae,0.73952,36.61951,,,,Laikipia Samburu,2008-11-26,2008.0,11.0,26.0,HUMAN_OBSERVATION,,
1913607531,"Loxodonta africana (Blumenbach, 1797)",Loxodonta africana,Loxodonta,Elephantidae,1.11278,37.85109,,,,Laikipia Samburu,2008-11-25,2008.0,11.0,25.0,HUMAN_OBSERVATION,,
1913607532,"Loxodonta africana (Blumenbach, 1797)",Loxodonta africana,Loxodonta,Elephantidae,0.53984,36.85239,,,,Laikipia Samburu,2008-11-26,2008.0,11.0,26.0,HUMAN_OBSERVATION,,
1913607533,"Loxodonta africana (Blumenbach, 1797)",Loxodonta africana,Loxodonta,Elephantidae,0.53372,36.81699,,,,Laikipia Samburu,2008-11-26,2008.0,11.0,26.0,HUMAN_OBSERVATION,,
1913607534,"Loxodonta africana (Blumenbach, 1797)",Loxodonta africana,Loxodonta,Elephantidae,0.56382,36.84416,,,,Laikipia Samburu,2008-11-26,2008.0,11.0,26.0,HUMAN_OBSERVATION,,
1913607535,"Loxodonta africana (Blumenbach, 1797)",Loxodonta africana,Loxodonta,Elephantidae,1.10792,37.94081,,,,Laikipia Samburu,2008-11-25,2008.0,11.0,25.0,HUMAN_OBSERVATION,,
1913607536,"Loxodonta africana (Blumenbach, 1797)",Loxodonta africana,Loxodonta,Elephantidae,0.54035,36.78963,,,,Laikipia Samburu,2008-11-26,2008.0,11.0,26.0,HUMAN_OBSERVATION,,
1913607537,"Loxodonta africana (Blumenbach, 1797)",Loxodonta africana,Loxodonta,Elephantidae,0.68218,36.82578,,,,Laikipia Samburu,2008-11-26,2008.0,11.0,26.0,HUMAN_OBSERVATION,,
1913607538,"Loxodonta africana (Blumenbach, 1797)",Loxodonta africana,Loxodonta,Elephantidae,1.11392,37.93173,,,,Laikipia Samburu,2008-11-25,2008.0,11.0,25.0,HUMAN_OBSERVATION,,
1913607539,"Loxodonta africana (Blumenbach, 1797)",Loxodonta africana,Loxodonta,Elephantidae,1.15096,37.7558,,,,Laikipia Samburu,2008-11-25,2008.0,11.0,25.0,HUMAN_OBSERVATION,,
1913607540,"Loxodonta africana (Blumenbach, 1797)",Loxodonta africana,Loxodonta,Elephantidae,0.50479,36.82393,,,,Laikipia Samburu,2008-11-26,2008.0,11.0,26.0,HUMAN_OBSERVATION,,
1913607541,"Loxodonta africana (Blumenbach, 1797)",Loxodonta africana,Loxodonta,Elephantidae,0.64513,36.86115,,,,Laikipia Samburu,2008-11-26,2008.0,11.0,26.0,HUMAN_OBSERVATION,,
1913607542,"Loxodonta africana (Blumenbach, 1797)",Loxodonta africana,Loxodonta,Elephantidae,0.24424,37.17167,,,,Laikipia Samburu,2008-11-26,2008.0,11.0,26.0,HUMAN_OBSERVATION,,
1913607543,"Loxodonta africana (Blumenbach, 1797)",Loxodonta africana,Loxodonta,Elephantidae,1.14558,37.78807,,,,Laikipia Samburu,2008-11-25,2008.0,11.0,25.0,HUMAN_OBSERVATION,,
1913607544,"Loxodonta africana (Blumenbach, 1797)",Loxodonta africana,Loxodonta,Elephantidae,1.13587,37.87602,,,,Laikipia Samburu,2008-11-25,2008.0,11.0,25.0,HUMAN_OBSERVATION,,
1913607545,"Loxodonta africana (Blumenbach, 1797)",Loxodonta africana,Loxodonta,Elephantidae,0.4665,36.88819,,,,Laikipia Samburu,2008-11-26,2008.0,11.0,26.0,HUMAN_OBSERVATION,,
1913607546,"Loxodonta africana (Blumenbach, 1797)",Loxodonta africana,Loxodonta,Elephantidae,0.5359,36.82589,,,,Laikipia Samburu,2008-11-26,2008.0,11.0,26.0,HUMAN_OBSERVATION,,
1913607547,"Loxodonta africana (Blumenbach, 1797)",Loxodonta africana,Loxodonta,Elephantidae,0.40912,36.81648,,,,Laikipia Samburu,2008-11-26,2008.0,11.0,26.0,HUMAN_OBSERVATION,,
1913607548,"Loxodonta africana (Blumenbach, 1797)",Loxodonta africana,Loxodonta,Elephantidae,0.6224,36.85277,,,,Laikipia Samburu,2008-11-26,2008.0,11.0,26.0,HUMAN_OBSERVATION,,
1913607549,"Loxodonta africana (Blumenbach, 1797)",Loxodonta africana,Loxodonta,Elephantidae,0.32058,37.1371,,,,Laikipia Samburu,2008-11-26,2008.0,11.0,26.0,HUMAN_OBSERVATION,,
1913607550,"Loxodonta africana (Blumenbach, 1797)",Loxodonta africana,Loxodonta,Elephantidae,0.25231,37.4551,,,,Laikipia Samburu,2008-11-26,2008.0,11.0,26.0,HUMAN_OBSERVATION,,
1913607551,"Loxodonta africana (Blumenbach, 1797)",Loxodonta africana,Loxodonta,Elephantidae,0.65994,36.86247,,,,Laikipia Samburu,2008-11-26,2008.0,11.0,26.0,HUMAN_OBSERVATION,,
1913607552,"Loxodonta africana (Blumenbach, 1797)",Loxodonta africana,Loxodonta,Elephantidae,1.08038,37.85053,,,,Laikipia Samburu,2008-11-25,2008.0,11.0,25.0,HUMAN_OBSERVATION,,
1913607553,"Loxodonta africana (Blumenbach, 1797)",Loxodonta africana,Loxodonta,Elephantidae,0.46305,36.81683,,,,Laikipia Samburu,2008-11-26,2008.0,11.0,26.0,HUMAN_OBSERVATION,,
1913607554,"Loxodonta africana (Blumenbach, 1797)",Loxodonta africana,Loxodonta,Elephantidae,0.57859,36.8348,,,,Laikipia Samburu,2008-11-26,2008.0,11.0,26.0,HUMAN_OBSERVATION,,
1913607555,"Loxodonta africana (Blumenbach, 1797)",Loxodonta africana,Loxodonta,Elephantidae,1.17354,37.86838,,,,Laikipia Samburu,2008-11-25,2008.0,11.0,25.0,HUMAN_OBSERVATION,,
1913607556,"Loxodonta africana (Blumenbach, 1797)",Loxodonta africana,Loxodonta,Elephantidae,0.31165,37.16325,,,,Laikipia Samburu,2008-11-26,2008.0,11.0,26.0,HUMAN_OBSERVATION,,
1913607557,"Loxodonta africana (Blumenbach, 1797)",Loxodonta africana,Loxodonta,Elephantidae,0.61883,36.84381,,,,Laikipia Samburu,2008-11-26,2008.0,11.0,26.0,HUMAN_OBSERVATION,,
1913607558,"Loxodonta africana (Blumenbach, 1797)",Loxodonta africana,Loxodonta,Elephantidae,0.60459,36.86233,,,,Laikipia Samburu,2008-11-26,2008.0,11.0,26.0,HUMAN_OBSERVATION,,
1913607559,"Loxodonta africana (Blumenbach, 1797)",Loxodonta africana,Loxodonta,Elephantidae,1.12604,37.86537,,,,Laikipia Samburu,2008-11-25,2008.0,11.0,25.0,HUMAN_OBSERVATION,,
1913607560,"Loxodonta africana (Blumenbach, 1797)",Loxodonta africana,Loxodonta,Elephantidae,1.07345,37.88575,,,,Laikipia Samburu,2008-11-25,2008.0,11.0,25.0,HUMAN_OBSERVATION,,
1913607561,"Loxodonta africana (Blumenbach, 1797)",Loxodonta africana,Loxodonta,Elephantidae,0.44438,36.81682,,,,Laikipia Samburu,2008-11-26,2008.0,11.0,26.0,HUMAN_OBSERVATION,,
1913607562,"Loxodonta africana (Blumenbach, 1797)",Loxodonta africana,Loxodonta,Elephantidae,0.19532,37.44647,,,,Laikipia Samburu,2008-11-26,2008.0,11.0,26.0,HUMAN_OBSERVATION,,
1913607563,"Loxodonta africana (Blumenbach, 1797)",Loxodonta africana,Loxodonta,Elephantidae,0.37968,37.10401,,,,Laikipia Samburu,2008-11-26,2008.0,11.0,26.0,HUMAN_OBSERVATION,,
1913607564,"Loxodonta africana (Blumenbach, 1797)",Loxodonta africana,Loxodonta,Elephantidae,0.5175,36.8164,,,,Laikipia Samburu,2008-11-26,2008.0,11.0,26.0,HUMAN_OBSERVATION,,
1913607565,"Loxodonta africana (Blumenbach, 1797)",Loxodonta africana,Loxodonta,Elephantidae,0.27563,37.34681,,,,Laikipia Samburu,2008-11-26,2008.0,11.0,26.0,HUMAN_OBSERVATION,,
1913607566,"Loxodonta africana (Blumenbach, 1797)",Loxodonta africana,Loxodonta,Elephantidae,0.43173,36.78022,,,,Laikipia Samburu,2008-11-26,2008.0,11.0,26.0,HUMAN_OBSERVATION,,
1913607567,"Loxodonta africana (Blumenbach, 1797)",Loxodonta africana,Loxodonta,Elephantidae,0.29947,37.07296,,,,Laikipia Samburu,2008-11-26,2008.0,11.0,26.0,HUMAN_OBSERVATION,,
1913607568,"Loxodonta africana (Blumenbach, 1797)",Loxodonta africana,Loxodonta,Elephantidae,0.28656,37.17418,,,,Laikipia Samburu,2008-11-26,2008.0,11.0,26.0,HUMAN_OBSERVATION,,
1913607569,"Loxodonta africana (Blumenbach, 1797)",Loxodonta africana,Loxodonta,Elephantidae,0.22602,37.32,,,,Laikipia Samburu,2008-11-26,2008.0,11.0,26.0,HUMAN_OBSERVATION,,
1913607570,"Loxodonta africana (Blumenbach, 1797)",Loxodonta africana,Loxodonta,Elephantidae,0.6614,36.8361,,,,Laikipia Samburu,2008-11-26,2008.0,11.0,26.0,HUMAN_OBSERVATION,,
1913607571,"Loxodonta africana (Blumenbach, 1797)",Loxodonta africana,Loxodonta,Elephantidae,0.51461,36.82594,,,,Laikipia Samburu,2008-11-26,2008.0,11.0,26.0,HUMAN_OBSERVATION,,
1913607572,"Loxodonta africana (Blumenbach, 1797)",Loxodonta africana,Loxodonta,Elephantidae,2.54912,38.59079,,,,Laikipia Samburu,2008-11-28,2008.0,11.0,28.0,HUMAN_OBSERVATION,,
1913607573,"Loxodonta africana (Blumenbach, 1797)",Loxodonta africana,Loxodonta,Elephantidae,0.48003,36.65236,,,,Laikipia Samburu,2008-11-28,2008.0,11.0,28.0,HUMAN_OBSERVATION,,
1913607574,"Loxodonta africana (Blumenbach, 1797)",Loxodonta africana,Loxodonta,Elephantidae,0.31564,37.14531,,,,Laikipia Samburu,2008-11-26,2008.0,11.0,26.0,HUMAN_OBSERVATION,,
1913607575,"Loxodonta africana (Blumenbach, 1797)",Loxodonta africana,Loxodonta,Elephantidae,0.29782,37.15392,,,,Laikipia Samburu,2008-11-26,2008.0,11.0,26.0,HUMAN_OBSERVATION,,
1913607576,"Loxodonta africana (Blumenbach, 1797)",Loxodonta africana,Loxodonta,Elephantidae,0.31486,37.13222,,,,Laikipia Samburu,2008-11-26,2008.0,11.0,26.0,HUMAN_OBSERVATION,,
1913607577,"Loxodonta africana (Blumenbach, 1797)",Loxodonta africana,Loxodonta,Elephantidae,0.28491,37.17689,,,,Laikipia Samburu,2008-11-26,2008.0,11.0,26.0,HUMAN_OBSERVATION,,
1913607578,"Loxodonta africana (Blumenbach, 1797)",Loxodonta africana,Loxodonta,Elephantidae,0.48492,36.94003,,,,Laikipia Samburu,2008-11-26,2008.0,11.0,26.0,HUMAN_OBSERVATION,,
1913607579,"Loxodonta africana (Blumenbach, 1797)",Loxodonta africana,Loxodonta,Elephantidae,2.45577,38.51947,,,,Laikipia Samburu,2008-11-28,2008.0,11.0,28.0,HUMAN_OBSERVATION,,
1913607580,"Loxodonta africana (Blumenbach, 1797)",Loxodonta africana,Loxodonta,Elephantidae,0.29619,37.16941,,,,Laikipia Samburu,2008-11-26,2008.0,11.0,26.0,HUMAN_OBSERVATION,,
1913607581,"Loxodonta africana (Blumenbach, 1797)",Loxodonta africana,Loxodonta,Elephantidae,0.32493,37.14276,,,,Laikipia Samburu,2008-11-26,2008.0,11.0,26.0,HUMAN_OBSERVATION,,
1913607582,"Loxodonta africana (Blumenbach, 1797)",Loxodonta africana,Loxodonta,Elephantidae,0.54696,37.08402,,,,Laikipia Samburu,2008-11-26,2008.0,11.0,26.0,HUMAN_OBSERVATION,,
1913607583,"Loxodonta africana (Blumenbach, 1797)",Loxodonta africana,Loxodonta,Elephantidae,0.58806,36.85308,,,,Laikipia Samburu,2008-11-26,2008.0,11.0,26.0,HUMAN_OBSERVATION,,
1913607584,"Loxodonta africana (Blumenbach, 1797)",Loxodonta africana,Loxodonta,Elephantidae,0.5983,36.84431,,,,Laikipia Samburu,2008-11-26,2008.0,11.0,26.0,HUMAN_OBSERVATION,,
1913607585,"Loxodonta africana (Blumenbach, 1797)",Loxodonta africana,Loxodonta,Elephantidae,0.55506,36.79929,,,,Laikipia Samburu,2008-11-26,2008.0,11.0,26.0,HUMAN_OBSERVATION,,
1913607586,"Loxodonta africana (Blumenbach, 1797)",Loxodonta africana,Loxodonta,Elephantidae,0.57894,36.81672,,,,Laikipia Samburu,2008-11-26,2008.0,11.0,26.0,HUMAN_OBSERVATION,,
1913607587,"Loxodonta africana (Blumenbach, 1797)",Loxodonta africana,Loxodonta,Elephantidae,0.97738,37.60069,,,,Laikipia Samburu,2008-11-25,2008.0,11.0,25.0,HUMAN_OBSERVATION,,
1913607588,"Loxodonta africana (Blumenbach, 1797)",Loxodonta africana,Loxodonta,Elephantidae,1.19046,37.7163,,,,Laikipia Samburu,2008-11-24,2008.0,11.0,24.0,HUMAN_OBSERVATION,,
1913607589,"Loxodonta africana (Blumenbach, 1797)",Loxodonta africana,Loxodonta,Elephantidae,0.27112,37.1772,,,,Laikipia Samburu,2008-11-26,2008.0,11.0,26.0,HUMAN_OBSERVATION,,
1913607590,"Loxodonta africana (Blumenbach, 1797)",Loxodonta africana,Loxodonta,Elephantidae,0.20463,37.42717,,,,Laikipia Samburu,2008-11-26,2008.0,11.0,26.0,HUMAN_OBSERVATION,,
1913607591,"Loxodonta africana (Blumenbach, 1797)",Loxodonta africana,Loxodonta,Elephantidae,1.13939,37.66192,,,,Laikipia Samburu,2008-11-24,2008.0,11.0,24.0,HUMAN_OBSERVATION,,
1913607592,"Loxodonta africana (Blumenbach, 1797)",Loxodonta africana,Loxodonta,Elephantidae,0.25212,37.35413,,,,Laikipia Samburu,2008-11-26,2008.0,11.0,26.0,HUMAN_OBSERVATION,,
1913607593,"Loxodonta africana (Blumenbach, 1797)",Loxodonta africana,Loxodonta,Elephantidae,0.19423,37.44687,,,,Laikipia Samburu,2008-11-26,2008.0,11.0,26.0,HUMAN_OBSERVATION,,
1913607594,"Loxodonta africana (Blumenbach, 1797)",Loxodonta africana,Loxodonta,Elephantidae,1.19311,37.73323,,,,Laikipia Samburu,2008-11-24,2008.0,11.0,24.0,HUMAN_OBSERVATION,,
1913607595,"Loxodonta africana (Blumenbach, 1797)",Loxodonta africana,Loxodonta,Elephantidae,0.62922,36.8441,,,,Laikipia Samburu,2008-11-26,2008.0,11.0,26.0,HUMAN_OBSERVATION,,
1913607596,"Loxodonta africana (Blumenbach, 1797)",Loxodonta africana,Loxodonta,Elephantidae,0.49273,36.87993,,,,Laikipia Samburu,2008-11-26,2008.0,11.0,26.0,HUMAN_OBSERVATION,,
1913607597,"Loxodonta africana (Blumenbach, 1797)",Loxodonta africana,Loxodonta,Elephantidae,0.27483,37.17263,,,,Laikipia Samburu,2008-11-26,2008.0,11.0,26.0,HUMAN_OBSERVATION,,
1913607598,"Loxodonta africana (Blumenbach, 1797)",Loxodonta africana,Loxodonta,Elephantidae,1.23239,37.70623,,,,Laikipia Samburu,2008-11-24,2008.0,11.0,24.0,HUMAN_OBSERVATION,,
1913607599,"Loxodonta africana (Blumenbach, 1797)",Loxodonta africana,Loxodonta,Elephantidae,1.60719,37.37079,,,,Laikipia Samburu,2008-11-25,2008.0,11.0,25.0,HUMAN_OBSERVATION,,
1913607600,"Loxodonta africana (Blumenbach, 1797)",Loxodonta africana,Loxodonta,Elephantidae,0.24108,37.15541,,,,Laikipia Samburu,2008-11-26,2008.0,11.0,26.0,HUMAN_OBSERVATION,,
1913607601,"Loxodonta africana (Blumenbach, 1797)",Loxodonta africana,Loxodonta,Elephantidae,0.46372,37.16025,,,,Laikipia Samburu,2008-11-26,2008.0,11.0,26.0,HUMAN_OBSERVATION,,
1913607602,"Loxodonta africana (Blumenbach, 1797)",Loxodonta africana,Loxodonta,Elephantidae,0.19532,37.45528,,,,Laikipia Samburu,2008-11-26,2008.0,11.0,26.0,HUMAN_OBSERVATION,,
1913607603,"Loxodonta africana (Blumenbach, 1797)",Loxodonta africana,Loxodonta,Elephantidae,0.42027,36.80888,,,,Laikipia Samburu,2008-11-26,2008.0,11.0,26.0,HUMAN_OBSERVATION,,
1913607604,"Loxodonta africana (Blumenbach, 1797)",Loxodonta africana,Loxodonta,Elephantidae,0.92467,37.57821,,,,Laikipia Samburu,2008-11-25,2008.0,11.0,25.0,HUMAN_OBSERVATION,,
1913607605,"Loxodonta africana (Blumenbach, 1797)",Loxodonta africana,Loxodonta,Elephantidae,0.87452,37.59346,,,,Laikipia Samburu,2008-11-25,2008.0,11.0,25.0,HUMAN_OBSERVATION,,
1913607606,"Loxodonta africana (Blumenbach, 1797)",Loxodonta africana,Loxodonta,Elephantidae,0.2466,37.51733,,,,Laikipia Samburu,2008-11-26,2008.0,11.0,26.0,HUMAN_OBSERVATION,,
1913607607,"Loxodonta africana (Blumenbach, 1797)",Loxodonta africana,Loxodonta,Elephantidae,0.23791,37.31097,,,,Laikipia Samburu,2008-11-26,2008.0,11.0,26.0,HUMAN_OBSERVATION,,
1913607608,"Loxodonta africana (Blumenbach, 1797)",Loxodonta africana,Loxodonta,Elephantidae,0.93881,37.51756,,,,Laikipia Samburu,2008-11-25,2008.0,11.0,25.0,HUMAN_OBSERVATION,,
1913607609,"Loxodonta africana (Blumenbach, 1797)",Loxodonta africana,Loxodonta,Elephantidae,0.24063,37.16564,,,,Laikipia Samburu,2008-11-26,2008.0,11.0,26.0,HUMAN_OBSERVATION,,
1913607610,"Loxodonta africana (Blumenbach, 1797)",Loxodonta africana,Loxodonta,Elephantidae,0.91836,37.57783,,,,Laikipia Samburu,2008-11-25,2008.0,11.0,25.0,HUMAN_OBSERVATION,,
1913607611,"Loxodonta africana (Blumenbach, 1797)",Loxodonta africana,Loxodonta,Elephantidae,0.90824,37.45542,,,,Laikipia Samburu,2008-11-25,2008.0,11.0,25.0,HUMAN_OBSERVATION,,
1913607612,"Loxodonta africana (Blumenbach, 1797)",Loxodonta africana,Loxodonta,Elephantidae,0.26956,37.49268,,,,Laikipia Samburu,2008-11-26,2008.0,11.0,26.0,HUMAN_OBSERVATION,,
1913607613,"Loxodonta africana (Blumenbach, 1797)",Loxodonta africana,Loxodonta,Elephantidae,0.22379,37.3822,,,,Laikipia Samburu,2008-11-26,2008.0,11.0,26.0,HUMAN_OBSERVATION,,
1913607614,"Loxodonta africana (Blumenbach, 1797)",Loxodonta africana,Loxodonta,Elephantidae,0.95206,37.58824,,,,Laikipia Samburu,2008-11-25,2008.0,11.0,25.0,HUMAN_OBSERVATION,,
1913607615,"Loxodonta africana (Blumenbach, 1797)",Loxodonta africana,Loxodonta,Elephantidae,0.30847,37.16422,,,,Laikipia Samburu,2008-11-26,2008.0,11.0,26.0,HUMAN_OBSERVATION,,
1913607616,"Loxodonta africana (Blumenbach, 1797)",Loxodonta africana,Loxodonta,Elephantidae,0.87579,37.5703,,,,Laikipia Samburu,2008-11-25,2008.0,11.0,25.0,HUMAN_OBSERVATION,,
1913607617,"Loxodonta africana (Blumenbach, 1797)",Loxodonta africana,Loxodonta,Elephantidae,0.97064,37.61214,,,,Laikipia Samburu,2008-11-26,2008.0,11.0,26.0,HUMAN_OBSERVATION,,
1913607618,"Loxodonta africana (Blumenbach, 1797)",Loxodonta africana,Loxodonta,Elephantidae,1.5003,37.3212,,,,Laikipia Samburu,2008-11-25,2008.0,11.0,25.0,HUMAN_OBSERVATION,,
1913607619,"Loxodonta africana (Blumenbach, 1797)",Loxodonta africana,Loxodonta,Elephantidae,0.98299,37.44627,,,,Laikipia Samburu,2008-11-25,2008.0,11.0,25.0,HUMAN_OBSERVATION,,
1913607620,"Loxodonta africana (Blumenbach, 1797)",Loxodonta africana,Loxodonta,Elephantidae,1.56748,37.31821,,,,Laikipia Samburu,2008-11-25,2008.0,11.0,25.0,HUMAN_OBSERVATION,,
1913607621,"Loxodonta africana (Blumenbach, 1797)",Loxodonta africana,Loxodonta,Elephantidae,1.31202,37.33711,,,,Laikipia Samburu,2008-11-25,2008.0,11.0,25.0,HUMAN_OBSERVATION,,
1913607622,"Loxodonta africana (Blumenbach, 1797)",Loxodonta africana,Loxodonta,Elephantidae,1.04773,37.43002,,,,Laikipia Samburu,2008-11-25,2008.0,11.0,25.0,HUMAN_OBSERVATION,,
1913607623,"Loxodonta africana (Blumenbach, 1797)",Loxodonta africana,Loxodonta,Elephantidae,1.04067,37.43789,,,,Laikipia Samburu,2008-11-25,2008.0,11.0,25.0,HUMAN_OBSERVATION,,
1913607624,"Loxodonta africana (Blumenbach, 1797)",Loxodonta africana,Loxodonta,Elephantidae,0.20097,37.45542,,,,Laikipia Samburu,2008-11-26,2008.0,11.0,26.0,HUMAN_OBSERVATION,,
1913607625,"Loxodonta africana (Blumenbach, 1797)",Loxodonta africana,Loxodonta,Elephantidae,1.05334,37.65115,,,,Laikipia Samburu,2008-11-24,2008.0,11.0,24.0,HUMAN_OBSERVATION,,
1913607626,"Loxodonta africana (Blumenbach, 1797)",Loxodonta africana,Loxodonta,Elephantidae,0.97865,37.58879,,,,Laikipia Samburu,2008-11-25,2008.0,11.0,25.0,HUMAN_OBSERVATION,,
1913607627,"Loxodonta africana (Blumenbach, 1797)",Loxodonta africana,Loxodonta,Elephantidae,1.14494,37.65096,,,,Laikipia Samburu,2008-11-24,2008.0,11.0,24.0,HUMAN_OBSERVATION,,
1913607628,"Loxodonta africana (Blumenbach, 1797)",Loxodonta africana,Loxodonta,Elephantidae,0.8831,37.63365,,,,Laikipia Samburu,2008-11-26,2008.0,11.0,26.0,HUMAN_OBSERVATION,,
1913607629,"Loxodonta africana (Blumenbach, 1797)",Loxodonta africana,Loxodonta,Elephantidae,0.21585,37.30973,,,,Laikipia Samburu,2008-11-26,2008.0,11.0,26.0,HUMAN_OBSERVATION,,
1913607630,"Loxodonta africana (Blumenbach, 1797)",Loxodonta africana,Loxodonta,Elephantidae,1.20663,37.74193,,,,Laikipia Samburu,2008-11-24,2008.0,11.0,24.0,HUMAN_OBSERVATION,,
1913607631,"Loxodonta africana (Blumenbach, 1797)",Loxodonta africana,Loxodonta,Elephantidae,1.03031,37.39539,,,,Laikipia Samburu,2008-11-25,2008.0,11.0,25.0,HUMAN_OBSERVATION,,
1913607632,"Loxodonta africana (Blumenbach, 1797)",Loxodonta africana,Loxodonta,Elephantidae,0.96894,37.6326,,,,Laikipia Samburu,2008-11-26,2008.0,11.0,26.0,HUMAN_OBSERVATION,,
1913607633,"Loxodonta africana (Blumenbach, 1797)",Loxodonta africana,Loxodonta,Elephantidae,1.07648,37.12055,,,,Laikipia Samburu,2008-11-25,2008.0,11.0,25.0,HUMAN_OBSERVATION,,
1913607634,"Loxodonta africana (Blumenbach, 1797)",Loxodonta africana,Loxodonta,Elephantidae,0.94924,37.58068,,,,Laikipia Samburu,2008-11-25,2008.0,11.0,25.0,HUMAN_OBSERVATION,,
1913607635,"Loxodonta africana (Blumenbach, 1797)",Loxodonta africana,Loxodonta,Elephantidae,0.95796,37.56146,,,,Laikipia Samburu,2008-11-25,2008.0,11.0,25.0,HUMAN_OBSERVATION,,
1913607636,"Loxodonta africana (Blumenbach, 1797)",Loxodonta africana,Loxodonta,Elephantidae,1.21799,37.57237,,,,Laikipia Samburu,2008-11-24,2008.0,11.0,24.0,HUMAN_OBSERVATION,,
1913607637,"Loxodonta africana (Blumenbach, 1797)",Loxodonta africana,Loxodonta,Elephantidae,0.98866,37.58102,,,,Laikipia Samburu,2008-11-25,2008.0,11.0,25.0,HUMAN_OBSERVATION,,
1913607638,"Loxodonta africana (Blumenbach, 1797)",Loxodonta africana,Loxodonta,Elephantidae,0.93466,37.59405,,,,Laikipia Samburu,2008-11-25,2008.0,11.0,25.0,HUMAN_OBSERVATION,,
1913607639,"Loxodonta africana (Blumenbach, 1797)",Loxodonta africana,Loxodonta,Elephantidae,0.87205,37.46161,,,,Laikipia Samburu,2008-11-25,2008.0,11.0,25.0,HUMAN_OBSERVATION,,
1913607640,"Loxodonta africana (Blumenbach, 1797)",Loxodonta africana,Loxodonta,Elephantidae,1.19437,37.72356,,,,Laikipia Samburu,2008-11-24,2008.0,11.0,24.0,HUMAN_OBSERVATION,,
1913607641,"Loxodonta africana (Blumenbach, 1797)",Loxodonta africana,Loxodonta,Elephantidae,1.06366,37.57187,,,,Laikipia Samburu,2008-11-24,2008.0,11.0,24.0,HUMAN_OBSERVATION,,
1913607642,"Loxodonta africana (Blumenbach, 1797)",Loxodonta africana,Loxodonta,Elephantidae,0.93866,37.6332,,,,Laikipia Samburu,2008-11-26,2008.0,11.0,26.0,HUMAN_OBSERVATION,,
1913607643,"Loxodonta africana (Blumenbach, 1797)",Loxodonta africana,Loxodonta,Elephantidae,1.21223,37.59848,,,,Laikipia Samburu,2008-11-24,2008.0,11.0,24.0,HUMAN_OBSERVATION,,
1913607644,"Loxodonta africana (Blumenbach, 1797)",Loxodonta africana,Loxodonta,Elephantidae,1.25069,37.61588,,,,Laikipia Samburu,2008-11-24,2008.0,11.0,24.0,HUMAN_OBSERVATION,,
1913607645,"Loxodonta africana (Blumenbach, 1797)",Loxodonta africana,Loxodonta,Elephantidae,1.2104,37.55321,,,,Laikipia Samburu,2008-11-25,2008.0,11.0,25.0,HUMAN_OBSERVATION,,
1913607646,"Loxodonta africana (Blumenbach, 1797)",Loxodonta africana,Loxodonta,Elephantidae,0.92856,37.48222,,,,Laikipia Samburu,2008-11-25,2008.0,11.0,25.0,HUMAN_OBSERVATION,,
1913607647,"Loxodonta africana (Blumenbach, 1797)",Loxodonta africana,Loxodonta,Elephantidae,1.61503,37.36719,,,,Laikipia Samburu,2008-11-25,2008.0,11.0,25.0,HUMAN_OBSERVATION,,
1913607648,"Loxodonta africana (Blumenbach, 1797)",Loxodonta africana,Loxodonta,Elephantidae,1.0291,37.48344,,,,Laikipia Samburu,2008-11-25,2008.0,11.0,25.0,HUMAN_OBSERVATION,,
1913607649,"Loxodonta africana (Blumenbach, 1797)",Loxodonta africana,Loxodonta,Elephantidae,0.91064,37.55608,,,,Laikipia Samburu,2008-11-25,2008.0,11.0,25.0,HUMAN_OBSERVATION,,
1913607650,"Loxodonta africana (Blumenbach, 1797)",Loxodonta africana,Loxodonta,Elephantidae,0.94318,37.62573,,,,Laikipia Samburu,2008-11-26,2008.0,11.0,26.0,HUMAN_OBSERVATION,,
1913607651,"Loxodonta africana (Blumenbach, 1797)",Loxodonta africana,Loxodonta,Elephantidae,0.8886,37.55412,,,,Laikipia Samburu,2008-11-25,2008.0,11.0,25.0,HUMAN_OBSERVATION,,
1913607652,"Loxodonta africana (Blumenbach, 1797)",Loxodonta africana,Loxodonta,Elephantidae,0.92938,37.45153,,,,Laikipia Samburu,2008-11-25,2008.0,11.0,25.0,HUMAN_OBSERVATION,,
1913607653,"Loxodonta africana (Blumenbach, 1797)",Loxodonta africana,Loxodonta,Elephantidae,0.74234,37.38821,,,,Laikipia Samburu,2008-11-26,2008.0,11.0,26.0,HUMAN_OBSERVATION,,
1913607654,"Loxodonta africana (Blumenbach, 1797)",Loxodonta africana,Loxodonta,Elephantidae,0.92397,37.5917,,,,Laikipia Samburu,2008-11-25,2008.0,11.0,25.0,HUMAN_OBSERVATION,,
1913607655,"Loxodonta africana (Blumenbach, 1797)",Loxodonta africana,Loxodonta,Elephantidae,0.89052,37.46342,,,,Laikipia Samburu,2008-11-25,2008.0,11.0,25.0,HUMAN_OBSERVATION,,
1913607656,"Loxodonta africana (Blumenbach, 1797)",Loxodonta africana,Loxodonta,Elephantidae,0.99477,37.44679,,,,Laikipia Samburu,2008-11-25,2008.0,11.0,25.0,HUMAN_OBSERVATION,,
1913607657,"Loxodonta africana (Blumenbach, 1797)",Loxodonta africana,Loxodonta,Elephantidae,1.07571,37.43276,,,,Laikipia Samburu,2008-11-25,2008.0,11.0,25.0,HUMAN_OBSERVATION,,
1913607658,"Loxodonta africana (Blumenbach, 1797)",Loxodonta africana,Loxodonta,Elephantidae,0.57127,37.55788,,,,Laikipia Samburu,2008-11-26,2008.0,11.0,26.0,HUMAN_OBSERVATION,,
1913607659,"Loxodonta africana (Blumenbach, 1797)",Loxodonta africana,Loxodonta,Elephantidae,1.04012,37.44645,,,,Laikipia Samburu,2008-11-25,2008.0,11.0,25.0,HUMAN_OBSERVATION,,
1913607660,"Loxodonta africana (Blumenbach, 1797)",Loxodonta africana,Loxodonta,Elephantidae,0.74029,37.39018,,,,Laikipia Samburu,2008-11-26,2008.0,11.0,26.0,HUMAN_OBSERVATION,,
1913607661,"Loxodonta africana (Blumenbach, 1797)",Loxodonta africana,Loxodonta,Elephantidae,0.6171,37.52352,,,,Laikipia Samburu,2008-11-26,2008.0,11.0,26.0,HUMAN_OBSERVATION,,
1913607662,"Loxodonta africana (Blumenbach, 1797)",Loxodonta africana,Loxodonta,Elephantidae,0.98715,37.54979,,,,Laikipia Samburu,2008-11-25,2008.0,11.0,25.0,HUMAN_OBSERVATION,,
1913607663,"Loxodonta africana (Blumenbach, 1797)",Loxodonta africana,Loxodonta,Elephantidae,0.9339,37.54842,,,,Laikipia Samburu,2008-11-25,2008.0,11.0,25.0,HUMAN_OBSERVATION,,
1913607664,"Loxodonta africana (Blumenbach, 1797)",Loxodonta africana,Loxodonta,Elephantidae,1.02729,37.58998,,,,Laikipia Samburu,2008-11-24,2008.0,11.0,24.0,HUMAN_OBSERVATION,,
1913607665,"Loxodonta africana (Blumenbach, 1797)",Loxodonta africana,Loxodonta,Elephantidae,1.05176,37.58121,,,,Laikipia Samburu,2008-11-24,2008.0,11.0,24.0,HUMAN_OBSERVATION,,
1913607666,"Loxodonta africana (Blumenbach, 1797)",Loxodonta africana,Loxodonta,Elephantidae,1.2628,37.61802,,,,Laikipia Samburu,2008-11-24,2008.0,11.0,24.0,HUMAN_OBSERVATION,,
1913607667,"Loxodonta africana (Blumenbach, 1797)",Loxodonta africana,Loxodonta,Elephantidae,0.74581,37.388,,,,Laikipia Samburu,2008-11-26,2008.0,11.0,26.0,HUMAN_OBSERVATION,,
1913607668,"Loxodonta africana (Blumenbach, 1797)",Loxodonta africana,Loxodonta,Elephantidae,0.74078,37.41454,,,,Laikipia Samburu,2008-11-26,2008.0,11.0,26.0,HUMAN_OBSERVATION,,
1913607669,"Loxodonta africana (Blumenbach, 1797)",Loxodonta africana,Loxodonta,Elephantidae,0.99298,37.6701,,,,Laikipia Samburu,2008-11-25,2008.0,11.0,25.0,HUMAN_OBSERVATION,,
1913607670,"Loxodonta africana (Blumenbach, 1797)",Loxodonta africana,Loxodonta,Elephantidae,0.99229,37.58231,,,,Laikipia Samburu,2008-11-25,2008.0,11.0,25.0,HUMAN_OBSERVATION,,
1913607671,"Loxodonta africana (Blumenbach, 1797)",Loxodonta africana,Loxodonta,Elephantidae,1.19347,37.54397,,,,Laikipia Samburu,2008-11-25,2008.0,11.0,25.0,HUMAN_OBSERVATION,,
1913607672,"Loxodonta africana (Blumenbach, 1797)",Loxodonta africana,Loxodonta,Elephantidae,0.62635,37.41511,,,,Laikipia Samburu,2008-11-26,2008.0,11.0,26.0,HUMAN_OBSERVATION,,
1913607673,"Loxodonta africana (Blumenbach, 1797)",Loxodonta africana,Loxodonta,Elephantidae,0.58795,37.47545,,,,Laikipia Samburu,2008-11-26,2008.0,11.0,26.0,HUMAN_OBSERVATION,,
1913607674,"Loxodonta africana (Blumenbach, 1797)",Loxodonta africana,Loxodonta,Elephantidae,1.21442,37.58043,,,,Laikipia Samburu,2008-11-24,2008.0,11.0,24.0,HUMAN_OBSERVATION,,
1913607675,"Loxodonta africana (Blumenbach, 1797)",Loxodonta africana,Loxodonta,Elephantidae,1.1726,37.58968,,,,Laikipia Samburu,2008-11-24,2008.0,11.0,24.0,HUMAN_OBSERVATION,,
1913607676,"Loxodonta africana (Blumenbach, 1797)",Loxodonta africana,Loxodonta,Elephantidae,0.91278,37.59955,,,,Laikipia Samburu,2008-11-26,2008.0,11.0,26.0,HUMAN_OBSERVATION,,
1913607677,"Loxodonta africana (Blumenbach, 1797)",Loxodonta africana,Loxodonta,Elephantidae,0.60554,37.48994,,,,Laikipia Samburu,2008-11-26,2008.0,11.0,26.0,HUMAN_OBSERVATION,,
1913607678,"Loxodonta africana (Blumenbach, 1797)",Loxodonta africana,Loxodonta,Elephantidae,0.60335,37.51111,,,,Laikipia Samburu,2008-11-26,2008.0,11.0,26.0,HUMAN_OBSERVATION,,
1913607679,"Loxodonta africana (Blumenbach, 1797)",Loxodonta africana,Loxodonta,Elephantidae,1.26543,37.56836,,,,Laikipia Samburu,2008-11-24,2008.0,11.0,24.0,HUMAN_OBSERVATION,,
1913607680,"Loxodonta africana (Blumenbach, 1797)",Loxodonta africana,Loxodonta,Elephantidae,1.18211,37.58061,,,,Laikipia Samburu,2008-11-24,2008.0,11.0,24.0,HUMAN_OBSERVATION,,
1913607681,"Loxodonta africana (Blumenbach, 1797)",Loxodonta africana,Loxodonta,Elephantidae,0.9793,37.56368,,,,Laikipia Samburu,2008-11-25,2008.0,11.0,25.0,HUMAN_OBSERVATION,,
1913607682,"Loxodonta africana (Blumenbach, 1797)",Loxodonta africana,Loxodonta,Elephantidae,0.76868,37.36312,,,,Laikipia Samburu,2008-11-26,2008.0,11.0,26.0,HUMAN_OBSERVATION,,
1913607683,"Loxodonta africana (Blumenbach, 1797)",Loxodonta africana,Loxodonta,Elephantidae,0.59461,37.5806,,,,Laikipia Samburu,2008-11-26,2008.0,11.0,26.0,HUMAN_OBSERVATION,,
1913607684,"Loxodonta africana (Blumenbach, 1797)",Loxodonta africana,Loxodonta,Elephantidae,0.5614,37.56344,,,,Laikipia Samburu,2008-11-26,2008.0,11.0,26.0,HUMAN_OBSERVATION,,
1913607685,"Loxodonta africana (Blumenbach, 1797)",Loxodonta africana,Loxodonta,Elephantidae,1.16824,37.60777,,,,Laikipia Samburu,2008-11-24,2008.0,11.0,24.0,HUMAN_OBSERVATION,,
1913607686,"Loxodonta africana (Blumenbach, 1797)",Loxodonta africana,Loxodonta,Elephantidae,0.56934,37.57585,,,,Laikipia Samburu,2008-11-26,2008.0,11.0,26.0,HUMAN_OBSERVATION,,
1913607687,"Loxodonta africana (Blumenbach, 1797)",Loxodonta africana,Loxodonta,Elephantidae,0.57436,37.49541,,,,Laikipia Samburu,2008-11-26,2008.0,11.0,26.0,HUMAN_OBSERVATION,,
1913607688,"Loxodonta africana (Blumenbach, 1797)",Loxodonta africana,Loxodonta,Elephantidae,0.61813,37.52896,,,,Laikipia Samburu,2008-11-26,2008.0,11.0,26.0,HUMAN_OBSERVATION,,
1913607689,"Loxodonta africana (Blumenbach, 1797)",Loxodonta africana,Loxodonta,Elephantidae,1.07555,37.43009,,,,Laikipia Samburu,2008-11-25,2008.0,11.0,25.0,HUMAN_OBSERVATION,,
1913607690,"Loxodonta africana (Blumenbach, 1797)",Loxodonta africana,Loxodonta,Elephantidae,0.57266,37.54606,,,,Laikipia Samburu,2008-11-26,2008.0,11.0,26.0,HUMAN_OBSERVATION,,
1913607691,"Loxodonta africana (Blumenbach, 1797)",Loxodonta africana,Loxodonta,Elephantidae,0.76027,37.37415,,,,Laikipia Samburu,2008-11-26,2008.0,11.0,26.0,HUMAN_OBSERVATION,,
1913607692,"Loxodonta africana (Blumenbach, 1797)",Loxodonta africana,Loxodonta,Elephantidae,0.55241,37.56036,,,,Laikipia Samburu,2008-11-26,2008.0,11.0,26.0,HUMAN_OBSERVATION,,
1913607693,"Loxodonta africana (Blumenbach, 1797)",Loxodonta africana,Loxodonta,Elephantidae,0.98224,37.6672,,,,Laikipia Samburu,2008-11-25,2008.0,11.0,25.0,HUMAN_OBSERVATION,,
1913607694,"Loxodonta africana (Blumenbach, 1797)",Loxodonta africana,Loxodonta,Elephantidae,0.75784,37.54081,,,,Laikipia Samburu,2008-11-25,2008.0,11.0,25.0,HUMAN_OBSERVATION,,
1913607695,"Loxodonta africana (Blumenbach, 1797)",Loxodonta africana,Loxodonta,Elephantidae,0.5555,37.55745,,,,Laikipia Samburu,2008-11-26,2008.0,11.0,26.0,HUMAN_OBSERVATION,,
1913607696,"Loxodonta africana (Blumenbach, 1797)",Loxodonta africana,Loxodonta,Elephantidae,0.59032,37.52247,,,,Laikipia Samburu,2008-11-26,2008.0,11.0,26.0,HUMAN_OBSERVATION,,
1913607697,"Loxodonta africana (Blumenbach, 1797)",Loxodonta africana,Loxodonta,Elephantidae,0.91499,37.6445,,,,Laikipia Samburu,2008-11-25,2008.0,11.0,25.0,HUMAN_OBSERVATION,,
1913607698,"Loxodonta africana (Blumenbach, 1797)",Loxodonta africana,Loxodonta,Elephantidae,0.7486,37.3737,,,,Laikipia Samburu,2008-11-26,2008.0,11.0,26.0,HUMAN_OBSERVATION,,
1913607699,"Loxodonta africana (Blumenbach, 1797)",Loxodonta africana,Loxodonta,Elephantidae,0.5644,37.55313,,,,Laikipia Samburu,2008-11-26,2008.0,11.0,26.0,HUMAN_OBSERVATION,,
1913607700,"Loxodonta africana (Blumenbach, 1797)",Loxodonta africana,Loxodonta,Elephantidae,0.90858,37.64807,,,,Laikipia Samburu,2008-11-25,2008.0,11.0,25.0,HUMAN_OBSERVATION,,
1913607701,"Loxodonta africana (Blumenbach, 1797)",Loxodonta africana,Loxodonta,Elephantidae,0.76986,37.37799,,,,Laikipia Samburu,2008-11-26,2008.0,11.0,26.0,HUMAN_OBSERVATION,,
1913607702,"Loxodonta africana (Blumenbach, 1797)",Loxodonta africana,Loxodonta,Elephantidae,0.58121,37.54489,,,,Laikipia Samburu,2008-11-26,2008.0,11.0,26.0,HUMAN_OBSERVATION,,
1913607703,"Loxodonta africana (Blumenbach, 1797)",Loxodonta africana,Loxodonta,Elephantidae,0.56185,37.5722,,,,Laikipia Samburu,2008-11-26,2008.0,11.0,26.0,HUMAN_OBSERVATION,,
1913607704,"Loxodonta africana (Blumenbach, 1797)",Loxodonta africana,Loxodonta,Elephantidae,0.59967,37.51848,,,,Laikipia Samburu,2008-11-26,2008.0,11.0,26.0,HUMAN_OBSERVATION,,
1913607705,"Loxodonta africana (Blumenbach, 1797)",Loxodonta africana,Loxodonta,Elephantidae,0.59916,37.50046,,,,Laikipia Samburu,2008-11-26,2008.0,11.0,26.0,HUMAN_OBSERVATION,,
1913607706,"Loxodonta africana (Blumenbach, 1797)",Loxodonta africana,Loxodonta,Elephantidae,0.57532,37.495,,,,Laikipia Samburu,2008-11-26,2008.0,11.0,26.0,HUMAN_OBSERVATION,,
1913607707,"Loxodonta africana (Blumenbach, 1797)",Loxodonta africana,Loxodonta,Elephantidae,0.73525,37.75991,,,,Laikipia Samburu,2008-11-25,2008.0,11.0,25.0,HUMAN_OBSERVATION,,
1913607708,"Loxodonta africana (Blumenbach, 1797)",Loxodonta africana,Loxodonta,Elephantidae,0.6027,37.51483,,,,Laikipia Samburu,2008-11-26,2008.0,11.0,26.0,HUMAN_OBSERVATION,,
1913607709,"Loxodonta africana (Blumenbach, 1797)",Loxodonta africana,Loxodonta,Elephantidae,1.04186,37.44294,,,,Laikipia Samburu,2008-11-25,2008.0,11.0,25.0,HUMAN_OBSERVATION,,
1913607710,"Loxodonta africana (Blumenbach, 1797)",Loxodonta africana,Loxodonta,Elephantidae,0.5878,37.485,,,,Laikipia Samburu,2008-11-26,2008.0,11.0,26.0,HUMAN_OBSERVATION,,
1913607711,"Loxodonta africana (Blumenbach, 1797)",Loxodonta africana,Loxodonta,Elephantidae,0.73443,37.94667,,,,Laikipia Samburu,2008-11-25,2008.0,11.0,25.0,HUMAN_OBSERVATION,,
1913607712,"Loxodonta africana (Blumenbach, 1797)",Loxodonta africana,Loxodonta,Elephantidae,0.59996,37.51128,,,,Laikipia Samburu,2008-11-26,2008.0,11.0,26.0,HUMAN_OBSERVATION,,
1913607713,"Loxodonta africana (Blumenbach, 1797)",Loxodonta africana,Loxodonta,Elephantidae,0.90856,37.91828,,,,Laikipia Samburu,2008-11-25,2008.0,11.0,25.0,HUMAN_OBSERVATION,,
1913607714,"Loxodonta africana (Blumenbach, 1797)",Loxodonta africana,Loxodonta,Elephantidae,0.58273,37.45598,,,,Laikipia Samburu,2008-11-26,2008.0,11.0,26.0,HUMAN_OBSERVATION,,
1913607715,"Loxodonta africana (Blumenbach, 1797)",Loxodonta africana,Loxodonta,Elephantidae,0.96518,37.64847,,,,Laikipia Samburu,2008-11-25,2008.0,11.0,25.0,HUMAN_OBSERVATION,,
1913607716,"Loxodonta africana (Blumenbach, 1797)",Loxodonta africana,Loxodonta,Elephantidae,0.61059,37.51359,,,,Laikipia Samburu,2008-11-26,2008.0,11.0,26.0,HUMAN_OBSERVATION,,
1913607717,"Loxodonta africana (Blumenbach, 1797)",Loxodonta africana,Loxodonta,Elephantidae,0.61807,37.5142,,,,Laikipia Samburu,2008-11-26,2008.0,11.0,26.0,HUMAN_OBSERVATION,,
1913607718,"Loxodonta africana (Blumenbach, 1797)",Loxodonta africana,Loxodonta,Elephantidae,0.8192,37.73318,,,,Laikipia Samburu,2008-11-25,2008.0,11.0,25.0,HUMAN_OBSERVATION,,
1913607719,"Loxodonta africana (Blumenbach, 1797)",Loxodonta africana,Loxodonta,Elephantidae,-0.030819,36.842501,,,,Laikipia Samburu,2008-11-20,2008.0,11.0,20.0,HUMAN_OBSERVATION,,
1913607720,"Loxodonta africana (Blumenbach, 1797)",Loxodonta africana,Loxodonta,Elephantidae,0.58888,37.48302,,,,Laikipia Samburu,2008-11-26,2008.0,11.0,26.0,HUMAN_OBSERVATION,,
1913607721,"Loxodonta africana (Blumenbach, 1797)",Loxodonta africana,Loxodonta,Elephantidae,0.028507,36.945782,,,,Laikipia Samburu,2008-11-20,2008.0,11.0,20.0,HUMAN_OBSERVATION,,
1913607722,"Loxodonta africana (Blumenbach, 1797)",Loxodonta africana,Loxodonta,Elephantidae,1.25537,37.58136,,,,Laikipia Samburu,2008-11-24,2008.0,11.0,24.0,HUMAN_OBSERVATION,,
1913607723,"Loxodonta africana (Blumenbach, 1797)",Loxodonta africana,Loxodonta,Elephantidae,0.78427,37.71758,,,,Laikipia Samburu,2008-11-25,2008.0,11.0,25.0,HUMAN_OBSERVATION,,
1913607724,"Loxodonta africana (Blumenbach, 1797)",Loxodonta africana,Loxodonta,Elephantidae,0.9659,37.65934,,,,Laikipia Samburu,2008-11-25,2008.0,11.0,25.0,HUMAN_OBSERVATION,,
1913607725,"Loxodonta africana (Blumenbach, 1797)",Loxodonta africana,Loxodonta,Elephantidae,0.59364,37.48797,,,,Laikipia Samburu,2008-11-26,2008.0,11.0,26.0,HUMAN_OBSERVATION,,
1913607726,"Loxodonta africana (Blumenbach, 1797)",Loxodonta africana,Loxodonta,Elephantidae,0.86064,37.85697,,,,Laikipia Samburu,2008-11-25,2008.0,11.0,25.0,HUMAN_OBSERVATION,,
1913607727,"Loxodonta africana (Blumenbach, 1797)",Loxodonta africana,Loxodonta,Elephantidae,0.9101,37.64385,,,,Laikipia Samburu,2008-11-25,2008.0,11.0,25.0,HUMAN_OBSERVATION,,
1913607728,"Loxodonta africana (Blumenbach, 1797)",Loxodonta africana,Loxodonta,Elephantidae,0.56573,37.56864,,,,Laikipia Samburu,2008-11-26,2008.0,11.0,26.0,HUMAN_OBSERVATION,,
1913607729,"Loxodonta africana (Blumenbach, 1797)",Loxodonta africana,Loxodonta,Elephantidae,0.81434,37.78388,,,,Laikipia Samburu,2008-11-25,2008.0,11.0,25.0,HUMAN_OBSERVATION,,
1913607730,"Loxodonta africana (Blumenbach, 1797)",Loxodonta africana,Loxodonta,Elephantidae,0.92473,37.64978,,,,Laikipia Samburu,2008-11-25,2008.0,11.0,25.0,HUMAN_OBSERVATION,,
1913607731,"Loxodonta africana (Blumenbach, 1797)",Loxodonta africana,Loxodonta,Elephantidae,0.8724,37.96817,,,,Laikipia Samburu,2008-11-25,2008.0,11.0,25.0,HUMAN_OBSERVATION,,
1913607732,"Loxodonta africana (Blumenbach, 1797)",Loxodonta africana,Loxodonta,Elephantidae,0.55318,37.55928,,,,Laikipia Samburu,2008-11-26,2008.0,11.0,26.0,HUMAN_OBSERVATION,,
1913607733,"Loxodonta africana (Blumenbach, 1797)",Loxodonta africana,Loxodonta,Elephantidae,0.91078,37.64156,,,,Laikipia Samburu,2008-11-25,2008.0,11.0,25.0,HUMAN_OBSERVATION,,
1913607734,"Loxodonta africana (Blumenbach, 1797)",Loxodonta africana,Loxodonta,Elephantidae,0.79332,37.88794,,,,Laikipia Samburu,2008-11-25,2008.0,11.0,25.0,HUMAN_OBSERVATION,,
1913607735,"Loxodonta africana (Blumenbach, 1797)",Loxodonta africana,Loxodonta,Elephantidae,0.75545,37.50816,,,,Laikipia Samburu,2008-11-26,2008.0,11.0,26.0,HUMAN_OBSERVATION,,
1913607736,"Loxodonta africana (Blumenbach, 1797)",Loxodonta africana,Loxodonta,Elephantidae,0.89063,37.86816,,,,Laikipia Samburu,2008-11-25,2008.0,11.0,25.0,HUMAN_OBSERVATION,,
1913607737,"Loxodonta africana (Blumenbach, 1797)",Loxodonta africana,Loxodonta,Elephantidae,0.89071,37.85023,,,,Laikipia Samburu,2008-11-25,2008.0,11.0,25.0,HUMAN_OBSERVATION,,
1913607738,"Loxodonta africana (Blumenbach, 1797)",Loxodonta africana,Loxodonta,Elephantidae,0.482621,36.340901,,,,Laikipia Samburu,2008-11-27,2008.0,11.0,27.0,HUMAN_OBSERVATION,,
1913607739,"Loxodonta africana (Blumenbach, 1797)",Loxodonta africana,Loxodonta,Elephantidae,0.85044,37.65362,,,,Laikipia Samburu,2008-11-25,2008.0,11.0,25.0,HUMAN_OBSERVATION,,
1913607740,"Loxodonta africana (Blumenbach, 1797)",Loxodonta africana,Loxodonta,Elephantidae,0.8665,37.86426,,,,Laikipia Samburu,2008-11-25,2008.0,11.0,25.0,HUMAN_OBSERVATION,,
1913607741,"Loxodonta africana (Blumenbach, 1797)",Loxodonta africana,Loxodonta,Elephantidae,-0.031897,36.832615,,,,Laikipia Samburu,2008-11-20,2008.0,11.0,20.0,HUMAN_OBSERVATION,,
1913607742,"Loxodonta africana (Blumenbach, 1797)",Loxodonta africana,Loxodonta,Elephantidae,0.49542,36.375791,,,,Laikipia Samburu,2008-11-27,2008.0,11.0,27.0,HUMAN_OBSERVATION,,
1913607743,"Loxodonta africana (Blumenbach, 1797)",Loxodonta africana,Loxodonta,Elephantidae,0.88007,37.84568,,,,Laikipia Samburu,2008-11-25,2008.0,11.0,25.0,HUMAN_OBSERVATION,,
1913607744,"Loxodonta africana (Blumenbach, 1797)",Loxodonta africana,Loxodonta,Elephantidae,0.58254,37.48983,,,,Laikipia Samburu,2008-11-26,2008.0,11.0,26.0,HUMAN_OBSERVATION,,
1913607745,"Loxodonta africana (Blumenbach, 1797)",Loxodonta africana,Loxodonta,Elephantidae,0.90949,37.65066,,,,Laikipia Samburu,2008-11-25,2008.0,11.0,25.0,HUMAN_OBSERVATION,,
1913607746,"Loxodonta africana (Blumenbach, 1797)",Loxodonta africana,Loxodonta,Elephantidae,0.87519,37.8534,,,,Laikipia Samburu,2008-11-25,2008.0,11.0,25.0,HUMAN_OBSERVATION,,
1913607747,"Loxodonta africana (Blumenbach, 1797)",Loxodonta africana,Loxodonta,Elephantidae,0.57449,37.54096,,,,Laikipia Samburu,2008-11-26,2008.0,11.0,26.0,HUMAN_OBSERVATION,,
1913607748,"Loxodonta africana (Blumenbach, 1797)",Loxodonta africana,Loxodonta,Elephantidae,0.88365,37.84232,,,,Laikipia Samburu,2008-11-25,2008.0,11.0,25.0,HUMAN_OBSERVATION,,
1913607749,"Loxodonta africana (Blumenbach, 1797)",Loxodonta africana,Loxodonta,Elephantidae,0.83018,37.9401,,,,Laikipia Samburu,2008-11-25,2008.0,11.0,25.0,HUMAN_OBSERVATION,,
1913607750,"Loxodonta africana (Blumenbach, 1797)",Loxodonta africana,Loxodonta,Elephantidae,0.89675,37.85598,,,,Laikipia Samburu,2008-11-25,2008.0,11.0,25.0,HUMAN_OBSERVATION,,
1913607751,"Loxodonta africana (Blumenbach, 1797)",Loxodonta africana,Loxodonta,Elephantidae,0.88969,37.87979,,,,Laikipia Samburu,2008-11-25,2008.0,11.0,25.0,HUMAN_OBSERVATION,,
1913607752,"Loxodonta africana (Blumenbach, 1797)",Loxodonta africana,Loxodonta,Elephantidae,0.89046,37.86923,,,,Laikipia Samburu,2008-11-25,2008.0,11.0,25.0,HUMAN_OBSERVATION,,
1913607753,"Loxodonta africana (Blumenbach, 1797)",Loxodonta africana,Loxodonta,Elephantidae,0.611511,36.394417,,,,Laikipia Samburu,2008-11-27,2008.0,11.0,27.0,HUMAN_OBSERVATION,,
1913607754,"Loxodonta africana (Blumenbach, 1797)",Loxodonta africana,Loxodonta,Elephantidae,0.86466,37.85741,,,,Laikipia Samburu,2008-11-25,2008.0,11.0,25.0,HUMAN_OBSERVATION,,
1913607755,"Loxodonta africana (Blumenbach, 1797)",Loxodonta africana,Loxodonta,Elephantidae,0.9047,37.6503,,,,Laikipia Samburu,2008-11-25,2008.0,11.0,25.0,HUMAN_OBSERVATION,,
1913607756,"Loxodonta africana (Blumenbach, 1797)",Loxodonta africana,Loxodonta,Elephantidae,0.533068,36.373753,,,,Laikipia Samburu,2008-11-27,2008.0,11.0,27.0,HUMAN_OBSERVATION,,
1913607757,"Loxodonta africana (Blumenbach, 1797)",Loxodonta africana,Loxodonta,Elephantidae,-0.046676,36.888962,,,,Laikipia Samburu,2008-11-20,2008.0,11.0,20.0,HUMAN_OBSERVATION,,
1913607758,"Loxodonta africana (Blumenbach, 1797)",Loxodonta africana,Loxodonta,Elephantidae,0.72595,37.85087,,,,Laikipia Samburu,2008-11-25,2008.0,11.0,25.0,HUMAN_OBSERVATION,,
1913607759,"Loxodonta africana (Blumenbach, 1797)",Loxodonta africana,Loxodonta,Elephantidae,0.89482,37.8394,,,,Laikipia Samburu,2008-11-25,2008.0,11.0,25.0,HUMAN_OBSERVATION,,
1913607760,"Loxodonta africana (Blumenbach, 1797)",Loxodonta africana,Loxodonta,Elephantidae,0.89168,37.86091,,,,Laikipia Samburu,2008-11-25,2008.0,11.0,25.0,HUMAN_OBSERVATION,,
1913607761,"Loxodonta africana (Blumenbach, 1797)",Loxodonta africana,Loxodonta,Elephantidae,0.521303,36.38475,,,,Laikipia Samburu,2008-11-27,2008.0,11.0,27.0,HUMAN_OBSERVATION,,
1913607762,"Loxodonta africana (Blumenbach, 1797)",Loxodonta africana,Loxodonta,Elephantidae,0.89092,37.87919,,,,Laikipia Samburu,2008-11-25,2008.0,11.0,25.0,HUMAN_OBSERVATION,,
1913607763,"Loxodonta africana (Blumenbach, 1797)",Loxodonta africana,Loxodonta,Elephantidae,0.58856,37.4645,,,,Laikipia Samburu,2008-11-26,2008.0,11.0,26.0,HUMAN_OBSERVATION,,
1913607764,"Loxodonta africana (Blumenbach, 1797)",Loxodonta africana,Loxodonta,Elephantidae,0.89487,37.83172,,,,Laikipia Samburu,2008-11-25,2008.0,11.0,25.0,HUMAN_OBSERVATION,,
1913607765,"Loxodonta africana (Blumenbach, 1797)",Loxodonta africana,Loxodonta,Elephantidae,0.69867,37.76803,,,,Laikipia Samburu,2008-11-25,2008.0,11.0,25.0,HUMAN_OBSERVATION,,
1913607766,"Loxodonta africana (Blumenbach, 1797)",Loxodonta africana,Loxodonta,Elephantidae,0.553527,36.367133,,,,Laikipia Samburu,2008-11-27,2008.0,11.0,27.0,HUMAN_OBSERVATION,,
1913607767,"Loxodonta africana (Blumenbach, 1797)",Loxodonta africana,Loxodonta,Elephantidae,0.034531,36.828854,,,,Laikipia Samburu,2008-11-20,2008.0,11.0,20.0,HUMAN_OBSERVATION,,
1913607768,"Loxodonta africana (Blumenbach, 1797)",Loxodonta africana,Loxodonta,Elephantidae,0.98468,37.66689,,,,Laikipia Samburu,2008-11-25,2008.0,11.0,25.0,HUMAN_OBSERVATION,,
1913607769,"Loxodonta africana (Blumenbach, 1797)",Loxodonta africana,Loxodonta,Elephantidae,0.661894,36.415622,,,,Laikipia Samburu,2008-11-27,2008.0,11.0,27.0,HUMAN_OBSERVATION,,
1913607770,"Loxodonta africana (Blumenbach, 1797)",Loxodonta africana,Loxodonta,Elephantidae,0.642722,36.415472,,,,Laikipia Samburu,2008-11-27,2008.0,11.0,27.0,HUMAN_OBSERVATION,,
1913607771,"Loxodonta africana (Blumenbach, 1797)",Loxodonta africana,Loxodonta,Elephantidae,0.633849,36.404722,,,,Laikipia Samburu,2008-11-27,2008.0,11.0,27.0,HUMAN_OBSERVATION,,
1913607772,"Loxodonta africana (Blumenbach, 1797)",Loxodonta africana,Loxodonta,Elephantidae,-0.011973,36.862317,,,,Laikipia Samburu,2008-11-20,2008.0,11.0,20.0,HUMAN_OBSERVATION,,
1913607773,"Loxodonta africana (Blumenbach, 1797)",Loxodonta africana,Loxodonta,Elephantidae,0.080541,36.771997,,,,Laikipia Samburu,2008-11-20,2008.0,11.0,20.0,HUMAN_OBSERVATION,,
1913607774,"Loxodonta africana (Blumenbach, 1797)",Loxodonta africana,Loxodonta,Elephantidae,-0.001685,36.86191,,,,Laikipia Samburu,2008-11-20,2008.0,11.0,20.0,HUMAN_OBSERVATION,,
1913607775,"Loxodonta africana (Blumenbach, 1797)",Loxodonta africana,Loxodonta,Elephantidae,0.7045,37.76784,,,,Laikipia Samburu,2008-11-25,2008.0,11.0,25.0,HUMAN_OBSERVATION,,
1913607776,"Loxodonta africana (Blumenbach, 1797)",Loxodonta africana,Loxodonta,Elephantidae,0.073155,36.742803,,,,Laikipia Samburu,2008-11-20,2008.0,11.0,20.0,HUMAN_OBSERVATION,,
1913607777,"Loxodonta africana (Blumenbach, 1797)",Loxodonta africana,Loxodonta,Elephantidae,0.616559,36.394824,,,,Laikipia Samburu,2008-11-27,2008.0,11.0,27.0,HUMAN_OBSERVATION,,
1913607778,"Loxodonta africana (Blumenbach, 1797)",Loxodonta africana,Loxodonta,Elephantidae,0.065011,36.863052,,,,Laikipia Samburu,2008-11-20,2008.0,11.0,20.0,HUMAN_OBSERVATION,,
1913607779,"Loxodonta africana (Blumenbach, 1797)",Loxodonta africana,Loxodonta,Elephantidae,0.59875,36.377369,,,,Laikipia Samburu,2008-11-27,2008.0,11.0,27.0,HUMAN_OBSERVATION,,
1913607780,"Loxodonta africana (Blumenbach, 1797)",Loxodonta africana,Loxodonta,Elephantidae,0.035947,36.908982,,,,Laikipia Samburu,2008-11-20,2008.0,11.0,20.0,HUMAN_OBSERVATION,,
1913607781,"Loxodonta africana (Blumenbach, 1797)",Loxodonta africana,Loxodonta,Elephantidae,-0.028174,36.855623,,,,Laikipia Samburu,2008-11-20,2008.0,11.0,20.0,HUMAN_OBSERVATION,,
1913607782,"Loxodonta africana (Blumenbach, 1797)",Loxodonta africana,Loxodonta,Elephantidae,0.98182,37.66069,,,,Laikipia Samburu,2008-11-25,2008.0,11.0,25.0,HUMAN_OBSERVATION,,
1913607783,"Loxodonta africana (Blumenbach, 1797)",Loxodonta africana,Loxodonta,Elephantidae,-0.012354,36.824251,,,,Laikipia Samburu,2008-11-20,2008.0,11.0,20.0,HUMAN_OBSERVATION,,
1913607784,"Loxodonta africana (Blumenbach, 1797)",Loxodonta africana,Loxodonta,Elephantidae,0.96914,37.8026,,,,Laikipia Samburu,2008-11-25,2008.0,11.0,25.0,HUMAN_OBSERVATION,,
1913607785,"Loxodonta africana (Blumenbach, 1797)",Loxodonta africana,Loxodonta,Elephantidae,0.631387,36.43024,,,,Laikipia Samburu,2008-11-27,2008.0,11.0,27.0,HUMAN_OBSERVATION,,
1913607786,"Loxodonta africana (Blumenbach, 1797)",Loxodonta africana,Loxodonta,Elephantidae,-0.001556,36.8564,,,,Laikipia Samburu,2008-11-20,2008.0,11.0,20.0,HUMAN_OBSERVATION,,
1913607787,"Loxodonta africana (Blumenbach, 1797)",Loxodonta africana,Loxodonta,Elephantidae,0.87337,37.85183,,,,Laikipia Samburu,2008-11-25,2008.0,11.0,25.0,HUMAN_OBSERVATION,,
1913607788,"Loxodonta africana (Blumenbach, 1797)",Loxodonta africana,Loxodonta,Elephantidae,0.528567,36.341105,,,,Laikipia Samburu,2008-11-27,2008.0,11.0,27.0,HUMAN_OBSERVATION,,
1913607789,"Loxodonta africana (Blumenbach, 1797)",Loxodonta africana,Loxodonta,Elephantidae,0.670214,36.412978,,,,Laikipia Samburu,2008-11-27,2008.0,11.0,27.0,HUMAN_OBSERVATION,,
1913607790,"Loxodonta africana (Blumenbach, 1797)",Loxodonta africana,Loxodonta,Elephantidae,0.011163,36.955025,,,,Laikipia Samburu,2008-11-20,2008.0,11.0,20.0,HUMAN_OBSERVATION,,
1913607791,"Loxodonta africana (Blumenbach, 1797)",Loxodonta africana,Loxodonta,Elephantidae,0.651487,36.430616,,,,Laikipia Samburu,2008-11-27,2008.0,11.0,27.0,HUMAN_OBSERVATION,,
1913607792,"Loxodonta africana (Blumenbach, 1797)",Loxodonta africana,Loxodonta,Elephantidae,0.683062,36.40433,,,,Laikipia Samburu,2008-11-27,2008.0,11.0,27.0,HUMAN_OBSERVATION,,
1913607793,"Loxodonta africana (Blumenbach, 1797)",Loxodonta africana,Loxodonta,Elephantidae,0.019376,36.919636,,,,Laikipia Samburu,2008-11-20,2008.0,11.0,20.0,HUMAN_OBSERVATION,,
1913607795,"Loxodonta africana (Blumenbach, 1797)",Loxodonta africana,Loxodonta,Elephantidae,0.001464,36.872478,,,,Laikipia Samburu,2008-11-20,2008.0,11.0,20.0,HUMAN_OBSERVATION,,
1913607796,"Loxodonta africana (Blumenbach, 1797)",Loxodonta africana,Loxodonta,Elephantidae,0.532456,36.303855,,,,Laikipia Samburu,2008-11-27,2008.0,11.0,27.0,HUMAN_OBSERVATION,,
1913607797,"Loxodonta africana (Blumenbach, 1797)",Loxodonta africana,Loxodonta,Elephantidae,0.66813,37.77287,,,,Laikipia Samburu,2008-11-25,2008.0,11.0,25.0,HUMAN_OBSERVATION,,
1913607798,"Loxodonta africana (Blumenbach, 1797)",Loxodonta africana,Loxodonta,Elephantidae,-0.054524,36.823457,,,,Laikipia Samburu,2008-11-26,2008.0,11.0,26.0,HUMAN_OBSERVATION,,
1913607799,"Loxodonta africana (Blumenbach, 1797)",Loxodonta africana,Loxodonta,Elephantidae,0.109134,36.340268,,,,Laikipia Samburu,2008-11-27,2008.0,11.0,27.0,HUMAN_OBSERVATION,,
1913607800,"Loxodonta africana (Blumenbach, 1797)",Loxodonta africana,Loxodonta,Elephantidae,0.61612,36.397571,,,,Laikipia Samburu,2008-11-27,2008.0,11.0,27.0,HUMAN_OBSERVATION,,
1913607801,"Loxodonta africana (Blumenbach, 1797)",Loxodonta africana,Loxodonta,Elephantidae,0.638237,36.440706,,,,Laikipia Samburu,2008-11-27,2008.0,11.0,27.0,HUMAN_OBSERVATION,,
1913607802,"Loxodonta africana (Blumenbach, 1797)",Loxodonta africana,Loxodonta,Elephantidae,0.045115,36.938648,,,,Laikipia Samburu,2008-11-20,2008.0,11.0,20.0,HUMAN_OBSERVATION,,
1913607803,"Loxodonta africana (Blumenbach, 1797)",Loxodonta africana,Loxodonta,Elephantidae,0.73472,37.84425,,,,Laikipia Samburu,2008-11-25,2008.0,11.0,25.0,HUMAN_OBSERVATION,,
1913607804,"Loxodonta africana (Blumenbach, 1797)",Loxodonta africana,Loxodonta,Elephantidae,0.006121,36.941995,,,,Laikipia Samburu,2008-11-20,2008.0,11.0,20.0,HUMAN_OBSERVATION,,
1913607805,"Loxodonta africana (Blumenbach, 1797)",Loxodonta africana,Loxodonta,Elephantidae,0.000343,36.824563,,,,Laikipia Samburu,2008-11-20,2008.0,11.0,20.0,HUMAN_OBSERVATION,,
1913607806,"Loxodonta africana (Blumenbach, 1797)",Loxodonta africana,Loxodonta,Elephantidae,0.88126,37.85434,,,,Laikipia Samburu,2008-11-25,2008.0,11.0,25.0,HUMAN_OBSERVATION,,
1913607807,"Loxodonta africana (Blumenbach, 1797)",Loxodonta africana,Loxodonta,Elephantidae,0.146111,36.72133,,,,Laikipia Samburu,2008-11-26,2008.0,11.0,26.0,HUMAN_OBSERVATION,,
1913607808,"Loxodonta africana (Blumenbach, 1797)",Loxodonta africana,Loxodonta,Elephantidae,0.179842,36.599295,,,,Laikipia Samburu,2008-11-26,2008.0,11.0,26.0,HUMAN_OBSERVATION,,
1913607809,"Loxodonta africana (Blumenbach, 1797)",Loxodonta africana,Loxodonta,Elephantidae,0.502753,36.314514,,,,Laikipia Samburu,2008-11-27,2008.0,11.0,27.0,HUMAN_OBSERVATION,,
1913607810,"Loxodonta africana (Blumenbach, 1797)",Loxodonta africana,Loxodonta,Elephantidae,0.075172,36.734371,,,,Laikipia Samburu,2008-11-20,2008.0,11.0,20.0,HUMAN_OBSERVATION,,
1913607811,"Loxodonta africana (Blumenbach, 1797)",Loxodonta africana,Loxodonta,Elephantidae,0.579239,36.42236,,,,Laikipia Samburu,2008-11-27,2008.0,11.0,27.0,HUMAN_OBSERVATION,,
1913607813,"Loxodonta africana (Blumenbach, 1797)",Loxodonta africana,Loxodonta,Elephantidae,0.633565,36.422945,,,,Laikipia Samburu,2008-11-27,2008.0,11.0,27.0,HUMAN_OBSERVATION,,
1913607816,"Loxodonta africana (Blumenbach, 1797)",Loxodonta africana,Loxodonta,Elephantidae,0.678207,36.422977,,,,Laikipia Samburu,2008-11-27,2008.0,11.0,27.0,HUMAN_OBSERVATION,,
1913607817,"Loxodonta africana (Blumenbach, 1797)",Loxodonta africana,Loxodonta,Elephantidae,0.149764,36.66466,,,,Laikipia Samburu,2008-11-26,2008.0,11.0,26.0,HUMAN_OBSERVATION,,
1913607818,"Loxodonta africana (Blumenbach, 1797)",Loxodonta africana,Loxodonta,Elephantidae,0.005643,36.825271,,,,Laikipia Samburu,2008-11-20,2008.0,11.0,20.0,HUMAN_OBSERVATION,,
1913607819,"Loxodonta africana (Blumenbach, 1797)",Loxodonta africana,Loxodonta,Elephantidae,0.119487,36.695886,,,,Laikipia Samburu,2008-11-26,2008.0,11.0,26.0,HUMAN_OBSERVATION,,
1913607820,"Loxodonta africana (Blumenbach, 1797)",Loxodonta africana,Loxodonta,Elephantidae,0.529876,36.350825,,,,Laikipia Samburu,2008-11-27,2008.0,11.0,27.0,HUMAN_OBSERVATION,,
1913607821,"Loxodonta africana (Blumenbach, 1797)",Loxodonta africana,Loxodonta,Elephantidae,0.189493,36.839116,,,,Laikipia Samburu,2008-11-26,2008.0,11.0,26.0,HUMAN_OBSERVATION,,
1913607822,"Loxodonta africana (Blumenbach, 1797)",Loxodonta africana,Loxodonta,Elephantidae,0.685948,36.412296,,,,Laikipia Samburu,2008-11-27,2008.0,11.0,27.0,HUMAN_OBSERVATION,,
1913607823,"Loxodonta africana (Blumenbach, 1797)",Loxodonta africana,Loxodonta,Elephantidae,0.034466,36.846482,,,,Laikipia Samburu,2008-11-20,2008.0,11.0,20.0,HUMAN_OBSERVATION,,
1913607824,"Loxodonta africana (Blumenbach, 1797)",Loxodonta africana,Loxodonta,Elephantidae,0.151953,36.640483,,,,Laikipia Samburu,2008-11-26,2008.0,11.0,26.0,HUMAN_OBSERVATION,,
1913607825,"Loxodonta africana (Blumenbach, 1797)",Loxodonta africana,Loxodonta,Elephantidae,0.17231,36.680335,,,,Laikipia Samburu,2008-11-26,2008.0,11.0,26.0,HUMAN_OBSERVATION,,
1913607826,"Loxodonta africana (Blumenbach, 1797)",Loxodonta africana,Loxodonta,Elephantidae,0.530487,36.376553,,,,Laikipia Samburu,2008-11-27,2008.0,11.0,27.0,HUMAN_OBSERVATION,,
1913607828,"Loxodonta africana (Blumenbach, 1797)",Loxodonta africana,Loxodonta,Elephantidae,0.512323,36.377347,,,,Laikipia Samburu,2008-11-27,2008.0,11.0,27.0,HUMAN_OBSERVATION,,
1913607830,"Loxodonta africana (Blumenbach, 1797)",Loxodonta africana,Loxodonta,Elephantidae,0.591824,36.377385,,,,Laikipia Samburu,2008-11-27,2008.0,11.0,27.0,HUMAN_OBSERVATION,,
1913607831,"Loxodonta africana (Blumenbach, 1797)",Loxodonta africana,Loxodonta,Elephantidae,0.150896,36.665298,,,,Laikipia Samburu,2008-11-26,2008.0,11.0,26.0,HUMAN_OBSERVATION,,
1913607832,"Loxodonta africana (Blumenbach, 1797)",Loxodonta africana,Loxodonta,Elephantidae,0.013561,36.931116,,,,Laikipia Samburu,2008-11-20,2008.0,11.0,20.0,HUMAN_OBSERVATION,,
1913607834,"Loxodonta africana (Blumenbach, 1797)",Loxodonta africana,Loxodonta,Elephantidae,0.482513,36.360347,,,,Laikipia Samburu,2008-11-27,2008.0,11.0,27.0,HUMAN_OBSERVATION,,
1913607835,"Loxodonta africana (Blumenbach, 1797)",Loxodonta africana,Loxodonta,Elephantidae,-7.5e-05,36.816376,,,,Laikipia Samburu,2008-11-20,2008.0,11.0,20.0,HUMAN_OBSERVATION,,
1913607836,"Loxodonta africana (Blumenbach, 1797)",Loxodonta africana,Loxodonta,Elephantidae,0.081791,36.745217,,,,Laikipia Samburu,2008-11-20,2008.0,11.0,20.0,HUMAN_OBSERVATION,,
1913607842,"Loxodonta africana (Blumenbach, 1797)",Loxodonta africana,Loxodonta,Elephantidae,0.655881,36.422778,,,,Laikipia Samburu,2008-11-27,2008.0,11.0,27.0,HUMAN_OBSERVATION,,
1913607846,"Loxodonta africana (Blumenbach, 1797)",Loxodonta africana,Loxodonta,Elephantidae,0.597526,36.421931,,,,Laikipia Samburu,2008-11-27,2008.0,11.0,27.0,HUMAN_OBSERVATION,,
1913607847,"Loxodonta africana (Blumenbach, 1797)",Loxodonta africana,Loxodonta,Elephantidae,0.029311,36.924974,,,,Laikipia Samburu,2008-11-20,2008.0,11.0,20.0,HUMAN_OBSERVATION,,
1913607848,"Loxodonta africana (Blumenbach, 1797)",Loxodonta africana,Loxodonta,Elephantidae,0.154597,36.651866,,,,Laikipia Samburu,2008-11-26,2008.0,11.0,26.0,HUMAN_OBSERVATION,,
1913607851,"Loxodonta africana (Blumenbach, 1797)",Loxodonta africana,Loxodonta,Elephantidae,0.714718,36.394068,,,,Laikipia Samburu,2008-11-27,2008.0,11.0,27.0,HUMAN_OBSERVATION,,
1913607855,"Loxodonta africana (Blumenbach, 1797)",Loxodonta africana,Loxodonta,Elephantidae,0.119637,36.435599,,,,Laikipia Samburu,2008-11-27,2008.0,11.0,27.0,HUMAN_OBSERVATION,,
1913607857,"Loxodonta africana (Blumenbach, 1797)",Loxodonta africana,Loxodonta,Elephantidae,0.635201,36.414056,,,,Laikipia Samburu,2008-11-27,2008.0,11.0,27.0,HUMAN_OBSERVATION,,
1913607858,"Loxodonta africana (Blumenbach, 1797)",Loxodonta africana,Loxodonta,Elephantidae,0.692756,36.401503,,,,Laikipia Samburu,2008-11-27,2008.0,11.0,27.0,HUMAN_OBSERVATION,,
1913607866,"Loxodonta africana (Blumenbach, 1797)",Loxodonta africana,Loxodonta,Elephantidae,0.192352,36.539835,,,,Laikipia Samburu,2008-11-26,2008.0,11.0,26.0,HUMAN_OBSERVATION,,
1913607867,"Loxodonta africana (Blumenbach, 1797)",Loxodonta africana,Loxodonta,Elephantidae,0.566488,36.423315,,,,Laikipia Samburu,2008-11-27,2008.0,11.0,27.0,HUMAN_OBSERVATION,,
1913607874,"Loxodonta africana (Blumenbach, 1797)",Loxodonta africana,Loxodonta,Elephantidae,0.119154,36.667417,,,,Laikipia Samburu,2008-11-26,2008.0,11.0,26.0,HUMAN_OBSERVATION,,
1913607879,"Loxodonta africana (Blumenbach, 1797)",Loxodonta africana,Loxodonta,Elephantidae,0.188752,36.560252,,,,Laikipia Samburu,2008-11-26,2008.0,11.0,26.0,HUMAN_OBSERVATION,,
1913607882,"Loxodonta africana (Blumenbach, 1797)",Loxodonta africana,Loxodonta,Elephantidae,0.214303,36.600539,,,,Laikipia Samburu,2008-11-26,2008.0,11.0,26.0,HUMAN_OBSERVATION,,
1913607886,"Loxodonta africana (Blumenbach, 1797)",Loxodonta africana,Loxodonta,Elephantidae,0.18923,36.421722,,,,Laikipia Samburu,2008-11-26,2008.0,11.0,26.0,HUMAN_OBSERVATION,,
2802908217,"Loxodonta africana (Blumenbach, 1797)",Loxodonta africana,Loxodonta,Elephantidae,-2.681715,37.207532,31434.0,Kajiado,,,2007-01-08T23:38,2007.0,1.0,8.0,HUMAN_OBSERVATION,iNaturalist,iNaturalist research-grade observations
4863535557,"Loxodonta africana (Blumenbach, 1797)",Loxodonta africana,Loxodonta,Elephantidae,-2.680159,38.812986,44455.0,Kitui,,,2007-01-31T08:52,2007.0,1.0,31.0,HUMAN_OBSERVATION,iNaturalist,iNaturalist research-grade observations
4597057571,"Loxodonta africana (Blumenbach, 1797)",Loxodonta africana,Loxodonta,Elephantidae,-1.459837,35.194269,31446.0,Narok,,,2007-02-23T09:07,2007.0,2.0,23.0,HUMAN_OBSERVATION,iNaturalist,iNaturalist research-grade observations
4597071649,"Loxodonta africana (Blumenbach, 1797)",Loxodonta africana,Loxodonta,Elephantidae,-1.329345,35.145011,31447.0,Narok,,,2007-02-22T04:57,2007.0,2.0,22.0,HUMAN_OBSERVATION,iNaturalist,iNaturalist research-grade observations
3456837300,"Loxodonta africana (Blumenbach, 1797)",Loxodonta africana,Loxodonta,Elephantidae,-1.558561,35.078036,44441.0,Narok,,,2007-03-05T09:33,2007.0,3.0,5.0,HUMAN_OBSERVATION,iNaturalist,iNaturalist research-grade observations
2006063352,"Loxodonta africana (Blumenbach, 1797)",Loxodonta africana,Loxodonta,Elephantidae,-2.685049,37.289328,31434.0,Kajiado,,,2007-04-05T09:40,2007.0,4.0,5.0,HUMAN_OBSERVATION,iNaturalist,iNaturalist research-grade observations
2005653771,"Loxodonta africana (Blumenbach, 1797)",Loxodonta africana,Loxodonta,Elephantidae,0.625,37.625,12000.0,,,"Samburu NP, Kenya",2007-06-21,2007.0,6.0,21.0,HUMAN_OBSERVATION,ADU-UCT,MammalMAP
2609151211,"Loxodonta africana (Blumenbach, 1797)",Loxodonta africana,Loxodonta,Elephantidae,-2.649234,38.625105,77299.0,Kitui,,,2007-08-09T17:37,2007.0,8.0,9.0,HUMAN_OBSERVATION,iNaturalist,iNaturalist research-grade observations
2883092034,"Loxodonta africana (Blumenbach, 1797)",Loxodonta africana,Loxodonta,Elephantidae,0.17789,36.824056,31451.0,Laikipia,,,2007-08-03T15:59,2007.0,8.0,3.0,HUMAN_OBSERVATION,iNaturalist,iNaturalist research-grade observations
3859556030,"Loxodonta africana (Blumenbach, 1797)",Loxodonta africana,Loxodonta,Elephantidae,-2.79273,37.309784,31434.0,Kajiado,,,2007-08-13T17:51,2007.0,8.0,13.0,HUMAN_OBSERVATION,iNaturalist,iNaturalist research-grade observations
4133835602,"Loxodonta africana (Blumenbach, 1797)",Loxodonta africana,Loxodonta,Elephantidae,-1.345659,34.819309,31447.0,Narok,,,2007-08-17T21:57,2007.0,8.0,17.0,HUMAN_OBSERVATION,iNaturalist,iNaturalist research-grade observations
4134014605,"Loxodonta africana (Blumenbach, 1797)",Loxodonta africana,Loxodonta,Elephantidae,-1.436027,35.180766,31446.0,Narok,,,2007-08-18T01:04,2007.0,8.0,18.0,HUMAN_OBSERVATION,iNaturalist,iNaturalist research-grade observations
4134030542,"Loxodonta africana (Blumenbach, 1797)",Loxodonta africana,Loxodonta,Elephantidae,0.53285,37.495849,31451.0,Samburu,,,2007-08-13T08:38,2007.0,8.0,13.0,HUMAN_OBSERVATION,iNaturalist,iNaturalist research-grade observations
4134110368,"Loxodonta africana (Blumenbach, 1797)",Loxodonta africana,Loxodonta,Elephantidae,0.451023,37.452666,31451.0,Isiolo,,,2007-08-13T23:11,2007.0,8.0,13.0,HUMAN_OBSERVATION,iNaturalist,iNaturalist research-grade observations
2992819931,"Loxodonta africana (Blumenbach, 1797)",Loxodonta africana,Loxodonta,Elephantidae,-1.448628,35.075852,31446.0,Narok,,,2007-09-22T10:36,2007.0,9.0,22.0,HUMAN_OBSERVATION,iNaturalist,iNaturalist research-grade observations
1836576987,"Loxodonta africana (Blumenbach, 1797)",Loxodonta africana,Loxodonta,Elephantidae,0.708797,37.853548,31450.0,Isiolo,,,2007-10-26T10:40,2007.0,10.0,26.0,HUMAN_OBSERVATION,iNaturalist,iNaturalist research-grade observations
1986603333,"Loxodonta africana (Blumenbach, 1797)",Loxodonta africana,Loxodonta,Elephantidae,-1.417875,35.349385,31446.0,Narok,,,2007-10-06T07:41,2007.0,10.0,6.0,HUMAN_OBSERVATION,iNaturalist,iNaturalist research-grade observations
1986604832,"Loxodonta africana (Blumenbach, 1797)",Loxodonta africana,Loxodonta,Elephantidae,-1.569743,35.269098,31446.0,Narok,,,2007-10-05T08:15,2007.0,10.0,5.0,HUMAN_OBSERVATION,iNaturalist,iNaturalist research-grade observations
1986618628,"Loxodonta africana (Blumenbach, 1797)",Loxodonta africana,Loxodonta,Elephantidae,-1.493084,35.161236,31446.0,Narok,,,2007-10-06T23:04,2007.0,10.0,6.0,HUMAN_OBSERVATION,iNaturalist,iNaturalist research-grade observations
1986623291,"Loxodonta africana (Blumenbach, 1797)",Loxodonta africana,Loxodonta,Elephantidae,-2.741723,37.269438,31434.0,Kajiado,,,2007-10-09T08:07,2007.0,10.0,9.0,HUMAN_OBSERVATION,iNaturalist,iNaturalist research-grade observations
1986624235,"Loxodonta africana (Blumenbach, 1797)",Loxodonta africana,Loxodonta,Elephantidae,-2.797591,37.23472,31434.0,Kajiado,,,2007-10-09T23:39,2007.0,10.0,9.0,HUMAN_OBSERVATION,iNaturalist,iNaturalist research-grade observations
1986624263,"Loxodonta africana (Blumenbach, 1797)",Loxodonta africana,Loxodonta,Elephantidae,-2.717771,37.242221,31434.0,Kajiado,,,2007-10-10T00:05,2007.0,10.0,10.0,HUMAN_OBSERVATION,iNaturalist,iNaturalist research-grade observations
2529307552,"Loxodonta africana (Blumenbach, 1797)",Loxodonta africana,Loxodonta,Elephantidae,0.537147,37.471322,31451.0,Samburu,,,2007-11-02T12:25,2007.0,11.0,2.0,HUMAN_OBSERVATION,iNaturalist,iNaturalist research-grade observations
6162824610,"Loxodonta africana (Blumenbach, 1797)",Loxodonta africana,Loxodonta,Elephantidae,-2.949339,37.851804,31431.0,Taita Taveta,,,2007-11-03T15:36,2007.0,11.0,3.0,HUMAN_OBSERVATION,iNaturalist,iNaturalist research-grade observations
1677341412,"Loxodonta africana (Blumenbach, 1797)",Loxodonta africana,Loxodonta,Elephantidae,-3.053058,38.331487,31428.0,Taita Taveta,,,2007-12-17T06:58,2007.0,12.0,17.0,HUMAN_OBSERVATION,iNaturalist,iNaturalist research-grade observations
1978863155,"Loxodonta africana (Blumenbach, 1797)",Loxodonta africana,Loxodonta,Elephantidae,-2.992659,38.109358,31431.0,Taita Taveta,,,2007-12-02,2007.0,12.0,2.0,HUMAN_OBSERVATION,iNaturalist,iNaturalist research-grade observations
2005389379,"Loxodonta africana (Blumenbach, 1797)",Loxodonta africana,Loxodonta,Elephantidae,-2.813971,38.173586,31431.0,Taita Taveta,,,2007-12-16T12:31,2007.0,12.0,16.0,HUMAN_OBSERVATION,iNaturalist,iNaturalist research-grade observations
1703160135,"Loxodonta africana (Blumenbach, 1797)",Loxodonta africana,Loxodonta,Elephantidae,-2.774258,37.256891,31434.0,Kajiado,,,2006-01-13T00:00,2006.0,1.0,13.0,HUMAN_OBSERVATION,iNaturalist,iNaturalist research-grade observations
5205962886,"Loxodonta africana (Blumenbach, 1797)",Loxodonta africana,Loxodonta,Elephantidae,0.684135,37.555024,31450.0,Samburu,,,2006-01-10T17:45,2006.0,1.0,10.0,HUMAN_OBSERVATION,iNaturalist,iNaturalist research-grade observations
2382315127,"Loxodonta africana (Blumenbach, 1797)",Loxodonta africana,Loxodonta,Elephantidae,-1.3993,40.0334,,,Tana River,Arawale National Reserve,2006-02,2006.0,2.0,,HUMAN_OBSERVATION,NMK,
5025257821,"Loxodonta africana (Blumenbach, 1797)",Loxodonta africana,Loxodonta,Elephantidae,-1.573594,35.202942,250.0,,,"Masai Mara NR, Kenya",2006-02-26T00:00,2006.0,2.0,26.0,HUMAN_OBSERVATION,NABU|naturgucker,
4407210129,"Loxodonta africana (Blumenbach, 1797)",Loxodonta africana,Loxodonta,Elephantidae,-2.751135,37.214262,31434.0,Kajiado,,,2006-05-01T16:39,2006.0,5.0,1.0,HUMAN_OBSERVATION,iNaturalist,iNaturalist research-grade observations
4407333023,"Loxodonta africana (Blumenbach, 1797)",Loxodonta africana,Loxodonta,Elephantidae,-2.699234,37.278225,31434.0,Kajiado,,,2006-05-02T07:37,2006.0,5.0,2.0,HUMAN_OBSERVATION,iNaturalist,iNaturalist research-grade observations
1227771111,"Loxodonta africana (Blumenbach, 1797)",Loxodonta africana,Loxodonta,Elephantidae,2.376728,37.833823,31438.0,Marsabit,,,2006-06-15,2006.0,6.0,15.0,HUMAN_OBSERVATION,iNaturalist,iNaturalist research-grade observations
3320846254,"Loxodonta africana (Blumenbach, 1797)",Loxodonta africana,Loxodonta,Elephantidae,-0.049657,37.958465,716650.0,Meru,,,2006-06-03T01:05,2006.0,6.0,3.0,HUMAN_OBSERVATION,iNaturalist,iNaturalist research-grade observations
3321121252,"Loxodonta africana (Blumenbach, 1797)",Loxodonta africana,Loxodonta,Elephantidae,-0.136348,37.84768,716650.0,Meru,,,2006-06-04T00:13,2006.0,6.0,4.0,HUMAN_OBSERVATION,iNaturalist,iNaturalist research-grade observations
5013568031,"Loxodonta africana (Blumenbach, 1797)",Loxodonta africana,Loxodonta,Elephantidae,0.57128,37.608948,250.0,,,"Samburu, Kenya",2006-07-22T00:00,2006.0,7.0,22.0,HUMAN_OBSERVATION,NABU|naturgucker,
5015134501,"Loxodonta africana (Blumenbach, 1797)",Loxodonta africana,Loxodonta,Elephantidae,-1.573594,35.202942,250.0,,,"Masai Mara NR, Kenya",2006-07-31T00:00,2006.0,7.0,31.0,HUMAN_OBSERVATION,NABU|naturgucker,
2596357547,"Loxodonta africana (Blumenbach, 1797)",Loxodonta africana,Loxodonta,Elephantidae,-2.016276,38.487124,31441.0,Kitui,,,2006-08-28T08:33,2006.0,8.0,28.0,HUMAN_OBSERVATION,iNaturalist,iNaturalist research-grade observations
5027551549,"Loxodonta africana (Blumenbach, 1797)",Loxodonta africana,Loxodonta,Elephantidae,-1.573594,35.202942,250.0,,,"Masai Mara NR, Kenya",2006-09-14T00:00,2006.0,9.0,14.0,HUMAN_OBSERVATION,NABU|naturgucker,
6163204400,"Loxodonta africana (Blumenbach, 1797)",Loxodonta africana,Loxodonta,Elephantidae,-4.399569,39.463016,31407.0,Kwale,,,2006-09-12T12:38,2006.0,9.0,12.0,HUMAN_OBSERVATION,iNaturalist,iNaturalist research-grade observations
5215734164,"Loxodonta africana (Blumenbach, 1797)",Loxodonta africana,Loxodonta,Elephantidae,-2.744724,37.281389,31434.0,Kajiado,,,2006-10-13T16:49,2006.0,10.0,13.0,HUMAN_OBSERVATION,iNaturalist,iNaturalist research-grade observations
5920024883,"Loxodonta africana (Blumenbach, 1797)",Loxodonta africana,Loxodonta,Elephantidae,-3.234041,38.977895,31425.0,Taita Taveta,,,2006-11-28T14:12:17,2006.0,11.0,28.0,HUMAN_OBSERVATION,iNaturalist,iNaturalist research-grade observations
5920113333,"Loxodonta africana (Blumenbach, 1797)",Loxodonta africana,Loxodonta,Elephantidae,-2.79189,37.354498,31434.0,Kajiado,,,2006-11-29T15:31:04,2006.0,11.0,29.0,HUMAN_OBSERVATION,iNaturalist,iNaturalist research-grade observations
5920125446,"Loxodonta africana (Blumenbach, 1797)",Loxodonta africana,Loxodonta,Elephantidae,-2.690518,37.360636,31434.0,Kajiado,,,2006-11-29T14:42:47,2006.0,11.0,29.0,HUMAN_OBSERVATION,iNaturalist,iNaturalist research-grade observations
5827736734,"Loxodonta africana (Blumenbach, 1797)",Loxodonta africana,Loxodonta,Elephantidae,-2.859579,37.810116,31431.0,Taita Taveta,,,2006-12-03T08:58,2006.0,12.0,3.0,HUMAN_OBSERVATION,iNaturalist,iNaturalist research-grade observations
2456588135,"Loxodonta africana (Blumenbach, 1797)",Loxodonta africana,Loxodonta,Elephantidae,-1.482559,35.041244,31446.0,Narok,,,2005-01-24T10:56,2005.0,1.0,24.0,HUMAN_OBSERVATION,iNaturalist,iNaturalist research-grade observations
2456588870,"Loxodonta africana (Blumenbach, 1797)",Loxodonta africana,Loxodonta,Elephantidae,-1.519242,35.188247,31446.0,Narok,,,2005-01-24T10:53,2005.0,1.0,24.0,HUMAN_OBSERVATION,iNaturalist,iNaturalist research-grade observations
2456589295,"Loxodonta africana (Blumenbach, 1797)",Loxodonta africana,Loxodonta,Elephantidae,-1.599746,35.165484,31446.0,Narok,,,2005-01-24T11:02,2005.0,1.0,24.0,HUMAN_OBSERVATION,iNaturalist,iNaturalist research-grade observations
3113614742,"Loxodonta africana (Blumenbach, 1797)",Loxodonta africana,Loxodonta,Elephantidae,-2.958174,38.077899,31431.0,Taita Taveta,,,2005-01-11T22:47,2005.0,1.0,11.0,HUMAN_OBSERVATION,iNaturalist,iNaturalist research-grade observations
3113690734,"Loxodonta africana (Blumenbach, 1797)",Loxodonta africana,Loxodonta,Elephantidae,-2.701748,37.200278,31434.0,Kajiado,,,2005-01-10T22:31,2005.0,1.0,10.0,HUMAN_OBSERVATION,iNaturalist,iNaturalist research-grade observations
3399015465,"Loxodonta africana (Blumenbach, 1797)",Loxodonta africana,Loxodonta,Elephantidae,-2.541823,38.368608,31436.0,Kitui,,,2005-01-17T17:49,2005.0,1.0,17.0,HUMAN_OBSERVATION,iNaturalist,iNaturalist research-grade observations
3747163422,"Loxodonta africana (Blumenbach, 1797)",Loxodonta africana,Loxodonta,Elephantidae,-0.433315,36.623261,31451.0,Nyeri,,,2005-03-03T13:25Z,2005.0,3.0,3.0,HUMAN_OBSERVATION,iNaturalist,iNaturalist research-grade observations
3455423329,"Loxodonta africana (Blumenbach, 1797)",Loxodonta africana,Loxodonta,Elephantidae,-1.560613,35.159283,31446.0,Narok,,,2005-04-02T10:47,2005.0,4.0,2.0,HUMAN_OBSERVATION,iNaturalist,iNaturalist research-grade observations
3456156095,"Loxodonta africana (Blumenbach, 1797)",Loxodonta africana,Loxodonta,Elephantidae,-1.230691,35.165596,31447.0,Narok,,,2005-04-01T07:49,2005.0,4.0,1.0,HUMAN_OBSERVATION,iNaturalist,iNaturalist research-grade observations
1990608182,"Loxodonta africana (Blumenbach, 1797)",Loxodonta africana,Loxodonta,Elephantidae,-2.70571,37.278214,31434.0,Kajiado,,,2005-06-17T15:21,2005.0,6.0,17.0,HUMAN_OBSERVATION,iNaturalist,iNaturalist research-grade observations
1315055310,"Loxodonta africana (Blumenbach, 1797)",Loxodonta africana,Loxodonta,Elephantidae,-1.316092,34.809764,31447.0,Narok,,,2005-07-27,2005.0,7.0,27.0,HUMAN_OBSERVATION,iNaturalist,iNaturalist research-grade observations
2826241771,"Loxodonta africana (Blumenbach, 1797)",Loxodonta africana,Loxodonta,Elephantidae,-0.292515,37.049383,31451.0,Nyeri,,,2005-08-29T22:18,2005.0,8.0,29.0,HUMAN_OBSERVATION,iNaturalist,iNaturalist research-grade observations
2826320877,"Loxodonta africana (Blumenbach, 1797)",Loxodonta africana,Loxodonta,Elephantidae,0.48061,37.430474,31451.0,Isiolo,,,2005-08-30T23:21,2005.0,8.0,30.0,HUMAN_OBSERVATION,iNaturalist,iNaturalist research-grade observations
2850955984,"Loxodonta africana (Blumenbach, 1797)",Loxodonta africana,Loxodonta,Elephantidae,-1.369127,34.984998,31447.0,Narok,,,2005-09-02T23:56,2005.0,9.0,2.0,HUMAN_OBSERVATION,iNaturalist,iNaturalist research-grade observations
4009848258,"Loxodonta africana (Blumenbach, 1797)",Loxodonta africana,Loxodonta,Elephantidae,-1.585444,35.312215,31446.0,Narok,,,2005-09-29T12:55,2005.0,9.0,29.0,HUMAN_OBSERVATION,iNaturalist,iNaturalist research-grade observations
4009904232,"Loxodonta africana (Blumenbach, 1797)",Loxodonta africana,Loxodonta,Elephantidae,-1.443069,35.257437,31446.0,Narok,,,2005-09-30T11:52,2005.0,9.0,30.0,HUMAN_OBSERVATION,iNaturalist,iNaturalist research-grade observations
6399174206,"Loxodonta africana (Blumenbach, 1797)",Loxodonta africana,Loxodonta,Elephantidae,-4.364907,39.435691,31407.0,Kwale,,,2004-07-18T11:04,2004.0,7.0,18.0,HUMAN_OBSERVATION,iNaturalist,iNaturalist research-grade observations
4936180307,"Loxodonta africana (Blumenbach, 1797)",Loxodonta africana,Loxodonta,Elephantidae,-1.49715,35.1676,31889.0,Narok,,,2004-11-02T16:42,2004.0,11.0,2.0,HUMAN_OBSERVATION,iNaturalist,iNaturalist research-grade observations
4855128575,"Loxodonta africana (Blumenbach, 1797)",Loxodonta africana,Loxodonta,Elephantidae,-1.598217,35.01141,31446.0,Narok,,,2004-12-10T00:29,2004.0,12.0,10.0,HUMAN_OBSERVATION,iNaturalist,iNaturalist research-grade observations
5012732783,"Loxodonta africana (Blumenbach, 1797)",Loxodonta africana,Loxodonta,Elephantidae,-1.573594,35.202942,250.0,,,"Masai Mara NR, Kenya",2003-01-27T00:00,2003.0,1.0,27.0,HUMAN_OBSERVATION,NABU|naturgucker,
5016727558,"Loxodonta africana (Blumenbach, 1797)",Loxodonta africana,Loxodonta,Elephantidae,-0.42709,36.765747,250.0,,,Naro Moru & Aberdare NP bis zu ca. 3.660 Meters,2003-01-19T00:00,2003.0,1.0,19.0,HUMAN_OBSERVATION,NABU|naturgucker,
5022465217,"Loxodonta africana (Blumenbach, 1797)",Loxodonta africana,Loxodonta,Elephantidae,-1.573594,35.202942,250.0,,,"Masai Mara NR, Kenya",2003-01-28T00:00,2003.0,1.0,28.0,HUMAN_OBSERVATION,NABU|naturgucker,
5027385137,"Loxodonta africana (Blumenbach, 1797)",Loxodonta africana,Loxodonta,Elephantidae,-2.301017,38.243408,250.0,,,Tsavo East & Umani Camp,2003-01-31T00:00,2003.0,1.0,31.0,HUMAN_OBSERVATION,NABU|naturgucker,
5018625740,"Loxodonta africana (Blumenbach, 1797)",Loxodonta africana,Loxodonta,Elephantidae,-3.554541,37.754517,250.0,,,Lake Jipe & Kitovu Forest,2003-02-04T00:00,2003.0,2.0,4.0,HUMAN_OBSERVATION,NABU|naturgucker,
5023417531,"Loxodonta africana (Blumenbach, 1797)",Loxodonta africana,Loxodonta,Elephantidae,-3.502455,39.92569,250.0,,,Kilifi Umgebung & Sokoke Forst,2003-02-03T00:00,2003.0,2.0,3.0,HUMAN_OBSERVATION,NABU|naturgucker,
6320864504,"Loxodonta africana (Blumenbach, 1797)",Loxodonta africana,Loxodonta,Elephantidae,1.394142,36.875405,196155.0,Samburu,,,2003-02-05T11:14,2003.0,2.0,5.0,HUMAN_OBSERVATION,iNaturalist,iNaturalist research-grade observations
6273458897,"Loxodonta africana (Blumenbach, 1797)",Loxodonta africana,Loxodonta,Elephantidae,0.792832,37.598287,31450.0,Samburu,,,2003-04-14T18:01,2003.0,4.0,14.0,HUMAN_OBSERVATION,iNaturalist,iNaturalist research-grade observations
6320478762,"Loxodonta africana (Blumenbach, 1797)",Loxodonta africana,Loxodonta,Elephantidae,-1.400282,35.312875,31446.0,Narok,,,2003-04-20T12:36,2003.0,4.0,20.0,HUMAN_OBSERVATION,iNaturalist,iNaturalist research-grade observations
4424109263,"Loxodonta africana (Blumenbach, 1797)",Loxodonta africana,Loxodonta,Elephantidae,0.79425,37.484237,31450.0,Samburu,,,2003-05-16T08:55,2003.0,5.0,16.0,HUMAN_OBSERVATION,iNaturalist,iNaturalist research-grade observations
4458644723,"Loxodonta africana (Blumenbach, 1797)",Loxodonta africana,Loxodonta,Elephantidae,-2.738179,37.305081,31434.0,Kajiado,,,2003-06-04T02:50,2003.0,6.0,4.0,HUMAN_OBSERVATION,iNaturalist,iNaturalist research-grade observations
4458380782,"Loxodonta africana (Blumenbach, 1797)",Loxodonta africana,Loxodonta,Elephantidae,0.109283,36.815958,31451.0,Laikipia,,,2003-07-08T02:57,2003.0,7.0,8.0,HUMAN_OBSERVATION,iNaturalist,iNaturalist research-grade observations
4458411669,"Loxodonta africana (Blumenbach, 1797)",Loxodonta africana,Loxodonta,Elephantidae,-1.50877,35.191984,31446.0,Narok,,,2003-07-16T02:49,2003.0,7.0,16.0,HUMAN_OBSERVATION,iNaturalist,iNaturalist research-grade observations
4458624589,"Loxodonta africana (Blumenbach, 1797)",Loxodonta africana,Loxodonta,Elephantidae,-1.784791,35.222014,31444.0,Narok,,,2003-07-15T03:10,2003.0,7.0,15.0,HUMAN_OBSERVATION,iNaturalist,iNaturalist research-grade observations
3873160762,"Loxodonta africana (Blumenbach, 1797)",Loxodonta africana,Loxodonta,Elephantidae,-1.244305,36.818948,31447.0,Nairobi,,,2003-08-23T10:13,2003.0,8.0,23.0,HUMAN_OBSERVATION,iNaturalist,iNaturalist research-grade observations
2005353490,"Loxodonta africana (Blumenbach, 1797)",Loxodonta africana,Loxodonta,Elephantidae,-3.380801,38.858281,34059.0,Taita Taveta,,,2003-09-23T17:00,2003.0,9.0,23.0,HUMAN_OBSERVATION,iNaturalist,iNaturalist research-grade observations
4535951537,"Loxodonta africana (Blumenbach, 1797)",Loxodonta africana,Loxodonta,Elephantidae,-1.43318,35.099358,43163.0,Narok,,,2003-09-23,2003.0,9.0,23.0,HUMAN_OBSERVATION,iNaturalist,iNaturalist research-grade observations
6333884362,"Loxodonta africana (Blumenbach, 1797)",Loxodonta africana,Loxodonta,Elephantidae,-3.225951,38.642515,36411.0,Taita Taveta,,,2003-09-23T18:33,2003.0,9.0,23.0,HUMAN_OBSERVATION,iNaturalist,iNaturalist research-grade observations
5018207232,"Loxodonta africana (Blumenbach, 1797)",Loxodonta africana,Loxodonta,Elephantidae,0.57128,37.608948,250.0,,,"Samburu, Kenya",2003-10-21T00:00,2003.0,10.0,21.0,HUMAN_OBSERVATION,NABU|naturgucker,
5020813204,"Loxodonta africana (Blumenbach, 1797)",Loxodonta africana,Loxodonta,Elephantidae,0.57128,37.608948,250.0,,,"Samburu, Kenya",2003-10-22T00:00,2003.0,10.0,22.0,HUMAN_OBSERVATION,NABU|naturgucker,
6130942915,"Loxodonta africana (Blumenbach, 1797)",Loxodonta africana,Loxodonta,Elephantidae,-3.042045,39.116175,31428.0,Taita Taveta,,,2003-10-31T14:39,2003.0,10.0,31.0,HUMAN_OBSERVATION,iNaturalist,iNaturalist research-grade observations
5020489186,"Loxodonta africana (Blumenbach, 1797)",Loxodonta africana,Loxodonta,Elephantidae,-1.573594,35.202942,250.0,,,"Masai Mara NR, Kenya",2003-11-04T00:00,2003.0,11.0,4.0,HUMAN_OBSERVATION,NABU|naturgucker,
5021590182,"Loxodonta africana (Blumenbach, 1797)",Loxodonta africana,Loxodonta,Elephantidae,-1.573594,35.202942,250.0,,,"Masai Mara NR, Kenya",2003-11-02T00:00,2003.0,11.0,2.0,HUMAN_OBSERVATION,NABU|naturgucker,
5024539006,"Loxodonta africana (Blumenbach, 1797)",Loxodonta africana,Loxodonta,Elephantidae,-1.573594,35.202942,250.0,,,"Masai Mara NR, Kenya",2003-11-03T00:00,2003.0,11.0,3.0,HUMAN_OBSERVATION,NABU|naturgucker,
6131316620,"Loxodonta africana (Blumenbach, 1797)",Loxodonta africana,Loxodonta,Elephantidae,-1.42592,35.273692,31446.0,Narok,,,2003-11-11T14:45,2003.0,11.0,11.0,HUMAN_OBSERVATION,iNaturalist,iNaturalist research-grade observations
1945468712,"Loxodonta africana (Blumenbach, 1797)",Loxodonta africana,Loxodonta,Elephantidae,-1.494055,35.042341,31446.0,Narok,,,2002-04-03T14:33,2002.0,4.0,3.0,HUMAN_OBSERVATION,iNaturalist,iNaturalist research-grade observations
3416125451,"Loxodonta africana (Blumenbach, 1797)",Loxodonta africana,Loxodonta,Elephantidae,0.720521,37.891465,31450.0,Isiolo,,,2002-07-11T20:50,2002.0,7.0,11.0,HUMAN_OBSERVATION,iNaturalist,iNaturalist research-grade observations
6195409098,"Loxodonta africana (Blumenbach, 1797)",Loxodonta africana,Loxodonta,Elephantidae,-1.332598,35.159186,31447.0,Narok,,,2001-01-05T14:13,2001.0,1.0,5.0,HUMAN_OBSERVATION,iNaturalist,iNaturalist research-grade observations
6195926988,"Loxodonta africana (Blumenbach, 1797)",Loxodonta africana,Loxodonta,Elephantidae,0.612054,37.458967,31450.0,Samburu,,,2001-01-09T16:36,2001.0,1.0,9.0,HUMAN_OBSERVATION,iNaturalist,iNaturalist research-grade observations
3416073321,"Loxodonta africana (Blumenbach, 1797)",Loxodonta africana,Loxodonta,Elephantidae,0.309327,36.897999,246945.0,Laikipia,,,2001-05-24T14:20,2001.0,5.0,24.0,HUMAN_OBSERVATION,iNaturalist,iNaturalist research-grade observations
5063446507,"Loxodonta africana (Blumenbach, 1797)",Loxodonta africana,Loxodonta,Elephantidae,-2.60492,37.279594,31434.0,Kajiado,,,2000-01-29,2000.0,1.0,29.0,HUMAN_OBSERVATION,iNaturalist,iNaturalist research-grade observations
6163372233,"Loxodonta africana (Blumenbach, 1797)",Loxodonta africana,Loxodonta,Elephantidae,-2.890062,37.849724,31431.0,Taita Taveta,,,2000-01-01T00:05,2000.0,1.0,1.0,HUMAN_OBSERVATION,iNaturalist,iNaturalist research-grade observations
5063448827,"Loxodonta africana (Blumenbach, 1797)",Loxodonta africana,Loxodonta,Elephantidae,0.757068,37.512689,31450.0,Samburu,,,2000-02-03,2000.0,2.0,3.0,HUMAN_OBSERVATION,iNaturalist,iNaturalist research-grade observations
5936374751,"Loxodonta africana (Blumenbach, 1797)",Loxodonta africana,Loxodonta,Elephantidae,0.068041,36.89781,31451.0,Laikipia,,,2000-02-07T14:45,2000.0,2.0,7.0,HUMAN_OBSERVATION,iNaturalist,iNaturalist research-grade observations
5938270776,"Loxodonta africana (Blumenbach, 1797)",Loxodonta africana,Loxodonta,Elephantidae,0.012814,36.948189,31451.0,Laikipia,,,2000-02-09T13:41,2000.0,2.0,9.0,HUMAN_OBSERVATION,iNaturalist,iNaturalist research-grade observations
2868085688,"Loxodonta africana (Blumenbach, 1797)",Loxodonta africana,Loxodonta,Elephantidae,-2.661149,37.224973,31434.0,Kajiado,,,2000-07-10,2000.0,7.0,10.0,HUMAN_OBSERVATION,iNaturalist,iNaturalist research-grade observations
2868097698,"Loxodonta africana (Blumenbach, 1797)",Loxodonta africana,Loxodonta,Elephantidae,-2.994585,37.633065,61845.0,Kajiado,,,2000-07-09,2000.0,7.0,9.0,HUMAN_OBSERVATION,iNaturalist,iNaturalist research-grade observations
2868183796,"Loxodonta africana (Blumenbach, 1797)",Loxodonta africana,Loxodonta,Elephantidae,-1.484733,35.073169,31446.0,Narok,,,2000-07-20,2000.0,7.0,20.0,HUMAN_OBSERVATION,iNaturalist,iNaturalist research-grade observations
2868191824,"Loxodonta africana (Blumenbach, 1797)",Loxodonta africana,Loxodonta,Elephantidae,-0.304446,37.149014,31451.0,Nyeri,,,2000-07-12,2000.0,7.0,12.0,HUMAN_OBSERVATION,iNaturalist,iNaturalist research-grade observations
2868245790,"Loxodonta africana (Blumenbach, 1797)",Loxodonta africana,Loxodonta,Elephantidae,-2.768463,37.351402,31434.0,Kajiado,,,2000-07-11,2000.0,7.0,11.0,HUMAN_OBSERVATION,iNaturalist,iNaturalist research-grade observations
2868251776,"Loxodonta africana (Blumenbach, 1797)",Loxodonta africana,Loxodonta,Elephantidae,-2.708659,37.320893,31434.0,Kajiado,,,2000-07-11,2000.0,7.0,11.0,HUMAN_OBSERVATION,iNaturalist,iNaturalist research-grade observations
2868298770,"Loxodonta africana (Blumenbach, 1797)",Loxodonta africana,Loxodonta,Elephantidae,-1.596789,35.058102,31446.0,Narok,,,2000-07-18,2000.0,7.0,18.0,HUMAN_OBSERVATION,iNaturalist,iNaturalist research-grade observations
1805401985,"Loxodonta africana (Blumenbach, 1797)",Loxodonta africana,Loxodonta,Elephantidae,-1.545095,35.010928,31446.0,Narok,,,2000-09-16T00:00,2000.0,9.0,16.0,HUMAN_OBSERVATION,iNaturalist,iNaturalist research-grade observations
3743067490,"Loxodonta africana (Blumenbach, 1797)",Loxodonta africana,Loxodonta,Elephantidae,-2.899755,38.374851,64008.0,Taita Taveta,,,1999-04-07T15:17,1999.0,4.0,7.0,HUMAN_OBSERVATION,iNaturalist,iNaturalist research-grade observations
3044854449,"Loxodonta africana (Blumenbach, 1797)",Loxodonta africana,Loxodonta,Elephantidae,-2.608286,37.287848,31434.0,Kajiado,,,1999-06-30T13:21,1999.0,6.0,30.0,HUMAN_OBSERVATION,iNaturalist,iNaturalist research-grade observations
5932260907,"Loxodonta africana (Blumenbach, 1797)",Loxodonta africana,Loxodonta,Elephantidae,-0.305459,36.999437,31451.0,Nyeri,,,1998-05-20,1998.0,5.0,20.0,HUMAN_OBSERVATION,iNaturalist,iNaturalist research-grade observations
5932377155,"Loxodonta africana (Blumenbach, 1797)",Loxodonta africana,Loxodonta,Elephantidae,0.736047,37.46186,31450.0,Samburu,,,1998-05-22,1998.0,5.0,22.0,HUMAN_OBSERVATION,iNaturalist,iNaturalist research-grade observations
3743054658,"Loxodonta africana (Blumenbach, 1797)",Loxodonta africana,Loxodonta,Elephantidae,-0.594532,36.994704,31451.0,Nyeri,,,1995-03-14T14:57Z,1995.0,3.0,14.0,HUMAN_OBSERVATION,iNaturalist,iNaturalist research-grade observations
2802601986,"Loxodonta africana (Blumenbach, 1797)",Loxodonta africana,Loxodonta,Elephantidae,-1.444813,34.982812,31446.0,Narok,,,1995-05-10,1995.0,5.0,10.0,HUMAN_OBSERVATION,iNaturalist,iNaturalist research-grade observations
4046213678,"Loxodonta africana (Blumenbach, 1797)",Loxodonta africana,Loxodonta,Elephantidae,0.787109,37.540447,31450.0,Samburu,,,1995-06-14T11:59,1995.0,6.0,14.0,HUMAN_OBSERVATION,iNaturalist,iNaturalist research-grade observations
4046330637,"Loxodonta africana (Blumenbach, 1797)",Loxodonta africana,Loxodonta,Elephantidae,-1.420103,35.034191,31446.0,Narok,,,1995-06-21T12:05,1995.0,6.0,21.0,HUMAN_OBSERVATION,iNaturalist,iNaturalist research-grade observations
2882935194,"Loxodonta africana (Blumenbach, 1797)",Loxodonta africana,Loxodonta,Elephantidae,-1.541439,35.164773,31446.0,Narok,,,1994-07-11,1994.0,7.0,11.0,HUMAN_OBSERVATION,iNaturalist,iNaturalist research-grade observations
2883021094,"Loxodonta africana (Blumenbach, 1797)",Loxodonta africana,Loxodonta,Elephantidae,-1.462458,35.196385,31446.0,Narok,,,1994-07-11,1994.0,7.0,11.0,HUMAN_OBSERVATION,iNaturalist,iNaturalist research-grade observations
3031686138,"Loxodonta africana (Blumenbach, 1797)",Loxodonta africana,Loxodonta,Elephantidae,-2.346635,38.307116,31438.0,Kitui,,,1994-07-12T22:00,1994.0,7.0,12.0,HUMAN_OBSERVATION,iNaturalist,iNaturalist research-grade observations
4908460815,"Loxodonta africana (Blumenbach, 1797)",Loxodonta africana,Loxodonta,Elephantidae,-1.435443,35.082737,31446.0,Narok,,,1994-07-20,1994.0,7.0,20.0,HUMAN_OBSERVATION,iNaturalist,iNaturalist research-grade observations
5167055401,"Loxodonta africana (Blumenbach, 1797)",Loxodonta africana,Loxodonta,Elephantidae,-0.105881,37.206393,31451.0,Kirinyaga,,,1993-04-11,1993.0,4.0,11.0,HUMAN_OBSERVATION,iNaturalist,iNaturalist research-grade observations
5168207603,"Loxodonta africana (Blumenbach, 1797)",Loxodonta africana,Loxodonta,Elephantidae,0.542471,37.409166,31451.0,Isiolo,,,1993-04-11,1993.0,4.0,11.0,HUMAN_OBSERVATION,iNaturalist,iNaturalist research-grade observations
3759379492,"Loxodonta africana (Blumenbach, 1797)",Loxodonta africana,Loxodonta,Elephantidae,-1.587456,35.356708,31446.0,Narok,,,1992-08-22T15:30,1992.0,8.0,22.0,HUMAN_OBSERVATION,iNaturalist,iNaturalist research-grade observations
3759394015,"Loxodonta africana (Blumenbach, 1797)",Loxodonta africana,Loxodonta,Elephantidae,0.424419,37.466562,31451.0,Isiolo,,,1992-08-17T16:15,1992.0,8.0,17.0,HUMAN_OBSERVATION,iNaturalist,iNaturalist research-grade observations
3760304921,"Loxodonta africana (Blumenbach, 1797)",Loxodonta africana,Loxodonta,Elephantidae,0.588243,37.489189,31451.0,Isiolo,,,1992-08-17T11:50,1992.0,8.0,17.0,HUMAN_OBSERVATION,iNaturalist,iNaturalist research-grade observations
3860673851,"Loxodonta africana (Blumenbach, 1797)",Loxodonta africana,Loxodonta,Elephantidae,-1.478575,35.37149,31446.0,Narok,,,1992-08-23T09:30,1992.0,8.0,23.0,HUMAN_OBSERVATION,iNaturalist,iNaturalist research-grade observations
3902290385,"Loxodonta africana (Blumenbach, 1797)",Loxodonta africana,Loxodonta,Elephantidae,0.551842,37.548507,31451.0,Isiolo,,,1992-08-17T11:45,1992.0,8.0,17.0,HUMAN_OBSERVATION,iNaturalist,iNaturalist research-grade observations
3902375368,"Loxodonta africana (Blumenbach, 1797)",Loxodonta africana,Loxodonta,Elephantidae,0.459661,37.51994,31451.0,Isiolo,,,1992-08-17T11:40,1992.0,8.0,17.0,HUMAN_OBSERVATION,iNaturalist,iNaturalist research-grade observations
3902494005,"Loxodonta africana (Blumenbach, 1797)",Loxodonta africana,Loxodonta,Elephantidae,0.522258,37.519501,31451.0,Isiolo,,,1992-08-17T11:45,1992.0,8.0,17.0,HUMAN_OBSERVATION,iNaturalist,iNaturalist research-grade observations
4022002064,"Loxodonta africana (Blumenbach, 1797)",Loxodonta africana,Loxodonta,Elephantidae,0.535957,37.545262,31451.0,Isiolo,,,1992-08-17T11:55,1992.0,8.0,17.0,HUMAN_OBSERVATION,iNaturalist,iNaturalist research-grade observations
4022313535,"Loxodonta africana (Blumenbach, 1797)",Loxodonta africana,Loxodonta,Elephantidae,0.596484,37.575496,31451.0,Isiolo,,,1992-08-17T12:05,1992.0,8.0,17.0,HUMAN_OBSERVATION,iNaturalist,iNaturalist research-grade observations
1986534682,"Loxodonta africana (Blumenbach, 1797)",Loxodonta africana,Loxodonta,Elephantidae,-1.432089,34.88757,31446.0,Narok,,,1992-09-29,1992.0,9.0,29.0,HUMAN_OBSERVATION,iNaturalist,iNaturalist research-grade observations
1986534866,"Loxodonta africana (Blumenbach, 1797)",Loxodonta africana,Loxodonta,Elephantidae,-1.58166,34.82369,31446.0,Narok,,,1992-09-29,1992.0,9.0,29.0,HUMAN_OBSERVATION,iNaturalist,iNaturalist research-grade observations
1986535508,"Loxodonta africana (Blumenbach, 1797)",Loxodonta africana,Loxodonta,Elephantidae,-1.595674,34.896366,31446.0,Narok,,,1992-09-27,1992.0,9.0,27.0,HUMAN_OBSERVATION,iNaturalist,iNaturalist research-grade observations
1986535533,"Loxodonta africana (Blumenbach, 1797)",Loxodonta africana,Loxodonta,Elephantidae,-1.41072,34.999707,31446.0,Narok,,,1992-09-29,1992.0,9.0,29.0,HUMAN_OBSERVATION,iNaturalist,iNaturalist research-grade observations
1986535552,"Loxodonta africana (Blumenbach, 1797)",Loxodonta africana,Loxodonta,Elephantidae,-1.581118,34.997546,31446.0,Narok,,,1992-09-27,1992.0,9.0,27.0,HUMAN_OBSERVATION,iNaturalist,iNaturalist research-grade observations
5021557320,"Loxodonta africana (Blumenbach, 1797)",Loxodonta africana,Loxodonta,Elephantidae,-1.092859,35.20612,250.0,,,"Mara River, Mara Buffalo Camp und südliche Umgebung",1992-12-28T00:00,1992.0,12.0,28.0,HUMAN_OBSERVATION,NABU|naturgucker,
5028092883,"Loxodonta africana (Blumenbach, 1797)",Loxodonta africana,Loxodonta,Elephantidae,-1.092859,35.20612,250.0,,,"Mara River, Mara Buffalo Camp und südliche Umgebung",1992-12-29T00:00,1992.0,12.0,29.0,HUMAN_OBSERVATION,NABU|naturgucker,
1291087219,"Loxodonta africana (Blumenbach, 1797)",Loxodonta africana,Loxodonta,Elephantidae,-2.674835,37.271061,31434.0,Kajiado,,,1991-08-05,1991.0,8.0,5.0,HUMAN_OBSERVATION,iNaturalist,iNaturalist research-grade observations
1898832277,"Loxodonta africana (Blumenbach, 1797)",Loxodonta africana,Loxodonta,Elephantidae,0.479824,37.557303,31451.0,Isiolo,,,1990-07-08T16:45,1990.0,7.0,8.0,HUMAN_OBSERVATION,iNaturalist,iNaturalist research-grade observations
6353061530,"Loxodonta africana (Blumenbach, 1797)",Loxodonta africana,Loxodonta,Elephantidae,-1.209646,35.113908,31447.0,Narok,,,1990-09-01,1990.0,9.0,1.0,HUMAN_OBSERVATION,iNaturalist,iNaturalist research-grade observations
6353123813,"Loxodonta africana (Blumenbach, 1797)",Loxodonta africana,Loxodonta,Elephantidae,-1.358709,35.101575,31447.0,Narok,,,1990-09-01,1990.0,9.0,1.0,HUMAN_OBSERVATION,iNaturalist,iNaturalist research-grade observations
3337454176,"Loxodonta africana (Blumenbach, 1797)",Loxodonta africana,Loxodonta,Elephantidae,0.723185,37.571697,31450.0,Samburu,,,1990-11-21,1990.0,11.0,21.0,HUMAN_OBSERVATION,iNaturalist,iNaturalist research-grade observations
6520720374,"Loxodonta africana (Blumenbach, 1797)",Loxodonta africana,Loxodonta,Elephantidae,-1.285739,35.115378,31447.0,Narok,,,1989-02-12T18:21,1989.0,2.0,12.0,HUMAN_OBSERVATION,iNaturalist,iNaturalist research-grade observations
5016211572,"Loxodonta africana (Blumenbach, 1797)",Loxodonta africana,Loxodonta,Elephantidae,-2.977327,38.831177,250.0,,,TSAVO-OST-Nationalpark,1989-12-17T00:00,1989.0,12.0,17.0,HUMAN_OBSERVATION,NABU|naturgucker,
5021100302,"Loxodonta africana (Blumenbach, 1797)",Loxodonta africana,Loxodonta,Elephantidae,-2.639218,37.199364,250.0,,,Amboseli Nationalpark,1989-12-20T00:00,1989.0,12.0,20.0,HUMAN_OBSERVATION,NABU|naturgucker,
5024812027,"Loxodonta africana (Blumenbach, 1797)",Loxodonta africana,Loxodonta,Elephantidae,-3.015989,38.21067,250.0,,,"NGULIA-BERGE und Gebiet um die Ngulia-Safari-Lodge, Tsavo-West-NP",1989-12-18T00:00,1989.0,12.0,18.0,HUMAN_OBSERVATION,NABU|naturgucker,
5026078604,"Loxodonta africana (Blumenbach, 1797)",Loxodonta africana,Loxodonta,Elephantidae,-2.639218,37.199364,250.0,,,Amboseli Nationalpark,1989-12-19T00:00,1989.0,12.0,19.0,HUMAN_OBSERVATION,NABU|naturgucker,
5027781959,"Loxodonta africana (Blumenbach, 1797)",Loxodonta africana,Loxodonta,Elephantidae,-1.573594,35.202942,250.0,,,"Masai Mara NR, Kenya",1989-12-22T00:00,1989.0,12.0,22.0,HUMAN_OBSERVATION,NABU|naturgucker,
5027978445,"Loxodonta africana (Blumenbach, 1797)",Loxodonta africana,Loxodonta,Elephantidae,-1.573594,35.202942,250.0,,,"Masai Mara NR, Kenya",1989-12-21T00:00,1989.0,12.0,21.0,HUMAN_OBSERVATION,NABU|naturgucker,
2465164288,"Loxodonta africana (Blumenbach, 1797)",Loxodonta africana,Loxodonta,Elephantidae,-2.636427,37.335565,31434.0,Kajiado,,,1988-08-13,1988.0,8.0,13.0,HUMAN_OBSERVATION,iNaturalist,iNaturalist research-grade observations
2465178179,"Loxodonta africana (Blumenbach, 1797)",Loxodonta africana,Loxodonta,Elephantidae,-2.672656,37.202731,31434.0,Kajiado,,,1988-08-13,1988.0,8.0,13.0,HUMAN_OBSERVATION,iNaturalist,iNaturalist research-grade observations
2465259693,"Loxodonta africana (Blumenbach, 1797)",Loxodonta africana,Loxodonta,Elephantidae,-1.593832,35.1068,31446.0,Narok,,,1988-08-21,1988.0,8.0,21.0,HUMAN_OBSERVATION,iNaturalist,iNaturalist research-grade observations
2465260536,"Loxodonta africana (Blumenbach, 1797)",Loxodonta africana,Loxodonta,Elephantidae,-2.765989,37.243389,31434.0,Kajiado,,,1988-08-17,1988.0,8.0,17.0,HUMAN_OBSERVATION,iNaturalist,iNaturalist research-grade observations
2465269111,"Loxodonta africana (Blumenbach, 1797)",Loxodonta africana,Loxodonta,Elephantidae,-2.729015,37.3561,31434.0,Kajiado,,,1988-08-13,1988.0,8.0,13.0,HUMAN_OBSERVATION,iNaturalist,iNaturalist research-grade observations
2465279274,"Loxodonta africana (Blumenbach, 1797)",Loxodonta africana,Loxodonta,Elephantidae,-2.733793,37.303593,31434.0,Kajiado,,,1988-08-13,1988.0,8.0,13.0,HUMAN_OBSERVATION,iNaturalist,iNaturalist research-grade observations
2465285487,"Loxodonta africana (Blumenbach, 1797)",Loxodonta africana,Loxodonta,Elephantidae,-2.700071,37.247297,31434.0,Kajiado,,,1988-08-13,1988.0,8.0,13.0,HUMAN_OBSERVATION,iNaturalist,iNaturalist research-grade observations
2465303553,"Loxodonta africana (Blumenbach, 1797)",Loxodonta africana,Loxodonta,Elephantidae,-2.734829,37.225981,31434.0,Kajiado,,,1988-08-13,1988.0,8.0,13.0,HUMAN_OBSERVATION,iNaturalist,iNaturalist research-grade observations
2465305341,"Loxodonta africana (Blumenbach, 1797)",Loxodonta africana,Loxodonta,Elephantidae,-2.626442,37.294705,31434.0,Kajiado,,,1988-08-13,1988.0,8.0,13.0,HUMAN_OBSERVATION,iNaturalist,iNaturalist research-grade observations
2465317809,"Loxodonta africana (Blumenbach, 1797)",Loxodonta africana,Loxodonta,Elephantidae,-2.753387,37.312018,31434.0,Kajiado,,,1988-08-13,1988.0,8.0,13.0,HUMAN_OBSERVATION,iNaturalist,iNaturalist research-grade observations
2465323093,"Loxodonta africana (Blumenbach, 1797)",Loxodonta africana,Loxodonta,Elephantidae,-2.699227,37.317419,31434.0,Kajiado,,,1988-08-13,1988.0,8.0,13.0,HUMAN_OBSERVATION,iNaturalist,iNaturalist research-grade observations
2465339401,"Loxodonta africana (Blumenbach, 1797)",Loxodonta africana,Loxodonta,Elephantidae,-2.775633,37.368769,31434.0,Kajiado,,,1988-08-13,1988.0,8.0,13.0,HUMAN_OBSERVATION,iNaturalist,iNaturalist research-grade observations
2465372646,"Loxodonta africana (Blumenbach, 1797)",Loxodonta africana,Loxodonta,Elephantidae,-2.756669,37.303248,31434.0,Kajiado,,,1988-08-13,1988.0,8.0,13.0,HUMAN_OBSERVATION,iNaturalist,iNaturalist research-grade observations
2517982357,"Loxodonta africana (Blumenbach, 1797)",Loxodonta africana,Loxodonta,Elephantidae,-2.618942,37.204466,31434.0,Kajiado,,,1988-08-13,1988.0,8.0,13.0,HUMAN_OBSERVATION,iNaturalist,iNaturalist research-grade observations
3118441393,"Loxodonta africana (Blumenbach, 1797)",Loxodonta africana,Loxodonta,Elephantidae,-2.842661,37.83094,31431.0,Taita Taveta,,,1988-08-11T18:41,1988.0,8.0,11.0,HUMAN_OBSERVATION,iNaturalist,iNaturalist research-grade observations
5215860393,"Loxodonta africana (Blumenbach, 1797)",Loxodonta africana,Loxodonta,Elephantidae,-2.780017,37.391398,31434.0,Kajiado,,,1988-08-13,1988.0,8.0,13.0,HUMAN_OBSERVATION,iNaturalist,iNaturalist research-grade observations
5216400347,"Loxodonta africana (Blumenbach, 1797)",Loxodonta africana,Loxodonta,Elephantidae,-2.713545,37.261087,31434.0,Kajiado,,,1988-08-13,1988.0,8.0,13.0,HUMAN_OBSERVATION,iNaturalist,iNaturalist research-grade observations
5216758378,"Loxodonta africana (Blumenbach, 1797)",Loxodonta africana,Loxodonta,Elephantidae,-2.661491,37.206297,31434.0,Kajiado,,,1988-08-13,1988.0,8.0,13.0,HUMAN_OBSERVATION,iNaturalist,iNaturalist research-grade observations
4006589742,"Loxodonta africana (Blumenbach, 1797)",Loxodonta africana,Loxodonta,Elephantidae,-1.204388,35.036102,31447.0,Narok,,,1988-11-17T22:38,1988.0,11.0,17.0,HUMAN_OBSERVATION,iNaturalist,iNaturalist research-grade observations
1147047661,"Loxodonta africana (Blumenbach, 1797)",Loxodonta africana,Loxodonta,Elephantidae,-2.5,37.0,,Rift Valley,,Ambosseli National Park; Elephant Research Group camp,1987-03-28,1987.0,3.0,28.0,MACHINE_OBSERVATION,CLO,
3858444333,"Loxodonta africana (Blumenbach, 1797)",Loxodonta africana,Loxodonta,Elephantidae,-2.290461,38.250137,31438.0,Kitui,,,1987-08-28,1987.0,8.0,28.0,HUMAN_OBSERVATION,iNaturalist,iNaturalist research-grade observations
1841190700,"Loxodonta africana (Blumenbach, 1797)",Loxodonta africana,Loxodonta,Elephantidae,1.60661,37.778237,31444.0,Marsabit,,,1986-07-27,1986.0,7.0,27.0,HUMAN_OBSERVATION,iNaturalist,iNaturalist research-grade observations
2579359037,"Loxodonta africana (Blumenbach, 1797)",Loxodonta africana,Loxodonta,Elephantidae,-1.250468,35.146336,31447.0,Narok,,,1985-03-09T20:52:43,1985.0,3.0,9.0,HUMAN_OBSERVATION,iNaturalist,iNaturalist research-grade observations
5897774035,"Loxodonta africana (Blumenbach, 1797)",Loxodonta africana,Loxodonta,Elephantidae,-1.2171,35.014382,31447.0,Narok,,,1985-04-20,1985.0,4.0,20.0,HUMAN_OBSERVATION,iNaturalist,iNaturalist research-grade observations
3415509407,"Loxodonta africana (Blumenbach, 1797)",Loxodonta africana,Loxodonta,Elephantidae,0.467107,37.407952,31451.0,Isiolo,,,1985-07-10T00:00,1985.0,7.0,10.0,HUMAN_OBSERVATION,iNaturalist,iNaturalist research-grade observations
5069912245,"Loxodonta africana (Blumenbach, 1797)",Loxodonta africana,Loxodonta,Elephantidae,-2.718962,37.325169,31434.0,Kajiado,,,1984-07-28T10:02,1984.0,7.0,28.0,HUMAN_OBSERVATION,iNaturalist,iNaturalist research-grade observations
1699379046,"Loxodonta africana (Blumenbach, 1797)",Loxodonta africana,Loxodonta,Elephantidae,-2.083095,38.554463,31441.0,Kitui,,,1984-08-14T22:00,1984.0,8.0,14.0,HUMAN_OBSERVATION,iNaturalist,iNaturalist research-grade observations
4029127152,"Loxodonta africana (Blumenbach, 1797)",Loxodonta africana,Loxodonta,Elephantidae,-0.141934,37.865206,429223.0,Meru,,,1983-02-03,1983.0,2.0,3.0,HUMAN_OBSERVATION,iNaturalist,iNaturalist research-grade observations
6163287952,"Loxodonta africana (Blumenbach, 1797)",Loxodonta africana,Loxodonta,Elephantidae,-2.983395,38.775093,31431.0,Kitui,,,1983-12-29T15:40,1983.0,12.0,29.0,HUMAN_OBSERVATION,iNaturalist,iNaturalist research-grade observations
2382316324,"Loxodonta africana (Blumenbach, 1797)",Loxodonta africana,Loxodonta,Elephantidae,-0.1683,38.6151,,,Kitui,Kora National Park,1983,1983.0,,,HUMAN_OBSERVATION,NMK,
4153686281,"Loxodonta africana (Blumenbach, 1797)",Loxodonta africana,Loxodonta,Elephantidae,-3.597443,38.328009,31422.0,Taita Taveta,,,1981-01-25T11:56,1981.0,1.0,25.0,HUMAN_OBSERVATION,iNaturalist,iNaturalist research-grade observations
4165817062,"Loxodonta africana (Blumenbach, 1797)",Loxodonta africana,Loxodonta,Elephantidae,-0.144402,37.942657,716650.0,Meru,,,1981-01-20T12:47,1981.0,1.0,20.0,HUMAN_OBSERVATION,iNaturalist,iNaturalist research-grade observations
2850776413,"Loxodonta africana (Blumenbach, 1797)",Loxodonta africana,Loxodonta,Elephantidae,-0.259643,36.808368,31451.0,Nyeri,,,1979-02-21T19:16,1979.0,2.0,21.0,HUMAN_OBSERVATION,iNaturalist,iNaturalist research-grade observations
1668882304,"Loxodonta africana (Blumenbach, 1797)",Loxodonta africana,Loxodonta,Elephantidae,-0.323637,36.186407,31451.0,Nakuru,,,1978-05-15,1978.0,5.0,15.0,HUMAN_OBSERVATION,iNaturalist,iNaturalist research-grade observations
5147315305,"Loxodonta africana (Blumenbach, 1797)",Loxodonta africana,Loxodonta,Elephantidae,-3.05,38.74343,5266.0,,,"ca. 3 mi E Lugard [=Lugard's] Falls, ca. 300 yds Galana River, Coast Province",1973-08-23,1973.0,8.0,23.0,PRESERVED_SPECIMEN,MVZ,
6171414472,"Loxodonta africana (Blumenbach, 1797)",Loxodonta africana,Loxodonta,Elephantidae,-2.948142,38.084143,31431.0,Taita Taveta,,,1972-09-14T15:00,1972.0,9.0,14.0,HUMAN_OBSERVATION,iNaturalist,iNaturalist research-grade observations
6159162954,"Loxodonta africana (Blumenbach, 1797)",Loxodonta africana,Loxodonta,Elephantidae,-1.422142,35.093284,31446.0,Narok,,,1970-01-01T03:00,1970.0,1.0,1.0,HUMAN_OBSERVATION,iNaturalist,iNaturalist research-grade observations
1804095396,"Loxodonta africana (Blumenbach, 1797)",Loxodonta africana,Loxodonta,Elephantidae,1.08333,36.7,,,,"Maralal District, Hunting Block 53B",1969-08-05,1969.0,8.0,5.0,PRESERVED_SPECIMEN,CMN,Mammal
919440139,"Loxodonta africana (Blumenbach, 1797)",Loxodonta africana,Loxodonta,Elephantidae,0.01667,37.06667,5516.0,,,"outside of Amboseli National Park, near Nanyuki",1967,1967.0,,,PRESERVED_SPECIMEN,MSU,
1039523261,"Loxodonta africana (Blumenbach, 1797)",Loxodonta africana,Loxodonta,Elephantidae,-1.4833,35.4833,1850.0,Rift Valley Province,,"Aitong , 50 miles sw of Narok",1965-02-09,1965.0,2.0,9.0,PRESERVED_SPECIMEN,YPM,
1065377032,"Loxodonta africana (Blumenbach, 1797)",Loxodonta africana,Loxodonta,Elephantidae,-1.1,39.95,4854.0,,,"S Bank Tana River, Bura",1963-03-20,1963.0,3.0,20.0,PRESERVED_SPECIMEN,LACM,LACM Vertebrates
1065403829,"Loxodonta africana (Blumenbach, 1797)",Loxodonta africana,Loxodonta,Elephantidae,-1.1,39.95,4854.0,,,"S Bank Tana River, Bura",1963-03-10,1963.0,3.0,10.0,PRESERVED_SPECIMEN,LACM,LACM Vertebrates
1065405116,"Loxodonta africana (Blumenbach, 1797)",Loxodonta africana,Loxodonta,Elephantidae,-1.1,39.95,4854.0,,,"S Bank Tana River, Bura",1963-03-05,1963.0,3.0,5.0,PRESERVED_SPECIMEN,LACM,LACM Vertebrates
919452030,"Loxodonta africana (Blumenbach, 1797)",Loxodonta africana,Loxodonta,Elephantidae,-2.87394,38.56667,45044.0,,,35 mi. N of Voi,1962-02-02,1962.0,2.0,2.0,PRESERVED_SPECIMEN,MSU,
865728393,"Loxodonta africana (Blumenbach, 1797)",Loxodonta africana,Loxodonta,Elephantidae,3.7,37.9,10000.0,Marsabit County,,Frontière nord du Kenya,1952,1952.0,,,PRESERVED_SPECIMEN,MHNG,
665715563,Loxodonta africana knochenhaueri,Loxodonta africana,Loxodonta,Elephantidae,-0.46667,39.633331,6.02,Northeastern Prov,Garissa Dist,"Garissa, Tana R",1949,1949.0,,,PRESERVED_SPECIMEN,FMNH,
665715561,Loxodonta africana knochenhaueri,Loxodonta africana,Loxodonta,Elephantidae,0.05,37.650002,0.92,Eastern Prov,Meru Dist,Meru,1930-10-21,1930.0,10.0,21.0,PRESERVED_SPECIMEN,FMNH,
1313442295,Loxodonta africana knochenhaueri,Loxodonta africana,Loxodonta,Elephantidae,-1.18187,39.21891,217685.0,,,"Kenya, North of the Tana River",1930-12-31,1930.0,12.0,31.0,PRESERVED_SPECIMEN,MCZ,
665715562,Loxodonta africana knochenhaueri,Loxodonta africana,Loxodonta,Elephantidae,-0.16667,37.333328,32.22,Central Prov,Kirinyaga Dist,Mt Kenya,1912-09-07,1912.0,9.0,7.0,PRESERVED_SPECIMEN,FMNH,
5004119420,"Loxodonta africana (Blumenbach, 1797)",Loxodonta africana,Loxodonta,Elephantidae,0.72,37.87,,Eastern,,Ewaso Ngiro (=Ewaso Ng'iro River ),1911-02-18,1911.0,2.0,18.0,PRESERVED_SPECIMEN,NRM,
476810891,"Loxodonta africana (Blumenbach, 1797)",Loxodonta africana,Loxodonta,Elephantidae,0.0503,37.64616,5000.0,Meru,,near Meru,1909-09-05,1909.0,9.0,5.0,PRESERVED_SPECIMEN,MCZ,
476817219,"Loxodonta africana (Blumenbach, 1797)",Loxodonta africana,Loxodonta,Elephantidae,0.0503,37.64616,5000.0,Meru,,near Meru,1909-09-05,1909.0,9.0,5.0,PRESERVED_SPECIMEN,MCZ,
5147246916,"Loxodonta africana (Blumenbach, 1797)",Loxodonta africana,Loxodonta,Elephantidae,0.05,37.65,916.0,,,"Meru, Eastern Province",1909-09-07,1909.0,9.0,7.0,PRESERVED_SPECIMEN,MVZ,
665915258,Loxodonta africana knochenhaueri,Loxodonta africana,Loxodonta,Elephantidae,-0.41667,36.633331,35.02,Central Prov,Kiambu Dist,Aberdare Range,1906-07-27,1906.0,7.0,27.0,PRESERVED_SPECIMEN,FMNH,
665915259,Loxodonta africana knochenhaueri,Loxodonta africana,Loxodonta,Elephantidae,-0.16667,37.333328,32.22,Central Prov,Kirinyaga Dist,"Mt Kenya, Kenya Forest",1906-08-31,1906.0,8.0,31.0,PRESERVED_SPECIMEN,FMNH,
5147018474,"Loxodonta africana (Blumenbach, 1797)",Loxodonta africana,Loxodonta,Elephantidae,-0.93333,36.56667,5000.0,,,"Kijabe, Rift Valley Province",1904-08-17,1904.0,8.0,17.0,PRESERVED_SPECIMEN,MVZ,
1065425886,"Loxodonta africana (Blumenbach, 1797)",Loxodonta africana,Loxodonta,Elephantidae,-1.1,39.95,4854.0,,,"S Bank Tana River, near Bura",,,,,PRESERVED_SPECIMEN,LACM,LACM Vertebrates
1698144844,"Loxodonta africana (Blumenbach, 1797)",Loxodonta africana,Loxodonta,Elephantidae,-0.4167,36.099998,,,,Long's Drift; GrJi1; on Nderit River Floodplain SW of Lake Nakuru; latitude and longitude determined by map,,,,,MATERIAL_CITATION,PBDB,Prolonged Drift
1698155585,"Loxodonta africana (Blumenbach, 1797)",Loxodonta africana,Loxodonta,Elephantidae,-0.75,36.383301,,,,on Crescent Island; GtHh3; only short distance from Crescent Island Main Site; latitude and longitude determined from map,,,,,MATERIAL_CITATION,PBDB,Causeway Site
2804496762,"Loxodonta africana (Blumenbach, 1797)",Loxodonta africana,Loxodonta,Elephantidae,-1.819972,40.057913,10000.0,,,"ca 70 km S, 25 km E Bura, (vicinity of Hara), Coast Province",1901-01-01/2019-11-08,,,,PRESERVED_SPECIMEN,ASNHC,
3351555604,"Loxodonta africana (Blumenbach, 1797)",Loxodonta africana,Loxodonta,Elephantidae,-1.83,36.08,,,,Mukinyo,,,,,MATERIAL_SAMPLE,,
3351588635,"Loxodonta africana (Blumenbach, 1797)",Loxodonta africana,Loxodonta,Elephantidae,-1.83,36.08,,,,Mukinyo,,,,,MATERIAL_SAMPLE,,
3351650401,"Loxodonta africana (Blumenbach, 1797)",Loxodonta africana,Loxodonta,Elephantidae,-1.83,36.08,,,,Mukinyo,,,,,MATERIAL_SAMPLE,,
3351720486,"Loxodonta africana (Blumenbach, 1797)",Loxodonta africana,Loxodonta,Elephantidae,-4.24,39.44,,,,Buffalo Ridge,,,,,MATERIAL_SAMPLE,,
3351722420,"Loxodonta africana (Blumenbach, 1797)",Loxodonta africana,Loxodonta,Elephantidae,-4.24,39.44,,,,Buffalo Ridge,,,,,MATERIAL_SAMPLE,,
